game_id,season,date,opponent_clean,team,team_type,player_number,player_name,goals,assists,points,shots_p1,shots_p2,shots_p3,shots_total,plus_minus,faceoffs,penalties,blocks
bu_2025-10-04_liu,2025-26,2025-10-04,LIU,LIU,opponent,1,"Polston,Michael",0,0,0,0,0,0,0,0,,,0
bu_2025-10-04_liu,2025-26,2025-10-04,LIU,LIU,opponent,2,"Powell,Trent",0,0,0,0,0,1,1,1,,1-2,2
bu_2025-10-04_liu,2025-26,2025-10-04,LIU,LIU,opponent,3,"Casperson,AJ",0,0,0,0,0,0,0,0,,,0
bu_2025-10-04_liu,2025-26,2025-10-04,LIU,LIU,opponent,4,"Dangos,Blake",0,0,0,2,1,1,4,-1,,1-2,1
bu_2025-10-04_liu,2025-26,2025-10-04,LIU,LIU,opponent,5,"Griebel,Trevor",0,0,0,0,0,0,0,0,,,0
bu_2025-10-04_liu,2025-26,2025-10-04,LIU,LIU,opponent,6,"Matheson,Blake",0,0,0,0,0,0,0,0,,,0
bu_2025-10-04_liu,2025-26,2025-10-04,LIU,LIU,opponent,7,"Darby,Jack",0,0,0,0,0,0,0,0,,,0
bu_2025-10-04_liu,2025-26,2025-10-04,LIU,LIU,opponent,9,"Baldassarra,Daniel",0,0,0,0,0,0,0,0,,,0
bu_2025-10-04_liu,2025-26,2025-10-04,LIU,LIU,opponent,10,"Armstrong,Heath",0,0,0,0,0,0,0,0,1-2,,1
bu_2025-10-04_liu,2025-26,2025-10-04,LIU,LIU,opponent,11,"McMahon,John",0,0,0,0,0,0,0,0,,,0
bu_2025-10-04_liu,2025-26,2025-10-04,LIU,LIU,opponent,12,"Nelson,Brennan",0,1,1,0,0,0,0,1,3-7,,0
bu_2025-10-04_liu,2025-26,2025-10-04,LIU,LIU,opponent,15,"Leighton,Luca",0,0,0,0,1,0,1,-1,,,3
bu_2025-10-04_liu,2025-26,2025-10-04,LIU,LIU,opponent,17,"Jennersjö,Sixten",1,0,1,0,0,5,5,0,,,0
bu_2025-10-04_liu,2025-26,2025-10-04,LIU,LIU,opponent,18,"Lucarelli,Anthony",0,0,0,1,0,0,1,0,13-24,1-2,2
bu_2025-10-04_liu,2025-26,2025-10-04,LIU,LIU,opponent,19,"Muller,Chad",0,0,0,0,0,0,0,0,1-1,,0
bu_2025-10-04_liu,2025-26,2025-10-04,LIU,LIU,opponent,22,"Benoit,Nate",0,0,0,2,0,1,3,-1,,,1
bu_2025-10-04_liu,2025-26,2025-10-04,LIU,LIU,opponent,24,"Hause,Luke",0,0,0,0,0,0,0,0,,,0
bu_2025-10-04_liu,2025-26,2025-10-04,LIU,LIU,opponent,26,"Lambert,Isaac",0,0,0,0,0,0,0,0,,,0
bu_2025-10-04_liu,2025-26,2025-10-04,LIU,LIU,opponent,27,"Kinch,Dylan",0,0,0,0,1,1,2,0,,,0
bu_2025-10-04_liu,2025-26,2025-10-04,LIU,LIU,opponent,28,"Valk,Garrett",0,0,0,0,0,0,0,-1,,1-2,2
bu_2025-10-04_liu,2025-26,2025-10-04,LIU,LIU,opponent,29,"Dyke,Jaden",0,0,0,0,0,1,1,0,2-9,,1
bu_2025-10-04_liu,2025-26,2025-10-04,LIU,LIU,opponent,30,"Duris,Daniel",0,0,0,0,0,0,0,0,,,0
bu_2025-10-04_liu,2025-26,2025-10-04,LIU,LIU,opponent,31,"Bickle,Carter",0,0,0,0,0,0,0,0,,,0
bu_2025-10-04_liu,2025-26,2025-10-04,LIU,LIU,opponent,37,"Renaud,Lukas",0,0,0,0,0,0,0,0,,,0
bu_2025-10-04_liu,2025-26,2025-10-04,LIU,LIU,opponent,38,"Perdion,JR",0,1,1,3,0,0,3,0,12-16,,3
bu_2025-10-04_liu,2025-26,2025-10-04,LIU,LIU,opponent,48,"Bernardo,Nick",0,0,0,0,0,2,2,1,,,1
bu_2025-10-04_liu,2025-26,2025-10-04,LIU,LIU,opponent,52,"Leppänen,Onni",0,1,1,2,1,0,3,0,,,0
bu_2025-10-04_liu,2025-26,2025-10-04,LIU,LIU,opponent,55,"Rylance,Brett",0,0,0,0,0,0,0,0,,,0
bu_2025-10-04_liu,2025-26,2025-10-04,LIU,LIU,opponent,67,"McDonald,Casey",1,0,1,3,4,2,9,1,,1-2,0
bu_2025-10-04_liu,2025-26,2025-10-04,LIU,LIU,opponent,91,"Serdachny,Noah",0,0,0,0,1,2,3,0,,,1
bu_2025-10-04_liu,2025-26,2025-10-04,LIU,Boston University,bu,1,"Luciano,Steven",0,0,0,0,0,0,0,0,,,0
bu_2025-10-04_liu,2025-26,2025-10-04,LIU,Boston University,bu,2,"McCarthy,Gavin",0,0,0,0,1,2,3,-1,,1-2,0
bu_2025-10-04_liu,2025-26,2025-10-04,LIU,Boston University,bu,7,"Roukounakis,Nick",0,0,0,0,0,0,0,0,,,0
bu_2025-10-04_liu,2025-26,2025-10-04,LIU,Boston University,bu,8,"Svoboda,Brandon",0,0,0,0,1,0,1,0,8-15,,1
bu_2025-10-04_liu,2025-26,2025-10-04,LIU,Boston University,bu,9,"Boisvert,Sacha",1,2,3,0,4,0,4,1,9-21,,1
bu_2025-10-04_liu,2025-26,2025-10-04,LIU,Boston University,bu,10,"Morello,Jonathan",0,0,0,0,1,1,2,-1,3-7,2-4,0
bu_2025-10-04_liu,2025-26,2025-10-04,LIU,Boston University,bu,12,"Harvey,Jack",0,0,0,0,0,0,0,0,,1-2,0
bu_2025-10-04_liu,2025-26,2025-10-04,LIU,Boston University,bu,14,"Frechette,Mick",0,0,0,0,0,0,0,-1,,,0
bu_2025-10-04_liu,2025-26,2025-10-04,LIU,Boston University,bu,15,"Amico,Carter",0,0,0,0,0,0,0,-1,,,0
bu_2025-10-04_liu,2025-26,2025-10-04,LIU,Boston University,bu,16,"Fondrk,Conrad",0,0,0,0,0,0,0,0,,,0
bu_2025-10-04_liu,2025-26,2025-10-04,LIU,Boston University,bu,18,"Feldberg,Jay",0,0,0,0,0,0,0,0,,,0
bu_2025-10-04_liu,2025-26,2025-10-04,LIU,Boston University,bu,19,"Murtagh,Jack",0,0,0,1,0,0,1,0,,,0
bu_2025-10-04_liu,2025-26,2025-10-04,LIU,Boston University,bu,21,"Ritchie,Ryder",0,2,2,1,1,1,3,0,,,0
bu_2025-10-04_liu,2025-26,2025-10-04,LIU,Boston University,bu,22,"Celebrini,Aiden",0,0,0,0,0,0,0,0,,,4
bu_2025-10-04_liu,2025-26,2025-10-04,LIU,Boston University,bu,23,"McLaughlin,Owen",0,2,2,0,0,0,0,0,3-7,,0
bu_2025-10-04_liu,2025-26,2025-10-04,LIU,Boston University,bu,25,"Merrill,Ben",0,0,0,0,0,1,1,0,,,0
bu_2025-10-04_liu,2025-26,2025-10-04,LIU,Boston University,bu,26,"McNelis,John",0,1,1,0,0,2,2,1,,,0
bu_2025-10-04_liu,2025-26,2025-10-04,LIU,Boston University,bu,27,"Kim,Kyle",0,0,0,0,0,0,0,0,,,0
bu_2025-10-04_liu,2025-26,2025-10-04,LIU,Boston University,bu,30,"Perry,Jack",0,0,0,0,0,0,0,0,,,0
bu_2025-10-04_liu,2025-26,2025-10-04,LIU,Boston University,bu,33,"Lacroix,Max",0,0,0,0,0,0,0,0,,,0
bu_2025-10-04_liu,2025-26,2025-10-04,LIU,Boston University,bu,34,"Eiserman,Cole",2,0,2,3,2,2,7,0,,,0
bu_2025-10-04_liu,2025-26,2025-10-04,LIU,Boston University,bu,38,"Bednarik,Kamil",0,0,0,0,0,0,0,0,7-12,,2
bu_2025-10-04_liu,2025-26,2025-10-04,LIU,Boston University,bu,40,"Yegorov,Mikhail",0,0,0,0,0,0,0,0,,,0
bu_2025-10-04_liu,2025-26,2025-10-04,LIU,Boston University,bu,44,"Hutson,Cole",1,1,2,1,2,2,5,1,,,1
bu_2025-10-04_liu,2025-26,2025-10-04,LIU,Boston University,bu,57,"Vass,Malte",0,0,0,0,0,0,0,0,,,0
bu_2025-10-04_liu,2025-26,2025-10-04,LIU,Boston University,bu,78,"Boumedienne,Sascha",0,0,0,0,1,1,2,0,,,0
bu_2025-10-04_liu,2025-26,2025-10-04,LIU,Boston University,bu,91,"Trethewey,Charlie",0,0,0,0,1,0,1,1,,,0
bu_2025-10-05_rpi,2025-26,2025-10-05,RPI,Rensselaer,opponent,2,"Goffredo,Jimmy",0,0,0,0,0,1,1,0,,1-2,0
bu_2025-10-05_rpi,2025-26,2025-10-05,RPI,Rensselaer,opponent,4,"Jovanovic,Matthew",0,0,0,0,0,0,0,0,,,0
bu_2025-10-05_rpi,2025-26,2025-10-05,RPI,Rensselaer,opponent,5,"Sobieski,Kaz",0,0,0,1,1,0,2,-1,,,1
bu_2025-10-05_rpi,2025-26,2025-10-05,RPI,Rensselaer,opponent,6,"Klassek,Thomas",0,0,0,0,0,0,0,0,,,3
bu_2025-10-05_rpi,2025-26,2025-10-05,RPI,Rensselaer,opponent,8,"VanDamme,Gunnar",0,0,0,0,0,1,1,-1,,,3
bu_2025-10-05_rpi,2025-26,2025-10-05,RPI,Rensselaer,opponent,9,"Bono,Ethan",0,0,0,1,0,0,1,0,4-8,,0
bu_2025-10-05_rpi,2025-26,2025-10-05,RPI,Rensselaer,opponent,10,"Ozolins,Gustavs",0,0,0,1,0,0,1,0,,,1
bu_2025-10-05_rpi,2025-26,2025-10-05,RPI,Rensselaer,opponent,11,"Rullers,Rainers",0,0,0,1,1,0,2,0,4-11,1-2,0
bu_2025-10-05_rpi,2025-26,2025-10-05,RPI,Rensselaer,opponent,14,"Russell,Trevor",0,0,0,0,0,0,0,-1,,,1
bu_2025-10-05_rpi,2025-26,2025-10-05,RPI,Rensselaer,opponent,16,"Lemieux,Lucas",0,0,0,2,0,0,2,0,,,1
bu_2025-10-05_rpi,2025-26,2025-10-05,RPI,Rensselaer,opponent,18,"Wallace,Tyler",0,0,0,0,0,1,1,-1,5-6,1-2,0
bu_2025-10-05_rpi,2025-26,2025-10-05,RPI,Rensselaer,opponent,19,"Kyrkostas,Jackson",0,0,0,1,0,0,1,0,,,0
bu_2025-10-05_rpi,2025-26,2025-10-05,RPI,Rensselaer,opponent,21,"Buckley,Matthew",0,0,0,1,0,2,3,-1,,,0
bu_2025-10-05_rpi,2025-26,2025-10-05,RPI,Rensselaer,opponent,22,"Hilditch,Landen",0,0,0,0,0,0,0,0,,,0
bu_2025-10-05_rpi,2025-26,2025-10-05,RPI,Rensselaer,opponent,24,"Gorton,Jack",0,0,0,0,0,1,1,0,,,1
bu_2025-10-05_rpi,2025-26,2025-10-05,RPI,Rensselaer,opponent,25,"Tinling,Dovar",0,0,0,0,1,0,1,-1,,,0
bu_2025-10-05_rpi,2025-26,2025-10-05,RPI,Rensselaer,opponent,27,"Gordon,Cole",0,0,0,0,0,0,0,0,,,0
bu_2025-10-05_rpi,2025-26,2025-10-05,RPI,Rensselaer,opponent,30,"Krawchuk,Nate",0,0,0,0,0,0,0,0,,,0
bu_2025-10-05_rpi,2025-26,2025-10-05,RPI,Rensselaer,opponent,32,"Dorfman,Carson",0,0,0,0,0,0,0,0,,,0
bu_2025-10-05_rpi,2025-26,2025-10-05,RPI,Rensselaer,opponent,33,"Bruveris,Bruno",0,0,0,0,0,0,0,0,,,0
bu_2025-10-05_rpi,2025-26,2025-10-05,RPI,Rensselaer,opponent,43,"McNeil,Brad",0,0,0,0,0,0,0,-1,1-1,,0
bu_2025-10-05_rpi,2025-26,2025-10-05,RPI,Rensselaer,opponent,49,"Sitar,Filip",0,0,0,0,0,0,0,-1,6-12,,1
bu_2025-10-05_rpi,2025-26,2025-10-05,RPI,Rensselaer,opponent,61,"Matta,Lucas",0,0,0,0,0,1,1,-1,,,0
bu_2025-10-05_rpi,2025-26,2025-10-05,RPI,Rensselaer,opponent,72,"Tapper,Jagger",0,0,0,0,0,0,0,-1,,1-2,0
bu_2025-10-05_rpi,2025-26,2025-10-05,RPI,Rensselaer,opponent,82,"Bourgault,Mathieu",0,0,0,0,0,1,1,0,,,1
bu_2025-10-05_rpi,2025-26,2025-10-05,RPI,Rensselaer,opponent,86,"Lindberg,Alfred",0,0,0,1,0,0,1,0,4-11,,0
bu_2025-10-05_rpi,2025-26,2025-10-05,RPI,Rensselaer,opponent,91,"Scherzer,Ian",0,0,0,0,0,1,1,0,,,0
bu_2025-10-05_rpi,2025-26,2025-10-05,RPI,Rensselaer,opponent,93,"Wilson,Luc",0,0,0,0,0,0,0,-1,,,0
bu_2025-10-05_rpi,2025-26,2025-10-05,RPI,Boston University,bu,1,"Luciano,Steven",0,0,0,0,0,0,0,0,,,0
bu_2025-10-05_rpi,2025-26,2025-10-05,RPI,Boston University,bu,2,"McCarthy,Gavin",1,0,1,0,1,1,2,2,,,0
bu_2025-10-05_rpi,2025-26,2025-10-05,RPI,Boston University,bu,7,"Roukounakis,Nick",0,0,0,0,0,0,0,0,,,0
bu_2025-10-05_rpi,2025-26,2025-10-05,RPI,Boston University,bu,8,"Svoboda,Brandon",0,0,0,0,2,0,2,0,3-5,,0
bu_2025-10-05_rpi,2025-26,2025-10-05,RPI,Boston University,bu,9,"Boisvert,Sacha",0,0,0,1,0,0,1,0,1-2,,0
bu_2025-10-05_rpi,2025-26,2025-10-05,RPI,Boston University,bu,10,"Morello,Jonathan",1,0,1,1,0,1,2,0,7-14,,0
bu_2025-10-05_rpi,2025-26,2025-10-05,RPI,Boston University,bu,12,"Harvey,Jack",0,0,0,1,0,0,1,0,1-1,,0
bu_2025-10-05_rpi,2025-26,2025-10-05,RPI,Boston University,bu,14,"Frechette,Mick",0,0,0,0,0,0,0,0,,,2
bu_2025-10-05_rpi,2025-26,2025-10-05,RPI,Boston University,bu,15,"Amico,Carter",0,0,0,0,0,0,0,0,,,0
bu_2025-10-05_rpi,2025-26,2025-10-05,RPI,Boston University,bu,16,"Fondrk,Conrad",0,0,0,0,0,0,0,0,,,0
bu_2025-10-05_rpi,2025-26,2025-10-05,RPI,Boston University,bu,18,"Feldberg,Jay",0,0,0,0,1,0,1,0,1-1,,2
bu_2025-10-05_rpi,2025-26,2025-10-05,RPI,Boston University,bu,19,"Murtagh,Jack",0,0,0,1,1,0,2,0,,,0
bu_2025-10-05_rpi,2025-26,2025-10-05,RPI,Boston University,bu,21,"Ritchie,Ryder",1,0,1,1,0,1,2,2,,,0
bu_2025-10-05_rpi,2025-26,2025-10-05,RPI,Boston University,bu,22,"Celebrini,Aiden",0,0,0,2,0,0,2,0,,,0
bu_2025-10-05_rpi,2025-26,2025-10-05,RPI,Boston University,bu,23,"McLaughlin,Owen",0,0,0,0,0,0,0,1,5-7,,0
bu_2025-10-05_rpi,2025-26,2025-10-05,RPI,Boston University,bu,25,"Merrill,Ben",0,0,0,0,1,0,1,0,3-8,,0
bu_2025-10-05_rpi,2025-26,2025-10-05,RPI,Boston University,bu,26,"McNelis,John",0,0,0,0,0,2,2,0,,,0
bu_2025-10-05_rpi,2025-26,2025-10-05,RPI,Boston University,bu,27,"Kim,Kyle",0,0,0,1,0,0,1,0,,,0
bu_2025-10-05_rpi,2025-26,2025-10-05,RPI,Boston University,bu,30,"Perry,Jack",0,0,0,0,0,0,0,0,,,0
bu_2025-10-05_rpi,2025-26,2025-10-05,RPI,Boston University,bu,33,"Lacroix,Max",0,0,0,0,0,0,0,0,,,0
bu_2025-10-05_rpi,2025-26,2025-10-05,RPI,Boston University,bu,34,"Eiserman,Cole",0,3,3,0,0,2,2,2,,,0
bu_2025-10-05_rpi,2025-26,2025-10-05,RPI,Boston University,bu,38,"Bednarik,Kamil",0,1,1,1,1,0,2,1,7-14,,0
bu_2025-10-05_rpi,2025-26,2025-10-05,RPI,Boston University,bu,40,"Yegorov,Mikhail",0,0,0,0,0,0,0,0,,,0
bu_2025-10-05_rpi,2025-26,2025-10-05,RPI,Boston University,bu,44,"Hutson,Cole",0,2,2,0,0,1,1,1,,,1
bu_2025-10-05_rpi,2025-26,2025-10-05,RPI,Boston University,bu,57,"Vass,Malte",0,0,0,0,0,0,0,0,,,0
bu_2025-10-05_rpi,2025-26,2025-10-05,RPI,Boston University,bu,78,"Boumedienne,Sascha",0,0,0,0,2,0,2,1,,,0
bu_2025-10-05_rpi,2025-26,2025-10-05,RPI,Boston University,bu,91,"Trethewey,Charlie",0,0,0,2,0,1,3,0,,,1
bu_2025-10-10_colgate,2025-26,2025-10-10,Colgate,Colgate,opponent,1,"Takacs,Andrew",0,0,0,0,0,0,0,0,,,0
bu_2025-10-10_colgate,2025-26,2025-10-10,Colgate,Colgate,opponent,3,"Neumeier,Michael",0,1,1,2,0,0,2,-2,,,2
bu_2025-10-10_colgate,2025-26,2025-10-10,Colgate,Colgate,opponent,5,"Napier,Jacob",0,0,0,0,0,0,0,0,,,1
bu_2025-10-10_colgate,2025-26,2025-10-10,Colgate,Colgate,opponent,6,"Metz,Bobby",0,0,0,0,0,0,0,0,,,0
bu_2025-10-10_colgate,2025-26,2025-10-10,Colgate,Colgate,opponent,7,"Labelle,Simon",0,1,1,0,0,0,0,0,1-1,,0
bu_2025-10-10_colgate,2025-26,2025-10-10,Colgate,Colgate,opponent,9,"Norlin,Isaiah",1,0,1,1,1,1,3,-1,,,1
bu_2025-10-10_colgate,2025-26,2025-10-10,Colgate,Colgate,opponent,10,"Dadiè,Simone",0,0,0,2,0,1,3,0,1-1,1-2,1
bu_2025-10-10_colgate,2025-26,2025-10-10,Colgate,Colgate,opponent,11,"Fernandez,Antonio",0,0,0,0,0,1,1,0,,1-2,1
bu_2025-10-10_colgate,2025-26,2025-10-10,Colgate,Colgate,opponent,12,"Panetta,Daniel",0,0,0,1,1,0,2,0,2-7,,0
bu_2025-10-10_colgate,2025-26,2025-10-10,Colgate,Colgate,opponent,13,"Nagel,Max",0,0,0,1,2,0,3,-3,,,0
bu_2025-10-10_colgate,2025-26,2025-10-10,Colgate,Colgate,opponent,14,"Brandt,Jack",0,1,1,0,0,0,0,-3,1-1,,0
bu_2025-10-10_colgate,2025-26,2025-10-10,Colgate,Colgate,opponent,16,"Sullivan,Ryan",0,0,0,0,1,0,1,-3,9-17,1-2,0
bu_2025-10-10_colgate,2025-26,2025-10-10,Colgate,Colgate,opponent,19,"Spinale,Ryan",0,0,0,0,0,0,0,0,,,0
bu_2025-10-10_colgate,2025-26,2025-10-10,Colgate,Colgate,opponent,20,"Wainwright,Easton",0,0,0,0,2,1,3,0,7-13,,0
bu_2025-10-10_colgate,2025-26,2025-10-10,Colgate,Colgate,opponent,21,"Rexine,Niko",0,0,0,1,0,0,1,-1,3-8,,2
bu_2025-10-10_colgate,2025-26,2025-10-10,Colgate,Colgate,opponent,22,"Newton,Robby",0,0,0,1,0,0,1,0,3-7,,3
bu_2025-10-10_colgate,2025-26,2025-10-10,Colgate,Colgate,opponent,23,"Neuharth,Owen",0,0,0,1,0,0,1,0,,,1
bu_2025-10-10_colgate,2025-26,2025-10-10,Colgate,Colgate,opponent,24,"Schneider,Jake",0,0,0,1,1,0,2,0,,1-2,0
bu_2025-10-10_colgate,2025-26,2025-10-10,Colgate,Colgate,opponent,25,"Doucette,Tyson",1,0,1,0,1,1,2,0,,,0
bu_2025-10-10_colgate,2025-26,2025-10-10,Colgate,Colgate,opponent,26,"Niedermayer,Josh",0,1,1,0,0,0,0,0,,,0
bu_2025-10-10_colgate,2025-26,2025-10-10,Colgate,Colgate,opponent,27,"Merner,Brett",0,0,0,0,0,1,1,-2,,,4
bu_2025-10-10_colgate,2025-26,2025-10-10,Colgate,Colgate,opponent,28,"Malboeuf,Luke",0,0,0,0,0,0,0,-1,,,1
bu_2025-10-10_colgate,2025-26,2025-10-10,Colgate,Colgate,opponent,29,"Patella,Davide",0,0,0,0,0,0,0,0,,,0
bu_2025-10-10_colgate,2025-26,2025-10-10,Colgate,Colgate,opponent,30,"Haas,Nick",0,0,0,0,0,0,0,0,,,0
bu_2025-10-10_colgate,2025-26,2025-10-10,Colgate,Colgate,opponent,35,"Olson,Jack",0,0,0,0,0,0,0,0,,,0
bu_2025-10-10_colgate,2025-26,2025-10-10,Colgate,Colgate,opponent,37,"Dyck,Reid",0,0,0,0,0,0,0,0,,,0
bu_2025-10-10_colgate,2025-26,2025-10-10,Colgate,Boston U.,opponent,1,"Luciano,Steven",0,0,0,0,0,0,0,0,,,0
bu_2025-10-10_colgate,2025-26,2025-10-10,Colgate,Boston U.,opponent,2,"McCarthy,Gavin",0,0,0,0,0,1,1,1,,,0
bu_2025-10-10_colgate,2025-26,2025-10-10,Colgate,Boston U.,opponent,7,"Roukounakis,Nick",0,0,0,0,0,0,0,0,,,0
bu_2025-10-10_colgate,2025-26,2025-10-10,Colgate,Boston U.,opponent,8,"Svoboda,Brandon",0,0,0,0,1,1,2,0,9-18,1-2,0
bu_2025-10-10_colgate,2025-26,2025-10-10,Colgate,Boston U.,opponent,9,"Boisvert,Sacha",0,0,0,0,0,0,0,0,,,0
bu_2025-10-10_colgate,2025-26,2025-10-10,Colgate,Boston U.,opponent,10,"Morello,Jonathan",1,1,2,1,0,1,2,2,2-4,,2
bu_2025-10-10_colgate,2025-26,2025-10-10,Colgate,Boston U.,opponent,12,"Harvey,Jack",0,0,0,0,0,1,1,0,,1-2,0
bu_2025-10-10_colgate,2025-26,2025-10-10,Colgate,Boston U.,opponent,14,"Frechette,Mick",1,0,1,0,1,0,1,1,,1-2,1
bu_2025-10-10_colgate,2025-26,2025-10-10,Colgate,Boston U.,opponent,15,"Amico,Carter",0,0,0,0,0,0,0,1,,,1
bu_2025-10-10_colgate,2025-26,2025-10-10,Colgate,Boston U.,opponent,16,"Fondrk,Conrad",0,1,1,3,2,0,5,0,,,0
bu_2025-10-10_colgate,2025-26,2025-10-10,Colgate,Boston U.,opponent,18,"Feldberg,Jay",0,0,0,0,0,0,0,0,,,0
bu_2025-10-10_colgate,2025-26,2025-10-10,Colgate,Boston U.,opponent,19,"Murtagh,Jack",0,0,0,0,0,1,1,0,,,0
bu_2025-10-10_colgate,2025-26,2025-10-10,Colgate,Boston U.,opponent,21,"Ritchie,Ryder",1,1,2,1,1,1,3,1,,,2
bu_2025-10-10_colgate,2025-26,2025-10-10,Colgate,Boston U.,opponent,22,"Celebrini,Aiden",0,0,0,0,1,1,2,3,,,2
bu_2025-10-10_colgate,2025-26,2025-10-10,Colgate,Boston U.,opponent,23,"McLaughlin,Owen",0,1,1,0,0,1,1,1,5-13,1-2,1
bu_2025-10-10_colgate,2025-26,2025-10-10,Colgate,Boston U.,opponent,25,"Merrill,Ben",0,0,0,1,0,0,1,0,,,0
bu_2025-10-10_colgate,2025-26,2025-10-10,Colgate,Boston U.,opponent,26,"McNelis,John",0,1,1,1,0,0,1,1,1-1,1-2,0
bu_2025-10-10_colgate,2025-26,2025-10-10,Colgate,Boston U.,opponent,27,"Kim,Kyle",0,0,0,0,0,0,0,0,,,0
bu_2025-10-10_colgate,2025-26,2025-10-10,Colgate,Boston U.,opponent,30,"Perry,Jack",0,0,0,0,0,0,0,0,,,0
bu_2025-10-10_colgate,2025-26,2025-10-10,Colgate,Boston U.,opponent,33,"Lacroix,Max",0,0,0,0,0,0,0,0,,,0
bu_2025-10-10_colgate,2025-26,2025-10-10,Colgate,Boston U.,opponent,34,"Eiserman,Cole",2,1,3,2,2,2,6,1,,,0
bu_2025-10-10_colgate,2025-26,2025-10-10,Colgate,Boston U.,opponent,38,"Bednarik,Kamil",0,2,2,1,1,0,2,1,11-18,,0
bu_2025-10-10_colgate,2025-26,2025-10-10,Colgate,Boston U.,opponent,40,"Yegorov,Mikhail",0,0,0,0,0,0,0,0,,,0
bu_2025-10-10_colgate,2025-26,2025-10-10,Colgate,Boston U.,opponent,44,"Hutson,Cole",1,2,3,2,2,1,5,2,,,0
bu_2025-10-10_colgate,2025-26,2025-10-10,Colgate,Boston U.,opponent,57,"Vass,Malte",0,0,0,0,0,0,0,-1,,,0
bu_2025-10-10_colgate,2025-26,2025-10-10,Colgate,Boston U.,opponent,78,"Boumedienne,Sascha",0,0,0,2,0,0,2,0,,,1
bu_2025-10-10_colgate,2025-26,2025-10-10,Colgate,Boston U.,opponent,91,"Trethewey,Charlie",0,0,0,0,0,0,0,0,,,1
bu_2025-10-11_colgate,2025-26,2025-10-11,Colgate,Colgate,opponent,1,"Takacs,Andrew",0,0,0,0,0,0,0,0,,,0
bu_2025-10-11_colgate,2025-26,2025-10-11,Colgate,Colgate,opponent,3,"Neumeier,Michael",0,0,0,0,0,0,1,-1,,,0
bu_2025-10-11_colgate,2025-26,2025-10-11,Colgate,Colgate,opponent,5,"Napier,Jacob",0,0,0,0,0,0,0,0,,,1
bu_2025-10-11_colgate,2025-26,2025-10-11,Colgate,Colgate,opponent,6,"Metz,Bobby",0,0,0,0,0,0,0,0,,,0
bu_2025-10-11_colgate,2025-26,2025-10-11,Colgate,Colgate,opponent,7,"Labelle,Simon",0,0,0,0,2,0,2,0,,,1
bu_2025-10-11_colgate,2025-26,2025-10-11,Colgate,Colgate,opponent,9,"Norlin,Isaiah",0,0,0,1,0,0,1,-1,,,0
bu_2025-10-11_colgate,2025-26,2025-10-11,Colgate,Colgate,opponent,10,"Dadiè,Simone",0,0,0,0,0,1,1,0,,1-2,0
bu_2025-10-11_colgate,2025-26,2025-10-11,Colgate,Colgate,opponent,11,"Fernandez,Antonio",1,0,1,1,0,1,2,2,,,4
bu_2025-10-11_colgate,2025-26,2025-10-11,Colgate,Colgate,opponent,12,"Panetta,Daniel",0,0,0,1,0,0,1,0,4-12,,1
bu_2025-10-11_colgate,2025-26,2025-10-11,Colgate,Colgate,opponent,13,"Nagel,Max",0,1,1,1,1,0,2,1,,,0
bu_2025-10-11_colgate,2025-26,2025-10-11,Colgate,Colgate,opponent,14,"Brandt,Jack",0,1,1,0,0,1,1,1,,1-2,2
bu_2025-10-11_colgate,2025-26,2025-10-11,Colgate,Colgate,opponent,16,"Sullivan,Ryan",1,0,1,1,0,2,4,0,13-30,,1
bu_2025-10-11_colgate,2025-26,2025-10-11,Colgate,Colgate,opponent,19,"Spinale,Ryan",0,0,0,0,0,0,0,0,,,0
bu_2025-10-11_colgate,2025-26,2025-10-11,Colgate,Colgate,opponent,20,"Wainwright,Easton",0,0,0,0,1,0,1,-1,5-8,,2
bu_2025-10-11_colgate,2025-26,2025-10-11,Colgate,Colgate,opponent,21,"Rexine,Niko",0,0,0,0,0,0,0,0,,,0
bu_2025-10-11_colgate,2025-26,2025-10-11,Colgate,Colgate,opponent,22,"Newton,Robby",0,0,0,1,1,0,2,0,2-6,,0
bu_2025-10-11_colgate,2025-26,2025-10-11,Colgate,Colgate,opponent,23,"Neuharth,Owen",0,0,0,0,1,0,1,0,,,2
bu_2025-10-11_colgate,2025-26,2025-10-11,Colgate,Colgate,opponent,24,"Schneider,Jake",0,0,0,1,1,0,3,0,,1-2,1
bu_2025-10-11_colgate,2025-26,2025-10-11,Colgate,Colgate,opponent,25,"Doucette,Tyson",0,0,0,1,0,0,1,-1,,,1
bu_2025-10-11_colgate,2025-26,2025-10-11,Colgate,Colgate,opponent,26,"Niedermayer,Josh",0,1,1,0,1,0,1,0,,,0
bu_2025-10-11_colgate,2025-26,2025-10-11,Colgate,Colgate,opponent,27,"Merner,Brett",0,0,0,0,0,0,1,0,,,2
bu_2025-10-11_colgate,2025-26,2025-10-11,Colgate,Colgate,opponent,28,"Malboeuf,Luke",0,0,0,0,0,0,0,0,,,1
bu_2025-10-11_colgate,2025-26,2025-10-11,Colgate,Colgate,opponent,29,"Patella,Davide",0,0,0,0,0,0,0,0,,,0
bu_2025-10-11_colgate,2025-26,2025-10-11,Colgate,Colgate,opponent,30,"Haas,Nick",0,0,0,0,0,0,0,0,,,0
bu_2025-10-11_colgate,2025-26,2025-10-11,Colgate,Colgate,opponent,35,"Olson,Jack",0,0,0,0,0,0,0,0,,,0
bu_2025-10-11_colgate,2025-26,2025-10-11,Colgate,Colgate,opponent,37,"Dyck,Reid",0,0,0,0,0,0,0,0,,,0
bu_2025-10-11_colgate,2025-26,2025-10-11,Colgate,Boston U.,opponent,1,"Luciano,Steven",0,0,0,0,0,0,0,0,,,0
bu_2025-10-11_colgate,2025-26,2025-10-11,Colgate,Boston U.,opponent,2,"McCarthy,Gavin",0,0,0,0,2,0,2,1,,,2
bu_2025-10-11_colgate,2025-26,2025-10-11,Colgate,Boston U.,opponent,7,"Roukounakis,Nick",0,0,0,0,0,0,0,0,,,0
bu_2025-10-11_colgate,2025-26,2025-10-11,Colgate,Boston U.,opponent,8,"Svoboda,Brandon",0,1,1,0,2,0,2,0,8-12,,2
bu_2025-10-11_colgate,2025-26,2025-10-11,Colgate,Boston U.,opponent,9,"Boisvert,Sacha",0,0,0,0,0,0,0,0,,,0
bu_2025-10-11_colgate,2025-26,2025-10-11,Colgate,Boston U.,opponent,10,"Morello,Jonathan",0,1,1,0,1,0,1,1,8-15,,0
bu_2025-10-11_colgate,2025-26,2025-10-11,Colgate,Boston U.,opponent,12,"Harvey,Jack",0,0,0,0,1,2,3,-2,1-1,,0
bu_2025-10-11_colgate,2025-26,2025-10-11,Colgate,Boston U.,opponent,14,"Frechette,Mick",0,0,0,0,0,0,0,0,,,0
bu_2025-10-11_colgate,2025-26,2025-10-11,Colgate,Boston U.,opponent,15,"Amico,Carter",0,0,0,0,0,0,0,0,,1-2,2
bu_2025-10-11_colgate,2025-26,2025-10-11,Colgate,Boston U.,opponent,16,"Fondrk,Conrad",0,0,0,0,1,0,1,-1,,,0
bu_2025-10-11_colgate,2025-26,2025-10-11,Colgate,Boston U.,opponent,18,"Feldberg,Jay",0,0,0,0,0,0,0,0,,,0
bu_2025-10-11_colgate,2025-26,2025-10-11,Colgate,Boston U.,opponent,19,"Murtagh,Jack",1,0,1,2,1,3,6,1,,,0
bu_2025-10-11_colgate,2025-26,2025-10-11,Colgate,Boston U.,opponent,21,"Ritchie,Ryder",0,1,1,1,0,0,1,0,1-1,,0
bu_2025-10-11_colgate,2025-26,2025-10-11,Colgate,Boston U.,opponent,22,"Celebrini,Aiden",0,0,0,1,0,1,2,0,,,0
bu_2025-10-11_colgate,2025-26,2025-10-11,Colgate,Boston U.,opponent,23,"McLaughlin,Owen",0,0,0,0,1,2,3,0,7-13,,0
bu_2025-10-11_colgate,2025-26,2025-10-11,Colgate,Boston U.,opponent,25,"Merrill,Ben",0,0,0,0,0,0,0,0,,,1
bu_2025-10-11_colgate,2025-26,2025-10-11,Colgate,Boston U.,opponent,26,"McNelis,John",0,0,0,0,0,0,0,0,,,0
bu_2025-10-11_colgate,2025-26,2025-10-11,Colgate,Boston U.,opponent,27,"Kim,Kyle",0,0,0,0,0,0,0,0,,,0
bu_2025-10-11_colgate,2025-26,2025-10-11,Colgate,Boston U.,opponent,30,"Perry,Jack",0,0,0,0,0,0,0,0,,,0
bu_2025-10-11_colgate,2025-26,2025-10-11,Colgate,Boston U.,opponent,33,"Lacroix,Max",0,0,0,0,0,0,0,0,,,0
bu_2025-10-11_colgate,2025-26,2025-10-11,Colgate,Boston U.,opponent,34,"Eiserman,Cole",1,0,1,3,1,2,6,1,,,0
bu_2025-10-11_colgate,2025-26,2025-10-11,Colgate,Boston U.,opponent,38,"Bednarik,Kamil",0,0,0,1,0,0,2,0,12-18,2-4,2
bu_2025-10-11_colgate,2025-26,2025-10-11,Colgate,Boston U.,opponent,40,"Yegorov,Mikhail",0,0,0,0,0,0,0,0,,,0
bu_2025-10-11_colgate,2025-26,2025-10-11,Colgate,Boston U.,opponent,44,"Hutson,Cole",0,0,0,1,0,1,3,2,,1-2,2
bu_2025-10-11_colgate,2025-26,2025-10-11,Colgate,Boston U.,opponent,57,"Vass,Malte",0,0,0,0,0,0,0,-1,,,0
bu_2025-10-11_colgate,2025-26,2025-10-11,Colgate,Boston U.,opponent,78,"Boumedienne,Sascha",0,0,0,1,1,0,3,-1,,,0
bu_2025-10-11_colgate,2025-26,2025-10-11,Colgate,Boston U.,opponent,91,"Trethewey,Charlie",0,0,0,0,0,0,0,-1,,,0
bu_2025-10-17_michigan_state,2025-26,2025-10-17,Michigan State,Michigan St.,opponent,1,"Augustine,Trey",0,0,0,0,0,0,0,0,,,0
bu_2025-10-17_michigan_state,2025-26,2025-10-17,Michigan State,Michigan St.,opponent,2,"Geary,Patrick",0,0,0,0,0,0,0,0,,,2
bu_2025-10-17_michigan_state,2025-26,2025-10-17,Michigan State,Michigan St.,opponent,3,"Barnhill,Sean",0,0,0,0,0,1,1,2,,1-2,0
bu_2025-10-17_michigan_state,2025-26,2025-10-17,Michigan State,Michigan St.,opponent,4,"Ralph,Colin",0,0,0,0,0,0,0,1,,,2
bu_2025-10-17_michigan_state,2025-26,2025-10-17,Michigan State,Michigan St.,opponent,5,"Shoudy,Travis",0,0,0,1,1,0,2,2,,,1
bu_2025-10-17_michigan_state,2025-26,2025-10-17,Michigan State,Michigan St.,opponent,6,"Ward,Cole",0,0,0,0,0,0,0,0,,1-2,0
bu_2025-10-17_michigan_state,2025-26,2025-10-17,Michigan State,Michigan St.,opponent,8,"Štrbák,Maxim",0,0,0,0,4,2,6,0,,1-2,1
bu_2025-10-17_michigan_state,2025-26,2025-10-17,Michigan State,Michigan St.,opponent,9,"Basgall,Matt",0,2,2,0,0,1,1,1,,,2
bu_2025-10-17_michigan_state,2025-26,2025-10-17,Michigan State,Michigan St.,opponent,10,"Männistö,Tommi",0,0,0,0,0,0,0,0,,,0
bu_2025-10-17_michigan_state,2025-26,2025-10-17,Michigan State,Michigan St.,opponent,11,"West,Owen",0,0,0,0,0,0,0,0,,,0
bu_2025-10-17_michigan_state,2025-26,2025-10-17,Michigan State,Michigan St.,opponent,12,"Jurecki,Griffin",0,0,0,0,0,0,0,0,,,0
bu_2025-10-17_michigan_state,2025-26,2025-10-17,Michigan State,Michigan St.,opponent,13,"Shoudy,Tiernan",0,0,0,0,0,1,1,0,7-13,,0
bu_2025-10-17_michigan_state,2025-26,2025-10-17,Michigan State,Michigan St.,opponent,14,"Lahey,Matthew",0,0,0,0,0,0,0,0,,,0
bu_2025-10-17_michigan_state,2025-26,2025-10-17,Michigan State,Michigan St.,opponent,15,"Stramel,Charlie",1,0,1,1,0,1,2,0,12-29,,2
bu_2025-10-17_michigan_state,2025-26,2025-10-17,Michigan State,Michigan St.,opponent,18,"Lee,Ryker",0,1,1,0,1,0,1,0,,,0
bu_2025-10-17_michigan_state,2025-26,2025-10-17,Michigan State,Michigan St.,opponent,19,"Baker,Austin",0,0,0,0,0,0,0,0,,2-15,0
bu_2025-10-17_michigan_state,2025-26,2025-10-17,Michigan State,Michigan St.,opponent,20,"Russell,Daniel",0,0,0,1,0,2,3,0,,,1
bu_2025-10-17_michigan_state,2025-26,2025-10-17,Michigan State,Michigan St.,opponent,21,"Romani,Anthony",0,0,0,0,1,1,2,0,,,0
bu_2025-10-17_michigan_state,2025-26,2025-10-17,Michigan State,Michigan St.,opponent,22,"Martone,Porter",0,0,0,1,1,0,2,1,,3-14,0
bu_2025-10-17_michigan_state,2025-26,2025-10-17,Michigan State,Michigan St.,opponent,23,"Vansaghi,Shane",1,0,1,2,1,3,6,2,,,0
bu_2025-10-17_michigan_state,2025-26,2025-10-17,Michigan State,Michigan St.,opponent,24,"Mackie,Nathan",0,0,0,0,0,0,0,0,,,0
bu_2025-10-17_michigan_state,2025-26,2025-10-17,Michigan State,Michigan St.,opponent,25,"Burke,Cole",0,0,0,0,0,0,0,0,,,0
bu_2025-10-17_michigan_state,2025-26,2025-10-17,Michigan State,Michigan St.,opponent,26,"Nilson,Eric",1,0,1,1,0,0,1,1,5-10,,0
bu_2025-10-17_michigan_state,2025-26,2025-10-17,Michigan State,Michigan St.,opponent,28,"Lindstrom,Cayden",1,1,2,1,1,2,4,2,7-13,,0
bu_2025-10-17_michigan_state,2025-26,2025-10-17,Michigan State,Michigan St.,opponent,29,"O'Connell,Gavin",0,2,2,1,1,0,2,2,,,1
bu_2025-10-17_michigan_state,2025-26,2025-10-17,Michigan State,Michigan St.,opponent,30,"Gilbert,Dolan",0,0,0,0,0,0,0,0,,,0
bu_2025-10-17_michigan_state,2025-26,2025-10-17,Michigan State,Michigan St.,opponent,32,"Strahl,Melvin",0,0,0,0,0,0,0,0,,,0
bu_2025-10-17_michigan_state,2025-26,2025-10-17,Michigan State,Boston U.,opponent,1,"Luciano,Steven",0,0,0,0,0,0,0,0,,,0
bu_2025-10-17_michigan_state,2025-26,2025-10-17,Michigan State,Boston U.,opponent,2,"McCarthy,Gavin",0,0,0,0,2,0,2,0,,1-2,1
bu_2025-10-17_michigan_state,2025-26,2025-10-17,Michigan State,Boston U.,opponent,7,"Roukounakis,Nick",0,0,0,0,0,0,0,0,,,0
bu_2025-10-17_michigan_state,2025-26,2025-10-17,Michigan State,Boston U.,opponent,8,"Svoboda,Brandon",0,0,0,0,3,0,3,0,3-7,,0
bu_2025-10-17_michigan_state,2025-26,2025-10-17,Michigan State,Boston U.,opponent,9,"Boisvert,Sacha",0,0,0,1,1,0,2,0,7-17,,1
bu_2025-10-17_michigan_state,2025-26,2025-10-17,Michigan State,Boston U.,opponent,10,"Morello,Jonathan",0,0,0,0,0,0,0,0,3-7,,1
bu_2025-10-17_michigan_state,2025-26,2025-10-17,Michigan State,Boston U.,opponent,12,"Harvey,Jack",0,0,0,1,0,0,1,-2,,,0
bu_2025-10-17_michigan_state,2025-26,2025-10-17,Michigan State,Boston U.,opponent,14,"Frechette,Mick",0,0,0,0,0,0,0,0,,,0
bu_2025-10-17_michigan_state,2025-26,2025-10-17,Michigan State,Boston U.,opponent,15,"Amico,Carter",0,0,0,0,0,0,0,-1,,1-2,1
bu_2025-10-17_michigan_state,2025-26,2025-10-17,Michigan State,Boston U.,opponent,16,"Fondrk,Conrad",0,1,1,0,0,0,0,-1,,,1
bu_2025-10-17_michigan_state,2025-26,2025-10-17,Michigan State,Boston U.,opponent,18,"Feldberg,Jay",0,0,0,0,0,0,0,0,,,0
bu_2025-10-17_michigan_state,2025-26,2025-10-17,Michigan State,Boston U.,opponent,19,"Murtagh,Jack",0,1,1,0,0,1,1,-2,,1-2,0
bu_2025-10-17_michigan_state,2025-26,2025-10-17,Michigan State,Boston U.,opponent,21,"Ritchie,Ryder",1,0,1,1,0,1,2,-1,3-5,2-12,0
bu_2025-10-17_michigan_state,2025-26,2025-10-17,Michigan State,Boston U.,opponent,22,"Celebrini,Aiden",0,0,0,0,0,0,0,-2,,,0
bu_2025-10-17_michigan_state,2025-26,2025-10-17,Michigan State,Boston U.,opponent,23,"McLaughlin,Owen",0,0,0,1,0,0,1,-1,10-16,,0
bu_2025-10-17_michigan_state,2025-26,2025-10-17,Michigan State,Boston U.,opponent,25,"Merrill,Ben",0,0,0,0,0,0,0,0,,,0
bu_2025-10-17_michigan_state,2025-26,2025-10-17,Michigan State,Boston U.,opponent,26,"McNelis,John",0,0,0,0,0,0,0,0,,,1
bu_2025-10-17_michigan_state,2025-26,2025-10-17,Michigan State,Boston U.,opponent,27,"Kim,Kyle",0,0,0,0,0,0,0,0,,,0
bu_2025-10-17_michigan_state,2025-26,2025-10-17,Michigan State,Boston U.,opponent,30,"Perry,Jack",0,0,0,0,0,0,0,0,,,0
bu_2025-10-17_michigan_state,2025-26,2025-10-17,Michigan State,Boston U.,opponent,33,"Lacroix,Max",0,0,0,0,0,0,0,0,,,0
bu_2025-10-17_michigan_state,2025-26,2025-10-17,Michigan State,Boston U.,opponent,34,"Eiserman,Cole",0,1,1,0,2,0,2,-1,,,1
bu_2025-10-17_michigan_state,2025-26,2025-10-17,Michigan State,Boston U.,opponent,38,"Bednarik,Kamil",0,0,0,0,0,0,0,-2,9-14,,0
bu_2025-10-17_michigan_state,2025-26,2025-10-17,Michigan State,Boston U.,opponent,40,"Yegorov,Mikhail",0,0,0,0,0,0,0,0,,,0
bu_2025-10-17_michigan_state,2025-26,2025-10-17,Michigan State,Boston U.,opponent,44,"Hutson,Cole",0,1,1,1,0,2,3,0,,,1
bu_2025-10-17_michigan_state,2025-26,2025-10-17,Michigan State,Boston U.,opponent,57,"Vass,Malte",0,0,0,0,1,0,1,0,,,2
bu_2025-10-17_michigan_state,2025-26,2025-10-17,Michigan State,Boston U.,opponent,78,"Boumedienne,Sascha",1,0,1,1,0,0,1,-1,,,5
bu_2025-10-17_michigan_state,2025-26,2025-10-17,Michigan State,Boston U.,opponent,91,"Trethewey,Charlie",0,0,0,0,0,1,1,-1,,,3
bu_2025-10-24_uconn,2025-26,2025-10-24,UConn,UConn,opponent,1,"Hendrickson,Kam",0,0,0,0,0,0,0,0,,,0
bu_2025-10-24_uconn,2025-26,2025-10-24,UConn,UConn,opponent,2,"Dunphy,Brendan",0,0,0,0,1,0,1,1,,,1
bu_2025-10-24_uconn,2025-26,2025-10-24,UConn,UConn,opponent,3,"Fitzgerald,Kevin",0,1,1,0,0,0,0,0,,1-2,0
bu_2025-10-24_uconn,2025-26,2025-10-24,UConn,UConn,opponent,6,"Gustafsson Nyberg,Viking",0,0,0,0,1,0,1,1,,,2
bu_2025-10-24_uconn,2025-26,2025-10-24,UConn,UConn,opponent,7,"Karpman,Huston",0,0,0,0,0,0,0,0,,,0
bu_2025-10-24_uconn,2025-26,2025-10-24,UConn,UConn,opponent,8,"Muldowney,Joey",1,0,1,1,4,3,8,1,,,0
bu_2025-10-24_uconn,2025-26,2025-10-24,UConn,UConn,opponent,9,"Tattle,Ryan",0,0,0,2,2,0,4,0,12-19,1-2,1
bu_2025-10-24_uconn,2025-26,2025-10-24,UConn,UConn,opponent,10,"Fraser,Tristan",0,0,0,1,0,1,2,0,2-5,,3
bu_2025-10-24_uconn,2025-26,2025-10-24,UConn,UConn,opponent,11,"Janviriya,Kai",0,1,1,0,1,0,1,1,,,1
bu_2025-10-24_uconn,2025-26,2025-10-24,UConn,UConn,opponent,13,"Gardula,Ethan",2,0,2,2,1,1,4,0,,,0
bu_2025-10-24_uconn,2025-26,2025-10-24,UConn,UConn,opponent,15,"Messineo,Tom",1,0,1,0,1,2,3,2,,,4
bu_2025-10-24_uconn,2025-26,2025-10-24,UConn,UConn,opponent,17,"Percival,Jake",0,0,0,0,1,2,3,0,,,0
bu_2025-10-24_uconn,2025-26,2025-10-24,UConn,UConn,opponent,19,"Richard,Jake",1,1,2,2,0,2,4,1,,,0
bu_2025-10-24_uconn,2025-26,2025-10-24,UConn,UConn,opponent,20,"Shahan,Kaden",0,3,3,0,1,0,1,2,,,1
bu_2025-10-24_uconn,2025-26,2025-10-24,UConn,UConn,opponent,21,"Scott,Trey",0,0,0,0,1,0,1,-1,,,1
bu_2025-10-24_uconn,2025-26,2025-10-24,UConn,UConn,opponent,22,"Blais,Alexandre",0,1,1,0,1,0,1,0,,2-12,0
bu_2025-10-24_uconn,2025-26,2025-10-24,UConn,UConn,opponent,23,"Heaslip,Tabor",1,1,2,0,0,1,1,1,11-17,,1
bu_2025-10-24_uconn,2025-26,2025-10-24,UConn,UConn,opponent,24,"Dezainde,Carlin",2,0,2,1,1,0,2,1,5-12,1-2,0
bu_2025-10-24_uconn,2025-26,2025-10-24,UConn,UConn,opponent,26,"Murtagh,Mike",0,2,2,1,0,0,1,-1,,,0
bu_2025-10-24_uconn,2025-26,2025-10-24,UConn,UConn,opponent,27,"Odyniec,Joseph",0,0,0,0,0,0,0,0,,,0
bu_2025-10-24_uconn,2025-26,2025-10-24,UConn,UConn,opponent,28,"Allain Samake,Anthony",0,0,0,0,0,0,0,0,,,0
bu_2025-10-24_uconn,2025-26,2025-10-24,UConn,UConn,opponent,30,"Muszelik,Tyler",0,0,0,0,0,0,0,0,,,0
bu_2025-10-24_uconn,2025-26,2025-10-24,UConn,UConn,opponent,31,"Sanborn,Ryan",0,0,0,0,0,0,0,0,,,0
bu_2025-10-24_uconn,2025-26,2025-10-24,UConn,UConn,opponent,34,"Simpson,Owen",0,0,0,0,0,0,0,0,,,0
bu_2025-10-24_uconn,2025-26,2025-10-24,UConn,UConn,opponent,71,"Whitcomb,Ethan",0,3,3,1,1,0,2,1,6-12,,0
bu_2025-10-24_uconn,2025-26,2025-10-24,UConn,Boston U.,opponent,1,"Luciano,Steven",0,0,0,0,0,0,0,0,,,0
bu_2025-10-24_uconn,2025-26,2025-10-24,UConn,Boston U.,opponent,2,"McCarthy,Gavin",0,0,0,2,0,1,3,-2,,1-2,0
bu_2025-10-24_uconn,2025-26,2025-10-24,UConn,Boston U.,opponent,7,"Roukounakis,Nick",0,0,0,0,0,0,0,0,,,0
bu_2025-10-24_uconn,2025-26,2025-10-24,UConn,Boston U.,opponent,8,"Svoboda,Brandon",0,0,0,0,0,1,1,-1,7-16,,0
bu_2025-10-24_uconn,2025-26,2025-10-24,UConn,Boston U.,opponent,9,"Boisvert,Sacha",0,0,0,0,0,0,0,0,,,0
bu_2025-10-24_uconn,2025-26,2025-10-24,UConn,Boston U.,opponent,10,"Morello,Jonathan",0,0,0,0,0,1,1,0,5-11,,0
bu_2025-10-24_uconn,2025-26,2025-10-24,UConn,Boston U.,opponent,12,"Harvey,Jack",0,1,1,0,0,0,0,-1,,,2
bu_2025-10-24_uconn,2025-26,2025-10-24,UConn,Boston U.,opponent,14,"Frechette,Mick",0,0,0,2,0,0,2,-1,,2-4,0
bu_2025-10-24_uconn,2025-26,2025-10-24,UConn,Boston U.,opponent,15,"Amico,Carter",0,0,0,0,0,0,0,0,,,0
bu_2025-10-24_uconn,2025-26,2025-10-24,UConn,Boston U.,opponent,16,"Fondrk,Conrad",0,0,0,0,0,1,1,0,,,0
bu_2025-10-24_uconn,2025-26,2025-10-24,UConn,Boston U.,opponent,18,"Feldberg,Jay",0,0,0,0,0,0,0,0,,,0
bu_2025-10-24_uconn,2025-26,2025-10-24,UConn,Boston U.,opponent,19,"Murtagh,Jack",1,0,1,0,2,2,4,2,,,0
bu_2025-10-24_uconn,2025-26,2025-10-24,UConn,Boston U.,opponent,21,"Ritchie,Ryder",0,1,1,4,0,2,6,-1,,1-2,0
bu_2025-10-24_uconn,2025-26,2025-10-24,UConn,Boston U.,opponent,22,"Celebrini,Aiden",0,1,1,0,0,0,0,-1,,,0
bu_2025-10-24_uconn,2025-26,2025-10-24,UConn,Boston U.,opponent,23,"McLaughlin,Owen",2,0,2,2,1,1,4,1,5-15,1-2,0
bu_2025-10-24_uconn,2025-26,2025-10-24,UConn,Boston U.,opponent,25,"Merrill,Ben",0,0,0,0,1,0,1,-2,,,1
bu_2025-10-24_uconn,2025-26,2025-10-24,UConn,Boston U.,opponent,26,"McNelis,John",0,0,0,0,0,0,0,0,,,0
bu_2025-10-24_uconn,2025-26,2025-10-24,UConn,Boston U.,opponent,27,"Kim,Kyle",0,0,0,0,0,0,0,0,,,0
bu_2025-10-24_uconn,2025-26,2025-10-24,UConn,Boston U.,opponent,30,"Perry,Jack",0,0,0,0,0,0,0,0,,,0
bu_2025-10-24_uconn,2025-26,2025-10-24,UConn,Boston U.,opponent,33,"Lacroix,Max",0,0,0,0,0,0,0,0,,,0
bu_2025-10-24_uconn,2025-26,2025-10-24,UConn,Boston U.,opponent,34,"Eiserman,Cole",1,0,1,1,1,2,4,-3,,,0
bu_2025-10-24_uconn,2025-26,2025-10-24,UConn,Boston U.,opponent,38,"Bednarik,Kamil",0,0,0,0,0,1,1,-2,12-21,,1
bu_2025-10-24_uconn,2025-26,2025-10-24,UConn,Boston U.,opponent,40,"Yegorov,Mikhail",0,0,0,0,0,0,0,0,,,0
bu_2025-10-24_uconn,2025-26,2025-10-24,UConn,Boston U.,opponent,44,"Hutson,Cole",0,1,1,1,1,4,6,-3,,,0
bu_2025-10-24_uconn,2025-26,2025-10-24,UConn,Boston U.,opponent,57,"Vass,Malte",0,2,2,0,0,0,0,2,,,0
bu_2025-10-24_uconn,2025-26,2025-10-24,UConn,Boston U.,opponent,78,"Boumedienne,Sascha",0,0,0,0,0,0,0,-1,,,1
bu_2025-10-24_uconn,2025-26,2025-10-24,UConn,Boston U.,opponent,91,"Trethewey,Charlie",0,1,1,0,0,0,0,2,,,0
bu_2025-10-25_uconn,2025-26,2025-10-25,UConn,Boston U.,opponent,1,"Luciano,Steven",0,0,0,0,0,0,0,0,,,0
bu_2025-10-25_uconn,2025-26,2025-10-25,UConn,Boston U.,opponent,2,"McCarthy,Gavin",0,0,0,0,0,0,0,1,,,2
bu_2025-10-25_uconn,2025-26,2025-10-25,UConn,Boston U.,opponent,7,"Roukounakis,Nick",0,0,0,0,0,0,0,0,,,0
bu_2025-10-25_uconn,2025-26,2025-10-25,UConn,Boston U.,opponent,8,"Svoboda,Brandon",0,0,0,0,1,0,1,0,3-9,,1
bu_2025-10-25_uconn,2025-26,2025-10-25,UConn,Boston U.,opponent,9,"Boisvert,Sacha",0,1,1,0,1,0,1,0,3-10,,1
bu_2025-10-25_uconn,2025-26,2025-10-25,UConn,Boston U.,opponent,10,"Morello,Jonathan",0,0,0,0,0,0,0,0,4-7,,0
bu_2025-10-25_uconn,2025-26,2025-10-25,UConn,Boston U.,opponent,12,"Harvey,Jack",2,0,2,1,1,0,2,0,,,0
bu_2025-10-25_uconn,2025-26,2025-10-25,UConn,Boston U.,opponent,14,"Frechette,Mick",0,0,0,1,0,0,1,0,,1-2,0
bu_2025-10-25_uconn,2025-26,2025-10-25,UConn,Boston U.,opponent,15,"Amico,Carter",0,0,0,0,0,0,0,-1,,,1
bu_2025-10-25_uconn,2025-26,2025-10-25,UConn,Boston U.,opponent,16,"Fondrk,Conrad",0,1,1,0,0,1,1,0,1-1,,0
bu_2025-10-25_uconn,2025-26,2025-10-25,UConn,Boston U.,opponent,18,"Feldberg,Jay",0,0,0,0,0,0,0,0,,,0
bu_2025-10-25_uconn,2025-26,2025-10-25,UConn,Boston U.,opponent,19,"Murtagh,Jack",0,1,1,2,0,0,2,0,,,1
bu_2025-10-25_uconn,2025-26,2025-10-25,UConn,Boston U.,opponent,21,"Ritchie,Ryder",0,0,0,2,0,0,2,0,,,1
bu_2025-10-25_uconn,2025-26,2025-10-25,UConn,Boston U.,opponent,22,"Celebrini,Aiden",0,0,0,0,0,0,0,0,,,0
bu_2025-10-25_uconn,2025-26,2025-10-25,UConn,Boston U.,opponent,23,"McLaughlin,Owen",1,1,2,1,1,0,2,0,2-5,,0
bu_2025-10-25_uconn,2025-26,2025-10-25,UConn,Boston U.,opponent,25,"Merrill,Ben",0,0,0,0,1,0,1,0,,,0
bu_2025-10-25_uconn,2025-26,2025-10-25,UConn,Boston U.,opponent,26,"McNelis,John",0,0,0,1,0,0,1,0,,,0
bu_2025-10-25_uconn,2025-26,2025-10-25,UConn,Boston U.,opponent,27,"Kim,Kyle",0,0,0,0,0,0,0,0,,,0
bu_2025-10-25_uconn,2025-26,2025-10-25,UConn,Boston U.,opponent,30,"Perry,Jack",0,0,0,0,0,0,0,0,,,0
bu_2025-10-25_uconn,2025-26,2025-10-25,UConn,Boston U.,opponent,33,"Lacroix,Max",0,0,0,0,0,0,0,0,,,0
bu_2025-10-25_uconn,2025-26,2025-10-25,UConn,Boston U.,opponent,34,"Eiserman,Cole",0,0,0,2,0,0,2,0,,,0
bu_2025-10-25_uconn,2025-26,2025-10-25,UConn,Boston U.,opponent,38,"Bednarik,Kamil",0,1,1,0,0,0,0,0,13-17,,0
bu_2025-10-25_uconn,2025-26,2025-10-25,UConn,Boston U.,opponent,40,"Yegorov,Mikhail",0,0,0,0,0,0,0,0,,,0
bu_2025-10-25_uconn,2025-26,2025-10-25,UConn,Boston U.,opponent,44,"Hutson,Cole",0,1,1,2,0,2,4,0,,,0
bu_2025-10-25_uconn,2025-26,2025-10-25,UConn,Boston U.,opponent,57,"Vass,Malte",0,0,0,0,0,0,0,0,,,0
bu_2025-10-25_uconn,2025-26,2025-10-25,UConn,Boston U.,opponent,78,"Boumedienne,Sascha",0,0,0,0,0,0,0,0,,,0
bu_2025-10-25_uconn,2025-26,2025-10-25,UConn,Boston U.,opponent,91,"Trethewey,Charlie",0,0,0,0,0,0,0,0,,,0
bu_2025-10-25_uconn,2025-26,2025-10-25,UConn,UConn,opponent,1,"Hendrickson,Kam",0,0,0,0,0,0,0,0,,,0
bu_2025-10-25_uconn,2025-26,2025-10-25,UConn,UConn,opponent,2,"Dunphy,Brendan",0,0,0,0,0,0,0,0,,,0
bu_2025-10-25_uconn,2025-26,2025-10-25,UConn,UConn,opponent,3,"Fitzgerald,Kevin",0,0,0,0,0,0,0,0,,,0
bu_2025-10-25_uconn,2025-26,2025-10-25,UConn,UConn,opponent,6,"Gustafsson Nyberg,Viking",0,1,1,0,0,0,0,1,,,0
bu_2025-10-25_uconn,2025-26,2025-10-25,UConn,UConn,opponent,7,"Karpman,Huston",0,0,0,0,0,0,0,0,,,0
bu_2025-10-25_uconn,2025-26,2025-10-25,UConn,UConn,opponent,8,"Muldowney,Joey",1,0,1,1,1,0,2,1,,,1
bu_2025-10-25_uconn,2025-26,2025-10-25,UConn,UConn,opponent,9,"Tattle,Ryan",0,0,0,2,0,0,2,-1,6-12,,0
bu_2025-10-25_uconn,2025-26,2025-10-25,UConn,UConn,opponent,10,"Fraser,Tristan",0,0,0,0,0,0,0,-1,2-2,,0
bu_2025-10-25_uconn,2025-26,2025-10-25,UConn,UConn,opponent,11,"Janviriya,Kai",0,0,0,0,0,0,0,1,,,0
bu_2025-10-25_uconn,2025-26,2025-10-25,UConn,UConn,opponent,13,"Gardula,Ethan",0,1,1,0,0,0,0,1,,,0
bu_2025-10-25_uconn,2025-26,2025-10-25,UConn,UConn,opponent,15,"Messineo,Tom",0,0,0,0,0,1,1,0,,,1
bu_2025-10-25_uconn,2025-26,2025-10-25,UConn,UConn,opponent,17,"Percival,Jake",0,0,0,0,3,0,3,-1,,1-2,0
bu_2025-10-25_uconn,2025-26,2025-10-25,UConn,UConn,opponent,19,"Richard,Jake",0,0,0,0,0,0,0,0,,1-2,1
bu_2025-10-25_uconn,2025-26,2025-10-25,UConn,UConn,opponent,20,"Shahan,Kaden",0,0,0,1,0,0,1,0,,,0
bu_2025-10-25_uconn,2025-26,2025-10-25,UConn,UConn,opponent,21,"Scott,Trey",0,0,0,0,0,2,2,-1,,,1
bu_2025-10-25_uconn,2025-26,2025-10-25,UConn,UConn,opponent,22,"Blais,Alexandre",0,0,0,1,0,1,2,0,,,0
bu_2025-10-25_uconn,2025-26,2025-10-25,UConn,UConn,opponent,23,"Heaslip,Tabor",0,0,0,2,0,1,3,1,4-10,,1
bu_2025-10-25_uconn,2025-26,2025-10-25,UConn,UConn,opponent,24,"Dezainde,Carlin",0,0,0,0,1,0,1,0,9-13,,0
bu_2025-10-25_uconn,2025-26,2025-10-25,UConn,UConn,opponent,26,"Murtagh,Mike",0,0,0,1,0,0,1,0,,,0
bu_2025-10-25_uconn,2025-26,2025-10-25,UConn,UConn,opponent,27,"Odyniec,Joseph",0,0,0,0,0,0,0,0,,,0
bu_2025-10-25_uconn,2025-26,2025-10-25,UConn,UConn,opponent,28,"Allain Samake,Anthony",0,0,0,1,1,2,4,-1,,,2
bu_2025-10-25_uconn,2025-26,2025-10-25,UConn,UConn,opponent,30,"Muszelik,Tyler",0,0,0,0,0,0,0,0,,,0
bu_2025-10-25_uconn,2025-26,2025-10-25,UConn,UConn,opponent,31,"Sanborn,Ryan",0,0,0,0,0,0,0,0,,,0
bu_2025-10-25_uconn,2025-26,2025-10-25,UConn,UConn,opponent,34,"Simpson,Owen",0,0,0,0,0,0,0,0,,,0
bu_2025-10-25_uconn,2025-26,2025-10-25,UConn,UConn,opponent,71,"Whitcomb,Ethan",0,0,0,1,2,0,3,0,2-12,1-2,0
bu_2025-11-01_maine,2025-26,2025-11-01,Maine,Boston University,bu,1,"Luciano,Steven",0,0,0,0,0,0,0,0,,,0
bu_2025-11-01_maine,2025-26,2025-11-01,Maine,Boston University,bu,2,"McCarthy,Gavin",0,1,1,0,0,1,1,2,,1-2,2
bu_2025-11-01_maine,2025-26,2025-11-01,Maine,Boston University,bu,7,"Roukounakis,Nick",0,0,0,0,0,0,0,0,,,0
bu_2025-11-01_maine,2025-26,2025-11-01,Maine,Boston University,bu,8,"Svoboda,Brandon",2,2,4,3,3,1,7,3,15-25,,0
bu_2025-11-01_maine,2025-26,2025-11-01,Maine,Boston University,bu,9,"Boisvert,Sacha",0,0,0,1,0,1,2,-3,2-11,,0
bu_2025-11-01_maine,2025-26,2025-11-01,Maine,Boston University,bu,10,"Morello,Jonathan",0,1,1,0,0,2,2,0,5-12,,1
bu_2025-11-01_maine,2025-26,2025-11-01,Maine,Boston University,bu,12,"Harvey,Jack",0,0,0,0,0,0,0,-5,,,2
bu_2025-11-01_maine,2025-26,2025-11-01,Maine,Boston University,bu,14,"Frechette,Mick",0,0,0,0,0,0,0,0,,,1
bu_2025-11-01_maine,2025-26,2025-11-01,Maine,Boston University,bu,15,"Amico,Carter",0,0,0,0,0,0,0,-1,,1-2,5
bu_2025-11-01_maine,2025-26,2025-11-01,Maine,Boston University,bu,16,"Fondrk,Conrad",1,0,1,0,2,0,2,-4,,,0
bu_2025-11-01_maine,2025-26,2025-11-01,Maine,Boston University,bu,18,"Feldberg,Jay",0,0,0,0,0,0,0,0,,,0
bu_2025-11-01_maine,2025-26,2025-11-01,Maine,Boston University,bu,19,"Murtagh,Jack",0,0,0,1,1,0,2,-3,,,1
bu_2025-11-01_maine,2025-26,2025-11-01,Maine,Boston University,bu,21,"Ritchie,Ryder",0,0,0,0,0,1,1,-3,1-2,,0
bu_2025-11-01_maine,2025-26,2025-11-01,Maine,Boston University,bu,22,"Celebrini,Aiden",0,0,0,0,0,0,0,-3,,1-2,5
bu_2025-11-01_maine,2025-26,2025-11-01,Maine,Boston University,bu,23,"McLaughlin,Owen",0,0,0,0,0,0,0,-3,4-9,,0
bu_2025-11-01_maine,2025-26,2025-11-01,Maine,Boston University,bu,25,"Merrill,Ben",1,1,2,2,0,3,5,3,,,1
bu_2025-11-01_maine,2025-26,2025-11-01,Maine,Boston University,bu,26,"McNelis,John",0,0,0,2,0,0,2,0,,,1
bu_2025-11-01_maine,2025-26,2025-11-01,Maine,Boston University,bu,27,"Kim,Kyle",0,0,0,0,0,0,0,0,,,0
bu_2025-11-01_maine,2025-26,2025-11-01,Maine,Boston University,bu,30,"Perry,Jack",0,0,0,0,0,0,0,0,,,0
bu_2025-11-01_maine,2025-26,2025-11-01,Maine,Boston University,bu,33,"Lacroix,Max",0,0,0,0,0,0,0,0,,,0
bu_2025-11-01_maine,2025-26,2025-11-01,Maine,Boston University,bu,34,"Eiserman,Cole",0,0,0,0,0,0,0,0,,,0
bu_2025-11-01_maine,2025-26,2025-11-01,Maine,Boston University,bu,38,"Bednarik,Kamil",1,0,1,1,1,0,2,1,3-9,1-2,1
bu_2025-11-01_maine,2025-26,2025-11-01,Maine,Boston University,bu,40,"Yegorov,Mikhail",0,0,0,0,0,0,0,0,,,0
bu_2025-11-01_maine,2025-26,2025-11-01,Maine,Boston University,bu,44,"Hutson,Cole",0,3,3,2,0,2,4,3,,,2
bu_2025-11-01_maine,2025-26,2025-11-01,Maine,Boston University,bu,57,"Vass,Malte",0,0,0,0,0,0,0,-1,,1-2,1
bu_2025-11-01_maine,2025-26,2025-11-01,Maine,Boston University,bu,78,"Boumedienne,Sascha",0,1,1,0,1,0,1,-4,,1-2,3
bu_2025-11-01_maine,2025-26,2025-11-01,Maine,Boston University,bu,91,"Trethewey,Charlie",0,0,0,0,0,0,0,0,,,1
bu_2025-11-01_maine,2025-26,2025-11-01,Maine,Maine,opponent,2,"Peterson,Lukas",0,2,2,1,1,0,2,1,,,0
bu_2025-11-01_maine,2025-26,2025-11-01,Maine,Maine,opponent,4,"Holt,Brandon",0,3,3,0,2,1,3,3,,,1
bu_2025-11-01_maine,2025-26,2025-11-01,Maine,Maine,opponent,7,"Langlois,Jeremy",1,0,1,1,1,0,2,2,,1-2,1
bu_2025-11-01_maine,2025-26,2025-11-01,Maine,Maine,opponent,10,"Coughlin,Luke",0,0,0,0,0,0,0,0,,,1
bu_2025-11-01_maine,2025-26,2025-11-01,Maine,Maine,opponent,11,"Russell,Charlie",2,1,3,2,1,0,3,2,,1-2,2
bu_2025-11-01_maine,2025-26,2025-11-01,Maine,Maine,opponent,12,"Fowler,Owen",1,0,1,3,4,1,8,1,2-3,,0
bu_2025-11-01_maine,2025-26,2025-11-01,Maine,Maine,opponent,14,"Scholle,Sully",0,1,1,0,0,0,0,1,2-8,,1
bu_2025-11-01_maine,2025-26,2025-11-01,Maine,Maine,opponent,15,"Chabrier,Brandon",0,0,0,1,0,0,1,-1,,,2
bu_2025-11-01_maine,2025-26,2025-11-01,Maine,Maine,opponent,16,"Usereau,Loic",0,0,0,0,0,0,0,0,,,0
bu_2025-11-01_maine,2025-26,2025-11-01,Maine,Maine,opponent,18,"Motew,Simon",0,0,0,0,0,0,0,0,,,0
bu_2025-11-01_maine,2025-26,2025-11-01,Maine,Maine,opponent,20,"Nadeau,Josh",0,1,1,0,1,2,3,0,,,0
bu_2025-11-01_maine,2025-26,2025-11-01,Maine,Maine,opponent,21,"Peluso,Nicholas",0,0,0,0,0,0,0,0,,,0
bu_2025-11-01_maine,2025-26,2025-11-01,Maine,Maine,opponent,22,"Gerrior,William",0,0,0,0,1,2,3,0,,,0
bu_2025-11-01_maine,2025-26,2025-11-01,Maine,Maine,opponent,23,"Arnott,Grayson",0,0,0,0,0,0,0,0,,,0
bu_2025-11-01_maine,2025-26,2025-11-01,Maine,Maine,opponent,24,"James,Brock",0,0,0,0,0,0,0,0,,,0
bu_2025-11-01_maine,2025-26,2025-11-01,Maine,Maine,opponent,26,"Freel,Thomas",0,2,2,0,1,0,1,0,,,0
bu_2025-11-01_maine,2025-26,2025-11-01,Maine,Maine,opponent,27,"Scott,Max",2,1,3,0,1,3,4,1,11-18,,0
bu_2025-11-01_maine,2025-26,2025-11-01,Maine,Maine,opponent,28,"Calafiore,Anthony",0,0,0,0,0,0,0,0,,,0
bu_2025-11-01_maine,2025-26,2025-11-01,Maine,Maine,opponent,29,"Pichette,Thomas",0,1,1,1,1,0,2,0,,,0
bu_2025-11-01_maine,2025-26,2025-11-01,Maine,Maine,opponent,30,"Boija,Albin",0,0,0,0,0,0,0,0,,,0
bu_2025-11-01_maine,2025-26,2025-11-01,Maine,Maine,opponent,32,"Rousseau,Mathis",0,0,0,0,0,0,0,0,,,0
bu_2025-11-01_maine,2025-26,2025-11-01,Maine,Maine,opponent,34,"Nobes,Bodie",0,0,0,0,0,0,0,-1,,,0
bu_2025-11-01_maine,2025-26,2025-11-01,Maine,Maine,opponent,35,"Stewart,Gage",0,0,0,0,0,0,0,0,,,0
bu_2025-11-01_maine,2025-26,2025-11-01,Maine,Maine,opponent,38,"Komarov,Oskar",1,0,1,0,0,1,1,-1,12-21,,1
bu_2025-11-01_maine,2025-26,2025-11-01,Maine,Maine,opponent,41,"Lipinski,Jaden",0,1,1,0,3,0,3,1,12-19,1-2,0
bu_2025-11-01_maine,2025-26,2025-11-01,Maine,Maine,opponent,43,"Marques,Miguel",0,0,0,0,4,0,4,1,,,0
bu_2025-11-01_maine,2025-26,2025-11-01,Maine,Maine,opponent,44,"Djurasevic,Frank",0,0,0,0,0,1,1,3,,,1
bu_2025-11-01_maine,2025-26,2025-11-01,Maine,Maine,opponent,93,"Poirier,Justin",1,1,2,1,2,2,5,1,,,0
bu_2025-11-08_merrimack,2025-26,2025-11-08,Merrimack,Boston U.,opponent,1,"Luciano,Steven",0,0,0,0,0,0,0,0,,,0
bu_2025-11-08_merrimack,2025-26,2025-11-08,Merrimack,Boston U.,opponent,2,"McCarthy,Gavin",1,0,1,0,1,0,1,2,,1-2,2
bu_2025-11-08_merrimack,2025-26,2025-11-08,Merrimack,Boston U.,opponent,7,"Roukounakis,Nick",0,0,0,0,0,0,0,0,,,0
bu_2025-11-08_merrimack,2025-26,2025-11-08,Merrimack,Boston U.,opponent,8,"Svoboda,Brandon",0,1,1,1,0,0,1,1,12-19,,0
bu_2025-11-08_merrimack,2025-26,2025-11-08,Merrimack,Boston U.,opponent,9,"Boisvert,Sacha",0,4,4,3,0,0,3,3,4-13,,0
bu_2025-11-08_merrimack,2025-26,2025-11-08,Merrimack,Boston U.,opponent,10,"Morello,Jonathan",0,0,0,2,0,0,2,-1,2-5,,1
bu_2025-11-08_merrimack,2025-26,2025-11-08,Merrimack,Boston U.,opponent,12,"Harvey,Jack",1,0,1,0,1,2,3,1,,,0
bu_2025-11-08_merrimack,2025-26,2025-11-08,Merrimack,Boston U.,opponent,14,"Frechette,Mick",0,0,0,0,0,0,0,0,,,0
bu_2025-11-08_merrimack,2025-26,2025-11-08,Merrimack,Boston U.,opponent,15,"Amico,Carter",0,0,0,0,0,0,0,1,,,0
bu_2025-11-08_merrimack,2025-26,2025-11-08,Merrimack,Boston U.,opponent,16,"Fondrk,Conrad",0,0,0,1,1,1,3,-1,,,0
bu_2025-11-08_merrimack,2025-26,2025-11-08,Merrimack,Boston U.,opponent,18,"Feldberg,Jay",0,0,0,0,0,0,0,1,,,0
bu_2025-11-08_merrimack,2025-26,2025-11-08,Merrimack,Boston U.,opponent,19,"Murtagh,Jack",0,0,0,2,1,0,3,0,,2-15,0
bu_2025-11-08_merrimack,2025-26,2025-11-08,Merrimack,Boston U.,opponent,21,"Ritchie,Ryder",1,1,2,0,1,0,1,3,1-2,1-2,0
bu_2025-11-08_merrimack,2025-26,2025-11-08,Merrimack,Boston U.,opponent,22,"Celebrini,Aiden",0,0,0,0,0,1,1,1,,,3
bu_2025-11-08_merrimack,2025-26,2025-11-08,Merrimack,Boston U.,opponent,23,"McLaughlin,Owen",1,2,3,0,0,1,1,2,3-6,,0
bu_2025-11-08_merrimack,2025-26,2025-11-08,Merrimack,Boston U.,opponent,25,"Merrill,Ben",0,0,0,0,0,0,0,-1,,,1
bu_2025-11-08_merrimack,2025-26,2025-11-08,Merrimack,Boston U.,opponent,26,"McNelis,John",0,0,0,0,0,0,0,0,,,0
bu_2025-11-08_merrimack,2025-26,2025-11-08,Merrimack,Boston U.,opponent,27,"Kim,Kyle",0,0,0,0,0,0,0,0,,,0
bu_2025-11-08_merrimack,2025-26,2025-11-08,Merrimack,Boston U.,opponent,30,"Perry,Jack",0,0,0,0,0,0,0,0,,,0
bu_2025-11-08_merrimack,2025-26,2025-11-08,Merrimack,Boston U.,opponent,33,"Lacroix,Max",0,0,0,0,0,0,0,0,,,0
bu_2025-11-08_merrimack,2025-26,2025-11-08,Merrimack,Boston U.,opponent,34,"Eiserman,Cole",0,0,0,0,0,0,0,0,,,0
bu_2025-11-08_merrimack,2025-26,2025-11-08,Merrimack,Boston U.,opponent,38,"Bednarik,Kamil",0,0,0,0,0,1,1,1,6-14,,0
bu_2025-11-08_merrimack,2025-26,2025-11-08,Merrimack,Boston U.,opponent,40,"Yegorov,Mikhail",0,0,0,0,0,0,0,0,,1-2,0
bu_2025-11-08_merrimack,2025-26,2025-11-08,Merrimack,Boston U.,opponent,44,"Hutson,Cole",1,0,1,2,1,0,3,2,,2-4,0
bu_2025-11-08_merrimack,2025-26,2025-11-08,Merrimack,Boston U.,opponent,57,"Vass,Malte",0,0,0,1,0,0,1,0,,,1
bu_2025-11-08_merrimack,2025-26,2025-11-08,Merrimack,Boston U.,opponent,78,"Boumedienne,Sascha",0,0,0,0,0,0,0,0,,,0
bu_2025-11-08_merrimack,2025-26,2025-11-08,Merrimack,Boston U.,opponent,91,"Trethewey,Charlie",0,0,0,0,0,0,0,0,,,0
bu_2025-11-08_merrimack,2025-26,2025-11-08,Merrimack,Merrimack,opponent,2,"King,Nathan",0,0,0,0,0,0,0,0,,,0
bu_2025-11-08_merrimack,2025-26,2025-11-08,Merrimack,Merrimack,opponent,3,"Nordberg,Filip",0,1,1,0,2,1,3,-2,,,3
bu_2025-11-08_merrimack,2025-26,2025-11-08,Merrimack,Merrimack,opponent,4,"Powell,Seamus",0,1,1,1,1,1,3,-3,,,2
bu_2025-11-08_merrimack,2025-26,2025-11-08,Merrimack,Merrimack,opponent,6,"Astapovich,Daniel",0,0,0,0,0,1,1,-1,5-9,,0
bu_2025-11-08_merrimack,2025-26,2025-11-08,Merrimack,Merrimack,opponent,7,"Beyer,Ethan",0,0,0,0,1,0,1,1,,,0
bu_2025-11-08_merrimack,2025-26,2025-11-08,Merrimack,Merrimack,opponent,8,"Mayo,Hunter",1,0,1,0,2,0,2,-1,,1-2,2
bu_2025-11-08_merrimack,2025-26,2025-11-08,Merrimack,Merrimack,opponent,9,"Richard,Jack",0,0,0,0,0,0,0,0,,,0
bu_2025-11-08_merrimack,2025-26,2025-11-08,Merrimack,Merrimack,opponent,10,"Hoskin,Trevor",0,1,1,1,1,0,2,-1,,,1
bu_2025-11-08_merrimack,2025-26,2025-11-08,Merrimack,Merrimack,opponent,11,"Pierre,Nick",0,0,0,1,0,1,2,-1,1-2,,0
bu_2025-11-08_merrimack,2025-26,2025-11-08,Merrimack,Merrimack,opponent,12,"Lalonde,Parker",0,0,0,0,1,0,1,-1,15-24,,1
bu_2025-11-08_merrimack,2025-26,2025-11-08,Merrimack,Merrimack,opponent,13,"Henneberry,Joseph",0,0,0,0,0,0,0,0,,,0
bu_2025-11-08_merrimack,2025-26,2025-11-08,Merrimack,Merrimack,opponent,14,"Bassen,Riley",0,0,0,0,0,0,0,0,,,0
bu_2025-11-08_merrimack,2025-26,2025-11-08,Merrimack,Merrimack,opponent,15,"Campbell,Matthew",0,0,0,0,0,0,0,0,,,0
bu_2025-11-08_merrimack,2025-26,2025-11-08,Merrimack,Merrimack,opponent,16,"Daneault,Ty",1,2,3,1,2,2,5,-1,,1-2,0
bu_2025-11-08_merrimack,2025-26,2025-11-08,Merrimack,Merrimack,opponent,17,"Kungle,Cam",0,0,0,0,0,0,0,-1,,1-2,0
bu_2025-11-08_merrimack,2025-26,2025-11-08,Merrimack,Merrimack,opponent,19,"Hillier,Mark",0,0,0,0,0,0,0,0,,,1
bu_2025-11-08_merrimack,2025-26,2025-11-08,Merrimack,Merrimack,opponent,20,"Flamand,Nolan",0,0,0,0,0,0,0,-2,3-8,,0
bu_2025-11-08_merrimack,2025-26,2025-11-08,Merrimack,Merrimack,opponent,21,"Cranston,Caden",0,0,0,0,0,0,0,0,,,0
bu_2025-11-08_merrimack,2025-26,2025-11-08,Merrimack,Merrimack,opponent,22,"Ballentyne,Trent",0,0,0,0,0,0,0,0,,,0
bu_2025-11-08_merrimack,2025-26,2025-11-08,Merrimack,Merrimack,opponent,23,"Gill,Justin",1,0,1,0,3,2,5,-1,2-4,,1
bu_2025-11-08_merrimack,2025-26,2025-11-08,Merrimack,Merrimack,opponent,24,"Oravetz,Austin",0,0,0,1,0,1,2,-2,,,2
bu_2025-11-08_merrimack,2025-26,2025-11-08,Merrimack,Merrimack,opponent,25,"Weilandt,Luke",0,0,0,1,1,0,2,0,,1-2,1
bu_2025-11-08_merrimack,2025-26,2025-11-08,Merrimack,Merrimack,opponent,26,"Emerson,Michael",0,0,0,0,1,0,1,-1,,,1
bu_2025-11-08_merrimack,2025-26,2025-11-08,Merrimack,Merrimack,opponent,27,"Yurchuk,Benjamin",1,0,1,0,0,1,1,1,,,1
bu_2025-11-08_merrimack,2025-26,2025-11-08,Merrimack,Merrimack,opponent,28,"O'Connell,Ryan",0,0,0,0,0,0,0,0,,,0
bu_2025-11-08_merrimack,2025-26,2025-11-08,Merrimack,Merrimack,opponent,29,"Fitzpatrick,Caelan",0,0,0,0,0,0,0,1,7-14,,1
bu_2025-11-08_merrimack,2025-26,2025-11-08,Merrimack,Merrimack,opponent,30,"Wallstrom,Nils",0,0,0,0,0,0,0,0,,,0
bu_2025-11-08_merrimack,2025-26,2025-11-08,Merrimack,Merrimack,opponent,31,"Keyes,Ryan",0,0,0,0,0,0,0,0,,,0
bu_2025-11-08_merrimack,2025-26,2025-11-08,Merrimack,Merrimack,opponent,47,"Lundgren,Max",0,0,0,0,0,0,0,0,,,0
bu_2025-11-15_quinnipiac,2025-26,2025-11-15,Quinnipiac,Boston U.,opponent,1,"Luciano,Steven",0,0,0,0,0,0,0,0,,,0
bu_2025-11-15_quinnipiac,2025-26,2025-11-15,Quinnipiac,Boston U.,opponent,2,"McCarthy,Gavin",0,0,0,0,0,0,0,-1,,1-2,2
bu_2025-11-15_quinnipiac,2025-26,2025-11-15,Quinnipiac,Boston U.,opponent,7,"Roukounakis,Nick",1,0,1,1,1,4,6,1,,1-2,1
bu_2025-11-15_quinnipiac,2025-26,2025-11-15,Quinnipiac,Boston U.,opponent,8,"Svoboda,Brandon",0,0,0,1,0,0,1,1,5-13,,0
bu_2025-11-15_quinnipiac,2025-26,2025-11-15,Quinnipiac,Boston U.,opponent,9,"Boisvert,Sacha",0,0,0,0,0,2,2,-1,4-11,,0
bu_2025-11-15_quinnipiac,2025-26,2025-11-15,Quinnipiac,Boston U.,opponent,10,"Morello,Jonathan",0,0,0,1,1,3,5,1,3-15,,0
bu_2025-11-15_quinnipiac,2025-26,2025-11-15,Quinnipiac,Boston U.,opponent,12,"Harvey,Jack",1,0,1,0,1,1,2,-2,,,0
bu_2025-11-15_quinnipiac,2025-26,2025-11-15,Quinnipiac,Boston U.,opponent,14,"Frechette,Mick",0,0,0,0,0,0,0,0,,,0
bu_2025-11-15_quinnipiac,2025-26,2025-11-15,Quinnipiac,Boston U.,opponent,15,"Amico,Carter",0,0,0,0,0,1,1,-2,,1-2,0
bu_2025-11-15_quinnipiac,2025-26,2025-11-15,Quinnipiac,Boston U.,opponent,16,"Fondrk,Conrad",0,0,0,0,0,1,1,0,,,1
bu_2025-11-15_quinnipiac,2025-26,2025-11-15,Quinnipiac,Boston U.,opponent,18,"Feldberg,Jay",0,0,0,0,0,0,0,0,,,0
bu_2025-11-15_quinnipiac,2025-26,2025-11-15,Quinnipiac,Boston U.,opponent,19,"Murtagh,Jack",0,0,0,0,1,0,1,-1,,,0
bu_2025-11-15_quinnipiac,2025-26,2025-11-15,Quinnipiac,Boston U.,opponent,21,"Ritchie,Ryder",0,0,0,1,0,0,1,-1,1-1,,0
bu_2025-11-15_quinnipiac,2025-26,2025-11-15,Quinnipiac,Boston U.,opponent,22,"Celebrini,Aiden",0,1,1,1,0,1,2,0,,1-2,3
bu_2025-11-15_quinnipiac,2025-26,2025-11-15,Quinnipiac,Boston U.,opponent,23,"McLaughlin,Owen",0,0,0,0,0,0,0,-1,,,0
bu_2025-11-15_quinnipiac,2025-26,2025-11-15,Quinnipiac,Boston U.,opponent,25,"Merrill,Ben",0,0,0,0,0,2,2,1,,,0
bu_2025-11-15_quinnipiac,2025-26,2025-11-15,Quinnipiac,Boston U.,opponent,26,"McNelis,John",0,0,0,0,0,0,0,0,,,0
bu_2025-11-15_quinnipiac,2025-26,2025-11-15,Quinnipiac,Boston U.,opponent,27,"Kim,Kyle",0,0,0,0,0,0,0,0,,,0
bu_2025-11-15_quinnipiac,2025-26,2025-11-15,Quinnipiac,Boston U.,opponent,30,"Perry,Jack",0,0,0,0,0,0,0,0,,,0
bu_2025-11-15_quinnipiac,2025-26,2025-11-15,Quinnipiac,Boston U.,opponent,33,"Lacroix,Max",0,0,0,0,0,0,0,0,,,0
bu_2025-11-15_quinnipiac,2025-26,2025-11-15,Quinnipiac,Boston U.,opponent,34,"Eiserman,Cole",0,0,0,2,2,0,4,-2,,,0
bu_2025-11-15_quinnipiac,2025-26,2025-11-15,Quinnipiac,Boston U.,opponent,38,"Bednarik,Kamil",0,0,0,0,0,2,2,-2,8-17,,0
bu_2025-11-15_quinnipiac,2025-26,2025-11-15,Quinnipiac,Boston U.,opponent,40,"Yegorov,Mikhail",0,0,0,0,0,0,0,0,,,0
bu_2025-11-15_quinnipiac,2025-26,2025-11-15,Quinnipiac,Boston U.,opponent,44,"Hutson,Cole",0,1,1,0,1,0,1,-1,,,2
bu_2025-11-15_quinnipiac,2025-26,2025-11-15,Quinnipiac,Boston U.,opponent,57,"Vass,Malte",0,0,0,0,0,0,0,0,,,2
bu_2025-11-15_quinnipiac,2025-26,2025-11-15,Quinnipiac,Boston U.,opponent,78,"Boumedienne,Sascha",0,0,0,1,1,0,2,-1,,1-2,3
bu_2025-11-15_quinnipiac,2025-26,2025-11-15,Quinnipiac,Boston U.,opponent,91,"Trethewey,Charlie",0,1,1,0,0,0,0,1,,,0
bu_2025-11-15_quinnipiac,2025-26,2025-11-15,Quinnipiac,Quinnipiac,opponent,2,"Hockley,Drew",0,0,0,0,0,0,0,0,,,0
bu_2025-11-15_quinnipiac,2025-26,2025-11-15,Quinnipiac,Quinnipiac,opponent,3,"Gilson,William",0,2,2,2,1,0,3,1,,,1
bu_2025-11-15_quinnipiac,2025-26,2025-11-15,Quinnipiac,Quinnipiac,opponent,4,"McCutcheon,Logan",0,0,0,0,0,0,0,0,,,0
bu_2025-11-15_quinnipiac,2025-26,2025-11-15,Quinnipiac,Quinnipiac,opponent,5,"Schultz,Brady",0,0,0,0,0,0,0,0,,,0
bu_2025-11-15_quinnipiac,2025-26,2025-11-15,Quinnipiac,Quinnipiac,opponent,6,"Leddy,Charlie",0,0,0,1,1,0,2,2,,1-2,3
bu_2025-11-15_quinnipiac,2025-26,2025-11-15,Quinnipiac,Quinnipiac,opponent,7,"Groenewold,Elliott",0,0,0,1,0,0,1,1,,,0
bu_2025-11-15_quinnipiac,2025-26,2025-11-15,Quinnipiac,Quinnipiac,opponent,8,"McGroarty,Matthew",0,0,0,1,0,1,2,0,1-1,,0
bu_2025-11-15_quinnipiac,2025-26,2025-11-15,Quinnipiac,Quinnipiac,opponent,10,"Borgula,Tyler",0,0,0,1,1,0,2,-1,,,0
bu_2025-11-15_quinnipiac,2025-26,2025-11-15,Quinnipiac,Quinnipiac,opponent,11,"Schwartz,Aaron",0,0,0,3,1,0,4,-1,,1-2,0
bu_2025-11-15_quinnipiac,2025-26,2025-11-15,Quinnipiac,Quinnipiac,opponent,12,"Vidicek,Markus",1,0,1,1,1,1,3,1,7-11,,0
bu_2025-11-15_quinnipiac,2025-26,2025-11-15,Quinnipiac,Quinnipiac,opponent,14,"Czerneckianair,Victor",1,0,1,1,1,2,4,0,13-19,,0
bu_2025-11-15_quinnipiac,2025-26,2025-11-15,Quinnipiac,Quinnipiac,opponent,15,"Sward,Graham",0,0,0,1,0,0,1,1,,,2
bu_2025-11-15_quinnipiac,2025-26,2025-11-15,Quinnipiac,Quinnipiac,opponent,16,"Wilmer,Jeremy",0,2,2,1,0,0,1,1,,1-2,0
bu_2025-11-15_quinnipiac,2025-26,2025-11-15,Quinnipiac,Quinnipiac,opponent,17,"Riche,Ben",0,0,0,0,0,0,0,0,,,0
bu_2025-11-15_quinnipiac,2025-26,2025-11-15,Quinnipiac,Quinnipiac,opponent,18,"Cipollone,Anthony",0,0,0,0,0,0,0,-1,,,0
bu_2025-11-15_quinnipiac,2025-26,2025-11-15,Quinnipiac,Quinnipiac,opponent,19,"Wyttenbach,Ethan",1,1,2,0,1,0,1,1,,,0
bu_2025-11-15_quinnipiac,2025-26,2025-11-15,Quinnipiac,Quinnipiac,opponent,20,"Marcellus,Mason",1,2,3,2,1,1,4,2,,1-2,1
bu_2025-11-15_quinnipiac,2025-26,2025-11-15,Quinnipiac,Quinnipiac,opponent,22,"Blace,Braden",0,0,0,1,0,0,1,0,,,0
bu_2025-11-15_quinnipiac,2025-26,2025-11-15,Quinnipiac,Quinnipiac,opponent,23,"Verreault,Antonin",1,2,3,0,3,0,3,1,,,0
bu_2025-11-15_quinnipiac,2025-26,2025-11-15,Quinnipiac,Quinnipiac,opponent,24,"Power,Alex",0,0,0,0,0,0,0,0,,,0
bu_2025-11-15_quinnipiac,2025-26,2025-11-15,Quinnipiac,Quinnipiac,opponent,25,"Tivey,Nate",1,0,1,1,0,0,1,0,,1-2,0
bu_2025-11-15_quinnipiac,2025-26,2025-11-15,Quinnipiac,Quinnipiac,opponent,26,"Lansing,Matthew",0,0,0,4,1,1,6,1,6-11,,1
bu_2025-11-15_quinnipiac,2025-26,2025-11-15,Quinnipiac,Quinnipiac,opponent,27,"Cerbone,Andon",0,0,0,2,2,1,5,-1,6-7,1-2,0
bu_2025-11-15_quinnipiac,2025-26,2025-11-15,Quinnipiac,Quinnipiac,opponent,28,"Pelosi,Chris",0,2,2,2,3,0,5,1,3-7,,0
bu_2025-11-15_quinnipiac,2025-26,2025-11-15,Quinnipiac,Quinnipiac,opponent,29,"Silverstein,Dylan",0,0,0,0,0,0,0,0,,,0
bu_2025-11-15_quinnipiac,2025-26,2025-11-15,Quinnipiac,Quinnipiac,opponent,31,"Scopa,Samuel",0,0,0,0,0,0,0,0,,,0
bu_2025-11-15_quinnipiac,2025-26,2025-11-15,Quinnipiac,Quinnipiac,opponent,33,"Marinov,Matej",0,0,0,0,0,0,0,0,,,0
bu_2025-11-21_northeastern,2025-26,2025-11-21,Northeastern,Boston U.,opponent,1,"Luciano,Steven",0,0,0,0,0,0,0,0,,,0
bu_2025-11-21_northeastern,2025-26,2025-11-21,Northeastern,Boston U.,opponent,2,"McCarthy,Gavin",0,0,0,0,1,2,3,1,,1-2,2
bu_2025-11-21_northeastern,2025-26,2025-11-21,Northeastern,Boston U.,opponent,7,"Roukounakis,Nick",1,0,1,1,1,0,2,0,1-2,1-2,0
bu_2025-11-21_northeastern,2025-26,2025-11-21,Northeastern,Boston U.,opponent,8,"Svoboda,Brandon",0,0,0,0,1,1,2,-2,5-11,,0
bu_2025-11-21_northeastern,2025-26,2025-11-21,Northeastern,Boston U.,opponent,9,"Boisvert,Sacha",0,0,0,0,0,0,0,0,,,0
bu_2025-11-21_northeastern,2025-26,2025-11-21,Northeastern,Boston U.,opponent,10,"Morello,Jonathan",0,0,0,1,0,1,2,1,8-15,,1
bu_2025-11-21_northeastern,2025-26,2025-11-21,Northeastern,Boston U.,opponent,12,"Harvey,Jack",0,1,1,1,0,0,1,0,,,0
bu_2025-11-21_northeastern,2025-26,2025-11-21,Northeastern,Boston U.,opponent,14,"Frechette,Mick",0,1,1,0,0,0,0,0,,,0
bu_2025-11-21_northeastern,2025-26,2025-11-21,Northeastern,Boston U.,opponent,15,"Amico,Carter",0,0,0,1,0,0,1,-1,,,0
bu_2025-11-21_northeastern,2025-26,2025-11-21,Northeastern,Boston U.,opponent,16,"Fondrk,Conrad",0,0,0,0,0,0,0,0,,,0
bu_2025-11-21_northeastern,2025-26,2025-11-21,Northeastern,Boston U.,opponent,18,"Feldberg,Jay",0,0,0,0,0,0,0,0,,,0
bu_2025-11-21_northeastern,2025-26,2025-11-21,Northeastern,Boston U.,opponent,19,"Murtagh,Jack",0,0,0,0,0,0,0,0,,,0
bu_2025-11-21_northeastern,2025-26,2025-11-21,Northeastern,Boston U.,opponent,21,"Ritchie,Ryder",0,1,1,0,4,0,4,0,,1-2,0
bu_2025-11-21_northeastern,2025-26,2025-11-21,Northeastern,Boston U.,opponent,22,"Celebrini,Aiden",0,0,0,1,0,0,1,0,,,6
bu_2025-11-21_northeastern,2025-26,2025-11-21,Northeastern,Boston U.,opponent,23,"McLaughlin,Owen",0,1,1,0,1,0,1,0,5-6,,1
bu_2025-11-21_northeastern,2025-26,2025-11-21,Northeastern,Boston U.,opponent,25,"Merrill,Ben",0,0,0,1,0,0,1,-1,,,0
bu_2025-11-21_northeastern,2025-26,2025-11-21,Northeastern,Boston U.,opponent,26,"McNelis,John",1,0,1,2,2,0,5,0,,,0
bu_2025-11-21_northeastern,2025-26,2025-11-21,Northeastern,Boston U.,opponent,27,"Kim,Kyle",0,0,0,0,0,0,0,0,,,0
bu_2025-11-21_northeastern,2025-26,2025-11-21,Northeastern,Boston U.,opponent,30,"Perry,Jack",0,0,0,0,0,0,0,0,,,0
bu_2025-11-21_northeastern,2025-26,2025-11-21,Northeastern,Boston U.,opponent,33,"Lacroix,Max",0,0,0,0,0,0,0,0,,,0
bu_2025-11-21_northeastern,2025-26,2025-11-21,Northeastern,Boston U.,opponent,34,"Eiserman,Cole",0,0,0,0,1,1,2,-1,,,0
bu_2025-11-21_northeastern,2025-26,2025-11-21,Northeastern,Boston U.,opponent,38,"Bednarik,Kamil",0,0,0,0,1,0,1,0,4-15,,0
bu_2025-11-21_northeastern,2025-26,2025-11-21,Northeastern,Boston U.,opponent,40,"Yegorov,Mikhail",0,0,0,0,0,0,0,0,,,0
bu_2025-11-21_northeastern,2025-26,2025-11-21,Northeastern,Boston U.,opponent,44,"Hutson,Cole",0,0,0,1,2,3,6,-1,,1-2,3
bu_2025-11-21_northeastern,2025-26,2025-11-21,Northeastern,Boston U.,opponent,57,"Vass,Malte",0,0,0,0,0,0,0,0,,,0
bu_2025-11-21_northeastern,2025-26,2025-11-21,Northeastern,Boston U.,opponent,78,"Boumedienne,Sascha",0,0,0,0,2,0,2,-1,,2-4,0
bu_2025-11-21_northeastern,2025-26,2025-11-21,Northeastern,Boston U.,opponent,91,"Trethewey,Charlie",0,0,0,0,0,0,0,0,,,0
bu_2025-11-21_northeastern,2025-26,2025-11-21,Northeastern,Northeastern,opponent,1,"Sigurdson,Quentin",0,0,0,0,0,0,0,0,,,0
bu_2025-11-21_northeastern,2025-26,2025-11-21,Northeastern,Northeastern,opponent,2,"Lemay,Joaquim",0,0,0,0,0,0,0,0,,,0
bu_2025-11-21_northeastern,2025-26,2025-11-21,Northeastern,Northeastern,opponent,4,"Compton,Dylan",0,0,0,0,0,0,0,0,,,3
bu_2025-11-21_northeastern,2025-26,2025-11-21,Northeastern,Northeastern,opponent,5,"Henry,Jack",0,0,0,0,0,1,1,0,,,1
bu_2025-11-21_northeastern,2025-26,2025-11-21,Northeastern,Northeastern,opponent,6,"Badger,Grayson",0,0,0,0,0,0,0,0,,,0
bu_2025-11-21_northeastern,2025-26,2025-11-21,Northeastern,Northeastern,opponent,7,"Moore,Andy",1,0,1,2,0,0,2,1,,1-2,0
bu_2025-11-21_northeastern,2025-26,2025-11-21,Northeastern,Northeastern,opponent,8,"Fisher,James",0,0,0,0,0,0,0,1,,,0
bu_2025-11-21_northeastern,2025-26,2025-11-21,Northeastern,Northeastern,opponent,9,"Jones,Noah",0,0,0,0,0,0,0,-1,,,0
bu_2025-11-21_northeastern,2025-26,2025-11-21,Northeastern,Northeastern,opponent,10,"Fredericks,Ethan",0,0,0,0,0,0,0,0,,,0
bu_2025-11-21_northeastern,2025-26,2025-11-21,Northeastern,Northeastern,opponent,11,"Sebastian,Eli",0,1,1,0,1,0,1,0,9-14,,0
bu_2025-11-21_northeastern,2025-26,2025-11-21,Northeastern,Northeastern,opponent,13,"Hryckowian,Dylan",0,0,0,2,3,0,5,-1,,1-2,1
bu_2025-11-21_northeastern,2025-26,2025-11-21,Northeastern,Northeastern,opponent,14,"Connor,Joe",1,0,1,1,1,2,4,1,,,0
bu_2025-11-21_northeastern,2025-26,2025-11-21,Northeastern,Northeastern,opponent,15,"Martino,Giacomo",0,1,1,0,0,0,0,0,,1-2,2
bu_2025-11-21_northeastern,2025-26,2025-11-21,Northeastern,Northeastern,opponent,17,"Erdman,Griffin",0,1,1,0,0,0,0,1,,1-2,0
bu_2025-11-21_northeastern,2025-26,2025-11-21,Northeastern,Northeastern,opponent,19,"Lund,Marc",0,0,0,0,0,0,0,0,,,0
bu_2025-11-21_northeastern,2025-26,2025-11-21,Northeastern,Northeastern,opponent,21,"Pechar,Jack",0,0,0,0,0,0,0,1,,,0
bu_2025-11-21_northeastern,2025-26,2025-11-21,Northeastern,Northeastern,opponent,22,"Borgesi,Vinny",0,0,0,2,1,0,3,0,,,1
bu_2025-11-21_northeastern,2025-26,2025-11-21,Northeastern,Northeastern,opponent,24,"May,Austen",1,0,1,0,1,0,1,3,,,0
bu_2025-11-21_northeastern,2025-26,2025-11-21,Northeastern,Northeastern,opponent,26,"Finlay,Dylan",0,2,2,0,0,0,0,0,,1-2,2
bu_2025-11-21_northeastern,2025-26,2025-11-21,Northeastern,Northeastern,opponent,33,"Hajibi,Amine",0,1,1,2,1,0,3,-1,1-1,2-4,0
bu_2025-11-21_northeastern,2025-26,2025-11-21,Northeastern,Northeastern,opponent,35,"DellaRusso,Matt",0,0,0,0,0,0,0,0,,,0
bu_2025-11-21_northeastern,2025-26,2025-11-21,Northeastern,Northeastern,opponent,47,"Zacher,Lawton",0,0,0,0,0,0,0,0,,,0
bu_2025-11-21_northeastern,2025-26,2025-11-21,Northeastern,Northeastern,opponent,51,"Perkins,Matthew",0,0,0,0,0,0,0,0,,,0
bu_2025-11-21_northeastern,2025-26,2025-11-21,Northeastern,Northeastern,opponent,81,"Mathieu,Jacob",0,0,0,2,1,0,3,-1,10-16,1-2,0
bu_2025-11-21_northeastern,2025-26,2025-11-21,Northeastern,Northeastern,opponent,91,"Fukakusa,Tyler",0,0,0,1,1,0,2,1,6-16,,1
bu_2025-11-21_northeastern,2025-26,2025-11-21,Northeastern,Northeastern,opponent,92,"Maltais,Matthew",0,0,0,0,0,0,0,0,,,0
bu_2025-11-21_northeastern,2025-26,2025-11-21,Northeastern,Northeastern,opponent,93,"Messuri,Anthony",0,0,0,0,0,0,0,0,,,0
bu_2025-11-29_cornell,2025-26,2025-11-29,Cornell,Boston U.,opponent,1,"Luciano,Steven",0,0,0,0,0,0,0,0,,,0
bu_2025-11-29_cornell,2025-26,2025-11-29,Cornell,Boston U.,opponent,2,"McCarthy,Gavin",0,1,1,1,0,0,1,-1,,1-2,1
bu_2025-11-29_cornell,2025-26,2025-11-29,Cornell,Boston U.,opponent,7,"Roukounakis,Nick",0,0,0,1,0,0,1,0,,,0
bu_2025-11-29_cornell,2025-26,2025-11-29,Cornell,Boston U.,opponent,8,"Svoboda,Brandon",0,0,0,0,0,0,0,1,5-17,,0
bu_2025-11-29_cornell,2025-26,2025-11-29,Cornell,Boston U.,opponent,9,"Boisvert,Sacha",0,0,0,0,0,0,0,0,,,0
bu_2025-11-29_cornell,2025-26,2025-11-29,Cornell,Boston U.,opponent,10,"Morello,Jonathan",0,0,0,0,0,0,0,0,8-16,2-4,0
bu_2025-11-29_cornell,2025-26,2025-11-29,Cornell,Boston U.,opponent,12,"Harvey,Jack",0,0,0,0,0,1,1,-1,,,0
bu_2025-11-29_cornell,2025-26,2025-11-29,Cornell,Boston U.,opponent,14,"Frechette,Mick",0,0,0,0,0,0,0,0,,,0
bu_2025-11-29_cornell,2025-26,2025-11-29,Cornell,Boston U.,opponent,15,"Amico,Carter",0,0,0,0,0,0,0,0,,,0
bu_2025-11-29_cornell,2025-26,2025-11-29,Cornell,Boston U.,opponent,16,"Fondrk,Conrad",0,0,0,0,0,0,0,0,,,0
bu_2025-11-29_cornell,2025-26,2025-11-29,Cornell,Boston U.,opponent,18,"Feldberg,Jay",0,0,0,0,0,0,0,0,,,0
bu_2025-11-29_cornell,2025-26,2025-11-29,Cornell,Boston U.,opponent,19,"Murtagh,Jack",0,0,0,0,0,0,0,-1,,,0
bu_2025-11-29_cornell,2025-26,2025-11-29,Cornell,Boston U.,opponent,21,"Ritchie,Ryder",0,0,0,0,0,0,0,1,,,0
bu_2025-11-29_cornell,2025-26,2025-11-29,Cornell,Boston U.,opponent,22,"Celebrini,Aiden",0,0,0,0,0,0,0,0,,,1
bu_2025-11-29_cornell,2025-26,2025-11-29,Cornell,Boston U.,opponent,23,"McLaughlin,Owen",0,0,0,0,0,0,0,0,2-4,,0
bu_2025-11-29_cornell,2025-26,2025-11-29,Cornell,Boston U.,opponent,25,"Merrill,Ben",0,0,0,0,0,0,0,0,,,0
bu_2025-11-29_cornell,2025-26,2025-11-29,Cornell,Boston U.,opponent,26,"McNelis,John",0,0,0,0,0,0,0,0,,1-2,0
bu_2025-11-29_cornell,2025-26,2025-11-29,Cornell,Boston U.,opponent,27,"Kim,Kyle",0,0,0,0,0,0,0,0,,,0
bu_2025-11-29_cornell,2025-26,2025-11-29,Cornell,Boston U.,opponent,30,"Perry,Jack",0,0,0,0,0,0,0,0,,,0
bu_2025-11-29_cornell,2025-26,2025-11-29,Cornell,Boston U.,opponent,33,"Lacroix,Max",0,0,0,0,0,0,0,0,,,0
bu_2025-11-29_cornell,2025-26,2025-11-29,Cornell,Boston U.,opponent,34,"Eiserman,Cole",1,1,2,1,1,2,4,1,,,1
bu_2025-11-29_cornell,2025-26,2025-11-29,Cornell,Boston U.,opponent,38,"Bednarik,Kamil",1,0,1,1,0,0,1,-1,13-22,,0
bu_2025-11-29_cornell,2025-26,2025-11-29,Cornell,Boston U.,opponent,40,"Yegorov,Mikhail",0,0,0,0,0,0,0,0,,,0
bu_2025-11-29_cornell,2025-26,2025-11-29,Cornell,Boston U.,opponent,44,"Hutson,Cole",0,0,0,1,2,2,5,-1,,1-2,1
bu_2025-11-29_cornell,2025-26,2025-11-29,Cornell,Boston U.,opponent,57,"Vass,Malte",0,0,0,0,0,0,0,0,,,0
bu_2025-11-29_cornell,2025-26,2025-11-29,Cornell,Boston U.,opponent,78,"Boumedienne,Sascha",0,0,0,0,2,0,2,1,,,1
bu_2025-11-29_cornell,2025-26,2025-11-29,Cornell,Boston U.,opponent,91,"Trethewey,Charlie",0,1,1,1,1,0,2,1,,,2
bu_2025-11-29_cornell,2025-26,2025-11-29,Cornell,Cornell,opponent,2,"Gorski,Hudson",0,0,0,0,0,0,0,0,,,0
bu_2025-11-29_cornell,2025-26,2025-11-29,Cornell,Cornell,opponent,3,"O'Brien,Jack",0,0,0,1,0,0,1,1,,,1
bu_2025-11-29_cornell,2025-26,2025-11-29,Cornell,Cornell,opponent,4,"Veilleux,Xavier",0,0,0,0,2,1,3,-1,,,1
bu_2025-11-29_cornell,2025-26,2025-11-29,Cornell,Cornell,opponent,5,"Stanley,Hoyt",0,0,0,1,1,1,3,-1,,,0
bu_2025-11-29_cornell,2025-26,2025-11-29,Cornell,Cornell,opponent,6,"Fegaras,George",0,0,0,1,1,2,4,0,,1-2,3
bu_2025-11-29_cornell,2025-26,2025-11-29,Cornell,Cornell,opponent,7,"McCrady,Luke",0,0,0,0,0,0,0,0,,,0
bu_2025-11-29_cornell,2025-26,2025-11-29,Cornell,Cornell,opponent,8,"Devlin,Luke",0,0,0,2,0,0,2,0,,,0
bu_2025-11-29_cornell,2025-26,2025-11-29,Cornell,Cornell,opponent,9,"Major,Charlie",0,1,1,2,2,1,5,1,,1-2,1
bu_2025-11-29_cornell,2025-26,2025-11-29,Cornell,Cornell,opponent,10,"Kraft,Jake",0,0,0,0,1,0,1,0,,,0
bu_2025-11-29_cornell,2025-26,2025-11-29,Cornell,Cornell,opponent,11,"Donaldson,Sean",0,0,0,0,0,0,0,0,,,0
bu_2025-11-29_cornell,2025-26,2025-11-29,Cornell,Cornell,opponent,12,"Ryan,Caton",0,0,0,0,1,0,1,-1,,,0
bu_2025-11-29_cornell,2025-26,2025-11-29,Cornell,Cornell,opponent,13,"Mosko,Marian",0,0,0,0,0,0,0,0,,,0
bu_2025-11-29_cornell,2025-26,2025-11-29,Cornell,Cornell,opponent,14,"Walsh,Ryan",0,1,1,0,1,0,1,1,11-21,,1
bu_2025-11-29_cornell,2025-26,2025-11-29,Cornell,Cornell,opponent,15,"Catalano,Tyler",0,0,0,0,0,0,0,0,3-5,,0
bu_2025-11-29_cornell,2025-26,2025-11-29,Cornell,Cornell,opponent,16,"Fisher,Michael",0,0,0,0,0,0,0,1,,1-2,0
bu_2025-11-29_cornell,2025-26,2025-11-29,Cornell,Cornell,opponent,17,"Long,Aiden",0,0,0,1,1,1,3,0,,1-2,0
bu_2025-11-29_cornell,2025-26,2025-11-29,Cornell,Cornell,opponent,18,"DiGiulian,Gio",0,0,0,1,0,0,1,-1,4-9,,0
bu_2025-11-29_cornell,2025-26,2025-11-29,Cornell,Cornell,opponent,19,"Arseneault,Connor",0,0,0,0,0,0,0,0,,,0
bu_2025-11-29_cornell,2025-26,2025-11-29,Cornell,Cornell,opponent,21,"Hiscock,Reegan",1,0,1,1,1,0,2,0,,,0
bu_2025-11-29_cornell,2025-26,2025-11-29,Cornell,Cornell,opponent,22,"Pirtle,Chase",0,0,0,0,0,0,0,0,,,0
bu_2025-11-29_cornell,2025-26,2025-11-29,Cornell,Cornell,opponent,23,"Wallace,Winter",0,0,0,0,0,0,0,0,,,0
bu_2025-11-29_cornell,2025-26,2025-11-29,Cornell,Cornell,opponent,24,"Wolfenberg,Nicholas",0,0,0,0,0,0,0,0,,,0
bu_2025-11-29_cornell,2025-26,2025-11-29,Cornell,Cornell,opponent,26,"Hamilton,Donovan",0,0,0,0,0,0,0,0,,,0
bu_2025-11-29_cornell,2025-26,2025-11-29,Cornell,Cornell,opponent,27,"Ashton,Luke",0,0,0,0,1,0,1,0,,,2
bu_2025-11-29_cornell,2025-26,2025-11-29,Cornell,Cornell,opponent,28,"DeSantis,Nick",0,0,0,0,0,0,0,0,,,0
bu_2025-11-29_cornell,2025-26,2025-11-29,Cornell,Cornell,opponent,29,"Murray,Parker",0,0,0,0,0,0,0,0,,,0
bu_2025-11-29_cornell,2025-26,2025-11-29,Cornell,Cornell,opponent,30,"Cournoyer,Alexis",0,0,0,0,0,0,0,0,,,0
bu_2025-11-29_cornell,2025-26,2025-11-29,Cornell,Cornell,opponent,33,"Keopple,Remington",0,0,0,0,0,0,0,0,,,0
bu_2025-11-29_cornell,2025-26,2025-11-29,Cornell,Cornell,opponent,37,"Katz,Justin",0,0,0,0,0,0,0,0,,,0
bu_2025-11-29_cornell,2025-26,2025-11-29,Cornell,Cornell,opponent,38,"Castagna,Jonathan",0,0,0,1,0,0,1,0,17-27,,1
bu_2025-11-29_cornell,2025-26,2025-11-29,Cornell,Cornell,opponent,40,"Roest,Erick",0,0,0,0,0,0,0,0,,,0
bu_2025-12-05_vermont,2025-26,2025-12-05,Vermont,Vermont,opponent,2,"Herrington,Caeden",0,1,1,1,0,0,1,-1,,,0
bu_2025-12-05_vermont,2025-26,2025-12-05,Vermont,Vermont,opponent,4,"Törnqvist,Philip",0,0,0,0,0,0,0,0,,,1
bu_2025-12-05_vermont,2025-26,2025-12-05,Vermont,Vermont,opponent,5,"Forgione,Peter",0,0,0,0,0,0,0,0,,,0
bu_2025-12-05_vermont,2025-26,2025-12-05,Vermont,Vermont,opponent,6,"Kinsman,Charlie",0,0,0,0,0,0,0,0,,,0
bu_2025-12-05_vermont,2025-26,2025-12-05,Vermont,Vermont,opponent,7,"Wismer,Jax",0,0,0,0,2,1,3,-1,,,0
bu_2025-12-05_vermont,2025-26,2025-12-05,Vermont,Vermont,opponent,9,"La Starza,Michael",0,0,0,0,0,0,0,0,,,0
bu_2025-12-05_vermont,2025-26,2025-12-05,Vermont,Vermont,opponent,10,"Strand,Max",0,0,0,0,0,0,0,-1,2-2,,1
bu_2025-12-05_vermont,2025-26,2025-12-05,Vermont,Vermont,opponent,11,"Filak,Zachary",0,0,0,0,0,0,0,0,,,0
bu_2025-12-05_vermont,2025-26,2025-12-05,Vermont,Vermont,opponent,12,"Aegerter,Jonah",1,0,1,0,1,1,2,1,5-11,,0
bu_2025-12-05_vermont,2025-26,2025-12-05,Vermont,Vermont,opponent,13,"Steenerson,Blake",0,0,0,0,1,0,1,-1,,,0
bu_2025-12-05_vermont,2025-26,2025-12-05,Vermont,Vermont,opponent,14,"Good,Dawson",0,0,0,0,0,0,0,-1,,,1
bu_2025-12-05_vermont,2025-26,2025-12-05,Vermont,Vermont,opponent,16,"Dysart,Tyler",0,0,0,0,0,0,0,0,,,0
bu_2025-12-05_vermont,2025-26,2025-12-05,Vermont,Vermont,opponent,17,"Kessler,Colin",0,1,1,0,3,0,3,1,,1-2,0
bu_2025-12-05_vermont,2025-26,2025-12-05,Vermont,Vermont,opponent,18,"Lombardi,Massimo",0,0,0,0,2,0,2,-1,5-11,2-4,0
bu_2025-12-05_vermont,2025-26,2025-12-05,Vermont,Vermont,opponent,19,"Guindon,Cedrick",0,0,0,2,0,2,4,-1,6-15,,0
bu_2025-12-05_vermont,2025-26,2025-12-05,Vermont,Vermont,opponent,20,"Henry,Xavier",0,0,0,0,0,0,0,0,,,0
bu_2025-12-05_vermont,2025-26,2025-12-05,Vermont,Vermont,opponent,21,"Sambuco,Daniel",0,0,0,0,1,1,2,0,,,0
bu_2025-12-05_vermont,2025-26,2025-12-05,Vermont,Vermont,opponent,22,"Burroughs,Ethan",0,0,0,0,0,0,0,0,,,0
bu_2025-12-05_vermont,2025-26,2025-12-05,Vermont,Vermont,opponent,23,"Gratton,Dylan",0,0,0,0,1,0,1,0,,,0
bu_2025-12-05_vermont,2025-26,2025-12-05,Vermont,Vermont,opponent,25,"Malinski,Jack",0,0,0,0,0,0,0,0,,,0
bu_2025-12-05_vermont,2025-26,2025-12-05,Vermont,Vermont,opponent,26,"Sinclair,Thomas",0,0,0,0,0,0,0,0,9-20,,0
bu_2025-12-05_vermont,2025-26,2025-12-05,Vermont,Vermont,opponent,27,"Ramsay,Duncan",0,0,0,0,2,0,2,0,,,2
bu_2025-12-05_vermont,2025-26,2025-12-05,Vermont,Vermont,opponent,28,"Michels,Matteo",0,0,0,0,3,0,3,0,,,0
bu_2025-12-05_vermont,2025-26,2025-12-05,Vermont,Vermont,opponent,29,"Richards,Jens",0,0,0,0,0,0,0,0,,,0
bu_2025-12-05_vermont,2025-26,2025-12-05,Vermont,Vermont,opponent,30,"Brown,Cameron",0,0,0,0,0,0,0,0,,,0
bu_2025-12-05_vermont,2025-26,2025-12-05,Vermont,Vermont,opponent,34,"Wright,Aiden",0,0,0,0,0,0,0,0,,,0
bu_2025-12-05_vermont,2025-26,2025-12-05,Vermont,Vermont,opponent,37,"Sacco,David",0,0,0,0,1,0,1,0,,,0
bu_2025-12-05_vermont,2025-26,2025-12-05,Vermont,Vermont,opponent,38,"Törnqvist,Sebastian",0,0,0,1,0,0,1,0,,,1
bu_2025-12-05_vermont,2025-26,2025-12-05,Vermont,Vermont,opponent,39,"Oster,Jacob",0,0,0,0,0,0,0,0,,,0
bu_2025-12-05_vermont,2025-26,2025-12-05,Vermont,Vermont,opponent,50,"Mangbo,Axel",0,0,0,0,0,0,0,0,,,0
bu_2025-12-05_vermont,2025-26,2025-12-05,Vermont,Boston University,bu,1,"Luciano,Steven",0,0,0,0,0,0,0,0,,,0
bu_2025-12-05_vermont,2025-26,2025-12-05,Vermont,Boston University,bu,2,"McCarthy,Gavin",0,0,0,1,0,1,2,0,,,3
bu_2025-12-05_vermont,2025-26,2025-12-05,Vermont,Boston University,bu,7,"Roukounakis,Nick",0,0,0,0,2,1,3,0,2-2,,1
bu_2025-12-05_vermont,2025-26,2025-12-05,Vermont,Boston University,bu,8,"Svoboda,Brandon",0,0,0,1,0,1,2,1,5-11,,0
bu_2025-12-05_vermont,2025-26,2025-12-05,Vermont,Boston University,bu,9,"Boisvert,Sacha",0,1,1,2,1,1,4,1,4-14,,3
bu_2025-12-05_vermont,2025-26,2025-12-05,Vermont,Boston University,bu,10,"Morello,Jonathan",0,0,0,0,0,0,0,0,10-17,,2
bu_2025-12-05_vermont,2025-26,2025-12-05,Vermont,Boston University,bu,12,"Harvey,Jack",0,2,2,1,0,0,1,1,,,1
bu_2025-12-05_vermont,2025-26,2025-12-05,Vermont,Boston University,bu,14,"Frechette,Mick",0,0,0,0,0,0,0,0,,,1
bu_2025-12-05_vermont,2025-26,2025-12-05,Vermont,Boston University,bu,15,"Amico,Carter",0,0,0,0,0,0,0,0,,,1
bu_2025-12-05_vermont,2025-26,2025-12-05,Vermont,Boston University,bu,16,"Fondrk,Conrad",0,0,0,0,0,0,0,0,,,0
bu_2025-12-05_vermont,2025-26,2025-12-05,Vermont,Boston University,bu,18,"Feldberg,Jay",0,0,0,0,0,0,0,0,,,0
bu_2025-12-05_vermont,2025-26,2025-12-05,Vermont,Boston University,bu,19,"Murtagh,Jack",0,0,0,0,1,0,1,0,,,0
bu_2025-12-05_vermont,2025-26,2025-12-05,Vermont,Boston University,bu,21,"Ritchie,Ryder",0,0,0,0,0,0,0,0,2-2,,0
bu_2025-12-05_vermont,2025-26,2025-12-05,Vermont,Boston University,bu,22,"Celebrini,Aiden",0,0,0,0,0,2,2,0,,,1
bu_2025-12-05_vermont,2025-26,2025-12-05,Vermont,Boston University,bu,23,"McLaughlin,Owen",0,0,0,0,0,0,0,0,,,0
bu_2025-12-05_vermont,2025-26,2025-12-05,Vermont,Boston University,bu,25,"Merrill,Ben",0,0,0,0,0,0,0,0,,,0
bu_2025-12-05_vermont,2025-26,2025-12-05,Vermont,Boston University,bu,26,"McNelis,John",0,0,0,0,0,0,0,0,,,0
bu_2025-12-05_vermont,2025-26,2025-12-05,Vermont,Boston University,bu,27,"Kim,Kyle",0,0,0,0,0,0,0,0,,,0
bu_2025-12-05_vermont,2025-26,2025-12-05,Vermont,Boston University,bu,30,"Perry,Jack",0,0,0,0,0,0,0,0,,,0
bu_2025-12-05_vermont,2025-26,2025-12-05,Vermont,Boston University,bu,33,"Lacroix,Max",0,0,0,0,0,0,0,0,,,0
bu_2025-12-05_vermont,2025-26,2025-12-05,Vermont,Boston University,bu,34,"Eiserman,Cole",0,0,0,3,0,0,3,0,,,0
bu_2025-12-05_vermont,2025-26,2025-12-05,Vermont,Boston University,bu,38,"Bednarik,Kamil",1,0,1,1,0,0,1,0,10-14,2-4,0
bu_2025-12-05_vermont,2025-26,2025-12-05,Vermont,Boston University,bu,40,"Yegorov,Mikhail",0,0,0,0,0,0,0,0,,,0
bu_2025-12-05_vermont,2025-26,2025-12-05,Vermont,Boston University,bu,44,"Hutson,Cole",0,1,1,3,1,1,5,0,,,1
bu_2025-12-05_vermont,2025-26,2025-12-05,Vermont,Boston University,bu,57,"Vass,Malte",0,0,0,0,0,0,0,0,,,0
bu_2025-12-05_vermont,2025-26,2025-12-05,Vermont,Boston University,bu,78,"Boumedienne,Sascha",0,0,0,1,1,0,2,1,,,1
bu_2025-12-05_vermont,2025-26,2025-12-05,Vermont,Boston University,bu,91,"Trethewey,Charlie",1,0,1,0,1,1,2,1,,,1
bu_2025-12-06_vermont,2025-26,2025-12-06,Vermont,Vermont,opponent,2,"Herrington,Caeden",0,0,0,0,1,0,1,0,,,1
bu_2025-12-06_vermont,2025-26,2025-12-06,Vermont,Vermont,opponent,4,"Törnqvist,Philip",0,1,1,0,0,1,1,0,,,3
bu_2025-12-06_vermont,2025-26,2025-12-06,Vermont,Vermont,opponent,5,"Forgione,Peter",0,0,0,0,0,0,0,0,,,0
bu_2025-12-06_vermont,2025-26,2025-12-06,Vermont,Vermont,opponent,6,"Kinsman,Charlie",0,0,0,0,0,0,0,0,,,0
bu_2025-12-06_vermont,2025-26,2025-12-06,Vermont,Vermont,opponent,7,"Wismer,Jax",1,0,1,2,0,0,2,1,,,1
bu_2025-12-06_vermont,2025-26,2025-12-06,Vermont,Vermont,opponent,9,"La Starza,Michael",0,0,0,0,0,0,0,0,,,0
bu_2025-12-06_vermont,2025-26,2025-12-06,Vermont,Vermont,opponent,10,"Strand,Max",0,0,0,1,1,0,2,0,2-2,,1
bu_2025-12-06_vermont,2025-26,2025-12-06,Vermont,Vermont,opponent,11,"Filak,Zachary",0,0,0,0,0,0,0,0,,,0
bu_2025-12-06_vermont,2025-26,2025-12-06,Vermont,Vermont,opponent,12,"Aegerter,Jonah",0,0,0,0,0,1,1,0,4-9,,0
bu_2025-12-06_vermont,2025-26,2025-12-06,Vermont,Vermont,opponent,13,"Steenerson,Blake",0,1,1,0,1,0,1,1,,,1
bu_2025-12-06_vermont,2025-26,2025-12-06,Vermont,Vermont,opponent,14,"Good,Dawson",0,0,0,0,0,0,0,0,,,1
bu_2025-12-06_vermont,2025-26,2025-12-06,Vermont,Vermont,opponent,16,"Dysart,Tyler",0,0,0,0,0,0,0,0,,,0
bu_2025-12-06_vermont,2025-26,2025-12-06,Vermont,Vermont,opponent,17,"Kessler,Colin",0,0,0,0,0,0,0,0,,,0
bu_2025-12-06_vermont,2025-26,2025-12-06,Vermont,Vermont,opponent,18,"Lombardi,Massimo",1,0,1,0,1,1,2,0,3-11,,4
bu_2025-12-06_vermont,2025-26,2025-12-06,Vermont,Vermont,opponent,19,"Guindon,Cedrick",0,0,0,0,4,0,4,0,11-16,,1
bu_2025-12-06_vermont,2025-26,2025-12-06,Vermont,Vermont,opponent,20,"Henry,Xavier",0,0,0,0,0,0,0,0,,,0
bu_2025-12-06_vermont,2025-26,2025-12-06,Vermont,Vermont,opponent,21,"Sambuco,Daniel",0,0,0,0,0,1,1,0,,,2
bu_2025-12-06_vermont,2025-26,2025-12-06,Vermont,Vermont,opponent,22,"Burroughs,Ethan",0,0,0,0,0,0,0,0,,,0
bu_2025-12-06_vermont,2025-26,2025-12-06,Vermont,Vermont,opponent,23,"Gratton,Dylan",0,0,0,0,0,1,1,-1,,,3
bu_2025-12-06_vermont,2025-26,2025-12-06,Vermont,Vermont,opponent,25,"Malinski,Jack",0,0,0,0,0,0,0,0,,,0
bu_2025-12-06_vermont,2025-26,2025-12-06,Vermont,Vermont,opponent,26,"Sinclair,Thomas",1,0,1,0,0,2,2,1,10-19,,0
bu_2025-12-06_vermont,2025-26,2025-12-06,Vermont,Vermont,opponent,27,"Ramsay,Duncan",0,0,0,0,0,0,0,1,,,2
bu_2025-12-06_vermont,2025-26,2025-12-06,Vermont,Vermont,opponent,28,"Michels,Matteo",0,0,0,0,0,1,1,0,,,0
bu_2025-12-06_vermont,2025-26,2025-12-06,Vermont,Vermont,opponent,29,"Richards,Jens",0,2,2,1,0,0,1,1,,,0
bu_2025-12-06_vermont,2025-26,2025-12-06,Vermont,Vermont,opponent,30,"Brown,Cameron",0,0,0,0,0,0,0,0,,,0
bu_2025-12-06_vermont,2025-26,2025-12-06,Vermont,Vermont,opponent,34,"Wright,Aiden",0,0,0,0,0,0,0,0,,,0
bu_2025-12-06_vermont,2025-26,2025-12-06,Vermont,Vermont,opponent,37,"Sacco,David",0,1,1,0,0,0,0,0,,,0
bu_2025-12-06_vermont,2025-26,2025-12-06,Vermont,Vermont,opponent,38,"Törnqvist,Sebastian",0,1,1,0,0,0,0,1,,,2
bu_2025-12-06_vermont,2025-26,2025-12-06,Vermont,Vermont,opponent,39,"Oster,Jacob",0,0,0,0,0,0,0,0,,,0
bu_2025-12-06_vermont,2025-26,2025-12-06,Vermont,Vermont,opponent,50,"Mangbo,Axel",0,0,0,0,0,0,0,0,,,0
bu_2025-12-06_vermont,2025-26,2025-12-06,Vermont,Boston University,bu,1,"Luciano,Steven",0,0,0,0,0,0,0,0,,,0
bu_2025-12-06_vermont,2025-26,2025-12-06,Vermont,Boston University,bu,2,"McCarthy,Gavin",0,2,2,1,0,1,2,0,,,1
bu_2025-12-06_vermont,2025-26,2025-12-06,Vermont,Boston University,bu,7,"Roukounakis,Nick",1,0,1,0,1,2,3,1,,,2
bu_2025-12-06_vermont,2025-26,2025-12-06,Vermont,Boston University,bu,8,"Svoboda,Brandon",0,0,0,1,1,0,2,1,11-20,,0
bu_2025-12-06_vermont,2025-26,2025-12-06,Vermont,Boston University,bu,9,"Boisvert,Sacha",0,0,0,1,1,0,2,-2,7-20,,1
bu_2025-12-06_vermont,2025-26,2025-12-06,Vermont,Boston University,bu,10,"Morello,Jonathan",0,1,1,0,0,0,0,0,4-8,,0
bu_2025-12-06_vermont,2025-26,2025-12-06,Vermont,Boston University,bu,12,"Harvey,Jack",0,0,0,0,0,0,0,0,,,0
bu_2025-12-06_vermont,2025-26,2025-12-06,Vermont,Boston University,bu,14,"Frechette,Mick",0,0,0,0,0,0,0,0,,,0
bu_2025-12-06_vermont,2025-26,2025-12-06,Vermont,Boston University,bu,15,"Amico,Carter",0,0,0,0,0,0,0,-1,,,0
bu_2025-12-06_vermont,2025-26,2025-12-06,Vermont,Boston University,bu,16,"Fondrk,Conrad",0,0,0,0,0,0,0,0,,,0
bu_2025-12-06_vermont,2025-26,2025-12-06,Vermont,Boston University,bu,18,"Feldberg,Jay",0,0,0,0,0,0,0,0,,,0
bu_2025-12-06_vermont,2025-26,2025-12-06,Vermont,Boston University,bu,19,"Murtagh,Jack",0,0,0,0,0,0,0,0,,,0
bu_2025-12-06_vermont,2025-26,2025-12-06,Vermont,Boston University,bu,21,"Ritchie,Ryder",0,0,0,3,1,1,5,-1,1-3,,1
bu_2025-12-06_vermont,2025-26,2025-12-06,Vermont,Boston University,bu,22,"Celebrini,Aiden",0,0,0,0,0,0,0,0,,,3
bu_2025-12-06_vermont,2025-26,2025-12-06,Vermont,Boston University,bu,23,"McLaughlin,Owen",0,0,0,0,0,0,0,0,,,0
bu_2025-12-06_vermont,2025-26,2025-12-06,Vermont,Boston University,bu,25,"Merrill,Ben",0,0,0,0,0,0,0,0,,,0
bu_2025-12-06_vermont,2025-26,2025-12-06,Vermont,Boston University,bu,26,"McNelis,John",0,0,0,1,0,0,1,0,,,1
bu_2025-12-06_vermont,2025-26,2025-12-06,Vermont,Boston University,bu,27,"Kim,Kyle",0,0,0,0,0,0,0,0,,,0
bu_2025-12-06_vermont,2025-26,2025-12-06,Vermont,Boston University,bu,30,"Perry,Jack",0,0,0,0,0,0,0,0,,,0
bu_2025-12-06_vermont,2025-26,2025-12-06,Vermont,Boston University,bu,33,"Lacroix,Max",0,0,0,0,0,0,0,0,,,0
bu_2025-12-06_vermont,2025-26,2025-12-06,Vermont,Boston University,bu,34,"Eiserman,Cole",1,0,1,1,2,1,4,-1,,,0
bu_2025-12-06_vermont,2025-26,2025-12-06,Vermont,Boston University,bu,38,"Bednarik,Kamil",0,0,0,2,1,0,3,-1,5-7,,1
bu_2025-12-06_vermont,2025-26,2025-12-06,Vermont,Boston University,bu,40,"Yegorov,Mikhail",0,0,0,0,0,0,0,0,,,0
bu_2025-12-06_vermont,2025-26,2025-12-06,Vermont,Boston University,bu,44,"Hutson,Cole",0,1,1,3,1,5,9,0,,,2
bu_2025-12-06_vermont,2025-26,2025-12-06,Vermont,Boston University,bu,57,"Vass,Malte",0,0,0,0,0,0,0,0,,,0
bu_2025-12-06_vermont,2025-26,2025-12-06,Vermont,Boston University,bu,78,"Boumedienne,Sascha",0,0,0,1,0,0,1,-1,,,4
bu_2025-12-06_vermont,2025-26,2025-12-06,Vermont,Boston University,bu,91,"Trethewey,Charlie",0,0,0,0,0,0,0,0,,,0
bu_2025-12-13_northeastern,2025-26,2025-12-13,Northeastern,Boston U.,opponent,1,"Luciano,Steven",0,0,0,0,0,0,0,0,,,0
bu_2025-12-13_northeastern,2025-26,2025-12-13,Northeastern,Boston U.,opponent,2,"McCarthy,Gavin",0,1,1,2,1,1,4,0,,1-2,1
bu_2025-12-13_northeastern,2025-26,2025-12-13,Northeastern,Boston U.,opponent,7,"Roukounakis,Nick",0,2,2,1,0,0,1,2,,,1
bu_2025-12-13_northeastern,2025-26,2025-12-13,Northeastern,Boston U.,opponent,8,"Svoboda,Brandon",2,0,2,3,0,1,4,3,8-13,,1
bu_2025-12-13_northeastern,2025-26,2025-12-13,Northeastern,Boston U.,opponent,9,"Boisvert,Sacha",1,0,1,1,1,0,2,-1,5-11,,0
bu_2025-12-13_northeastern,2025-26,2025-12-13,Northeastern,Boston U.,opponent,10,"Morello,Jonathan",0,1,1,0,0,1,1,2,4-7,,0
bu_2025-12-13_northeastern,2025-26,2025-12-13,Northeastern,Boston U.,opponent,12,"Harvey,Jack",0,0,0,2,0,1,3,-1,,,0
bu_2025-12-13_northeastern,2025-26,2025-12-13,Northeastern,Boston U.,opponent,14,"Frechette,Mick",0,0,0,0,1,0,1,2,,,2
bu_2025-12-13_northeastern,2025-26,2025-12-13,Northeastern,Boston U.,opponent,15,"Amico,Carter",0,0,0,0,0,0,0,2,,1-2,0
bu_2025-12-13_northeastern,2025-26,2025-12-13,Northeastern,Boston U.,opponent,16,"Fondrk,Conrad",0,0,0,0,0,0,0,0,,,0
bu_2025-12-13_northeastern,2025-26,2025-12-13,Northeastern,Boston U.,opponent,18,"Feldberg,Jay",0,0,0,0,0,0,0,0,,,0
bu_2025-12-13_northeastern,2025-26,2025-12-13,Northeastern,Boston U.,opponent,19,"Murtagh,Jack",0,0,0,2,0,0,2,-1,,,0
bu_2025-12-13_northeastern,2025-26,2025-12-13,Northeastern,Boston U.,opponent,21,"Ritchie,Ryder",0,0,0,1,0,0,1,1,1-1,,0
bu_2025-12-13_northeastern,2025-26,2025-12-13,Northeastern,Boston U.,opponent,22,"Celebrini,Aiden",0,0,0,0,0,0,0,0,,,0
bu_2025-12-13_northeastern,2025-26,2025-12-13,Northeastern,Boston U.,opponent,23,"McLaughlin,Owen",0,1,1,1,1,0,2,-1,,,0
bu_2025-12-13_northeastern,2025-26,2025-12-13,Northeastern,Boston U.,opponent,25,"Merrill,Ben",0,0,0,0,0,0,0,0,,,0
bu_2025-12-13_northeastern,2025-26,2025-12-13,Northeastern,Boston U.,opponent,26,"McNelis,John",0,0,0,0,0,0,0,0,,,0
bu_2025-12-13_northeastern,2025-26,2025-12-13,Northeastern,Boston U.,opponent,27,"Kim,Kyle",0,0,0,0,0,0,0,0,,,0
bu_2025-12-13_northeastern,2025-26,2025-12-13,Northeastern,Boston U.,opponent,30,"Perry,Jack",0,0,0,0,0,0,0,0,,,0
bu_2025-12-13_northeastern,2025-26,2025-12-13,Northeastern,Boston U.,opponent,33,"Lacroix,Max",0,0,0,0,0,0,0,0,,,0
bu_2025-12-13_northeastern,2025-26,2025-12-13,Northeastern,Boston U.,opponent,34,"Eiserman,Cole",0,1,1,1,0,2,3,1,,,0
bu_2025-12-13_northeastern,2025-26,2025-12-13,Northeastern,Boston U.,opponent,38,"Bednarik,Kamil",1,0,1,0,0,3,3,1,12-21,2-4,0
bu_2025-12-13_northeastern,2025-26,2025-12-13,Northeastern,Boston U.,opponent,40,"Yegorov,Mikhail",0,0,0,0,0,0,0,0,,,0
bu_2025-12-13_northeastern,2025-26,2025-12-13,Northeastern,Boston U.,opponent,44,"Hutson,Cole",0,0,0,1,3,1,5,0,,,2
bu_2025-12-13_northeastern,2025-26,2025-12-13,Northeastern,Boston U.,opponent,57,"Vass,Malte",0,1,1,1,1,0,2,1,,,2
bu_2025-12-13_northeastern,2025-26,2025-12-13,Northeastern,Boston U.,opponent,78,"Boumedienne,Sascha",0,0,0,0,0,0,0,0,,,0
bu_2025-12-13_northeastern,2025-26,2025-12-13,Northeastern,Boston U.,opponent,91,"Trethewey,Charlie",0,1,1,0,0,1,1,0,,,1
bu_2025-12-13_northeastern,2025-26,2025-12-13,Northeastern,Northeastern,opponent,1,"Sigurdson,Quentin",0,0,0,0,0,0,0,0,,,0
bu_2025-12-13_northeastern,2025-26,2025-12-13,Northeastern,Northeastern,opponent,2,"Lemay,Joaquim",0,0,0,0,0,0,0,0,,,0
bu_2025-12-13_northeastern,2025-26,2025-12-13,Northeastern,Northeastern,opponent,4,"Compton,Dylan",0,0,0,0,0,0,0,2,,,1
bu_2025-12-13_northeastern,2025-26,2025-12-13,Northeastern,Northeastern,opponent,5,"Henry,Jack",0,0,0,0,0,0,0,0,,,0
bu_2025-12-13_northeastern,2025-26,2025-12-13,Northeastern,Northeastern,opponent,6,"Badger,Grayson",0,0,0,0,0,0,0,0,,,0
bu_2025-12-13_northeastern,2025-26,2025-12-13,Northeastern,Northeastern,opponent,7,"Moore,Andy",0,0,0,0,0,0,0,-1,2-5,1-2,0
bu_2025-12-13_northeastern,2025-26,2025-12-13,Northeastern,Northeastern,opponent,8,"Fisher,James",0,0,0,0,1,0,1,-1,,,0
bu_2025-12-13_northeastern,2025-26,2025-12-13,Northeastern,Northeastern,opponent,9,"Jones,Noah",0,0,0,0,0,0,0,-1,,,0
bu_2025-12-13_northeastern,2025-26,2025-12-13,Northeastern,Northeastern,opponent,10,"Fredericks,Ethan",0,0,0,0,0,0,0,0,,,0
bu_2025-12-13_northeastern,2025-26,2025-12-13,Northeastern,Northeastern,opponent,11,"Sebastian,Eli",0,0,0,0,0,0,0,1,6-9,,2
bu_2025-12-13_northeastern,2025-26,2025-12-13,Northeastern,Northeastern,opponent,13,"Hryckowian,Dylan",0,1,1,1,1,1,3,-2,,,1
bu_2025-12-13_northeastern,2025-26,2025-12-13,Northeastern,Northeastern,opponent,14,"Connor,Joe",1,0,1,1,1,2,4,0,,,0
bu_2025-12-13_northeastern,2025-26,2025-12-13,Northeastern,Northeastern,opponent,15,"Martino,Giacomo",0,2,2,0,0,1,1,1,,,1
bu_2025-12-13_northeastern,2025-26,2025-12-13,Northeastern,Northeastern,opponent,17,"Erdman,Griffin",0,0,0,0,0,0,0,-1,,1-2,0
bu_2025-12-13_northeastern,2025-26,2025-12-13,Northeastern,Northeastern,opponent,19,"Lund,Marc",0,0,0,0,0,0,0,0,,,0
bu_2025-12-13_northeastern,2025-26,2025-12-13,Northeastern,Northeastern,opponent,21,"Pechar,Jack",0,0,0,2,0,0,2,0,,,3
bu_2025-12-13_northeastern,2025-26,2025-12-13,Northeastern,Northeastern,opponent,22,"Borgesi,Vinny",0,1,1,1,0,0,1,-3,,,5
bu_2025-12-13_northeastern,2025-26,2025-12-13,Northeastern,Northeastern,opponent,24,"May,Austen",0,0,0,0,1,0,1,1,,2-4,3
bu_2025-12-13_northeastern,2025-26,2025-12-13,Northeastern,Northeastern,opponent,26,"Finlay,Dylan",0,0,0,0,1,0,1,-3,,,2
bu_2025-12-13_northeastern,2025-26,2025-12-13,Northeastern,Northeastern,opponent,33,"Hajibi,Amine",0,1,1,0,0,0,0,-1,,,1
bu_2025-12-13_northeastern,2025-26,2025-12-13,Northeastern,Northeastern,opponent,35,"DellaRusso,Matt",0,0,0,0,0,0,0,0,,,0
bu_2025-12-13_northeastern,2025-26,2025-12-13,Northeastern,Northeastern,opponent,47,"Zacher,Lawton",0,0,0,0,0,0,0,0,,,0
bu_2025-12-13_northeastern,2025-26,2025-12-13,Northeastern,Northeastern,opponent,51,"Perkins,Matthew",0,0,0,0,0,0,0,0,,,0
bu_2025-12-13_northeastern,2025-26,2025-12-13,Northeastern,Northeastern,opponent,81,"Mathieu,Jacob",1,0,1,2,2,0,4,-2,14-28,,5
bu_2025-12-13_northeastern,2025-26,2025-12-13,Northeastern,Northeastern,opponent,91,"Fukakusa,Tyler",1,0,1,1,0,0,1,0,2-12,,1
bu_2025-12-13_northeastern,2025-26,2025-12-13,Northeastern,Northeastern,opponent,92,"Maltais,Matthew",0,0,0,0,2,0,2,0,,,1
bu_2025-12-13_northeastern,2025-26,2025-12-13,Northeastern,Northeastern,opponent,93,"Messuri,Anthony",0,0,0,0,0,0,0,0,,,0
bu_2026-01-03_simon_fraser,2025-26,2026-01-03,Simon Fraser,Simon Fraser,opponent,1,"Makaj,Jesse",0,0,0,0,0,0,0,0,,,0
bu_2026-01-03_simon_fraser,2025-26,2026-01-03,Simon Fraser,Simon Fraser,opponent,1,"Henderson,Andrew",0,0,0,0,0,0,0,0,,,0
bu_2026-01-03_simon_fraser,2025-26,2026-01-03,Simon Fraser,Simon Fraser,opponent,4,"Visram,Liam",0,0,0,0,0,0,0,0,,,0
bu_2026-01-03_simon_fraser,2025-26,2026-01-03,Simon Fraser,Simon Fraser,opponent,6,"Stein,Jon",0,0,0,0,0,0,0,0,,,0
bu_2026-01-03_simon_fraser,2025-26,2026-01-03,Simon Fraser,Simon Fraser,opponent,7,"Franklin,Jack",0,0,0,0,0,1,1,-1,,,2
bu_2026-01-03_simon_fraser,2025-26,2026-01-03,Simon Fraser,Simon Fraser,opponent,7,"Chu,Jason",0,0,0,0,0,0,0,0,,,0
bu_2026-01-03_simon_fraser,2025-26,2026-01-03,Simon Fraser,Simon Fraser,opponent,8,"Robinson,Kiano",0,0,0,0,0,0,0,-2,,,1
bu_2026-01-03_simon_fraser,2025-26,2026-01-03,Simon Fraser,Simon Fraser,opponent,8,"Cross,Tristen",0,0,0,0,0,0,0,0,,,0
bu_2026-01-03_simon_fraser,2025-26,2026-01-03,Simon Fraser,Simon Fraser,opponent,9,"Myles,Quinn",0,0,0,0,0,0,0,-1,,2-15,1
bu_2026-01-03_simon_fraser,2025-26,2026-01-03,Simon Fraser,Simon Fraser,opponent,9,"Bromhead,Logan",0,0,0,0,0,0,0,0,,,0
bu_2026-01-03_simon_fraser,2025-26,2026-01-03,Simon Fraser,Simon Fraser,opponent,10,"Dawson,Ridge",0,0,0,2,0,1,3,-1,,1-2,0
bu_2026-01-03_simon_fraser,2025-26,2026-01-03,Simon Fraser,Simon Fraser,opponent,10,"Parkhouse,Caleb",0,0,0,0,0,0,0,0,,,0
bu_2026-01-03_simon_fraser,2025-26,2026-01-03,Simon Fraser,Simon Fraser,opponent,11,"Potvin,Max",0,0,0,1,2,0,3,-1,,2-4,1
bu_2026-01-03_simon_fraser,2025-26,2026-01-03,Simon Fraser,Simon Fraser,opponent,12,"Young,Kyle",0,0,0,1,0,0,1,-1,,,1
bu_2026-01-03_simon_fraser,2025-26,2026-01-03,Simon Fraser,Simon Fraser,opponent,12,"Ledyard,Mitch",0,0,0,0,0,0,0,0,,,0
bu_2026-01-03_simon_fraser,2025-26,2026-01-03,Simon Fraser,Simon Fraser,opponent,13,"Schmidt,Carter",0,0,0,0,0,0,0,-1,5-17,,0
bu_2026-01-03_simon_fraser,2025-26,2026-01-03,Simon Fraser,Simon Fraser,opponent,14,"Brooks,Dylan",0,0,0,0,0,1,1,-1,,,6
bu_2026-01-03_simon_fraser,2025-26,2026-01-03,Simon Fraser,Simon Fraser,opponent,14,"Braun,Nick",0,0,0,0,0,0,0,0,,,0
bu_2026-01-03_simon_fraser,2025-26,2026-01-03,Simon Fraser,Simon Fraser,opponent,16,"Maxwell,Zac",1,0,1,0,2,1,3,-2,,,0
bu_2026-01-03_simon_fraser,2025-26,2026-01-03,Simon Fraser,Simon Fraser,opponent,16,"Coltellaro,Mateo",0,0,0,0,0,0,0,0,,,0
bu_2026-01-03_simon_fraser,2025-26,2026-01-03,Simon Fraser,Simon Fraser,opponent,17,"Keremidschieff,Jake",0,0,0,0,0,0,0,0,,,0
bu_2026-01-03_simon_fraser,2025-26,2026-01-03,Simon Fraser,Simon Fraser,opponent,19,"Fraser,Austin",0,0,0,0,0,1,1,-2,4-11,1-2,1
bu_2026-01-03_simon_fraser,2025-26,2026-01-03,Simon Fraser,Simon Fraser,opponent,19,"Jallabert,Mathieu",0,0,0,0,0,0,0,0,,,0
bu_2026-01-03_simon_fraser,2025-26,2026-01-03,Simon Fraser,Simon Fraser,opponent,20,"Tyszka,Matt",0,0,0,0,0,0,0,0,,,0
bu_2026-01-03_simon_fraser,2025-26,2026-01-03,Simon Fraser,Simon Fraser,opponent,21,"Dawkins,Tanner",0,0,0,0,0,0,0,-1,,,4
bu_2026-01-03_simon_fraser,2025-26,2026-01-03,Simon Fraser,Simon Fraser,opponent,22,"Banach,Bradley",0,0,0,0,0,0,0,0,,,0
bu_2026-01-03_simon_fraser,2025-26,2026-01-03,Simon Fraser,Simon Fraser,opponent,23,"Grabas,Luca",0,0,0,0,0,0,0,-1,1-3,,3
bu_2026-01-03_simon_fraser,2025-26,2026-01-03,Simon Fraser,Simon Fraser,opponent,23,"Orchard,Jerzy",0,0,0,0,0,0,0,0,,,0
bu_2026-01-03_simon_fraser,2025-26,2026-01-03,Simon Fraser,Simon Fraser,opponent,24,"Chan,Tyler",0,0,0,1,1,0,2,0,,3-17,0
bu_2026-01-03_simon_fraser,2025-26,2026-01-03,Simon Fraser,Simon Fraser,opponent,24,"Wicks,Nick",0,0,0,0,0,0,0,0,,,0
bu_2026-01-03_simon_fraser,2025-26,2026-01-03,Simon Fraser,Simon Fraser,opponent,27,"Erickson,Walker",0,0,0,1,0,1,2,0,,,0
bu_2026-01-03_simon_fraser,2025-26,2026-01-03,Simon Fraser,Simon Fraser,opponent,27,"Chin,Cameron",0,0,0,0,0,0,0,0,,,0
bu_2026-01-03_simon_fraser,2025-26,2026-01-03,Simon Fraser,Simon Fraser,opponent,28,"Jennings,Kyle",0,0,0,0,0,0,0,0,,,0
bu_2026-01-03_simon_fraser,2025-26,2026-01-03,Simon Fraser,Simon Fraser,opponent,29,"Gratton,Gabe",0,0,0,0,0,0,0,0,,,0
bu_2026-01-03_simon_fraser,2025-26,2026-01-03,Simon Fraser,Simon Fraser,opponent,30,"Bacovsky,Steven",0,0,0,0,0,0,0,0,,,0
bu_2026-01-03_simon_fraser,2025-26,2026-01-03,Simon Fraser,Simon Fraser,opponent,30,"Dolan,Cale",0,0,0,0,0,0,0,0,,,0
bu_2026-01-03_simon_fraser,2025-26,2026-01-03,Simon Fraser,Simon Fraser,opponent,40,"Matthews,Kolby",0,0,0,0,0,0,0,0,,,0
bu_2026-01-03_simon_fraser,2025-26,2026-01-03,Simon Fraser,Simon Fraser,opponent,43,"Bergh,Kyle",0,0,0,0,0,0,0,0,,,0
bu_2026-01-03_simon_fraser,2025-26,2026-01-03,Simon Fraser,Simon Fraser,opponent,53,"Camazzola,Nicco",0,1,1,0,0,0,0,0,,,1
bu_2026-01-03_simon_fraser,2025-26,2026-01-03,Simon Fraser,Simon Fraser,opponent,53,"Johnson,Buddy",0,0,0,0,0,0,0,0,,,0
bu_2026-01-03_simon_fraser,2025-26,2026-01-03,Simon Fraser,Simon Fraser,opponent,61,"Ceccarelli,Lucas",0,1,1,0,0,0,0,1,11-24,,0
bu_2026-01-03_simon_fraser,2025-26,2026-01-03,Simon Fraser,Simon Fraser,opponent,61,"Lacasse,Jacob",0,0,0,0,0,0,0,0,,,0
bu_2026-01-03_simon_fraser,2025-26,2026-01-03,Simon Fraser,Simon Fraser,opponent,91,"Hilton,Garrett",0,0,0,0,0,0,0,0,,,0
bu_2026-01-03_simon_fraser,2025-26,2026-01-03,Simon Fraser,Simon Fraser,opponent,92,"Rampton,Greye",0,1,1,0,0,0,0,0,1-6,,1
bu_2026-01-03_simon_fraser,2025-26,2026-01-03,Simon Fraser,Simon Fraser,opponent,92,"Ward,Ben",0,0,0,0,0,0,0,0,,,0
bu_2026-01-03_simon_fraser,2025-26,2026-01-03,Simon Fraser,Simon Fraser,opponent,93,"Speranza,Matteo",1,0,1,0,1,1,2,0,1-3,,1
bu_2026-01-03_simon_fraser,2025-26,2026-01-03,Simon Fraser,Boston U.,opponent,1,"Luciano,Steven",0,0,0,0,0,0,0,0,,,0
bu_2026-01-03_simon_fraser,2025-26,2026-01-03,Simon Fraser,Boston U.,opponent,2,"McCarthy,Gavin",0,0,0,0,0,0,0,0,,,0
bu_2026-01-03_simon_fraser,2025-26,2026-01-03,Simon Fraser,Boston U.,opponent,7,"Roukounakis,Nick",0,1,1,1,0,0,1,0,,,0
bu_2026-01-03_simon_fraser,2025-26,2026-01-03,Simon Fraser,Boston U.,opponent,8,"Svoboda,Brandon",1,0,1,0,1,2,3,0,12-18,1-2,0
bu_2026-01-03_simon_fraser,2025-26,2026-01-03,Simon Fraser,Boston U.,opponent,9,"Boisvert,Sacha",2,0,2,3,0,6,9,0,9-19,1-2,0
bu_2026-01-03_simon_fraser,2025-26,2026-01-03,Simon Fraser,Boston U.,opponent,10,"Morello,Jonathan",1,1,2,4,0,2,6,3,14-17,,0
bu_2026-01-03_simon_fraser,2025-26,2026-01-03,Simon Fraser,Boston U.,opponent,12,"Harvey,Jack",2,0,2,0,3,3,6,0,2-2,,0
bu_2026-01-03_simon_fraser,2025-26,2026-01-03,Simon Fraser,Boston U.,opponent,14,"Frechette,Mick",0,2,2,1,0,0,1,2,,,1
bu_2026-01-03_simon_fraser,2025-26,2026-01-03,Simon Fraser,Boston U.,opponent,15,"Amico,Carter",0,0,0,0,2,0,2,0,,,3
bu_2026-01-03_simon_fraser,2025-26,2026-01-03,Simon Fraser,Boston U.,opponent,16,"Fondrk,Conrad",0,4,4,0,0,1,1,1,,,0
bu_2026-01-03_simon_fraser,2025-26,2026-01-03,Simon Fraser,Boston U.,opponent,18,"Feldberg,Jay",0,0,0,0,0,1,1,0,,,0
bu_2026-01-03_simon_fraser,2025-26,2026-01-03,Simon Fraser,Boston U.,opponent,19,"Murtagh,Jack",1,0,1,3,1,1,5,1,,,1
bu_2026-01-03_simon_fraser,2025-26,2026-01-03,Simon Fraser,Boston U.,opponent,21,"Ritchie,Ryder",1,2,3,2,2,0,4,1,,1-2,0
bu_2026-01-03_simon_fraser,2025-26,2026-01-03,Simon Fraser,Boston U.,opponent,22,"Celebrini,Aiden",0,0,0,2,0,2,4,1,,,3
bu_2026-01-03_simon_fraser,2025-26,2026-01-03,Simon Fraser,Boston U.,opponent,23,"McLaughlin,Owen",0,3,3,1,0,0,1,1,5-7,,0
bu_2026-01-03_simon_fraser,2025-26,2026-01-03,Simon Fraser,Boston U.,opponent,25,"Merrill,Ben",0,0,0,0,0,0,0,0,,,0
bu_2026-01-03_simon_fraser,2025-26,2026-01-03,Simon Fraser,Boston U.,opponent,26,"McNelis,John",0,1,1,0,0,0,0,2,,,0
bu_2026-01-03_simon_fraser,2025-26,2026-01-03,Simon Fraser,Boston U.,opponent,27,"Kim,Kyle",0,1,1,1,0,1,2,2,,,0
bu_2026-01-03_simon_fraser,2025-26,2026-01-03,Simon Fraser,Boston U.,opponent,30,"Perry,Jack",0,0,0,0,0,0,0,0,,,0
bu_2026-01-03_simon_fraser,2025-26,2026-01-03,Simon Fraser,Boston U.,opponent,33,"Lacroix,Max",0,0,0,0,0,0,0,0,,,0
bu_2026-01-03_simon_fraser,2025-26,2026-01-03,Simon Fraser,Boston U.,opponent,34,"Eiserman,Cole",0,0,0,0,0,0,0,0,,,0
bu_2026-01-03_simon_fraser,2025-26,2026-01-03,Simon Fraser,Boston U.,opponent,38,"Bednarik,Kamil",0,0,0,0,0,0,0,0,,,0
bu_2026-01-03_simon_fraser,2025-26,2026-01-03,Simon Fraser,Boston U.,opponent,40,"Yegorov,Mikhail",0,0,0,0,0,0,0,0,,,0
bu_2026-01-03_simon_fraser,2025-26,2026-01-03,Simon Fraser,Boston U.,opponent,44,"Hutson,Cole",0,0,0,0,0,0,0,0,,,0
bu_2026-01-03_simon_fraser,2025-26,2026-01-03,Simon Fraser,Boston U.,opponent,57,"Vass,Malte",0,0,0,0,0,1,1,0,,,0
bu_2026-01-03_simon_fraser,2025-26,2026-01-03,Simon Fraser,Boston U.,opponent,78,"Boumedienne,Sascha",0,0,0,0,0,0,0,0,,,0
bu_2026-01-03_simon_fraser,2025-26,2026-01-03,Simon Fraser,Boston U.,opponent,91,"Trethewey,Charlie",0,0,0,2,1,2,5,0,,,0
bu_2026-01-09_umass,2025-26,2026-01-09,UMass,Boston U.,opponent,1,"Luciano,Steven",0,0,0,0,0,0,0,0,,,0
bu_2026-01-09_umass,2025-26,2026-01-09,UMass,Boston U.,opponent,2,"McCarthy,Gavin",0,0,0,0,1,2,3,0,,,1
bu_2026-01-09_umass,2025-26,2026-01-09,UMass,Boston U.,opponent,7,"Roukounakis,Nick",0,0,0,1,0,1,2,0,,,1
bu_2026-01-09_umass,2025-26,2026-01-09,UMass,Boston U.,opponent,8,"Svoboda,Brandon",0,0,0,1,1,1,3,0,6-9,,0
bu_2026-01-09_umass,2025-26,2026-01-09,UMass,Boston U.,opponent,9,"Boisvert,Sacha",0,1,1,0,2,0,2,1,5-10,,0
bu_2026-01-09_umass,2025-26,2026-01-09,UMass,Boston U.,opponent,10,"Morello,Jonathan",0,0,0,1,0,0,1,0,7-8,,0
bu_2026-01-09_umass,2025-26,2026-01-09,UMass,Boston U.,opponent,11,"Lawrence,Tynan",0,0,0,0,0,1,1,0,5-9,,0
bu_2026-01-09_umass,2025-26,2026-01-09,UMass,Boston U.,opponent,12,"Harvey,Jack",1,0,1,0,1,0,1,1,,,0
bu_2026-01-09_umass,2025-26,2026-01-09,UMass,Boston U.,opponent,14,"Frechette,Mick",0,0,0,0,0,2,2,1,,,2
bu_2026-01-09_umass,2025-26,2026-01-09,UMass,Boston U.,opponent,15,"Amico,Carter",0,0,0,0,0,0,0,0,,,0
bu_2026-01-09_umass,2025-26,2026-01-09,UMass,Boston U.,opponent,16,"Fondrk,Conrad",0,0,0,0,2,0,2,0,,,0
bu_2026-01-09_umass,2025-26,2026-01-09,UMass,Boston U.,opponent,18,"Feldberg,Jay",0,0,0,0,0,0,0,0,,,0
bu_2026-01-09_umass,2025-26,2026-01-09,UMass,Boston U.,opponent,19,"Murtagh,Jack",0,0,0,0,0,0,0,1,,,1
bu_2026-01-09_umass,2025-26,2026-01-09,UMass,Boston U.,opponent,21,"Ritchie,Ryder",0,0,0,1,1,0,2,0,1-1,1-2,1
bu_2026-01-09_umass,2025-26,2026-01-09,UMass,Boston U.,opponent,22,"Celebrini,Aiden",0,1,1,0,2,1,3,1,,,2
bu_2026-01-09_umass,2025-26,2026-01-09,UMass,Boston U.,opponent,23,"McLaughlin,Owen",0,0,0,0,0,0,0,0,,,0
bu_2026-01-09_umass,2025-26,2026-01-09,UMass,Boston U.,opponent,25,"Merrill,Ben",0,0,0,0,0,0,0,0,,,0
bu_2026-01-09_umass,2025-26,2026-01-09,UMass,Boston U.,opponent,26,"McNelis,John",0,0,0,0,0,0,0,0,,,0
bu_2026-01-09_umass,2025-26,2026-01-09,UMass,Boston U.,opponent,27,"Kim,Kyle",0,0,0,0,0,0,0,0,,,0
bu_2026-01-09_umass,2025-26,2026-01-09,UMass,Boston U.,opponent,30,"Perry,Jack",0,0,0,0,0,0,0,0,,,0
bu_2026-01-09_umass,2025-26,2026-01-09,UMass,Boston U.,opponent,33,"Lacroix,Max",0,0,0,0,0,0,0,0,,,0
bu_2026-01-09_umass,2025-26,2026-01-09,UMass,Boston U.,opponent,34,"Eiserman,Cole",0,0,0,1,1,2,4,0,,,0
bu_2026-01-09_umass,2025-26,2026-01-09,UMass,Boston U.,opponent,38,"Bednarik,Kamil",0,0,0,0,0,0,0,0,3-4,,2
bu_2026-01-09_umass,2025-26,2026-01-09,UMass,Boston U.,opponent,40,"Yegorov,Mikhail",0,0,0,0,0,0,0,0,,,0
bu_2026-01-09_umass,2025-26,2026-01-09,UMass,Boston U.,opponent,44,"Hutson,Cole",0,0,0,2,1,0,3,0,,,2
bu_2026-01-09_umass,2025-26,2026-01-09,UMass,Boston U.,opponent,57,"Vass,Malte",0,0,0,0,0,0,0,0,,,0
bu_2026-01-09_umass,2025-26,2026-01-09,UMass,Boston U.,opponent,78,"Boumedienne,Sascha",0,0,0,0,1,0,1,0,,,0
bu_2026-01-09_umass,2025-26,2026-01-09,UMass,Boston U.,opponent,91,"Trethewey,Charlie",0,0,0,0,0,0,0,0,,,1
bu_2026-01-09_umass,2025-26,2026-01-09,UMass,Massachusetts,opponent,1,"Irving,Jackson",0,0,0,0,0,0,0,0,,,0
bu_2026-01-09_umass,2025-26,2026-01-09,UMass,Massachusetts,opponent,2,"Hanrahan,Coleson",0,0,0,0,0,1,1,0,,,2
bu_2026-01-09_umass,2025-26,2026-01-09,UMass,Massachusetts,opponent,4,"O'Connor,Kennedy",0,0,0,0,0,0,0,0,,,0
bu_2026-01-09_umass,2025-26,2026-01-09,UMass,Massachusetts,opponent,6,"Olvestad,Lucas",0,0,0,0,0,0,0,0,,,1
bu_2026-01-09_umass,2025-26,2026-01-09,UMass,Massachusetts,opponent,7,"Mehlenbacher,Owen",0,0,0,0,0,1,1,0,,,1
bu_2026-01-09_umass,2025-26,2026-01-09,UMass,Massachusetts,opponent,8,"O'Neill,Cam",0,0,0,0,1,0,1,0,,,2
bu_2026-01-09_umass,2025-26,2026-01-09,UMass,Massachusetts,opponent,9,"Musa,Jack",0,0,0,0,1,0,1,0,2-7,,2
bu_2026-01-09_umass,2025-26,2026-01-09,UMass,Massachusetts,opponent,10,"Galanek,Jack",0,0,0,1,0,1,2,0,10-18,,1
bu_2026-01-09_umass,2025-26,2026-01-09,UMass,Massachusetts,opponent,11,"Nestrašil,Václav",0,0,0,0,1,0,1,0,,,0
bu_2026-01-09_umass,2025-26,2026-01-09,UMass,Massachusetts,opponent,12,"Klečka,Lukáš",0,0,0,0,0,0,0,-1,,,1
bu_2026-01-09_umass,2025-26,2026-01-09,UMass,Massachusetts,opponent,13,"Nycz,Landon",0,0,0,1,0,0,1,-1,,,1
bu_2026-01-09_umass,2025-26,2026-01-09,UMass,Massachusetts,opponent,14,"Lacroix,Andrew",0,0,0,0,0,0,0,0,,,0
bu_2026-01-09_umass,2025-26,2026-01-09,UMass,Massachusetts,opponent,15,"Kerr,Justin",0,0,0,0,0,1,1,0,2-8,,1
bu_2026-01-09_umass,2025-26,2026-01-09,UMass,Massachusetts,opponent,17,"Jenčko,Daniel",0,0,0,0,1,1,2,0,,,0
bu_2026-01-09_umass,2025-26,2026-01-09,UMass,Massachusetts,opponent,18,"Keenan,Larry",0,0,0,2,0,1,3,-1,,,0
bu_2026-01-09_umass,2025-26,2026-01-09,UMass,Massachusetts,opponent,19,"DeAngelo,Mikey",0,0,0,0,0,0,0,0,,,0
bu_2026-01-09_umass,2025-26,2026-01-09,UMass,Massachusetts,opponent,20,"Duerr,James",0,0,0,0,0,0,0,0,,,0
bu_2026-01-09_umass,2025-26,2026-01-09,UMass,Massachusetts,opponent,21,"Lieberman,Charlie",0,0,0,0,0,0,0,0,,,0
bu_2026-01-09_umass,2025-26,2026-01-09,UMass,Massachusetts,opponent,22,"VanTassell,Nick",0,0,0,0,0,0,0,0,,,0
bu_2026-01-09_umass,2025-26,2026-01-09,UMass,Massachusetts,opponent,23,"Dell'Elce,Francesco",0,0,0,0,0,0,0,0,,,1
bu_2026-01-09_umass,2025-26,2026-01-09,UMass,Massachusetts,opponent,24,"Zimmerman,Elias",0,0,0,0,0,0,0,-1,,,1
bu_2026-01-09_umass,2025-26,2026-01-09,UMass,Massachusetts,opponent,25,"Dunn,Cam",0,0,0,0,0,0,0,0,,,0
bu_2026-01-09_umass,2025-26,2026-01-09,UMass,Massachusetts,opponent,26,"Murray,Owen",0,0,0,0,0,1,1,0,,,1
bu_2026-01-09_umass,2025-26,2026-01-09,UMass,Massachusetts,opponent,28,"Cosman,Bo",0,0,0,0,1,0,1,-1,,1-2,1
bu_2026-01-09_umass,2025-26,2026-01-09,UMass,Massachusetts,opponent,29,"Wilde,Matthew",0,0,0,0,2,0,2,0,,,1
bu_2026-01-09_umass,2025-26,2026-01-09,UMass,Massachusetts,opponent,30,"Hrabal,Michael",0,0,0,0,0,0,0,0,,,0
bu_2026-01-09_umass,2025-26,2026-01-09,UMass,Massachusetts,opponent,32,"Norton,James",0,0,0,0,0,0,0,0,,,0
bu_2026-01-10_umass,2025-26,2026-01-10,UMass,Massachusetts,opponent,1,"Irving,Jackson",0,0,0,0,0,0,0,0,,,0
bu_2026-01-10_umass,2025-26,2026-01-10,UMass,Massachusetts,opponent,2,"Hanrahan,Coleson",0,0,0,0,1,0,1,0,,,2
bu_2026-01-10_umass,2025-26,2026-01-10,UMass,Massachusetts,opponent,4,"O'Connor,Kennedy",0,0,0,0,0,0,0,0,,,0
bu_2026-01-10_umass,2025-26,2026-01-10,UMass,Massachusetts,opponent,6,"Olvestad,Lucas",0,0,0,0,0,0,0,2,,,1
bu_2026-01-10_umass,2025-26,2026-01-10,UMass,Massachusetts,opponent,7,"Mehlenbacher,Owen",0,0,0,0,1,0,1,0,,,0
bu_2026-01-10_umass,2025-26,2026-01-10,UMass,Massachusetts,opponent,8,"O'Neill,Cam",0,0,0,0,0,0,0,0,,,0
bu_2026-01-10_umass,2025-26,2026-01-10,UMass,Massachusetts,opponent,9,"Musa,Jack",1,0,1,0,1,1,2,2,1-2,,0
bu_2026-01-10_umass,2025-26,2026-01-10,UMass,Massachusetts,opponent,10,"Galanek,Jack",0,0,0,0,1,0,1,1,8-15,,0
bu_2026-01-10_umass,2025-26,2026-01-10,UMass,Massachusetts,opponent,11,"Nestrašil,Václav",1,0,1,1,0,0,1,2,,,1
bu_2026-01-10_umass,2025-26,2026-01-10,UMass,Massachusetts,opponent,12,"Klečka,Lukáš",0,0,0,0,1,1,2,0,,,2
bu_2026-01-10_umass,2025-26,2026-01-10,UMass,Massachusetts,opponent,13,"Nycz,Landon",0,0,0,0,0,1,1,0,,,0
bu_2026-01-10_umass,2025-26,2026-01-10,UMass,Massachusetts,opponent,14,"Lacroix,Andrew",0,0,0,0,0,0,0,0,,,0
bu_2026-01-10_umass,2025-26,2026-01-10,UMass,Massachusetts,opponent,15,"Kerr,Justin",0,0,0,0,0,0,0,0,3-11,1-2,1
bu_2026-01-10_umass,2025-26,2026-01-10,UMass,Massachusetts,opponent,17,"Jenčko,Daniel",0,0,0,1,0,0,1,0,,,2
bu_2026-01-10_umass,2025-26,2026-01-10,UMass,Massachusetts,opponent,18,"Keenan,Larry",0,0,0,0,1,0,1,0,,,2
bu_2026-01-10_umass,2025-26,2026-01-10,UMass,Massachusetts,opponent,19,"DeAngelo,Mikey",0,0,0,0,0,0,0,0,10-21,1-2,1
bu_2026-01-10_umass,2025-26,2026-01-10,UMass,Massachusetts,opponent,20,"Duerr,James",0,0,0,0,0,0,0,0,,,0
bu_2026-01-10_umass,2025-26,2026-01-10,UMass,Massachusetts,opponent,21,"Lieberman,Charlie",0,0,0,0,0,0,0,0,,,0
bu_2026-01-10_umass,2025-26,2026-01-10,UMass,Massachusetts,opponent,22,"VanTassell,Nick",0,0,0,0,0,0,0,0,,,0
bu_2026-01-10_umass,2025-26,2026-01-10,UMass,Massachusetts,opponent,23,"Dell'Elce,Francesco",0,0,0,0,2,0,2,0,,,2
bu_2026-01-10_umass,2025-26,2026-01-10,UMass,Massachusetts,opponent,24,"Zimmerman,Elias",0,0,0,0,0,0,0,0,,,0
bu_2026-01-10_umass,2025-26,2026-01-10,UMass,Massachusetts,opponent,25,"Dunn,Cam",0,0,0,0,0,0,0,0,,,0
bu_2026-01-10_umass,2025-26,2026-01-10,UMass,Massachusetts,opponent,26,"Murray,Owen",0,0,0,1,1,0,2,2,,,3
bu_2026-01-10_umass,2025-26,2026-01-10,UMass,Massachusetts,opponent,28,"Cosman,Bo",0,0,0,0,0,1,1,0,,,2
bu_2026-01-10_umass,2025-26,2026-01-10,UMass,Massachusetts,opponent,29,"Wilde,Matthew",0,0,0,0,1,1,2,1,,1-2,3
bu_2026-01-10_umass,2025-26,2026-01-10,UMass,Massachusetts,opponent,30,"Hrabal,Michael",0,0,0,0,0,0,0,0,,,0
bu_2026-01-10_umass,2025-26,2026-01-10,UMass,Massachusetts,opponent,32,"Norton,James",0,0,0,0,0,0,0,0,,,0
bu_2026-01-10_umass,2025-26,2026-01-10,UMass,Boston U.,opponent,1,"Luciano,Steven",0,0,0,0,0,0,0,0,,,0
bu_2026-01-10_umass,2025-26,2026-01-10,UMass,Boston U.,opponent,2,"McCarthy,Gavin",0,0,0,1,1,1,3,-2,,,1
bu_2026-01-10_umass,2025-26,2026-01-10,UMass,Boston U.,opponent,7,"Roukounakis,Nick",0,0,0,1,0,0,1,0,,,0
bu_2026-01-10_umass,2025-26,2026-01-10,UMass,Boston U.,opponent,8,"Svoboda,Brandon",0,0,0,1,0,0,1,-1,3-6,,0
bu_2026-01-10_umass,2025-26,2026-01-10,UMass,Boston U.,opponent,9,"Boisvert,Sacha",0,0,0,0,1,2,3,-2,7-15,,0
bu_2026-01-10_umass,2025-26,2026-01-10,UMass,Boston U.,opponent,10,"Morello,Jonathan",0,0,0,1,0,0,1,0,6-8,1-2,0
bu_2026-01-10_umass,2025-26,2026-01-10,UMass,Boston U.,opponent,11,"Lawrence,Tynan",0,0,0,0,1,0,1,-1,4-8,,0
bu_2026-01-10_umass,2025-26,2026-01-10,UMass,Boston U.,opponent,12,"Harvey,Jack",0,0,0,0,0,2,2,-1,,1-2,0
bu_2026-01-10_umass,2025-26,2026-01-10,UMass,Boston U.,opponent,14,"Frechette,Mick",0,0,0,0,0,0,0,0,,,1
bu_2026-01-10_umass,2025-26,2026-01-10,UMass,Boston U.,opponent,15,"Amico,Carter",0,0,0,0,0,0,0,0,,,0
bu_2026-01-10_umass,2025-26,2026-01-10,UMass,Boston U.,opponent,16,"Fondrk,Conrad",0,0,0,1,0,0,1,0,,,0
bu_2026-01-10_umass,2025-26,2026-01-10,UMass,Boston U.,opponent,18,"Feldberg,Jay",0,0,0,0,0,0,0,0,,,0
bu_2026-01-10_umass,2025-26,2026-01-10,UMass,Boston U.,opponent,19,"Murtagh,Jack",0,0,0,2,0,0,2,0,,,0
bu_2026-01-10_umass,2025-26,2026-01-10,UMass,Boston U.,opponent,21,"Ritchie,Ryder",0,0,0,0,0,0,0,-1,,,0
bu_2026-01-10_umass,2025-26,2026-01-10,UMass,Boston U.,opponent,22,"Celebrini,Aiden",0,0,0,1,0,1,2,0,,,1
bu_2026-01-10_umass,2025-26,2026-01-10,UMass,Boston U.,opponent,23,"McLaughlin,Owen",0,0,0,0,0,0,0,-1,,,1
bu_2026-01-10_umass,2025-26,2026-01-10,UMass,Boston U.,opponent,25,"Merrill,Ben",0,0,0,0,0,0,0,0,,,1
bu_2026-01-10_umass,2025-26,2026-01-10,UMass,Boston U.,opponent,26,"McNelis,John",0,0,0,0,0,0,0,0,,,0
bu_2026-01-10_umass,2025-26,2026-01-10,UMass,Boston U.,opponent,27,"Kim,Kyle",0,0,0,0,0,0,0,0,,,0
bu_2026-01-10_umass,2025-26,2026-01-10,UMass,Boston U.,opponent,30,"Perry,Jack",0,0,0,0,0,0,0,0,,,0
bu_2026-01-10_umass,2025-26,2026-01-10,UMass,Boston U.,opponent,33,"Lacroix,Max",0,0,0,0,0,0,0,0,,,0
bu_2026-01-10_umass,2025-26,2026-01-10,UMass,Boston U.,opponent,34,"Eiserman,Cole",0,0,0,2,2,1,5,0,,,1
bu_2026-01-10_umass,2025-26,2026-01-10,UMass,Boston U.,opponent,38,"Bednarik,Kamil",0,0,0,0,0,0,0,0,11-16,,1
bu_2026-01-10_umass,2025-26,2026-01-10,UMass,Boston U.,opponent,40,"Yegorov,Mikhail",0,0,0,0,0,0,0,0,,,0
bu_2026-01-10_umass,2025-26,2026-01-10,UMass,Boston U.,opponent,44,"Hutson,Cole",0,0,0,0,0,0,0,0,,,0
bu_2026-01-10_umass,2025-26,2026-01-10,UMass,Boston U.,opponent,57,"Vass,Malte",0,0,0,0,0,1,1,-1,,,0
bu_2026-01-10_umass,2025-26,2026-01-10,UMass,Boston U.,opponent,78,"Boumedienne,Sascha",0,0,0,1,0,1,2,-1,,,2
bu_2026-01-10_umass,2025-26,2026-01-10,UMass,Boston U.,opponent,91,"Trethewey,Charlie",0,0,0,1,0,0,1,0,,,0
bu_2026-01-12_harvard,2025-26,2026-01-12,Harvard,Boston U.,opponent,1,"Luciano,Steven",0,0,0,0,0,0,0,0,,,0
bu_2026-01-12_harvard,2025-26,2026-01-12,Harvard,Boston U.,opponent,2,"McCarthy,Gavin",0,1,1,0,1,0,1,2,,,0
bu_2026-01-12_harvard,2025-26,2026-01-12,Harvard,Boston U.,opponent,7,"Roukounakis,Nick",0,0,0,0,0,0,0,1,,,1
bu_2026-01-12_harvard,2025-26,2026-01-12,Harvard,Boston U.,opponent,8,"Svoboda,Brandon",0,0,0,0,0,0,0,0,,,0
bu_2026-01-12_harvard,2025-26,2026-01-12,Harvard,Boston U.,opponent,9,"Boisvert,Sacha",1,1,2,0,0,1,1,2,7-15,,1
bu_2026-01-12_harvard,2025-26,2026-01-12,Harvard,Boston U.,opponent,10,"Morello,Jonathan",1,1,2,0,1,2,3,2,9-13,,0
bu_2026-01-12_harvard,2025-26,2026-01-12,Harvard,Boston U.,opponent,11,"Lawrence,Tynan",0,0,0,0,0,1,1,0,8-16,,0
bu_2026-01-12_harvard,2025-26,2026-01-12,Harvard,Boston U.,opponent,12,"Harvey,Jack",0,0,0,0,2,1,3,2,,,0
bu_2026-01-12_harvard,2025-26,2026-01-12,Harvard,Boston U.,opponent,14,"Frechette,Mick",0,0,0,1,0,0,1,-1,,,0
bu_2026-01-12_harvard,2025-26,2026-01-12,Harvard,Boston U.,opponent,15,"Amico,Carter",0,0,0,0,0,0,0,0,,,0
bu_2026-01-12_harvard,2025-26,2026-01-12,Harvard,Boston U.,opponent,16,"Fondrk,Conrad",1,0,1,1,1,0,2,1,,,0
bu_2026-01-12_harvard,2025-26,2026-01-12,Harvard,Boston U.,opponent,18,"Feldberg,Jay",0,0,0,0,0,0,0,0,,,0
bu_2026-01-12_harvard,2025-26,2026-01-12,Harvard,Boston U.,opponent,19,"Murtagh,Jack",0,0,0,1,0,0,1,-1,,1-2,1
bu_2026-01-12_harvard,2025-26,2026-01-12,Harvard,Boston U.,opponent,21,"Ritchie,Ryder",0,0,0,1,0,1,2,1,,,0
bu_2026-01-12_harvard,2025-26,2026-01-12,Harvard,Boston U.,opponent,22,"Celebrini,Aiden",0,1,1,0,3,2,5,2,,,3
bu_2026-01-12_harvard,2025-26,2026-01-12,Harvard,Boston U.,opponent,23,"McLaughlin,Owen",0,0,0,0,0,0,0,-1,,,0
bu_2026-01-12_harvard,2025-26,2026-01-12,Harvard,Boston U.,opponent,25,"Merrill,Ben",1,0,1,1,0,1,2,1,,,0
bu_2026-01-12_harvard,2025-26,2026-01-12,Harvard,Boston U.,opponent,26,"McNelis,John",0,0,0,0,0,0,0,0,,,0
bu_2026-01-12_harvard,2025-26,2026-01-12,Harvard,Boston U.,opponent,27,"Kim,Kyle",0,0,0,0,0,0,0,0,,,0
bu_2026-01-12_harvard,2025-26,2026-01-12,Harvard,Boston U.,opponent,30,"Perry,Jack",0,0,0,0,0,0,0,0,,,0
bu_2026-01-12_harvard,2025-26,2026-01-12,Harvard,Boston U.,opponent,33,"Lacroix,Max",0,0,0,0,0,0,0,0,,,0
bu_2026-01-12_harvard,2025-26,2026-01-12,Harvard,Boston U.,opponent,34,"Eiserman,Cole",0,1,1,0,3,0,3,1,,,0
bu_2026-01-12_harvard,2025-26,2026-01-12,Harvard,Boston U.,opponent,38,"Bednarik,Kamil",0,1,1,0,1,0,1,0,9-18,,2
bu_2026-01-12_harvard,2025-26,2026-01-12,Harvard,Boston U.,opponent,40,"Yegorov,Mikhail",0,0,0,0,0,0,0,0,,,0
bu_2026-01-12_harvard,2025-26,2026-01-12,Harvard,Boston U.,opponent,44,"Hutson,Cole",0,1,1,1,1,2,4,1,,,2
bu_2026-01-12_harvard,2025-26,2026-01-12,Harvard,Boston U.,opponent,57,"Vass,Malte",0,0,0,0,0,0,0,0,,,0
bu_2026-01-12_harvard,2025-26,2026-01-12,Harvard,Boston U.,opponent,78,"Boumedienne,Sascha",0,1,1,0,1,0,1,2,,,0
bu_2026-01-12_harvard,2025-26,2026-01-12,Harvard,Boston U.,opponent,91,"Trethewey,Charlie",0,0,0,1,1,0,2,0,,,2
bu_2026-01-12_harvard,2025-26,2026-01-12,Harvard,Harvard,opponent,1,"Zhang,Evan",0,0,0,0,0,0,0,0,,,0
bu_2026-01-12_harvard,2025-26,2026-01-12,Harvard,Harvard,opponent,2,"Hejduk,David",0,0,0,0,0,0,0,0,,,0
bu_2026-01-12_harvard,2025-26,2026-01-12,Harvard,Harvard,opponent,3,"Biotti,Matthew",0,0,0,0,1,0,1,0,,,1
bu_2026-01-12_harvard,2025-26,2026-01-12,Harvard,Harvard,opponent,5,"Keohane,Sean",0,0,0,0,1,1,2,0,,,0
bu_2026-01-12_harvard,2025-26,2026-01-12,Harvard,Harvard,opponent,6,"Gallant,Richard",0,0,0,0,2,2,4,-1,,,0
bu_2026-01-12_harvard,2025-26,2026-01-12,Harvard,Harvard,opponent,7,"Tresca,Philip",0,0,0,1,1,0,2,-1,,,0
bu_2026-01-12_harvard,2025-26,2026-01-12,Harvard,Harvard,opponent,8,"Callow,Michael",0,0,0,0,0,0,0,0,,,0
bu_2026-01-12_harvard,2025-26,2026-01-12,Harvard,Harvard,opponent,9,"Healey,Ryan",0,0,0,2,0,1,3,-3,,,0
bu_2026-01-12_harvard,2025-26,2026-01-12,Harvard,Harvard,opponent,10,"Fine,Ryan",0,1,1,0,0,0,0,0,,,0
bu_2026-01-12_harvard,2025-26,2026-01-12,Harvard,Harvard,opponent,11,"Solovey,Justin",0,0,0,0,0,0,0,-1,,,0
bu_2026-01-12_harvard,2025-26,2026-01-12,Harvard,Harvard,opponent,12,"Miller,Joe",1,0,1,1,0,1,2,-1,1-1,,0
bu_2026-01-12_harvard,2025-26,2026-01-12,Harvard,Harvard,opponent,13,"Hejduk,Marek",0,0,0,0,0,0,0,0,,,0
bu_2026-01-12_harvard,2025-26,2026-01-12,Harvard,Harvard,opponent,14,"Morden,Matthew",0,0,0,0,0,0,0,0,,,0
bu_2026-01-12_harvard,2025-26,2026-01-12,Harvard,Harvard,opponent,16,"McDonough,William",0,0,0,0,0,0,0,0,,,0
bu_2026-01-12_harvard,2025-26,2026-01-12,Harvard,Harvard,opponent,17,"Hughes,Will",0,0,0,0,0,0,0,-1,3-10,,1
bu_2026-01-12_harvard,2025-26,2026-01-12,Harvard,Harvard,opponent,18,"Bracco,Donato",0,0,0,0,0,1,1,-1,,,3
bu_2026-01-12_harvard,2025-26,2026-01-12,Harvard,Harvard,opponent,19,"MacDonald,Ben",0,0,0,0,1,0,1,-1,8-16,,0
bu_2026-01-12_harvard,2025-26,2026-01-12,Harvard,Harvard,opponent,20,"Murray,Drake",0,0,0,0,0,0,0,0,,,0
bu_2026-01-12_harvard,2025-26,2026-01-12,Harvard,Harvard,opponent,21,"Johnson,Cam",0,0,0,0,0,0,0,0,,,0
bu_2026-01-12_harvard,2025-26,2026-01-12,Harvard,Harvard,opponent,22,"Langenbrunner,Mason",0,1,1,0,1,0,1,0,,,3
bu_2026-01-12_harvard,2025-26,2026-01-12,Harvard,Harvard,opponent,23,"Guzzo,Salvatore",0,0,0,0,0,0,0,-1,,,0
bu_2026-01-12_harvard,2025-26,2026-01-12,Harvard,Harvard,opponent,24,"Stefanek,Chase",0,0,0,0,0,0,0,0,,,0
bu_2026-01-12_harvard,2025-26,2026-01-12,Harvard,Harvard,opponent,26,"St. Louis,Lucas",0,0,0,0,0,1,1,-2,,1-2,1
bu_2026-01-12_harvard,2025-26,2026-01-12,Harvard,Harvard,opponent,27,"Thompson,Mick",0,0,0,0,1,3,4,-1,,,0
bu_2026-01-12_harvard,2025-26,2026-01-12,Harvard,Harvard,opponent,28,"Ruohonen,Heikki",0,0,0,1,2,1,4,-1,8-17,,1
bu_2026-01-12_harvard,2025-26,2026-01-12,Harvard,Harvard,opponent,29,"Severo,Casey",0,0,0,3,0,0,3,-1,9-18,,0
bu_2026-01-12_harvard,2025-26,2026-01-12,Harvard,Harvard,opponent,31,"Charette,Ben",0,0,0,0,0,0,0,0,,,0
bu_2026-01-12_harvard,2025-26,2026-01-12,Harvard,Harvard,opponent,44,"Mackey,James",0,0,0,0,0,0,0,0,,,0
bu_2026-01-12_harvard,2025-26,2026-01-12,Harvard,Harvard,opponent,88,"Lane,Aidan",0,0,0,0,0,0,0,-1,,,0
bu_2026-01-17_umass_lowell,2025-26,2026-01-17,UMass Lowell,Boston U.,opponent,1,"Luciano,Steven",0,0,0,0,0,0,0,0,,,0
bu_2026-01-17_umass_lowell,2025-26,2026-01-17,UMass Lowell,Boston U.,opponent,2,"McCarthy,Gavin",0,1,1,0,1,0,1,3,,1-2,2
bu_2026-01-17_umass_lowell,2025-26,2026-01-17,UMass Lowell,Boston U.,opponent,7,"Roukounakis,Nick",1,0,1,1,0,2,3,1,,,0
bu_2026-01-17_umass_lowell,2025-26,2026-01-17,UMass Lowell,Boston U.,opponent,8,"Svoboda,Brandon",0,0,0,0,0,1,1,0,4-7,,0
bu_2026-01-17_umass_lowell,2025-26,2026-01-17,UMass Lowell,Boston U.,opponent,9,"Boisvert,Sacha",0,0,0,0,0,0,0,0,,,0
bu_2026-01-17_umass_lowell,2025-26,2026-01-17,UMass Lowell,Boston U.,opponent,10,"Morello,Jonathan",0,0,0,0,1,0,1,2,9-15,,1
bu_2026-01-17_umass_lowell,2025-26,2026-01-17,UMass Lowell,Boston U.,opponent,11,"Lawrence,Tynan",0,0,0,0,0,1,1,0,4-5,,4
bu_2026-01-17_umass_lowell,2025-26,2026-01-17,UMass Lowell,Boston U.,opponent,12,"Harvey,Jack",0,0,0,1,0,1,2,0,,,0
bu_2026-01-17_umass_lowell,2025-26,2026-01-17,UMass Lowell,Boston U.,opponent,14,"Frechette,Mick",0,0,0,0,1,0,1,0,,,2
bu_2026-01-17_umass_lowell,2025-26,2026-01-17,UMass Lowell,Boston U.,opponent,15,"Amico,Carter",0,0,0,0,0,0,0,0,,,0
bu_2026-01-17_umass_lowell,2025-26,2026-01-17,UMass Lowell,Boston U.,opponent,16,"Fondrk,Conrad",0,0,0,0,0,0,0,0,1-1,,1
bu_2026-01-17_umass_lowell,2025-26,2026-01-17,UMass Lowell,Boston U.,opponent,18,"Feldberg,Jay",0,0,0,0,0,0,0,0,,,0
bu_2026-01-17_umass_lowell,2025-26,2026-01-17,UMass Lowell,Boston U.,opponent,19,"Murtagh,Jack",0,0,0,1,0,0,1,0,1-1,,1
bu_2026-01-17_umass_lowell,2025-26,2026-01-17,UMass Lowell,Boston U.,opponent,21,"Ritchie,Ryder",0,0,0,0,0,1,1,1,,,1
bu_2026-01-17_umass_lowell,2025-26,2026-01-17,UMass Lowell,Boston U.,opponent,22,"Celebrini,Aiden",0,0,0,0,0,0,0,0,,,0
bu_2026-01-17_umass_lowell,2025-26,2026-01-17,UMass Lowell,Boston U.,opponent,23,"McLaughlin,Owen",0,1,1,0,0,0,0,1,1-1,,1
bu_2026-01-17_umass_lowell,2025-26,2026-01-17,UMass Lowell,Boston U.,opponent,25,"Merrill,Ben",1,0,1,0,0,1,1,1,1-1,,2
bu_2026-01-17_umass_lowell,2025-26,2026-01-17,UMass Lowell,Boston U.,opponent,26,"McNelis,John",0,0,0,0,0,0,0,0,,,0
bu_2026-01-17_umass_lowell,2025-26,2026-01-17,UMass Lowell,Boston U.,opponent,27,"Kim,Kyle",0,0,0,0,0,0,0,0,,,0
bu_2026-01-17_umass_lowell,2025-26,2026-01-17,UMass Lowell,Boston U.,opponent,30,"Perry,Jack",0,0,0,0,0,0,0,0,,,0
bu_2026-01-17_umass_lowell,2025-26,2026-01-17,UMass Lowell,Boston U.,opponent,33,"Lacroix,Max",0,0,0,0,0,0,0,0,,,0
bu_2026-01-17_umass_lowell,2025-26,2026-01-17,UMass Lowell,Boston U.,opponent,34,"Eiserman,Cole",0,0,0,0,2,0,2,1,,,2
bu_2026-01-17_umass_lowell,2025-26,2026-01-17,UMass Lowell,Boston U.,opponent,38,"Bednarik,Kamil",0,0,0,0,0,1,1,2,4-12,,3
bu_2026-01-17_umass_lowell,2025-26,2026-01-17,UMass Lowell,Boston U.,opponent,40,"Yegorov,Mikhail",0,0,0,0,0,0,0,0,,,0
bu_2026-01-17_umass_lowell,2025-26,2026-01-17,UMass Lowell,Boston U.,opponent,44,"Hutson,Cole",1,1,2,0,1,1,2,3,,2-4,0
bu_2026-01-17_umass_lowell,2025-26,2026-01-17,UMass Lowell,Boston U.,opponent,57,"Vass,Malte",0,0,0,1,0,0,1,0,,,0
bu_2026-01-17_umass_lowell,2025-26,2026-01-17,UMass Lowell,Boston U.,opponent,78,"Boumedienne,Sascha",0,0,0,0,0,0,0,0,,,0
bu_2026-01-17_umass_lowell,2025-26,2026-01-17,UMass Lowell,Boston U.,opponent,91,"Trethewey,Charlie",0,0,0,0,1,0,1,0,,,1
bu_2026-01-17_umass_lowell,2025-26,2026-01-17,UMass Lowell,UMass Lowell,opponent,2,"Buchbinder,Daniel",0,0,0,0,0,0,0,0,,,0
bu_2026-01-17_umass_lowell,2025-26,2026-01-17,UMass Lowell,UMass Lowell,opponent,3,"Rivelli,Dominick",0,0,0,0,0,0,0,0,,,0
bu_2026-01-17_umass_lowell,2025-26,2026-01-17,UMass Lowell,UMass Lowell,opponent,4,"Schweighardt,TJ",0,0,0,0,0,1,1,-2,,,4
bu_2026-01-17_umass_lowell,2025-26,2026-01-17,UMass Lowell,UMass Lowell,opponent,5,"Ahearn,Jay",0,0,0,0,0,1,1,-2,,,0
bu_2026-01-17_umass_lowell,2025-26,2026-01-17,UMass Lowell,UMass Lowell,opponent,6,"Johnson,James",0,0,0,0,0,0,0,0,,,0
bu_2026-01-17_umass_lowell,2025-26,2026-01-17,UMass Lowell,UMass Lowell,opponent,7,"Lonsdale,Cole",0,0,0,0,0,0,0,0,,,0
bu_2026-01-17_umass_lowell,2025-26,2026-01-17,UMass Lowell,UMass Lowell,opponent,8,"Moriello,Jaiden",0,0,0,0,0,0,0,0,,,0
bu_2026-01-17_umass_lowell,2025-26,2026-01-17,UMass Lowell,UMass Lowell,opponent,9,"Collins,Jack",0,0,0,0,0,1,1,0,2-6,,0
bu_2026-01-17_umass_lowell,2025-26,2026-01-17,UMass Lowell,UMass Lowell,opponent,10,"Delaney,Chris",0,0,0,1,2,1,4,0,,,0
bu_2026-01-17_umass_lowell,2025-26,2026-01-17,UMass Lowell,UMass Lowell,opponent,11,"Mathurin,Tnias",0,0,0,0,0,0,0,0,,,0
bu_2026-01-17_umass_lowell,2025-26,2026-01-17,UMass Lowell,UMass Lowell,opponent,12,"Shipley,Luke",0,0,0,1,0,1,2,-1,,,0
bu_2026-01-17_umass_lowell,2025-26,2026-01-17,UMass Lowell,UMass Lowell,opponent,13,"Misskey,Nate",0,0,0,0,0,1,1,-1,,,1
bu_2026-01-17_umass_lowell,2025-26,2026-01-17,UMass Lowell,UMass Lowell,opponent,14,"Wakely,Dalyn",0,0,0,1,0,2,3,-1,4-11,1-2,0
bu_2026-01-17_umass_lowell,2025-26,2026-01-17,UMass Lowell,UMass Lowell,opponent,15,"Adaszynski,David",0,0,0,1,0,0,1,0,1-2,,1
bu_2026-01-17_umass_lowell,2025-26,2026-01-17,UMass Lowell,UMass Lowell,opponent,17,"Buttazzoni,Mirko",0,0,0,0,0,0,0,0,,,0
bu_2026-01-17_umass_lowell,2025-26,2026-01-17,UMass Lowell,UMass Lowell,opponent,18,"Kilcullen,Sean",0,0,0,0,0,1,1,0,,,2
bu_2026-01-17_umass_lowell,2025-26,2026-01-17,UMass Lowell,UMass Lowell,opponent,19,"Bentley,Dillan",0,0,0,0,2,2,4,-2,6-12,,0
bu_2026-01-17_umass_lowell,2025-26,2026-01-17,UMass Lowell,UMass Lowell,opponent,20,"Nemec,Libor",0,0,0,0,0,0,0,-2,1-3,,0
bu_2026-01-17_umass_lowell,2025-26,2026-01-17,UMass Lowell,UMass Lowell,opponent,21,"Eddy,Connor",0,0,0,0,0,0,0,0,,,0
bu_2026-01-17_umass_lowell,2025-26,2026-01-17,UMass Lowell,UMass Lowell,opponent,22,"Mori,Josh",0,0,0,0,0,0,0,-1,,1-2,0
bu_2026-01-17_umass_lowell,2025-26,2026-01-17,UMass Lowell,UMass Lowell,opponent,23,"Parks,Lee",0,0,0,0,0,0,0,0,,,0
bu_2026-01-17_umass_lowell,2025-26,2026-01-17,UMass Lowell,UMass Lowell,opponent,26,"MacDonald,Jacob",0,0,0,1,0,1,2,-1,,1-2,0
bu_2026-01-17_umass_lowell,2025-26,2026-01-17,UMass Lowell,UMass Lowell,opponent,27,"Payne,Dominic",0,0,0,1,1,0,2,-1,,,1
bu_2026-01-17_umass_lowell,2025-26,2026-01-17,UMass Lowell,UMass Lowell,opponent,29,"Vaarwerk,Jak",0,0,0,0,0,0,0,-1,5-10,,0
bu_2026-01-17_umass_lowell,2025-26,2026-01-17,UMass Lowell,UMass Lowell,opponent,30,"Goich,Niko",0,0,0,0,0,0,0,0,,,0
bu_2026-01-17_umass_lowell,2025-26,2026-01-17,UMass Lowell,UMass Lowell,opponent,31,"Elliott,Austin",0,0,0,0,0,0,0,0,,,0
bu_2026-01-17_umass_lowell,2025-26,2026-01-17,UMass Lowell,UMass Lowell,opponent,33,"Richard,Samuel",0,0,0,0,0,0,0,0,,,0
bu_2026-01-17_umass_lowell,2025-26,2026-01-17,UMass Lowell,UMass Lowell,opponent,53,"Classon,August",0,0,0,0,0,0,0,0,,,0
bu_2026-01-17_umass_lowell,2025-26,2026-01-17,UMass Lowell,UMass Lowell,opponent,90,"Buttazzoni,Diego",0,0,0,0,0,0,0,-1,,1-2,0
bu_2026-01-23_providence,2025-26,2026-01-23,Providence,Boston U.,opponent,1,"Luciano,Steven",0,0,0,0,0,0,0,0,,,0
bu_2026-01-23_providence,2025-26,2026-01-23,Providence,Boston U.,opponent,2,"McCarthy,Gavin",0,0,0,0,1,0,1,1,,3-6,3
bu_2026-01-23_providence,2025-26,2026-01-23,Providence,Boston U.,opponent,7,"Roukounakis,Nick",0,0,0,0,0,0,0,1,,,0
bu_2026-01-23_providence,2025-26,2026-01-23,Providence,Boston U.,opponent,8,"Svoboda,Brandon",0,2,2,0,0,0,0,1,6-11,1-2,1
bu_2026-01-23_providence,2025-26,2026-01-23,Providence,Boston U.,opponent,9,"Boisvert,Sacha",0,0,0,0,0,0,0,0,,,0
bu_2026-01-23_providence,2025-26,2026-01-23,Providence,Boston U.,opponent,10,"Morello,Jonathan",0,0,0,0,0,1,1,0,2-9,,1
bu_2026-01-23_providence,2025-26,2026-01-23,Providence,Boston U.,opponent,11,"Lawrence,Tynan",1,0,1,1,0,1,2,0,8-18,,0
bu_2026-01-23_providence,2025-26,2026-01-23,Providence,Boston U.,opponent,12,"Harvey,Jack",0,0,0,0,0,0,0,0,,,0
bu_2026-01-23_providence,2025-26,2026-01-23,Providence,Boston U.,opponent,14,"Frechette,Mick",0,0,0,0,0,0,0,-2,,,2
bu_2026-01-23_providence,2025-26,2026-01-23,Providence,Boston U.,opponent,15,"Amico,Carter",0,0,0,0,0,0,0,0,,,0
bu_2026-01-23_providence,2025-26,2026-01-23,Providence,Boston U.,opponent,16,"Fondrk,Conrad",0,0,0,0,0,0,0,0,,,2
bu_2026-01-23_providence,2025-26,2026-01-23,Providence,Boston U.,opponent,18,"Feldberg,Jay",0,0,0,0,0,0,0,0,,,0
bu_2026-01-23_providence,2025-26,2026-01-23,Providence,Boston U.,opponent,19,"Murtagh,Jack",0,0,0,0,0,0,0,0,,,2
bu_2026-01-23_providence,2025-26,2026-01-23,Providence,Boston U.,opponent,21,"Ritchie,Ryder",0,0,0,0,0,0,0,-1,,1-2,0
bu_2026-01-23_providence,2025-26,2026-01-23,Providence,Boston U.,opponent,22,"Celebrini,Aiden",0,0,0,1,0,0,1,1,,2-4,1
bu_2026-01-23_providence,2025-26,2026-01-23,Providence,Boston U.,opponent,23,"McLaughlin,Owen",0,0,0,0,0,0,0,1,,,0
bu_2026-01-23_providence,2025-26,2026-01-23,Providence,Boston U.,opponent,25,"Merrill,Ben",0,0,0,0,1,0,1,0,,,1
bu_2026-01-23_providence,2025-26,2026-01-23,Providence,Boston U.,opponent,26,"McNelis,John",0,0,0,0,0,0,0,0,,,0
bu_2026-01-23_providence,2025-26,2026-01-23,Providence,Boston U.,opponent,27,"Kim,Kyle",0,0,0,0,0,0,0,0,,,0
bu_2026-01-23_providence,2025-26,2026-01-23,Providence,Boston U.,opponent,30,"Perry,Jack",0,0,0,0,0,0,0,0,,,0
bu_2026-01-23_providence,2025-26,2026-01-23,Providence,Boston U.,opponent,33,"Lacroix,Max",0,0,0,0,0,0,0,0,,,0
bu_2026-01-23_providence,2025-26,2026-01-23,Providence,Boston U.,opponent,34,"Eiserman,Cole",2,0,2,1,1,6,8,1,,,1
bu_2026-01-23_providence,2025-26,2026-01-23,Providence,Boston U.,opponent,38,"Bednarik,Kamil",0,0,0,0,0,0,0,0,5-14,,0
bu_2026-01-23_providence,2025-26,2026-01-23,Providence,Boston U.,opponent,40,"Yegorov,Mikhail",0,0,0,0,0,0,0,0,,,0
bu_2026-01-23_providence,2025-26,2026-01-23,Providence,Boston U.,opponent,44,"Hutson,Cole",0,0,0,1,3,0,4,1,,,1
bu_2026-01-23_providence,2025-26,2026-01-23,Providence,Boston U.,opponent,57,"Vass,Malte",0,0,0,0,0,0,0,0,,,0
bu_2026-01-23_providence,2025-26,2026-01-23,Providence,Boston U.,opponent,78,"Boumedienne,Sascha",0,0,0,0,0,0,0,1,,1-2,2
bu_2026-01-23_providence,2025-26,2026-01-23,Providence,Boston U.,opponent,91,"Trethewey,Charlie",0,0,0,0,0,0,0,0,,,0
bu_2026-01-23_providence,2025-26,2026-01-23,Providence,Providence,opponent,2,"Machu,Tomas",0,0,0,1,0,1,2,0,,1-2,2
bu_2026-01-23_providence,2025-26,2026-01-23,Providence,Providence,opponent,6,"Bales,Alexander",0,0,0,0,0,0,0,0,,,0
bu_2026-01-23_providence,2025-26,2026-01-23,Providence,Providence,opponent,9,"Malinoski,Hudson",1,0,1,1,1,2,4,0,6-12,,0
bu_2026-01-23_providence,2025-26,2026-01-23,Providence,Providence,opponent,10,"McCoy,Donovan",0,0,0,0,0,1,1,-2,,,0
bu_2026-01-23_providence,2025-26,2026-01-23,Providence,Providence,opponent,11,"Gamache,Graham",0,1,1,0,0,2,2,0,5-7,,1
bu_2026-01-23_providence,2025-26,2026-01-23,Providence,Providence,opponent,13,"McEnery,Geno",0,0,0,0,0,0,0,0,,,0
bu_2026-01-23_providence,2025-26,2026-01-23,Providence,Providence,opponent,14,"Kivioja,Aleksi",1,0,1,0,1,1,2,-1,8-13,,1
bu_2026-01-23_providence,2025-26,2026-01-23,Providence,Providence,opponent,15,"Elger,Will",0,1,1,2,0,2,4,0,,,0
bu_2026-01-23_providence,2025-26,2026-01-23,Providence,Providence,opponent,16,"Fauchon,Jonathan",0,0,0,1,0,0,1,1,1-2,1-2,0
bu_2026-01-23_providence,2025-26,2026-01-23,Providence,Providence,opponent,17,"Jelsma,Beau",0,0,0,0,0,0,0,-1,,,0
bu_2026-01-23_providence,2025-26,2026-01-23,Providence,Providence,opponent,18,"Ross,Brendan",0,0,0,0,0,0,0,0,,,0
bu_2026-01-23_providence,2025-26,2026-01-23,Providence,Providence,opponent,19,"Adams,Tanner",0,0,0,0,0,0,0,0,,,0
bu_2026-01-23_providence,2025-26,2026-01-23,Providence,Providence,opponent,20,"McCallum,Kale",1,0,1,0,2,3,5,1,,,1
bu_2026-01-23_providence,2025-26,2026-01-23,Providence,Providence,opponent,21,"Mustard,John",0,1,1,2,3,1,6,0,,,1
bu_2026-01-23_providence,2025-26,2026-01-23,Providence,Providence,opponent,22,"Levens,Clint",0,1,1,1,0,0,2,0,,,1
bu_2026-01-23_providence,2025-26,2026-01-23,Providence,Providence,opponent,23,"Centrella,Andrew",0,0,0,1,0,0,1,-2,,,0
bu_2026-01-23_providence,2025-26,2026-01-23,Providence,Providence,opponent,24,"Mantei,Quinn",0,0,0,2,0,0,2,1,,1-2,3
bu_2026-01-23_providence,2025-26,2026-01-23,Providence,Providence,opponent,26,"Sumpf,Julius",0,1,1,0,2,1,3,-2,2-3,,1
bu_2026-01-23_providence,2025-26,2026-01-23,Providence,Providence,opponent,27,"Rybakov,Alex",0,0,0,0,0,0,0,0,,,0
bu_2026-01-23_providence,2025-26,2026-01-23,Providence,Providence,opponent,28,"Masa,Martin",0,0,0,0,0,0,0,0,,,1
bu_2026-01-23_providence,2025-26,2026-01-23,Providence,Providence,opponent,29,"McQueen,Roger",0,1,1,0,0,0,0,0,11-17,1-2,0
bu_2026-01-23_providence,2025-26,2026-01-23,Providence,Providence,opponent,30,"Parsons,Jack",0,0,0,0,0,0,0,0,,,0
bu_2026-01-23_providence,2025-26,2026-01-23,Providence,Providence,opponent,31,"Simpson,Michael",0,0,0,0,0,0,0,0,,,0
bu_2026-01-23_providence,2025-26,2026-01-23,Providence,Providence,opponent,33,"Matthews,Aaron",0,0,0,0,0,0,0,0,,,0
bu_2026-01-23_providence,2025-26,2026-01-23,Providence,Providence,opponent,34,"Sawyer,Logan",1,0,1,4,1,0,5,0,,,0
bu_2026-01-23_providence,2025-26,2026-01-23,Providence,Providence,opponent,35,"Svedebäck,Philip",0,0,0,0,0,0,0,0,,,0
bu_2026-01-24_providence,2025-26,2026-01-24,Providence,Providence,opponent,2,"Machu,Tomas",0,0,0,2,0,1,3,2,,,1
bu_2026-01-24_providence,2025-26,2026-01-24,Providence,Providence,opponent,6,"Bales,Alexander",0,0,0,1,0,0,1,3,,,0
bu_2026-01-24_providence,2025-26,2026-01-24,Providence,Providence,opponent,9,"Malinoski,Hudson",0,0,0,1,0,1,2,1,4-12,,1
bu_2026-01-24_providence,2025-26,2026-01-24,Providence,Providence,opponent,10,"McCoy,Donovan",0,0,0,0,0,0,0,0,,,0
bu_2026-01-24_providence,2025-26,2026-01-24,Providence,Providence,opponent,11,"Gamache,Graham",0,1,1,1,0,0,1,2,3-8,,0
bu_2026-01-24_providence,2025-26,2026-01-24,Providence,Providence,opponent,13,"McEnery,Geno",0,0,0,0,0,0,0,0,,,0
bu_2026-01-24_providence,2025-26,2026-01-24,Providence,Providence,opponent,14,"Kivioja,Aleksi",0,1,1,1,0,1,2,1,5-8,1-2,1
bu_2026-01-24_providence,2025-26,2026-01-24,Providence,Providence,opponent,15,"Elger,Will",0,0,0,0,0,0,0,0,,,1
bu_2026-01-24_providence,2025-26,2026-01-24,Providence,Providence,opponent,16,"Fauchon,Jonathan",0,0,0,0,1,0,1,0,,,0
bu_2026-01-24_providence,2025-26,2026-01-24,Providence,Providence,opponent,17,"Jelsma,Beau",0,0,0,0,0,0,0,0,,,0
bu_2026-01-24_providence,2025-26,2026-01-24,Providence,Providence,opponent,18,"Ross,Brendan",0,0,0,0,0,0,0,0,,,0
bu_2026-01-24_providence,2025-26,2026-01-24,Providence,Providence,opponent,19,"Adams,Tanner",2,0,2,0,0,4,4,2,,,1
bu_2026-01-24_providence,2025-26,2026-01-24,Providence,Providence,opponent,20,"McCallum,Kale",0,0,0,1,1,0,2,0,,,0
bu_2026-01-24_providence,2025-26,2026-01-24,Providence,Providence,opponent,21,"Mustard,John",1,0,1,1,1,0,2,1,,2-15,0
bu_2026-01-24_providence,2025-26,2026-01-24,Providence,Providence,opponent,22,"Levens,Clint",0,1,1,0,0,0,0,1,,1-2,0
bu_2026-01-24_providence,2025-26,2026-01-24,Providence,Providence,opponent,23,"Centrella,Andrew",0,0,0,0,0,0,0,2,,,2
bu_2026-01-24_providence,2025-26,2026-01-24,Providence,Providence,opponent,24,"Mantei,Quinn",0,0,0,0,0,0,0,0,,,4
bu_2026-01-24_providence,2025-26,2026-01-24,Providence,Providence,opponent,26,"Sumpf,Julius",1,1,2,0,1,1,2,3,3-4,,2
bu_2026-01-24_providence,2025-26,2026-01-24,Providence,Providence,opponent,27,"Rybakov,Alex",0,1,1,1,1,0,2,1,,,0
bu_2026-01-24_providence,2025-26,2026-01-24,Providence,Providence,opponent,28,"Masa,Martin",0,0,0,0,0,0,0,0,,,2
bu_2026-01-24_providence,2025-26,2026-01-24,Providence,Providence,opponent,29,"McQueen,Roger",0,1,1,0,0,1,1,1,7-11,,0
bu_2026-01-24_providence,2025-26,2026-01-24,Providence,Providence,opponent,30,"Parsons,Jack",0,0,0,0,0,0,0,0,,,0
bu_2026-01-24_providence,2025-26,2026-01-24,Providence,Providence,opponent,31,"Simpson,Michael",0,0,0,0,0,0,0,0,,,0
bu_2026-01-24_providence,2025-26,2026-01-24,Providence,Providence,opponent,33,"Matthews,Aaron",0,0,0,0,0,0,0,0,,,0
bu_2026-01-24_providence,2025-26,2026-01-24,Providence,Providence,opponent,34,"Sawyer,Logan",0,0,0,0,1,2,3,0,,,0
bu_2026-01-24_providence,2025-26,2026-01-24,Providence,Providence,opponent,35,"Svedebäck,Philip",0,0,0,0,0,0,0,0,,,0
bu_2026-01-24_providence,2025-26,2026-01-24,Providence,Boston University,bu,1,"Luciano,Steven",0,0,0,0,0,0,0,0,,,0
bu_2026-01-24_providence,2025-26,2026-01-24,Providence,Boston University,bu,2,"McCarthy,Gavin",0,0,0,1,0,1,2,-3,,1-2,0
bu_2026-01-24_providence,2025-26,2026-01-24,Providence,Boston University,bu,7,"Roukounakis,Nick",0,0,0,0,0,0,0,-1,,,0
bu_2026-01-24_providence,2025-26,2026-01-24,Providence,Boston University,bu,8,"Svoboda,Brandon",0,0,0,0,0,0,0,0,1-2,,0
bu_2026-01-24_providence,2025-26,2026-01-24,Providence,Boston University,bu,9,"Boisvert,Sacha",0,0,0,0,0,0,0,0,,,0
bu_2026-01-24_providence,2025-26,2026-01-24,Providence,Boston University,bu,10,"Morello,Jonathan",0,0,0,0,1,0,1,-1,3-7,,0
bu_2026-01-24_providence,2025-26,2026-01-24,Providence,Boston University,bu,11,"Lawrence,Tynan",0,0,0,2,2,0,4,-2,13-25,1-2,0
bu_2026-01-24_providence,2025-26,2026-01-24,Providence,Boston University,bu,12,"Harvey,Jack",0,0,0,0,1,0,1,-2,,,1
bu_2026-01-24_providence,2025-26,2026-01-24,Providence,Boston University,bu,14,"Frechette,Mick",0,0,0,0,0,0,0,0,,,0
bu_2026-01-24_providence,2025-26,2026-01-24,Providence,Boston University,bu,15,"Amico,Carter",0,0,0,0,0,0,0,0,,,0
bu_2026-01-24_providence,2025-26,2026-01-24,Providence,Boston University,bu,16,"Fondrk,Conrad",0,0,0,1,1,0,2,-1,,,0
bu_2026-01-24_providence,2025-26,2026-01-24,Providence,Boston University,bu,18,"Feldberg,Jay",0,0,0,0,0,0,0,0,,,0
bu_2026-01-24_providence,2025-26,2026-01-24,Providence,Boston University,bu,19,"Murtagh,Jack",0,0,0,0,1,0,1,0,,,0
bu_2026-01-24_providence,2025-26,2026-01-24,Providence,Boston University,bu,21,"Ritchie,Ryder",0,0,0,1,2,0,3,-1,,,1
bu_2026-01-24_providence,2025-26,2026-01-24,Providence,Boston University,bu,22,"Celebrini,Aiden",0,0,0,1,1,2,4,0,,,2
bu_2026-01-24_providence,2025-26,2026-01-24,Providence,Boston University,bu,23,"McLaughlin,Owen",0,0,0,0,0,0,0,-1,,,0
bu_2026-01-24_providence,2025-26,2026-01-24,Providence,Boston University,bu,25,"Merrill,Ben",0,0,0,0,1,0,1,-1,,1-2,1
bu_2026-01-24_providence,2025-26,2026-01-24,Providence,Boston University,bu,26,"McNelis,John",0,0,0,0,0,0,0,0,,,0
bu_2026-01-24_providence,2025-26,2026-01-24,Providence,Boston University,bu,27,"Kim,Kyle",0,0,0,0,0,0,0,0,,,0
bu_2026-01-24_providence,2025-26,2026-01-24,Providence,Boston University,bu,30,"Perry,Jack",0,0,0,0,0,0,0,0,,,0
bu_2026-01-24_providence,2025-26,2026-01-24,Providence,Boston University,bu,33,"Lacroix,Max",0,0,0,0,0,0,0,0,,,0
bu_2026-01-24_providence,2025-26,2026-01-24,Providence,Boston University,bu,34,"Eiserman,Cole",0,0,0,0,1,3,4,-2,,,0
bu_2026-01-24_providence,2025-26,2026-01-24,Providence,Boston University,bu,38,"Bednarik,Kamil",0,0,0,2,0,1,3,-1,5-7,,0
bu_2026-01-24_providence,2025-26,2026-01-24,Providence,Boston University,bu,40,"Yegorov,Mikhail",0,0,0,0,0,0,0,0,,,0
bu_2026-01-24_providence,2025-26,2026-01-24,Providence,Boston University,bu,44,"Hutson,Cole",0,0,0,0,0,4,4,-3,,,1
bu_2026-01-24_providence,2025-26,2026-01-24,Providence,Boston University,bu,57,"Vass,Malte",0,0,0,0,0,0,0,0,,,0
bu_2026-01-24_providence,2025-26,2026-01-24,Providence,Boston University,bu,78,"Boumedienne,Sascha",0,0,0,1,1,0,2,-1,,,1
bu_2026-01-24_providence,2025-26,2026-01-24,Providence,Boston University,bu,91,"Trethewey,Charlie",0,0,0,1,0,0,1,-1,,,2
bu_2026-01-30_boston_college,2025-26,2026-01-30,Boston College,Boston College,opponent,1,"Cloutier,Louka",0,0,0,0,0,0,0,0,,,0
bu_2026-01-30_boston_college,2025-26,2026-01-30,Boston College,Boston College,opponent,2,"Kostadinski,Kristian",0,0,0,0,0,0,0,2,,,0
bu_2026-01-30_boston_college,2025-26,2026-01-30,Boston College,Boston College,opponent,4,"Stiga,Teddy",0,0,0,0,0,0,0,0,,,0
bu_2026-01-30_boston_college,2025-26,2026-01-30,Boston College,Boston College,opponent,5,"Fortescue,Drew",0,0,0,1,0,0,1,2,,,1
bu_2026-01-30_boston_college,2025-26,2026-01-30,Boston College,Boston College,opponent,7,"Skahan,Will",0,0,0,0,0,0,0,0,,,2
bu_2026-01-30_boston_college,2025-26,2026-01-30,Boston College,Boston College,opponent,8,"Gustafsson,Lukas",0,0,0,0,1,1,2,1,,2-4,2
bu_2026-01-30_boston_college,2025-26,2026-01-30,Boston College,Boston College,opponent,9,"Hemming,Oscar",0,1,1,0,0,0,0,1,,,0
bu_2026-01-30_boston_college,2025-26,2026-01-30,Boston College,Boston College,opponent,10,"Hagens,James",1,1,2,1,2,1,4,3,1-3,2-4,2
bu_2026-01-30_boston_college,2025-26,2026-01-30,Boston College,Boston College,opponent,11,"Hagens,Michael",0,0,0,0,0,0,0,0,,,0
bu_2026-01-30_boston_college,2025-26,2026-01-30,Boston College,Boston College,opponent,12,"Sondreal,Jake",0,1,1,0,0,0,0,2,5-9,,0
bu_2026-01-30_boston_college,2025-26,2026-01-30,Boston College,Boston College,opponent,14,"Resendes,Landan",0,0,0,1,0,1,2,0,,,1
bu_2026-01-30_boston_college,2025-26,2026-01-30,Boston College,Boston College,opponent,15,"Jellvik,Oskar",0,0,0,0,0,0,0,0,,,0
bu_2026-01-30_boston_college,2025-26,2026-01-30,Boston College,Boston College,opponent,17,"Minnetian,Aram",0,0,0,0,1,0,1,2,,,2
bu_2026-01-30_boston_college,2025-26,2026-01-30,Boston College,Boston College,opponent,18,"Davey,Paul",0,0,0,0,0,0,0,0,,,0
bu_2026-01-30_boston_college,2025-26,2026-01-30,Boston College,Boston College,opponent,19,"Berard,Brady",1,0,1,1,1,2,4,1,4-7,,2
bu_2026-01-30_boston_college,2025-26,2026-01-30,Boston College,Boston College,opponent,22,"Vote,Will",0,1,1,0,0,0,0,1,,,0
bu_2026-01-30_boston_college,2025-26,2026-01-30,Boston College,Boston College,opponent,23,"Traeger,Will",0,0,0,0,0,0,0,0,,,0
bu_2026-01-30_boston_college,2025-26,2026-01-30,Boston College,Boston College,opponent,24,"Gasseau,Andre",1,1,2,1,0,2,3,2,8-23,,2
bu_2026-01-30_boston_college,2025-26,2026-01-30,Boston College,Boston College,opponent,26,"Radivojevic,Luka",0,0,0,1,0,0,1,0,,1-2,0
bu_2026-01-30_boston_college,2025-26,2026-01-30,Boston College,Boston College,opponent,27,"Joyce,Nolan",0,0,0,0,0,0,0,1,,,1
bu_2026-01-30_boston_college,2025-26,2026-01-30,Boston College,Boston College,opponent,28,"Delay,Timmy",0,0,0,0,0,0,0,0,,,0
bu_2026-01-30_boston_college,2025-26,2026-01-30,Boston College,Boston College,opponent,29,"Letourneau,Dean",1,1,2,0,1,1,2,2,3-9,,0
bu_2026-01-30_boston_college,2025-26,2026-01-30,Boston College,Boston College,opponent,30,"Korec,Jan",0,0,0,0,0,0,0,0,,,0
bu_2026-01-30_boston_college,2025-26,2026-01-30,Boston College,Boston College,opponent,31,"Musielak,Alex",0,0,0,0,0,0,0,0,,,0
bu_2026-01-30_boston_college,2025-26,2026-01-30,Boston College,Boston College,opponent,36,"Conmy,Ryan",0,0,0,0,0,0,0,0,,,0
bu_2026-01-30_boston_college,2025-26,2026-01-30,Boston College,Boston College,opponent,37,"Cornforth,Gavin",0,0,0,0,0,0,0,0,,,0
bu_2026-01-30_boston_college,2025-26,2026-01-30,Boston College,Boston College,opponent,40,"Moore,Will",0,0,0,1,0,0,1,0,3-4,,1
bu_2026-01-30_boston_college,2025-26,2026-01-30,Boston College,Boston University,bu,1,"Luciano,Steven",0,0,0,0,0,0,0,0,,,0
bu_2026-01-30_boston_college,2025-26,2026-01-30,Boston College,Boston University,bu,2,"McCarthy,Gavin",0,0,0,2,0,1,3,0,,1-2,3
bu_2026-01-30_boston_college,2025-26,2026-01-30,Boston College,Boston University,bu,7,"Roukounakis,Nick",0,0,0,1,0,0,1,-1,,1-2,1
bu_2026-01-30_boston_college,2025-26,2026-01-30,Boston College,Boston University,bu,8,"Svoboda,Brandon",0,0,0,0,0,0,0,-1,4-9,,1
bu_2026-01-30_boston_college,2025-26,2026-01-30,Boston College,Boston University,bu,9,"Boisvert,Sacha",0,0,0,0,2,1,3,-1,3-10,,1
bu_2026-01-30_boston_college,2025-26,2026-01-30,Boston College,Boston University,bu,10,"Morello,Jonathan",0,0,0,0,1,0,1,-2,4-6,2-4,0
bu_2026-01-30_boston_college,2025-26,2026-01-30,Boston College,Boston University,bu,11,"Lawrence,Tynan",0,0,0,2,1,1,4,-1,8-14,,0
bu_2026-01-30_boston_college,2025-26,2026-01-30,Boston College,Boston University,bu,12,"Harvey,Jack",1,0,1,0,1,2,3,0,,,1
bu_2026-01-30_boston_college,2025-26,2026-01-30,Boston College,Boston University,bu,14,"Frechette,Mick",0,0,0,0,0,1,1,-1,,,3
bu_2026-01-30_boston_college,2025-26,2026-01-30,Boston College,Boston University,bu,15,"Amico,Carter",0,0,0,0,0,0,0,0,,,0
bu_2026-01-30_boston_college,2025-26,2026-01-30,Boston College,Boston University,bu,16,"Fondrk,Conrad",0,0,0,1,0,0,1,-1,,,0
bu_2026-01-30_boston_college,2025-26,2026-01-30,Boston College,Boston University,bu,18,"Feldberg,Jay",0,0,0,0,0,0,0,0,,,0
bu_2026-01-30_boston_college,2025-26,2026-01-30,Boston College,Boston University,bu,19,"Murtagh,Jack",0,0,0,4,0,0,4,-2,,,1
bu_2026-01-30_boston_college,2025-26,2026-01-30,Boston College,Boston University,bu,21,"Ritchie,Ryder",0,0,0,1,1,0,2,0,1-1,,0
bu_2026-01-30_boston_college,2025-26,2026-01-30,Boston College,Boston University,bu,22,"Celebrini,Aiden",0,0,0,0,0,0,0,-1,,,3
bu_2026-01-30_boston_college,2025-26,2026-01-30,Boston College,Boston University,bu,23,"McLaughlin,Owen",0,0,0,0,0,0,0,0,,,0
bu_2026-01-30_boston_college,2025-26,2026-01-30,Boston College,Boston University,bu,25,"Merrill,Ben",0,1,1,1,1,1,3,-3,,1-2,0
bu_2026-01-30_boston_college,2025-26,2026-01-30,Boston College,Boston University,bu,26,"McNelis,John",0,0,0,0,0,0,0,0,,,0
bu_2026-01-30_boston_college,2025-26,2026-01-30,Boston College,Boston University,bu,27,"Kim,Kyle",0,0,0,0,0,0,0,0,,,0
bu_2026-01-30_boston_college,2025-26,2026-01-30,Boston College,Boston University,bu,30,"Perry,Jack",0,0,0,0,0,0,0,0,,,0
bu_2026-01-30_boston_college,2025-26,2026-01-30,Boston College,Boston University,bu,33,"Lacroix,Max",0,0,0,0,0,0,0,0,,,0
bu_2026-01-30_boston_college,2025-26,2026-01-30,Boston College,Boston University,bu,34,"Eiserman,Cole",0,1,1,0,0,1,1,-2,,,0
bu_2026-01-30_boston_college,2025-26,2026-01-30,Boston College,Boston University,bu,38,"Bednarik,Kamil",0,0,0,0,0,2,2,0,11-15,,1
bu_2026-01-30_boston_college,2025-26,2026-01-30,Boston College,Boston University,bu,40,"Yegorov,Mikhail",0,0,0,0,0,0,0,0,,,0
bu_2026-01-30_boston_college,2025-26,2026-01-30,Boston College,Boston University,bu,44,"Hutson,Cole",0,0,0,3,1,0,4,-1,,,1
bu_2026-01-30_boston_college,2025-26,2026-01-30,Boston College,Boston University,bu,57,"Vass,Malte",0,0,0,0,0,0,0,0,,,0
bu_2026-01-30_boston_college,2025-26,2026-01-30,Boston College,Boston University,bu,78,"Boumedienne,Sascha",0,0,0,0,0,0,0,-2,,,1
bu_2026-01-30_boston_college,2025-26,2026-01-30,Boston College,Boston University,bu,91,"Trethewey,Charlie",0,0,0,0,0,1,1,-2,,,3
bu_2026-02-02_northeastern,2025-26,2026-02-02,Northeastern,Northeastern,opponent,1,"Sigurdson,Quentin",0,0,0,0,0,0,0,0,,,0
bu_2026-02-02_northeastern,2025-26,2026-02-02,Northeastern,Northeastern,opponent,2,"Lemay,Joaquim",0,0,0,0,0,0,0,0,,,0
bu_2026-02-02_northeastern,2025-26,2026-02-02,Northeastern,Northeastern,opponent,4,"Compton,Dylan",0,0,0,0,2,0,2,0,,,2
bu_2026-02-02_northeastern,2025-26,2026-02-02,Northeastern,Northeastern,opponent,5,"Henry,Jack",0,1,1,0,0,0,0,-1,,,2
bu_2026-02-02_northeastern,2025-26,2026-02-02,Northeastern,Northeastern,opponent,6,"Badger,Grayson",0,0,0,0,0,0,0,0,,,0
bu_2026-02-02_northeastern,2025-26,2026-02-02,Northeastern,Northeastern,opponent,7,"Moore,Andy",0,0,0,0,0,0,0,-1,,1-2,1
bu_2026-02-02_northeastern,2025-26,2026-02-02,Northeastern,Northeastern,opponent,8,"Fisher,James",0,0,0,0,1,0,1,0,,,0
bu_2026-02-02_northeastern,2025-26,2026-02-02,Northeastern,Northeastern,opponent,9,"Jones,Noah",0,0,0,0,0,0,0,0,,,0
bu_2026-02-02_northeastern,2025-26,2026-02-02,Northeastern,Northeastern,opponent,10,"Fredericks,Ethan",0,0,0,0,0,0,0,0,,,0
bu_2026-02-02_northeastern,2025-26,2026-02-02,Northeastern,Northeastern,opponent,11,"Sebastian,Eli",0,0,0,0,0,1,1,0,1-5,,2
bu_2026-02-02_northeastern,2025-26,2026-02-02,Northeastern,Northeastern,opponent,13,"Hryckowian,Dylan",1,1,2,2,1,2,5,0,,,1
bu_2026-02-02_northeastern,2025-26,2026-02-02,Northeastern,Northeastern,opponent,14,"Connor,Joe",0,0,0,0,0,1,1,0,,,0
bu_2026-02-02_northeastern,2025-26,2026-02-02,Northeastern,Northeastern,opponent,15,"Martino,Giacomo",0,0,0,1,1,0,2,0,,,0
bu_2026-02-02_northeastern,2025-26,2026-02-02,Northeastern,Northeastern,opponent,17,"Erdman,Griffin",0,0,0,0,0,0,0,0,,,1
bu_2026-02-02_northeastern,2025-26,2026-02-02,Northeastern,Northeastern,opponent,19,"Lund,Marc",0,0,0,0,0,0,0,0,,,0
bu_2026-02-02_northeastern,2025-26,2026-02-02,Northeastern,Northeastern,opponent,21,"Pechar,Jack",0,0,0,1,0,0,1,0,,,0
bu_2026-02-02_northeastern,2025-26,2026-02-02,Northeastern,Northeastern,opponent,22,"Borgesi,Vinny",0,1,1,1,1,0,2,0,,,4
bu_2026-02-02_northeastern,2025-26,2026-02-02,Northeastern,Northeastern,opponent,24,"May,Austen",0,0,0,2,0,3,5,-1,,,3
bu_2026-02-02_northeastern,2025-26,2026-02-02,Northeastern,Northeastern,opponent,26,"Finlay,Dylan",0,0,0,0,1,0,1,0,,,1
bu_2026-02-02_northeastern,2025-26,2026-02-02,Northeastern,Northeastern,opponent,33,"Hajibi,Amine",0,1,1,0,0,0,0,0,,,0
bu_2026-02-02_northeastern,2025-26,2026-02-02,Northeastern,Northeastern,opponent,35,"DellaRusso,Matt",0,0,0,0,0,0,0,0,,,0
bu_2026-02-02_northeastern,2025-26,2026-02-02,Northeastern,Northeastern,opponent,47,"Zacher,Lawton",0,0,0,0,0,0,0,0,,,0
bu_2026-02-02_northeastern,2025-26,2026-02-02,Northeastern,Northeastern,opponent,51,"Perkins,Matthew",0,0,0,0,2,0,2,-1,9-20,,0
bu_2026-02-02_northeastern,2025-26,2026-02-02,Northeastern,Northeastern,opponent,81,"Mathieu,Jacob",1,0,1,0,1,0,1,0,11-23,,4
bu_2026-02-02_northeastern,2025-26,2026-02-02,Northeastern,Northeastern,opponent,91,"Fukakusa,Tyler",0,0,0,0,1,0,1,0,5-12,,1
bu_2026-02-02_northeastern,2025-26,2026-02-02,Northeastern,Northeastern,opponent,92,"Maltais,Matthew",0,0,0,1,0,0,1,-1,,,0
bu_2026-02-02_northeastern,2025-26,2026-02-02,Northeastern,Northeastern,opponent,93,"Messuri,Anthony",0,0,0,0,0,0,0,0,,,0
bu_2026-02-02_northeastern,2025-26,2026-02-02,Northeastern,Boston University,bu,1,"Luciano,Steven",0,0,0,0,0,0,0,0,,,0
bu_2026-02-02_northeastern,2025-26,2026-02-02,Northeastern,Boston University,bu,2,"McCarthy,Gavin",0,0,0,0,2,1,3,1,,1-2,1
bu_2026-02-02_northeastern,2025-26,2026-02-02,Northeastern,Boston University,bu,7,"Roukounakis,Nick",1,0,1,1,1,1,3,1,,,0
bu_2026-02-02_northeastern,2025-26,2026-02-02,Northeastern,Boston University,bu,8,"Svoboda,Brandon",0,0,0,0,0,0,0,0,7-13,,0
bu_2026-02-02_northeastern,2025-26,2026-02-02,Northeastern,Boston University,bu,9,"Boisvert,Sacha",0,0,0,1,0,0,1,-1,,,0
bu_2026-02-02_northeastern,2025-26,2026-02-02,Northeastern,Boston University,bu,10,"Morello,Jonathan",1,0,1,0,1,0,1,2,6-12,,0
bu_2026-02-02_northeastern,2025-26,2026-02-02,Northeastern,Boston University,bu,11,"Lawrence,Tynan",0,0,0,0,1,4,5,0,13-21,,1
bu_2026-02-02_northeastern,2025-26,2026-02-02,Northeastern,Boston University,bu,12,"Harvey,Jack",0,0,0,2,0,0,3,0,,,1
bu_2026-02-02_northeastern,2025-26,2026-02-02,Northeastern,Boston University,bu,14,"Frechette,Mick",0,0,0,0,0,0,0,0,,,1
bu_2026-02-02_northeastern,2025-26,2026-02-02,Northeastern,Boston University,bu,15,"Amico,Carter",0,0,0,0,0,0,0,0,,,0
bu_2026-02-02_northeastern,2025-26,2026-02-02,Northeastern,Boston University,bu,16,"Fondrk,Conrad",0,0,0,0,0,0,0,0,,,1
bu_2026-02-02_northeastern,2025-26,2026-02-02,Northeastern,Boston University,bu,18,"Feldberg,Jay",0,0,0,0,0,0,0,0,,,0
bu_2026-02-02_northeastern,2025-26,2026-02-02,Northeastern,Boston University,bu,19,"Murtagh,Jack",0,0,0,1,0,1,2,0,,,0
bu_2026-02-02_northeastern,2025-26,2026-02-02,Northeastern,Boston University,bu,21,"Ritchie,Ryder",0,0,0,0,0,1,1,1,,,0
bu_2026-02-02_northeastern,2025-26,2026-02-02,Northeastern,Boston University,bu,22,"Celebrini,Aiden",0,0,0,0,1,0,1,-1,,,0
bu_2026-02-02_northeastern,2025-26,2026-02-02,Northeastern,Boston University,bu,23,"McLaughlin,Owen",0,0,0,0,0,0,0,0,,,0
bu_2026-02-02_northeastern,2025-26,2026-02-02,Northeastern,Boston University,bu,25,"Merrill,Ben",0,0,0,1,1,3,5,0,,,0
bu_2026-02-02_northeastern,2025-26,2026-02-02,Northeastern,Boston University,bu,26,"McNelis,John",0,0,0,0,0,0,0,0,,,0
bu_2026-02-02_northeastern,2025-26,2026-02-02,Northeastern,Boston University,bu,27,"Kim,Kyle",0,0,0,0,0,0,0,0,,,0
bu_2026-02-02_northeastern,2025-26,2026-02-02,Northeastern,Boston University,bu,30,"Perry,Jack",0,0,0,0,0,0,0,0,,,0
bu_2026-02-02_northeastern,2025-26,2026-02-02,Northeastern,Boston University,bu,33,"Lacroix,Max",0,0,0,0,0,0,0,0,,,0
bu_2026-02-02_northeastern,2025-26,2026-02-02,Northeastern,Boston University,bu,34,"Eiserman,Cole",0,0,0,1,0,1,2,1,,,1
bu_2026-02-02_northeastern,2025-26,2026-02-02,Northeastern,Boston University,bu,38,"Bednarik,Kamil",0,0,0,0,1,0,1,-1,9-15,,0
bu_2026-02-02_northeastern,2025-26,2026-02-02,Northeastern,Boston University,bu,40,"Yegorov,Mikhail",0,0,0,0,0,0,0,0,,,0
bu_2026-02-02_northeastern,2025-26,2026-02-02,Northeastern,Boston University,bu,44,"Hutson,Cole",0,1,1,2,2,2,6,1,,,0
bu_2026-02-02_northeastern,2025-26,2026-02-02,Northeastern,Boston University,bu,57,"Vass,Malte",0,0,0,0,0,0,0,0,,,0
bu_2026-02-02_northeastern,2025-26,2026-02-02,Northeastern,Boston University,bu,78,"Boumedienne,Sascha",0,1,1,1,0,0,1,0,,,1
bu_2026-02-02_northeastern,2025-26,2026-02-02,Northeastern,Boston University,bu,91,"Trethewey,Charlie",0,1,1,1,1,1,3,1,,1-2,2
bu_2026-02-09_boston_college,2025-26,2026-02-09,Boston College,Boston University,bu,1,"Luciano,Steven",0,0,0,0,0,0,0,0,,,0
bu_2026-02-09_boston_college,2025-26,2026-02-09,Boston College,Boston University,bu,2,"McCarthy,Gavin",0,1,1,2,2,0,4,1,,,1
bu_2026-02-09_boston_college,2025-26,2026-02-09,Boston College,Boston University,bu,7,"Roukounakis,Nick",0,0,0,1,1,0,2,1,,,0
bu_2026-02-09_boston_college,2025-26,2026-02-09,Boston College,Boston University,bu,8,"Svoboda,Brandon",1,0,1,1,0,1,2,-1,6-10,,2
bu_2026-02-09_boston_college,2025-26,2026-02-09,Boston College,Boston University,bu,9,"Boisvert,Sacha",0,1,1,1,1,2,4,0,1-1,,0
bu_2026-02-09_boston_college,2025-26,2026-02-09,Boston College,Boston University,bu,10,"Morello,Jonathan",0,0,0,0,0,0,0,0,3-9,,1
bu_2026-02-09_boston_college,2025-26,2026-02-09,Boston College,Boston University,bu,11,"Lawrence,Tynan",0,1,1,0,0,1,1,0,12-20,,0
bu_2026-02-09_boston_college,2025-26,2026-02-09,Boston College,Boston University,bu,12,"Harvey,Jack",0,0,0,0,1,2,3,0,,,0
bu_2026-02-09_boston_college,2025-26,2026-02-09,Boston College,Boston University,bu,14,"Frechette,Mick",0,0,0,0,0,1,1,-1,,,0
bu_2026-02-09_boston_college,2025-26,2026-02-09,Boston College,Boston University,bu,15,"Amico,Carter",0,0,0,0,0,0,0,0,,,0
bu_2026-02-09_boston_college,2025-26,2026-02-09,Boston College,Boston University,bu,16,"Fondrk,Conrad",0,0,0,0,0,0,0,0,,,0
bu_2026-02-09_boston_college,2025-26,2026-02-09,Boston College,Boston University,bu,18,"Feldberg,Jay",0,0,0,0,0,0,0,0,,,0
bu_2026-02-09_boston_college,2025-26,2026-02-09,Boston College,Boston University,bu,19,"Murtagh,Jack",0,0,0,0,1,0,1,0,,,0
bu_2026-02-09_boston_college,2025-26,2026-02-09,Boston College,Boston University,bu,21,"Ritchie,Ryder",0,0,0,1,0,0,1,-1,1-2,2-4,0
bu_2026-02-09_boston_college,2025-26,2026-02-09,Boston College,Boston University,bu,22,"Celebrini,Aiden",0,0,0,1,0,0,1,-1,,,1
bu_2026-02-09_boston_college,2025-26,2026-02-09,Boston College,Boston University,bu,23,"McLaughlin,Owen",0,0,0,0,0,0,0,0,,,0
bu_2026-02-09_boston_college,2025-26,2026-02-09,Boston College,Boston University,bu,25,"Merrill,Ben",0,0,0,0,0,0,0,-1,,1-2,0
bu_2026-02-09_boston_college,2025-26,2026-02-09,Boston College,Boston University,bu,26,"McNelis,John",0,0,0,0,0,0,0,0,,,0
bu_2026-02-09_boston_college,2025-26,2026-02-09,Boston College,Boston University,bu,27,"Kim,Kyle",0,0,0,0,0,0,0,0,,,0
bu_2026-02-09_boston_college,2025-26,2026-02-09,Boston College,Boston University,bu,30,"Perry,Jack",0,0,0,0,0,0,0,0,,,0
bu_2026-02-09_boston_college,2025-26,2026-02-09,Boston College,Boston University,bu,33,"Lacroix,Max",0,0,0,0,0,0,0,0,,,0
bu_2026-02-09_boston_college,2025-26,2026-02-09,Boston College,Boston University,bu,34,"Eiserman,Cole",1,0,1,2,1,1,4,-3,,,0
bu_2026-02-09_boston_college,2025-26,2026-02-09,Boston College,Boston University,bu,38,"Bednarik,Kamil",0,0,0,0,0,0,0,-3,9-16,,0
bu_2026-02-09_boston_college,2025-26,2026-02-09,Boston College,Boston University,bu,40,"Yegorov,Mikhail",0,0,0,0,0,0,0,0,,,0
bu_2026-02-09_boston_college,2025-26,2026-02-09,Boston College,Boston University,bu,44,"Hutson,Cole",0,0,0,0,1,4,5,1,,1-2,0
bu_2026-02-09_boston_college,2025-26,2026-02-09,Boston College,Boston University,bu,57,"Vass,Malte",0,0,0,0,0,0,0,0,,,0
bu_2026-02-09_boston_college,2025-26,2026-02-09,Boston College,Boston University,bu,78,"Boumedienne,Sascha",0,0,0,0,0,0,0,-2,,,2
bu_2026-02-09_boston_college,2025-26,2026-02-09,Boston College,Boston University,bu,91,"Trethewey,Charlie",0,0,0,0,0,0,0,-1,,,2
bu_2026-02-09_boston_college,2025-26,2026-02-09,Boston College,Boston College,opponent,1,"Cloutier,Louka",0,0,0,0,0,0,0,0,,,0
bu_2026-02-09_boston_college,2025-26,2026-02-09,Boston College,Boston College,opponent,2,"Kostadinski,Kristian",0,0,0,0,0,0,0,1,,,2
bu_2026-02-09_boston_college,2025-26,2026-02-09,Boston College,Boston College,opponent,4,"Stiga,Teddy",0,2,2,2,1,0,3,2,,,0
bu_2026-02-09_boston_college,2025-26,2026-02-09,Boston College,Boston College,opponent,5,"Fortescue,Drew",0,0,0,0,1,0,1,1,,1-2,4
bu_2026-02-09_boston_college,2025-26,2026-02-09,Boston College,Boston College,opponent,7,"Skahan,Will",0,0,0,0,0,2,2,1,,,0
bu_2026-02-09_boston_college,2025-26,2026-02-09,Boston College,Boston College,opponent,8,"Gustafsson,Lukas",1,2,3,0,3,1,4,0,,,2
bu_2026-02-09_boston_college,2025-26,2026-02-09,Boston College,Boston College,opponent,9,"Hemming,Oscar",0,0,0,0,2,1,3,0,,,0
bu_2026-02-09_boston_college,2025-26,2026-02-09,Boston College,Boston College,opponent,10,"Hagens,James",0,2,2,0,1,0,1,1,2-2,1-2,0
bu_2026-02-09_boston_college,2025-26,2026-02-09,Boston College,Boston College,opponent,11,"Hagens,Michael",0,0,0,0,0,0,0,0,,,0
bu_2026-02-09_boston_college,2025-26,2026-02-09,Boston College,Boston College,opponent,12,"Sondreal,Jake",0,0,0,0,3,0,3,0,6-9,1-2,0
bu_2026-02-09_boston_college,2025-26,2026-02-09,Boston College,Boston College,opponent,14,"Resendes,Landan",0,0,0,0,0,1,1,-1,,,1
bu_2026-02-09_boston_college,2025-26,2026-02-09,Boston College,Boston College,opponent,15,"Jellvik,Oskar",0,0,0,0,0,0,0,0,,,0
bu_2026-02-09_boston_college,2025-26,2026-02-09,Boston College,Boston College,opponent,17,"Minnetian,Aram",0,0,0,0,1,1,2,1,,2-4,2
bu_2026-02-09_boston_college,2025-26,2026-02-09,Boston College,Boston College,opponent,18,"Davey,Paul",0,0,0,0,0,0,0,-1,,,0
bu_2026-02-09_boston_college,2025-26,2026-02-09,Boston College,Boston College,opponent,19,"Berard,Brady",0,0,0,1,1,1,3,0,1-4,,0
bu_2026-02-09_boston_college,2025-26,2026-02-09,Boston College,Boston College,opponent,22,"Vote,Will",2,0,2,0,1,1,2,2,,,2
bu_2026-02-09_boston_college,2025-26,2026-02-09,Boston College,Boston College,opponent,23,"Traeger,Will",0,0,0,0,0,0,0,0,,,0
bu_2026-02-09_boston_college,2025-26,2026-02-09,Boston College,Boston College,opponent,24,"Gasseau,Andre",2,0,2,1,0,1,2,0,10-24,,1
bu_2026-02-09_boston_college,2025-26,2026-02-09,Boston College,Boston College,opponent,26,"Radivojevic,Luka",0,0,0,1,0,2,3,1,,,3
bu_2026-02-09_boston_college,2025-26,2026-02-09,Boston College,Boston College,opponent,27,"Joyce,Nolan",0,0,0,0,0,0,0,-1,,,0
bu_2026-02-09_boston_college,2025-26,2026-02-09,Boston College,Boston College,opponent,28,"Delay,Timmy",0,0,0,0,0,0,0,0,,,0
bu_2026-02-09_boston_college,2025-26,2026-02-09,Boston College,Boston College,opponent,29,"Letourneau,Dean",1,0,1,1,1,2,4,2,9-17,,0
bu_2026-02-09_boston_college,2025-26,2026-02-09,Boston College,Boston College,opponent,30,"Korec,Jan",0,0,0,0,0,0,0,0,,,0
bu_2026-02-09_boston_college,2025-26,2026-02-09,Boston College,Boston College,opponent,31,"Musielak,Alex",0,0,0,0,0,0,0,0,,,0
bu_2026-02-09_boston_college,2025-26,2026-02-09,Boston College,Boston College,opponent,36,"Conmy,Ryan",0,4,4,1,1,2,4,1,,,0
bu_2026-02-09_boston_college,2025-26,2026-02-09,Boston College,Boston College,opponent,37,"Cornforth,Gavin",0,0,0,0,0,0,0,0,,,0
bu_2026-02-09_boston_college,2025-26,2026-02-09,Boston College,Boston College,opponent,40,"Moore,Will",0,0,0,0,0,0,0,0,,,0
bu_2026-02-13_new_hampshire,2025-26,2026-02-13,New Hampshire,Boston U.,opponent,1,"Luciano,Steven",0,0,0,0,0,0,0,0,,,0
bu_2026-02-13_new_hampshire,2025-26,2026-02-13,New Hampshire,Boston U.,opponent,2,"McCarthy,Gavin",0,0,0,0,2,2,4,-1,,,0
bu_2026-02-13_new_hampshire,2025-26,2026-02-13,New Hampshire,Boston U.,opponent,7,"Roukounakis,Nick",0,0,0,0,0,0,0,-1,,1-2,0
bu_2026-02-13_new_hampshire,2025-26,2026-02-13,New Hampshire,Boston U.,opponent,8,"Svoboda,Brandon",0,0,0,0,1,0,1,-1,,1-2,0
bu_2026-02-13_new_hampshire,2025-26,2026-02-13,New Hampshire,Boston U.,opponent,9,"Boisvert,Sacha",0,0,0,0,1,2,3,0,3-8,,0
bu_2026-02-13_new_hampshire,2025-26,2026-02-13,New Hampshire,Boston U.,opponent,10,"Morello,Jonathan",0,0,0,0,0,1,1,0,5-12,1-2,0
bu_2026-02-13_new_hampshire,2025-26,2026-02-13,New Hampshire,Boston U.,opponent,11,"Lawrence,Tynan",0,0,0,0,0,0,0,0,10-16,,0
bu_2026-02-13_new_hampshire,2025-26,2026-02-13,New Hampshire,Boston U.,opponent,12,"Harvey,Jack",0,0,0,1,0,2,3,-1,,,0
bu_2026-02-13_new_hampshire,2025-26,2026-02-13,New Hampshire,Boston U.,opponent,14,"Frechette,Mick",0,0,0,0,0,0,0,0,,,0
bu_2026-02-13_new_hampshire,2025-26,2026-02-13,New Hampshire,Boston U.,opponent,15,"Amico,Carter",0,0,0,0,0,0,0,0,,,0
bu_2026-02-13_new_hampshire,2025-26,2026-02-13,New Hampshire,Boston U.,opponent,16,"Fondrk,Conrad",0,0,0,0,1,0,1,0,1-1,,0
bu_2026-02-13_new_hampshire,2025-26,2026-02-13,New Hampshire,Boston U.,opponent,18,"Feldberg,Jay",0,0,0,0,0,0,0,0,,,0
bu_2026-02-13_new_hampshire,2025-26,2026-02-13,New Hampshire,Boston U.,opponent,19,"Murtagh,Jack",0,0,0,0,0,0,0,0,,,0
bu_2026-02-13_new_hampshire,2025-26,2026-02-13,New Hampshire,Boston U.,opponent,21,"Ritchie,Ryder",1,0,1,1,0,0,1,0,2-2,,0
bu_2026-02-13_new_hampshire,2025-26,2026-02-13,New Hampshire,Boston U.,opponent,22,"Celebrini,Aiden",0,0,0,0,1,0,1,-1,,,0
bu_2026-02-13_new_hampshire,2025-26,2026-02-13,New Hampshire,Boston U.,opponent,23,"McLaughlin,Owen",0,1,1,0,0,0,0,1,,,1
bu_2026-02-13_new_hampshire,2025-26,2026-02-13,New Hampshire,Boston U.,opponent,25,"Merrill,Ben",0,0,0,0,0,1,1,0,,,2
bu_2026-02-13_new_hampshire,2025-26,2026-02-13,New Hampshire,Boston U.,opponent,26,"McNelis,John",0,0,0,0,0,0,0,0,,,0
bu_2026-02-13_new_hampshire,2025-26,2026-02-13,New Hampshire,Boston U.,opponent,27,"Kim,Kyle",0,0,0,0,0,0,0,0,,,0
bu_2026-02-13_new_hampshire,2025-26,2026-02-13,New Hampshire,Boston U.,opponent,30,"Perry,Jack",0,0,0,0,0,0,0,0,,,0
bu_2026-02-13_new_hampshire,2025-26,2026-02-13,New Hampshire,Boston U.,opponent,33,"Lacroix,Max",0,0,0,0,0,0,0,0,,,0
bu_2026-02-13_new_hampshire,2025-26,2026-02-13,New Hampshire,Boston U.,opponent,34,"Eiserman,Cole",0,0,0,2,0,1,3,-1,,1-2,0
bu_2026-02-13_new_hampshire,2025-26,2026-02-13,New Hampshire,Boston U.,opponent,38,"Bednarik,Kamil",0,0,0,1,1,0,2,-1,13-19,,0
bu_2026-02-13_new_hampshire,2025-26,2026-02-13,New Hampshire,Boston U.,opponent,40,"Yegorov,Mikhail",0,0,0,0,0,0,0,0,,,0
bu_2026-02-13_new_hampshire,2025-26,2026-02-13,New Hampshire,Boston U.,opponent,44,"Hutson,Cole",0,0,0,0,0,2,2,0,,,1
bu_2026-02-13_new_hampshire,2025-26,2026-02-13,New Hampshire,Boston U.,opponent,57,"Vass,Malte",0,0,0,0,0,0,0,0,,,0
bu_2026-02-13_new_hampshire,2025-26,2026-02-13,New Hampshire,Boston U.,opponent,78,"Boumedienne,Sascha",0,0,0,0,1,1,2,-1,1-1,,2
bu_2026-02-13_new_hampshire,2025-26,2026-02-13,New Hampshire,Boston U.,opponent,91,"Trethewey,Charlie",0,1,1,1,0,0,1,1,,1-2,0
bu_2026-02-13_new_hampshire,2025-26,2026-02-13,New Hampshire,New Hampshire,opponent,1,"Coombs,Kristian",0,0,0,0,0,0,0,0,,,0
bu_2026-02-13_new_hampshire,2025-26,2026-02-13,New Hampshire,New Hampshire,opponent,2,"Carr,Alex",0,0,0,0,0,1,1,0,,1-2,2
bu_2026-02-13_new_hampshire,2025-26,2026-02-13,New Hampshire,New Hampshire,opponent,4,"Philbrick,Ryan",0,0,0,0,1,1,2,0,,,1
bu_2026-02-13_new_hampshire,2025-26,2026-02-13,New Hampshire,New Hampshire,opponent,5,"Hahn,Zach",0,0,0,0,0,0,0,0,,,0
bu_2026-02-13_new_hampshire,2025-26,2026-02-13,New Hampshire,New Hampshire,opponent,6,"Lavins,Marty",1,0,1,0,1,2,3,1,,,2
bu_2026-02-13_new_hampshire,2025-26,2026-02-13,New Hampshire,New Hampshire,opponent,7,"MacPherson,Ryan",0,0,0,0,1,0,1,0,3-4,,0
bu_2026-02-13_new_hampshire,2025-26,2026-02-13,New Hampshire,New Hampshire,opponent,8,"Conn,Reid",0,0,0,0,0,0,0,0,,,0
bu_2026-02-13_new_hampshire,2025-26,2026-02-13,New Hampshire,New Hampshire,opponent,9,"Cronin,Jack",0,0,0,0,0,0,0,0,,,0
bu_2026-02-13_new_hampshire,2025-26,2026-02-13,New Hampshire,New Hampshire,opponent,10,"Walsh,Ronan",0,0,0,0,0,0,0,0,,,0
bu_2026-02-13_new_hampshire,2025-26,2026-02-13,New Hampshire,New Hampshire,opponent,11,"DeTurris,Connor",0,0,0,0,0,0,0,0,,,0
bu_2026-02-13_new_hampshire,2025-26,2026-02-13,New Hampshire,New Hampshire,opponent,13,"Player,Josh",0,0,0,0,2,0,2,0,,,1
bu_2026-02-13_new_hampshire,2025-26,2026-02-13,New Hampshire,New Hampshire,opponent,15,"Plandowski,Oscar",0,0,0,0,0,0,0,0,,,1
bu_2026-02-13_new_hampshire,2025-26,2026-02-13,New Hampshire,New Hampshire,opponent,16,"Turner,J.P.",0,0,0,0,1,0,1,0,,,2
bu_2026-02-13_new_hampshire,2025-26,2026-02-13,New Hampshire,New Hampshire,opponent,17,"Skrastins,Kristaps",0,0,0,0,0,0,0,0,,,1
bu_2026-02-13_new_hampshire,2025-26,2026-02-13,New Hampshire,New Hampshire,opponent,19,"Fitzgerald,Brendan",0,0,0,0,0,0,0,1,1-1,,1
bu_2026-02-13_new_hampshire,2025-26,2026-02-13,New Hampshire,New Hampshire,opponent,22,"Gagnon,Felix",0,2,2,0,0,0,0,1,14-22,1-2,0
bu_2026-02-13_new_hampshire,2025-26,2026-02-13,New Hampshire,New Hampshire,opponent,23,"Siedem,Jason",0,0,0,0,0,0,0,-1,,,0
bu_2026-02-13_new_hampshire,2025-26,2026-02-13,New Hampshire,New Hampshire,opponent,26,"Winters,Morgan",2,1,3,1,1,1,3,1,,,1
bu_2026-02-13_new_hampshire,2025-26,2026-02-13,New Hampshire,New Hampshire,opponent,29,"LeClerc,Cy",0,2,2,1,2,0,3,0,4-18,,1
bu_2026-02-13_new_hampshire,2025-26,2026-02-13,New Hampshire,New Hampshire,opponent,36,"Chauvette,Kyle",0,0,0,0,0,0,0,0,,,0
bu_2026-02-13_new_hampshire,2025-26,2026-02-13,New Hampshire,New Hampshire,opponent,37,"Ring,Nick",1,0,1,1,1,0,2,1,,,0
bu_2026-02-13_new_hampshire,2025-26,2026-02-13,New Hampshire,New Hampshire,opponent,41,"Whale,Jared",0,0,0,0,0,0,0,0,,,0
bu_2026-02-13_new_hampshire,2025-26,2026-02-13,New Hampshire,New Hampshire,opponent,47,"Oliver,Sam",0,0,0,0,2,0,2,0,3-4,1-2,1
bu_2026-02-13_new_hampshire,2025-26,2026-02-13,New Hampshire,New Hampshire,opponent,61,"MacDonald,Cam",0,0,0,1,0,0,1,0,3-10,,0
bu_2026-02-13_new_hampshire,2025-26,2026-02-13,New Hampshire,New Hampshire,opponent,72,"de Haro,Conner",0,1,1,1,0,1,2,1,,,2
bu_2026-02-13_new_hampshire,2025-26,2026-02-13,New Hampshire,New Hampshire,opponent,91,"Newcombe,Jacob",0,1,1,0,1,0,1,0,,,1
bu_2026-02-13_new_hampshire,2025-26,2026-02-13,New Hampshire,New Hampshire,opponent,95,"De Angelis,Nick",0,0,0,0,0,0,0,0,,,0
bu_2026-02-14_new_hampshire,2025-26,2026-02-14,New Hampshire,New Hampshire,opponent,1,"Coombs,Kristian",0,0,0,0,0,0,0,0,,,0
bu_2026-02-14_new_hampshire,2025-26,2026-02-14,New Hampshire,New Hampshire,opponent,2,"Carr,Alex",0,0,0,0,1,0,1,-1,,,2
bu_2026-02-14_new_hampshire,2025-26,2026-02-14,New Hampshire,New Hampshire,opponent,4,"Philbrick,Ryan",0,0,0,0,0,0,0,-1,,,6
bu_2026-02-14_new_hampshire,2025-26,2026-02-14,New Hampshire,New Hampshire,opponent,5,"Hahn,Zach",0,0,0,0,0,0,0,0,,,0
bu_2026-02-14_new_hampshire,2025-26,2026-02-14,New Hampshire,New Hampshire,opponent,6,"Lavins,Marty",0,0,0,1,0,2,3,-1,,,4
bu_2026-02-14_new_hampshire,2025-26,2026-02-14,New Hampshire,New Hampshire,opponent,7,"MacPherson,Ryan",1,0,1,0,0,2,2,0,5-9,,1
bu_2026-02-14_new_hampshire,2025-26,2026-02-14,New Hampshire,New Hampshire,opponent,8,"Conn,Reid",0,0,0,0,0,0,0,0,,,0
bu_2026-02-14_new_hampshire,2025-26,2026-02-14,New Hampshire,New Hampshire,opponent,9,"Cronin,Jack",0,0,0,0,0,0,0,0,,,0
bu_2026-02-14_new_hampshire,2025-26,2026-02-14,New Hampshire,New Hampshire,opponent,10,"Walsh,Ronan",0,0,0,0,0,0,0,0,,,0
bu_2026-02-14_new_hampshire,2025-26,2026-02-14,New Hampshire,New Hampshire,opponent,11,"DeTurris,Connor",0,0,0,0,0,0,0,0,,,1
bu_2026-02-14_new_hampshire,2025-26,2026-02-14,New Hampshire,New Hampshire,opponent,13,"Player,Josh",0,0,0,0,0,0,0,-1,,,1
bu_2026-02-14_new_hampshire,2025-26,2026-02-14,New Hampshire,New Hampshire,opponent,15,"Plandowski,Oscar",0,1,1,0,1,0,1,-1,,,1
bu_2026-02-14_new_hampshire,2025-26,2026-02-14,New Hampshire,New Hampshire,opponent,16,"Turner,J.P.",0,0,0,0,2,0,2,-1,,,0
bu_2026-02-14_new_hampshire,2025-26,2026-02-14,New Hampshire,New Hampshire,opponent,17,"Skrastins,Kristaps",0,1,1,0,1,0,1,1,,,0
bu_2026-02-14_new_hampshire,2025-26,2026-02-14,New Hampshire,New Hampshire,opponent,19,"Fitzgerald,Brendan",0,3,3,0,1,2,3,-1,,,0
bu_2026-02-14_new_hampshire,2025-26,2026-02-14,New Hampshire,New Hampshire,opponent,22,"Gagnon,Felix",0,1,1,0,2,0,2,-1,13-26,1-2,1
bu_2026-02-14_new_hampshire,2025-26,2026-02-14,New Hampshire,New Hampshire,opponent,23,"Siedem,Jason",0,0,0,0,0,0,0,-1,,,0
bu_2026-02-14_new_hampshire,2025-26,2026-02-14,New Hampshire,New Hampshire,opponent,26,"Winters,Morgan",0,0,0,3,0,4,7,-2,,,0
bu_2026-02-14_new_hampshire,2025-26,2026-02-14,New Hampshire,New Hampshire,opponent,29,"LeClerc,Cy",0,0,0,0,0,0,0,-1,2-7,,0
bu_2026-02-14_new_hampshire,2025-26,2026-02-14,New Hampshire,New Hampshire,opponent,36,"Chauvette,Kyle",0,0,0,0,0,0,0,0,,,0
bu_2026-02-14_new_hampshire,2025-26,2026-02-14,New Hampshire,New Hampshire,opponent,37,"Ring,Nick",1,0,1,0,0,1,1,-2,,,2
bu_2026-02-14_new_hampshire,2025-26,2026-02-14,New Hampshire,New Hampshire,opponent,41,"Whale,Jared",0,0,0,0,0,0,0,0,,,0
bu_2026-02-14_new_hampshire,2025-26,2026-02-14,New Hampshire,New Hampshire,opponent,47,"Oliver,Sam",0,0,0,0,0,0,0,1,,,0
bu_2026-02-14_new_hampshire,2025-26,2026-02-14,New Hampshire,New Hampshire,opponent,61,"MacDonald,Cam",1,0,1,1,0,1,2,-1,8-10,,0
bu_2026-02-14_new_hampshire,2025-26,2026-02-14,New Hampshire,New Hampshire,opponent,72,"de Haro,Conner",0,0,0,0,1,1,2,-1,,,0
bu_2026-02-14_new_hampshire,2025-26,2026-02-14,New Hampshire,New Hampshire,opponent,91,"Newcombe,Jacob",0,0,0,0,0,0,0,-2,,,0
bu_2026-02-14_new_hampshire,2025-26,2026-02-14,New Hampshire,New Hampshire,opponent,95,"De Angelis,Nick",0,0,0,0,0,0,0,0,,,0
bu_2026-02-14_new_hampshire,2025-26,2026-02-14,New Hampshire,Boston University,bu,1,"Luciano,Steven",0,0,0,0,0,0,0,0,,,0
bu_2026-02-14_new_hampshire,2025-26,2026-02-14,New Hampshire,Boston University,bu,2,"McCarthy,Gavin",0,2,2,1,0,0,1,2,,,2
bu_2026-02-14_new_hampshire,2025-26,2026-02-14,New Hampshire,Boston University,bu,7,"Roukounakis,Nick",0,0,0,1,2,0,3,-1,,,0
bu_2026-02-14_new_hampshire,2025-26,2026-02-14,New Hampshire,Boston University,bu,8,"Svoboda,Brandon",1,1,2,1,0,1,2,2,2-3,1-2,0
bu_2026-02-14_new_hampshire,2025-26,2026-02-14,New Hampshire,Boston University,bu,9,"Boisvert,Sacha",0,1,1,0,1,1,2,2,4-9,,0
bu_2026-02-14_new_hampshire,2025-26,2026-02-14,New Hampshire,Boston University,bu,10,"Morello,Jonathan",0,0,0,0,1,0,1,-1,7-12,,0
bu_2026-02-14_new_hampshire,2025-26,2026-02-14,New Hampshire,Boston University,bu,11,"Lawrence,Tynan",0,0,0,1,0,0,1,0,8-17,,0
bu_2026-02-14_new_hampshire,2025-26,2026-02-14,New Hampshire,Boston University,bu,12,"Harvey,Jack",1,0,1,1,0,1,2,2,,,1
bu_2026-02-14_new_hampshire,2025-26,2026-02-14,New Hampshire,Boston University,bu,14,"Frechette,Mick",0,0,0,1,0,0,1,1,,,0
bu_2026-02-14_new_hampshire,2025-26,2026-02-14,New Hampshire,Boston University,bu,15,"Amico,Carter",0,0,0,0,0,0,0,0,,,0
bu_2026-02-14_new_hampshire,2025-26,2026-02-14,New Hampshire,Boston University,bu,16,"Fondrk,Conrad",0,1,1,1,0,1,2,1,,,0
bu_2026-02-14_new_hampshire,2025-26,2026-02-14,New Hampshire,Boston University,bu,18,"Feldberg,Jay",0,0,0,0,0,0,0,0,,,0
bu_2026-02-14_new_hampshire,2025-26,2026-02-14,New Hampshire,Boston University,bu,19,"Murtagh,Jack",1,1,2,1,1,0,2,1,,,0
bu_2026-02-14_new_hampshire,2025-26,2026-02-14,New Hampshire,Boston University,bu,21,"Ritchie,Ryder",0,0,0,2,0,0,2,0,,,0
bu_2026-02-14_new_hampshire,2025-26,2026-02-14,New Hampshire,Boston University,bu,22,"Celebrini,Aiden",0,0,0,0,0,1,1,1,,,3
bu_2026-02-14_new_hampshire,2025-26,2026-02-14,New Hampshire,Boston University,bu,23,"McLaughlin,Owen",0,0,0,1,0,0,1,0,1-2,,0
bu_2026-02-14_new_hampshire,2025-26,2026-02-14,New Hampshire,Boston University,bu,25,"Merrill,Ben",0,0,0,0,1,0,1,-1,,,0
bu_2026-02-14_new_hampshire,2025-26,2026-02-14,New Hampshire,Boston University,bu,26,"McNelis,John",0,0,0,0,0,0,0,0,,,0
bu_2026-02-14_new_hampshire,2025-26,2026-02-14,New Hampshire,Boston University,bu,27,"Kim,Kyle",0,0,0,0,0,0,0,0,,,0
bu_2026-02-14_new_hampshire,2025-26,2026-02-14,New Hampshire,Boston University,bu,30,"Perry,Jack",0,0,0,0,0,0,0,0,,,0
bu_2026-02-14_new_hampshire,2025-26,2026-02-14,New Hampshire,Boston University,bu,33,"Lacroix,Max",0,0,0,0,0,0,0,0,,,0
bu_2026-02-14_new_hampshire,2025-26,2026-02-14,New Hampshire,Boston University,bu,34,"Eiserman,Cole",1,1,2,0,0,1,1,2,,,0
bu_2026-02-14_new_hampshire,2025-26,2026-02-14,New Hampshire,Boston University,bu,38,"Bednarik,Kamil",0,1,1,1,2,0,3,2,4-11,,1
bu_2026-02-14_new_hampshire,2025-26,2026-02-14,New Hampshire,Boston University,bu,40,"Yegorov,Mikhail",0,0,0,0,0,0,0,0,,,0
bu_2026-02-14_new_hampshire,2025-26,2026-02-14,New Hampshire,Boston University,bu,44,"Hutson,Cole",1,1,2,2,1,2,5,1,,,2
bu_2026-02-14_new_hampshire,2025-26,2026-02-14,New Hampshire,Boston University,bu,57,"Vass,Malte",0,0,0,0,0,0,0,0,,,0
bu_2026-02-14_new_hampshire,2025-26,2026-02-14,New Hampshire,Boston University,bu,78,"Boumedienne,Sascha",0,0,0,1,1,0,2,0,,,1
bu_2026-02-14_new_hampshire,2025-26,2026-02-14,New Hampshire,Boston University,bu,91,"Trethewey,Charlie",0,0,0,1,0,0,1,1,,,0
bu_2026-02-27_boston_college,2025-26,2026-02-27,Boston College,Boston College,opponent,1,"Cloutier,Louka",0,0,0,0,0,0,0,0,,,0
bu_2026-02-27_boston_college,2025-26,2026-02-27,Boston College,Boston College,opponent,2,"Kostadinski,Kristian",0,0,0,1,0,0,1,0,,,3
bu_2026-02-27_boston_college,2025-26,2026-02-27,Boston College,Boston College,opponent,4,"Stiga,Teddy",0,0,0,0,1,1,2,-1,4-5,,1
bu_2026-02-27_boston_college,2025-26,2026-02-27,Boston College,Boston College,opponent,5,"Fortescue,Drew",0,0,0,0,1,0,1,-1,,,1
bu_2026-02-27_boston_college,2025-26,2026-02-27,Boston College,Boston College,opponent,7,"Skahan,Will",0,0,0,0,0,0,0,0,,,0
bu_2026-02-27_boston_college,2025-26,2026-02-27,Boston College,Boston College,opponent,8,"Gustafsson,Lukas",0,0,0,0,0,0,0,-3,,,1
bu_2026-02-27_boston_college,2025-26,2026-02-27,Boston College,Boston College,opponent,9,"Hemming,Oscar",0,0,0,0,0,1,1,-1,,1-2,0
bu_2026-02-27_boston_college,2025-26,2026-02-27,Boston College,Boston College,opponent,10,"Hagens,James",0,1,1,1,0,2,3,-2,1-2,,1
bu_2026-02-27_boston_college,2025-26,2026-02-27,Boston College,Boston College,opponent,11,"Hagens,Michael",0,0,0,0,0,0,0,-1,,,0
bu_2026-02-27_boston_college,2025-26,2026-02-27,Boston College,Boston College,opponent,12,"Sondreal,Jake",0,0,0,0,0,0,0,-1,,,0
bu_2026-02-27_boston_college,2025-26,2026-02-27,Boston College,Boston College,opponent,14,"Resendes,Landan",0,0,0,0,1,0,1,0,,,0
bu_2026-02-27_boston_college,2025-26,2026-02-27,Boston College,Boston College,opponent,15,"Jellvik,Oskar",0,0,0,0,0,0,0,0,,,0
bu_2026-02-27_boston_college,2025-26,2026-02-27,Boston College,Boston College,opponent,17,"Minnetian,Aram",0,0,0,0,0,0,0,0,,,2
bu_2026-02-27_boston_college,2025-26,2026-02-27,Boston College,Boston College,opponent,18,"Davey,Paul",0,0,0,0,0,0,0,0,,,0
bu_2026-02-27_boston_college,2025-26,2026-02-27,Boston College,Boston College,opponent,19,"Berard,Brady",0,0,0,0,0,1,1,0,4-6,1-2,0
bu_2026-02-27_boston_college,2025-26,2026-02-27,Boston College,Boston College,opponent,22,"Vote,Will",0,0,0,0,0,0,0,-1,,,0
bu_2026-02-27_boston_college,2025-26,2026-02-27,Boston College,Boston College,opponent,23,"Traeger,Will",0,0,0,0,0,0,0,0,,,0
bu_2026-02-27_boston_college,2025-26,2026-02-27,Boston College,Boston College,opponent,24,"Gasseau,Andre",0,1,1,0,2,1,3,-2,11-15,,0
bu_2026-02-27_boston_college,2025-26,2026-02-27,Boston College,Boston College,opponent,26,"Radivojevic,Luka",0,0,0,0,0,0,0,0,,,0
bu_2026-02-27_boston_college,2025-26,2026-02-27,Boston College,Boston College,opponent,27,"Joyce,Nolan",0,0,0,0,0,0,0,0,,1-2,2
bu_2026-02-27_boston_college,2025-26,2026-02-27,Boston College,Boston College,opponent,28,"Delay,Timmy",0,0,0,0,0,0,0,0,,,0
bu_2026-02-27_boston_college,2025-26,2026-02-27,Boston College,Boston College,opponent,29,"Letourneau,Dean",1,0,1,0,1,2,3,-1,5-14,,0
bu_2026-02-27_boston_college,2025-26,2026-02-27,Boston College,Boston College,opponent,30,"Korec,Jan",0,0,0,0,0,0,0,0,,,0
bu_2026-02-27_boston_college,2025-26,2026-02-27,Boston College,Boston College,opponent,31,"Musielak,Alex",0,0,0,0,0,0,0,0,,,0
bu_2026-02-27_boston_college,2025-26,2026-02-27,Boston College,Boston College,opponent,36,"Conmy,Ryan",0,0,0,2,3,2,7,-1,,,2
bu_2026-02-27_boston_college,2025-26,2026-02-27,Boston College,Boston College,opponent,37,"Cornforth,Gavin",0,0,0,0,0,0,0,0,,,0
bu_2026-02-27_boston_college,2025-26,2026-02-27,Boston College,Boston College,opponent,40,"Moore,Will",0,0,0,0,0,2,2,-1,5-8,,1
bu_2026-02-27_boston_college,2025-26,2026-02-27,Boston College,Boston University,bu,1,"Luciano,Steven",0,0,0,0,0,0,0,0,,,0
bu_2026-02-27_boston_college,2025-26,2026-02-27,Boston College,Boston University,bu,2,"McCarthy,Gavin",0,0,0,1,0,0,1,1,,1-2,0
bu_2026-02-27_boston_college,2025-26,2026-02-27,Boston College,Boston University,bu,7,"Roukounakis,Nick",0,0,0,1,0,2,3,0,,,0
bu_2026-02-27_boston_college,2025-26,2026-02-27,Boston College,Boston University,bu,8,"Svoboda,Brandon",0,0,0,1,0,0,1,0,2-7,,0
bu_2026-02-27_boston_college,2025-26,2026-02-27,Boston College,Boston University,bu,9,"Boisvert,Sacha",0,0,0,2,1,0,3,0,5-9,,0
bu_2026-02-27_boston_college,2025-26,2026-02-27,Boston College,Boston University,bu,10,"Morello,Jonathan",0,0,0,3,0,1,4,0,3-11,,1
bu_2026-02-27_boston_college,2025-26,2026-02-27,Boston College,Boston University,bu,11,"Lawrence,Tynan",0,1,1,0,0,0,0,1,3-7,,1
bu_2026-02-27_boston_college,2025-26,2026-02-27,Boston College,Boston University,bu,12,"Harvey,Jack",1,0,1,0,0,1,1,2,,,0
bu_2026-02-27_boston_college,2025-26,2026-02-27,Boston College,Boston University,bu,14,"Frechette,Mick",0,0,0,0,0,0,0,1,,1-2,0
bu_2026-02-27_boston_college,2025-26,2026-02-27,Boston College,Boston University,bu,15,"Amico,Carter",0,0,0,0,0,0,0,0,,,0
bu_2026-02-27_boston_college,2025-26,2026-02-27,Boston College,Boston University,bu,16,"Fondrk,Conrad",0,0,0,1,0,0,1,0,,,0
bu_2026-02-27_boston_college,2025-26,2026-02-27,Boston College,Boston University,bu,18,"Feldberg,Jay",0,0,0,0,0,0,0,0,,,0
bu_2026-02-27_boston_college,2025-26,2026-02-27,Boston College,Boston University,bu,19,"Murtagh,Jack",0,1,1,0,1,0,1,1,,1-2,0
bu_2026-02-27_boston_college,2025-26,2026-02-27,Boston College,Boston University,bu,21,"Ritchie,Ryder",1,0,1,2,0,1,3,1,,,0
bu_2026-02-27_boston_college,2025-26,2026-02-27,Boston College,Boston University,bu,22,"Celebrini,Aiden",0,0,0,2,0,0,2,1,,,0
bu_2026-02-27_boston_college,2025-26,2026-02-27,Boston College,Boston University,bu,23,"McLaughlin,Owen",0,0,0,1,0,0,1,0,,,1
bu_2026-02-27_boston_college,2025-26,2026-02-27,Boston College,Boston University,bu,25,"Merrill,Ben",0,0,0,1,2,0,3,0,,,0
bu_2026-02-27_boston_college,2025-26,2026-02-27,Boston College,Boston University,bu,26,"McNelis,John",0,0,0,0,0,0,0,0,,,0
bu_2026-02-27_boston_college,2025-26,2026-02-27,Boston College,Boston University,bu,27,"Kim,Kyle",0,0,0,0,0,0,0,0,,,0
bu_2026-02-27_boston_college,2025-26,2026-02-27,Boston College,Boston University,bu,30,"Perry,Jack",0,0,0,0,0,0,0,0,,,0
bu_2026-02-27_boston_college,2025-26,2026-02-27,Boston College,Boston University,bu,33,"Lacroix,Max",0,0,0,0,0,0,0,0,,,0
bu_2026-02-27_boston_college,2025-26,2026-02-27,Boston College,Boston University,bu,34,"Eiserman,Cole",1,1,2,1,2,1,4,2,,,0
bu_2026-02-27_boston_college,2025-26,2026-02-27,Boston College,Boston University,bu,38,"Bednarik,Kamil",0,1,1,0,4,2,6,1,7-14,,1
bu_2026-02-27_boston_college,2025-26,2026-02-27,Boston College,Boston University,bu,40,"Yegorov,Mikhail",0,0,0,0,0,0,0,0,,,0
bu_2026-02-27_boston_college,2025-26,2026-02-27,Boston College,Boston University,bu,44,"Hutson,Cole",0,1,1,2,2,0,4,1,,,0
bu_2026-02-27_boston_college,2025-26,2026-02-27,Boston College,Boston University,bu,57,"Vass,Malte",0,0,0,0,0,0,0,0,,,0
bu_2026-02-27_boston_college,2025-26,2026-02-27,Boston College,Boston University,bu,78,"Boumedienne,Sascha",0,0,0,0,1,1,2,1,,,1
bu_2026-02-27_boston_college,2025-26,2026-02-27,Boston College,Boston University,bu,91,"Trethewey,Charlie",0,1,1,1,0,0,1,2,,,0
bu_2026-02-28_boston_college,2025-26,2026-02-28,Boston College,Boston U.,opponent,1,"Luciano,Steven",0,0,0,0,0,0,0,0,,,0
bu_2026-02-28_boston_college,2025-26,2026-02-28,Boston College,Boston U.,opponent,2,"McCarthy,Gavin",1,1,2,0,4,0,4,2,,1-2,1
bu_2026-02-28_boston_college,2025-26,2026-02-28,Boston College,Boston U.,opponent,7,"Roukounakis,Nick",0,0,0,1,0,0,1,1,,,0
bu_2026-02-28_boston_college,2025-26,2026-02-28,Boston College,Boston U.,opponent,8,"Svoboda,Brandon",0,0,0,0,0,0,0,-1,5-6,1-2,1
bu_2026-02-28_boston_college,2025-26,2026-02-28,Boston College,Boston U.,opponent,9,"Boisvert,Sacha",0,0,0,0,0,0,0,0,5-10,,0
bu_2026-02-28_boston_college,2025-26,2026-02-28,Boston College,Boston U.,opponent,10,"Morello,Jonathan",0,1,1,0,0,2,2,1,4-11,,1
bu_2026-02-28_boston_college,2025-26,2026-02-28,Boston College,Boston U.,opponent,11,"Lawrence,Tynan",0,1,1,0,0,0,0,1,6-13,,0
bu_2026-02-28_boston_college,2025-26,2026-02-28,Boston College,Boston U.,opponent,12,"Harvey,Jack",1,1,2,1,1,1,3,2,,,0
bu_2026-02-28_boston_college,2025-26,2026-02-28,Boston College,Boston U.,opponent,14,"Frechette,Mick",0,0,0,0,0,0,0,0,,,3
bu_2026-02-28_boston_college,2025-26,2026-02-28,Boston College,Boston U.,opponent,15,"Amico,Carter",0,0,0,0,0,0,0,0,,,0
bu_2026-02-28_boston_college,2025-26,2026-02-28,Boston College,Boston U.,opponent,16,"Fondrk,Conrad",0,0,0,0,0,0,0,0,,,0
bu_2026-02-28_boston_college,2025-26,2026-02-28,Boston College,Boston U.,opponent,18,"Feldberg,Jay",0,0,0,0,0,0,0,0,,,0
bu_2026-02-28_boston_college,2025-26,2026-02-28,Boston College,Boston U.,opponent,19,"Murtagh,Jack",0,0,0,0,0,0,0,1,,,1
bu_2026-02-28_boston_college,2025-26,2026-02-28,Boston College,Boston U.,opponent,21,"Ritchie,Ryder",0,0,0,0,0,0,0,1,,,0
bu_2026-02-28_boston_college,2025-26,2026-02-28,Boston College,Boston U.,opponent,22,"Celebrini,Aiden",0,1,1,0,0,1,1,2,,,2
bu_2026-02-28_boston_college,2025-26,2026-02-28,Boston College,Boston U.,opponent,23,"McLaughlin,Owen",0,0,0,0,0,0,0,0,,,0
bu_2026-02-28_boston_college,2025-26,2026-02-28,Boston College,Boston U.,opponent,25,"Merrill,Ben",2,0,2,1,0,1,2,2,1-1,,1
bu_2026-02-28_boston_college,2025-26,2026-02-28,Boston College,Boston U.,opponent,26,"McNelis,John",0,0,0,0,0,0,0,0,,,0
bu_2026-02-28_boston_college,2025-26,2026-02-28,Boston College,Boston U.,opponent,27,"Kim,Kyle",0,0,0,0,0,0,0,0,,,0
bu_2026-02-28_boston_college,2025-26,2026-02-28,Boston College,Boston U.,opponent,30,"Perry,Jack",0,0,0,0,0,0,0,0,,,0
bu_2026-02-28_boston_college,2025-26,2026-02-28,Boston College,Boston U.,opponent,33,"Lacroix,Max",0,0,0,0,0,0,0,0,,,0
bu_2026-02-28_boston_college,2025-26,2026-02-28,Boston College,Boston U.,opponent,34,"Eiserman,Cole",1,0,1,1,0,1,2,0,,,0
bu_2026-02-28_boston_college,2025-26,2026-02-28,Boston College,Boston U.,opponent,38,"Bednarik,Kamil",0,1,1,0,0,0,0,2,6-14,,1
bu_2026-02-28_boston_college,2025-26,2026-02-28,Boston College,Boston U.,opponent,40,"Yegorov,Mikhail",0,0,0,0,0,0,0,0,,,0
bu_2026-02-28_boston_college,2025-26,2026-02-28,Boston College,Boston U.,opponent,44,"Hutson,Cole",0,2,2,1,2,1,4,2,,1-2,2
bu_2026-02-28_boston_college,2025-26,2026-02-28,Boston College,Boston U.,opponent,57,"Vass,Malte",0,0,0,0,0,0,0,0,,,0
bu_2026-02-28_boston_college,2025-26,2026-02-28,Boston College,Boston U.,opponent,78,"Boumedienne,Sascha",0,0,0,0,1,0,1,1,,,2
bu_2026-02-28_boston_college,2025-26,2026-02-28,Boston College,Boston U.,opponent,91,"Trethewey,Charlie",0,1,1,0,0,0,0,1,,,2
bu_2026-02-28_boston_college,2025-26,2026-02-28,Boston College,Boston College,opponent,1,"Cloutier,Louka",0,0,0,0,0,0,0,0,,,0
bu_2026-02-28_boston_college,2025-26,2026-02-28,Boston College,Boston College,opponent,2,"Kostadinski,Kristian",0,0,0,1,0,0,1,1,,,0
bu_2026-02-28_boston_college,2025-26,2026-02-28,Boston College,Boston College,opponent,4,"Stiga,Teddy",0,0,0,1,0,0,1,0,4-4,,0
bu_2026-02-28_boston_college,2025-26,2026-02-28,Boston College,Boston College,opponent,5,"Fortescue,Drew",0,0,0,1,0,1,2,-2,,,1
bu_2026-02-28_boston_college,2025-26,2026-02-28,Boston College,Boston College,opponent,7,"Skahan,Will",0,0,0,0,0,0,0,0,,,0
bu_2026-02-28_boston_college,2025-26,2026-02-28,Boston College,Boston College,opponent,8,"Gustafsson,Lukas",0,0,0,0,0,0,0,-3,,,2
bu_2026-02-28_boston_college,2025-26,2026-02-28,Boston College,Boston College,opponent,9,"Hemming,Oscar",0,0,0,0,1,0,1,-1,,,0
bu_2026-02-28_boston_college,2025-26,2026-02-28,Boston College,Boston College,opponent,10,"Hagens,James",0,1,1,1,1,1,3,-2,1-1,,0
bu_2026-02-28_boston_college,2025-26,2026-02-28,Boston College,Boston College,opponent,11,"Hagens,Michael",0,0,0,1,0,0,1,-1,,,1
bu_2026-02-28_boston_college,2025-26,2026-02-28,Boston College,Boston College,opponent,12,"Sondreal,Jake",0,0,0,0,0,0,0,-2,6-13,1-2,0
bu_2026-02-28_boston_college,2025-26,2026-02-28,Boston College,Boston College,opponent,14,"Resendes,Landan",0,0,0,0,0,0,0,0,,,0
bu_2026-02-28_boston_college,2025-26,2026-02-28,Boston College,Boston College,opponent,15,"Jellvik,Oskar",1,0,1,2,0,0,2,-1,,1-2,0
bu_2026-02-28_boston_college,2025-26,2026-02-28,Boston College,Boston College,opponent,17,"Minnetian,Aram",0,0,0,0,0,1,1,1,,,0
bu_2026-02-28_boston_college,2025-26,2026-02-28,Boston College,Boston College,opponent,18,"Davey,Paul",0,0,0,0,0,0,0,0,,,0
bu_2026-02-28_boston_college,2025-26,2026-02-28,Boston College,Boston College,opponent,19,"Berard,Brady",0,0,0,1,0,1,2,0,1-1,,1
bu_2026-02-28_boston_college,2025-26,2026-02-28,Boston College,Boston College,opponent,22,"Vote,Will",0,0,0,0,1,0,1,-1,,,0
bu_2026-02-28_boston_college,2025-26,2026-02-28,Boston College,Boston College,opponent,23,"Traeger,Will",0,0,0,0,0,0,0,0,,,0
bu_2026-02-28_boston_college,2025-26,2026-02-28,Boston College,Boston College,opponent,24,"Gasseau,Andre",0,0,0,2,0,1,3,-3,11-23,,0
bu_2026-02-28_boston_college,2025-26,2026-02-28,Boston College,Boston College,opponent,26,"Radivojevic,Luka",0,0,0,0,0,2,2,-1,,,0
bu_2026-02-28_boston_college,2025-26,2026-02-28,Boston College,Boston College,opponent,27,"Joyce,Nolan",0,0,0,0,1,0,1,0,,,0
bu_2026-02-28_boston_college,2025-26,2026-02-28,Boston College,Boston College,opponent,28,"Delay,Timmy",0,0,0,0,0,0,0,0,,,0
bu_2026-02-28_boston_college,2025-26,2026-02-28,Boston College,Boston College,opponent,29,"Letourneau,Dean",0,0,0,3,3,2,8,-3,4-7,,0
bu_2026-02-28_boston_college,2025-26,2026-02-28,Boston College,Boston College,opponent,30,"Korec,Jan",0,0,0,0,0,0,0,0,,,0
bu_2026-02-28_boston_college,2025-26,2026-02-28,Boston College,Boston College,opponent,31,"Musielak,Alex",0,0,0,0,0,0,0,0,,,0
bu_2026-02-28_boston_college,2025-26,2026-02-28,Boston College,Boston College,opponent,36,"Conmy,Ryan",0,0,0,0,0,0,0,-4,,,1
bu_2026-02-28_boston_college,2025-26,2026-02-28,Boston College,Boston College,opponent,37,"Cornforth,Gavin",0,0,0,0,0,0,0,0,,,0
bu_2026-02-28_boston_college,2025-26,2026-02-28,Boston College,Boston College,opponent,40,"Moore,Will",0,0,0,0,0,0,0,1,2-6,,1
bu_2026-03-07_umass_lowell,2025-26,2026-03-07,UMass Lowell,Boston U.,opponent,1,"Luciano,Steven",0,0,0,0,0,0,0,0,,,0
bu_2026-03-07_umass_lowell,2025-26,2026-03-07,UMass Lowell,Boston U.,opponent,2,"McCarthy,Gavin",1,0,1,0,0,2,2,0,,,1
bu_2026-03-07_umass_lowell,2025-26,2026-03-07,UMass Lowell,Boston U.,opponent,7,"Roukounakis,Nick",0,0,0,1,0,1,2,-1,,2-4,0
bu_2026-03-07_umass_lowell,2025-26,2026-03-07,UMass Lowell,Boston U.,opponent,8,"Svoboda,Brandon",0,1,1,0,0,0,0,1,1-3,,0
bu_2026-03-07_umass_lowell,2025-26,2026-03-07,UMass Lowell,Boston U.,opponent,9,"Boisvert,Sacha",0,1,1,1,0,0,1,-1,6-13,,0
bu_2026-03-07_umass_lowell,2025-26,2026-03-07,UMass Lowell,Boston U.,opponent,10,"Morello,Jonathan",0,0,0,1,0,0,1,-2,7-13,,0
bu_2026-03-07_umass_lowell,2025-26,2026-03-07,UMass Lowell,Boston U.,opponent,11,"Lawrence,Tynan",0,0,0,2,0,1,3,0,3-10,,0
bu_2026-03-07_umass_lowell,2025-26,2026-03-07,UMass Lowell,Boston U.,opponent,12,"Harvey,Jack",0,0,0,0,0,0,0,1,,,0
bu_2026-03-07_umass_lowell,2025-26,2026-03-07,UMass Lowell,Boston U.,opponent,14,"Frechette,Mick",0,0,0,0,1,0,1,-1,,,2
bu_2026-03-07_umass_lowell,2025-26,2026-03-07,UMass Lowell,Boston U.,opponent,15,"Amico,Carter",0,0,0,0,0,0,0,0,,,0
bu_2026-03-07_umass_lowell,2025-26,2026-03-07,UMass Lowell,Boston U.,opponent,16,"Fondrk,Conrad",0,0,0,0,0,0,0,0,,,0
bu_2026-03-07_umass_lowell,2025-26,2026-03-07,UMass Lowell,Boston U.,opponent,18,"Feldberg,Jay",0,0,0,0,0,0,0,0,,,0
bu_2026-03-07_umass_lowell,2025-26,2026-03-07,UMass Lowell,Boston U.,opponent,19,"Murtagh,Jack",0,0,0,1,0,1,2,-1,,1-2,0
bu_2026-03-07_umass_lowell,2025-26,2026-03-07,UMass Lowell,Boston U.,opponent,21,"Ritchie,Ryder",0,0,0,0,1,0,1,-1,,,0
bu_2026-03-07_umass_lowell,2025-26,2026-03-07,UMass Lowell,Boston U.,opponent,22,"Celebrini,Aiden",0,0,0,0,1,0,1,0,,,0
bu_2026-03-07_umass_lowell,2025-26,2026-03-07,UMass Lowell,Boston U.,opponent,23,"McLaughlin,Owen",1,0,1,1,1,0,2,1,1-1,,0
bu_2026-03-07_umass_lowell,2025-26,2026-03-07,UMass Lowell,Boston U.,opponent,25,"Merrill,Ben",0,0,0,0,0,0,0,-1,,,0
bu_2026-03-07_umass_lowell,2025-26,2026-03-07,UMass Lowell,Boston U.,opponent,26,"McNelis,John",0,0,0,0,0,0,0,0,,,0
bu_2026-03-07_umass_lowell,2025-26,2026-03-07,UMass Lowell,Boston U.,opponent,27,"Kim,Kyle",0,0,0,0,0,0,0,0,,,0
bu_2026-03-07_umass_lowell,2025-26,2026-03-07,UMass Lowell,Boston U.,opponent,30,"Perry,Jack",0,0,0,0,0,0,0,0,,,0
bu_2026-03-07_umass_lowell,2025-26,2026-03-07,UMass Lowell,Boston U.,opponent,33,"Lacroix,Max",0,0,0,0,0,0,0,0,,,0
bu_2026-03-07_umass_lowell,2025-26,2026-03-07,UMass Lowell,Boston U.,opponent,34,"Eiserman,Cole",1,1,2,0,2,3,5,0,,2-4,0
bu_2026-03-07_umass_lowell,2025-26,2026-03-07,UMass Lowell,Boston U.,opponent,38,"Bednarik,Kamil",0,1,1,0,2,0,2,1,11-23,1-2,0
bu_2026-03-07_umass_lowell,2025-26,2026-03-07,UMass Lowell,Boston U.,opponent,40,"Yegorov,Mikhail",0,0,0,0,0,0,0,0,,,0
bu_2026-03-07_umass_lowell,2025-26,2026-03-07,UMass Lowell,Boston U.,opponent,44,"Hutson,Cole",0,0,0,1,2,0,3,1,,1-2,1
bu_2026-03-07_umass_lowell,2025-26,2026-03-07,UMass Lowell,Boston U.,opponent,57,"Vass,Malte",0,0,0,0,0,0,0,0,,,0
bu_2026-03-07_umass_lowell,2025-26,2026-03-07,UMass Lowell,Boston U.,opponent,78,"Boumedienne,Sascha",0,0,0,0,0,0,0,-1,,1-2,1
bu_2026-03-07_umass_lowell,2025-26,2026-03-07,UMass Lowell,Boston U.,opponent,91,"Trethewey,Charlie",0,0,0,0,0,1,1,0,,,3
bu_2026-03-07_umass_lowell,2025-26,2026-03-07,UMass Lowell,UMass Lowell,opponent,2,"Buchbinder,Daniel",0,0,0,0,0,0,0,0,,,0
bu_2026-03-07_umass_lowell,2025-26,2026-03-07,UMass Lowell,UMass Lowell,opponent,3,"Rivelli,Dominick",0,0,0,0,0,0,0,0,,,0
bu_2026-03-07_umass_lowell,2025-26,2026-03-07,UMass Lowell,UMass Lowell,opponent,4,"Schweighardt,TJ",0,2,2,1,0,1,2,0,,,0
bu_2026-03-07_umass_lowell,2025-26,2026-03-07,UMass Lowell,UMass Lowell,opponent,5,"Ahearn,Jay",1,0,1,0,1,1,2,1,,,1
bu_2026-03-07_umass_lowell,2025-26,2026-03-07,UMass Lowell,UMass Lowell,opponent,6,"Johnson,James",0,0,0,0,0,0,0,0,,,0
bu_2026-03-07_umass_lowell,2025-26,2026-03-07,UMass Lowell,UMass Lowell,opponent,7,"Lonsdale,Cole",0,0,0,0,0,0,0,0,,,0
bu_2026-03-07_umass_lowell,2025-26,2026-03-07,UMass Lowell,UMass Lowell,opponent,8,"Moriello,Jaiden",0,0,0,0,0,0,0,0,,,0
bu_2026-03-07_umass_lowell,2025-26,2026-03-07,UMass Lowell,UMass Lowell,opponent,9,"Collins,Jack",0,0,0,0,0,0,0,0,4-8,,1
bu_2026-03-07_umass_lowell,2025-26,2026-03-07,UMass Lowell,UMass Lowell,opponent,10,"Delaney,Chris",0,0,0,0,0,0,0,0,,1-2,0
bu_2026-03-07_umass_lowell,2025-26,2026-03-07,UMass Lowell,UMass Lowell,opponent,11,"Mathurin,Tnias",0,0,0,0,0,0,0,0,,,0
bu_2026-03-07_umass_lowell,2025-26,2026-03-07,UMass Lowell,UMass Lowell,opponent,12,"Shipley,Luke",0,0,0,0,0,0,0,0,,,0
bu_2026-03-07_umass_lowell,2025-26,2026-03-07,UMass Lowell,UMass Lowell,opponent,13,"Misskey,Nate",0,0,0,1,0,0,1,0,,1-2,2
bu_2026-03-07_umass_lowell,2025-26,2026-03-07,UMass Lowell,UMass Lowell,opponent,14,"Wakely,Dalyn",0,0,0,0,0,0,0,-2,3-4,,1
bu_2026-03-07_umass_lowell,2025-26,2026-03-07,UMass Lowell,UMass Lowell,opponent,15,"Adaszynski,David",1,0,1,0,2,1,3,0,,,2
bu_2026-03-07_umass_lowell,2025-26,2026-03-07,UMass Lowell,UMass Lowell,opponent,17,"Buttazzoni,Mirko",0,0,0,0,0,0,0,0,,,0
bu_2026-03-07_umass_lowell,2025-26,2026-03-07,UMass Lowell,UMass Lowell,opponent,18,"Kilcullen,Sean",0,0,0,0,0,0,0,-1,,,0
bu_2026-03-07_umass_lowell,2025-26,2026-03-07,UMass Lowell,UMass Lowell,opponent,19,"Bentley,Dillan",0,2,2,1,2,1,4,2,13-18,,2
bu_2026-03-07_umass_lowell,2025-26,2026-03-07,UMass Lowell,UMass Lowell,opponent,20,"Nemec,Libor",0,1,1,0,1,2,3,0,2-5,,0
bu_2026-03-07_umass_lowell,2025-26,2026-03-07,UMass Lowell,UMass Lowell,opponent,21,"Eddy,Connor",0,0,0,0,1,0,1,0,1-1,,1
bu_2026-03-07_umass_lowell,2025-26,2026-03-07,UMass Lowell,UMass Lowell,opponent,22,"Mori,Josh",0,0,0,0,1,0,1,1,,,0
bu_2026-03-07_umass_lowell,2025-26,2026-03-07,UMass Lowell,UMass Lowell,opponent,23,"Parks,Lee",0,0,0,1,1,0,2,0,,1-2,0
bu_2026-03-07_umass_lowell,2025-26,2026-03-07,UMass Lowell,UMass Lowell,opponent,24,"Kroll,Ryan",0,0,0,0,0,0,0,0,,1-2,0
bu_2026-03-07_umass_lowell,2025-26,2026-03-07,UMass Lowell,UMass Lowell,opponent,26,"MacDonald,Jacob",0,0,0,0,0,0,0,0,,,0
bu_2026-03-07_umass_lowell,2025-26,2026-03-07,UMass Lowell,UMass Lowell,opponent,27,"Payne,Dominic",0,0,0,1,0,0,1,3,,1-2,2
bu_2026-03-07_umass_lowell,2025-26,2026-03-07,UMass Lowell,UMass Lowell,opponent,29,"Vaarwerk,Jak",1,0,1,0,1,2,3,1,10-22,,0
bu_2026-03-07_umass_lowell,2025-26,2026-03-07,UMass Lowell,UMass Lowell,opponent,30,"Goich,Niko",0,0,0,0,0,0,0,0,,,0
bu_2026-03-07_umass_lowell,2025-26,2026-03-07,UMass Lowell,UMass Lowell,opponent,31,"Elliott,Austin",0,0,0,0,0,0,0,0,,,0
bu_2026-03-07_umass_lowell,2025-26,2026-03-07,UMass Lowell,UMass Lowell,opponent,33,"Richard,Samuel",0,0,0,0,0,0,0,0,,,0
bu_2026-03-07_umass_lowell,2025-26,2026-03-07,UMass Lowell,UMass Lowell,opponent,53,"Classon,August",0,0,0,0,0,0,0,0,,,0
bu_2026-03-07_umass_lowell,2025-26,2026-03-07,UMass Lowell,UMass Lowell,opponent,90,"Buttazzoni,Diego",1,0,1,3,0,1,4,-1,2-2,,0
bu_2026-03-11_vermont,2025-26,2026-03-11,Vermont,Vermont,opponent,2,"Herrington,Caeden",0,0,0,0,0,0,0,-1,,1-2,0
bu_2026-03-11_vermont,2025-26,2026-03-11,Vermont,Vermont,opponent,4,"Törnqvist,Philip",0,0,0,0,0,0,0,0,,,1
bu_2026-03-11_vermont,2025-26,2026-03-11,Vermont,Vermont,opponent,5,"Forgione,Peter",0,0,0,0,0,0,0,0,,,0
bu_2026-03-11_vermont,2025-26,2026-03-11,Vermont,Vermont,opponent,6,"Kinsman,Charlie",0,0,0,0,0,0,0,1,,,1
bu_2026-03-11_vermont,2025-26,2026-03-11,Vermont,Vermont,opponent,7,"Wismer,Jax",0,0,0,0,0,0,0,0,,,0
bu_2026-03-11_vermont,2025-26,2026-03-11,Vermont,Vermont,opponent,9,"La Starza,Michael",0,0,0,0,0,0,0,0,,,0
bu_2026-03-11_vermont,2025-26,2026-03-11,Vermont,Vermont,opponent,10,"Strand,Max",0,0,0,0,1,0,1,0,,,1
bu_2026-03-11_vermont,2025-26,2026-03-11,Vermont,Vermont,opponent,11,"Filak,Zachary",0,0,0,0,0,1,1,0,4-11,,0
bu_2026-03-11_vermont,2025-26,2026-03-11,Vermont,Vermont,opponent,12,"Aegerter,Jonah",0,1,1,0,1,0,1,0,7-13,,4
bu_2026-03-11_vermont,2025-26,2026-03-11,Vermont,Vermont,opponent,13,"Steenerson,Blake",0,0,0,1,2,1,4,0,,,1
bu_2026-03-11_vermont,2025-26,2026-03-11,Vermont,Vermont,opponent,14,"Good,Dawson",0,0,0,0,0,0,0,-1,,,0
bu_2026-03-11_vermont,2025-26,2026-03-11,Vermont,Vermont,opponent,16,"Dysart,Tyler",0,0,0,0,0,0,0,0,,,0
bu_2026-03-11_vermont,2025-26,2026-03-11,Vermont,Vermont,opponent,17,"Kessler,Colin",0,0,0,0,2,0,2,-1,,,1
bu_2026-03-11_vermont,2025-26,2026-03-11,Vermont,Vermont,opponent,18,"Lombardi,Massimo",0,0,0,0,2,0,2,0,,,0
bu_2026-03-11_vermont,2025-26,2026-03-11,Vermont,Vermont,opponent,19,"Guindon,Cedrick",0,0,0,1,0,2,3,-1,8-14,1-2,0
bu_2026-03-11_vermont,2025-26,2026-03-11,Vermont,Vermont,opponent,20,"Henry,Xavier",0,0,0,0,0,0,0,0,,,0
bu_2026-03-11_vermont,2025-26,2026-03-11,Vermont,Vermont,opponent,21,"Sambuco,Daniel",0,0,0,0,0,1,1,-1,,,4
bu_2026-03-11_vermont,2025-26,2026-03-11,Vermont,Vermont,opponent,22,"Burroughs,Ethan",0,0,0,1,1,1,3,-1,,,0
bu_2026-03-11_vermont,2025-26,2026-03-11,Vermont,Vermont,opponent,23,"Gratton,Dylan",0,0,0,0,0,0,0,0,,,0
bu_2026-03-11_vermont,2025-26,2026-03-11,Vermont,Vermont,opponent,25,"Malinski,Jack",0,0,0,0,1,0,1,0,,,0
bu_2026-03-11_vermont,2025-26,2026-03-11,Vermont,Vermont,opponent,26,"Sinclair,Thomas",0,0,0,1,1,2,4,-1,16-25,,0
bu_2026-03-11_vermont,2025-26,2026-03-11,Vermont,Vermont,opponent,27,"Ramsay,Duncan",0,0,0,0,0,0,0,-1,,,2
bu_2026-03-11_vermont,2025-26,2026-03-11,Vermont,Vermont,opponent,28,"Michels,Matteo",0,1,1,0,0,1,1,1,,,0
bu_2026-03-11_vermont,2025-26,2026-03-11,Vermont,Vermont,opponent,29,"Richards,Jens",1,0,1,0,2,0,2,0,,1-2,0
bu_2026-03-11_vermont,2025-26,2026-03-11,Vermont,Vermont,opponent,34,"Wright,Aiden",0,0,0,0,0,0,0,0,,,0
bu_2026-03-11_vermont,2025-26,2026-03-11,Vermont,Vermont,opponent,35,"DeYoung,Cullen",0,0,0,0,0,0,0,0,,,0
bu_2026-03-11_vermont,2025-26,2026-03-11,Vermont,Vermont,opponent,37,"Sacco,David",0,0,0,0,0,0,0,0,,,0
bu_2026-03-11_vermont,2025-26,2026-03-11,Vermont,Vermont,opponent,38,"Törnqvist,Sebastian",0,0,0,0,0,0,0,0,,,0
bu_2026-03-11_vermont,2025-26,2026-03-11,Vermont,Vermont,opponent,39,"Oster,Jacob",0,0,0,0,0,0,0,0,,,0
bu_2026-03-11_vermont,2025-26,2026-03-11,Vermont,Vermont,opponent,50,"Mangbo,Axel",0,0,0,0,0,0,0,0,,,0
bu_2026-03-11_vermont,2025-26,2026-03-11,Vermont,Boston University,bu,1,"Luciano,Steven",0,0,0,0,0,0,0,0,,,0
bu_2026-03-11_vermont,2025-26,2026-03-11,Vermont,Boston University,bu,2,"McCarthy,Gavin",0,2,2,0,1,0,1,-1,,,1
bu_2026-03-11_vermont,2025-26,2026-03-11,Vermont,Boston University,bu,7,"Roukounakis,Nick",0,0,0,0,1,0,1,0,,1-2,0
bu_2026-03-11_vermont,2025-26,2026-03-11,Vermont,Boston University,bu,8,"Svoboda,Brandon",0,0,0,0,0,0,0,-1,8-15,,0
bu_2026-03-11_vermont,2025-26,2026-03-11,Vermont,Boston University,bu,9,"Boisvert,Sacha",0,0,0,0,0,0,0,0,,,0
bu_2026-03-11_vermont,2025-26,2026-03-11,Vermont,Boston University,bu,10,"Morello,Jonathan",0,0,0,0,0,1,1,0,4-12,,0
bu_2026-03-11_vermont,2025-26,2026-03-11,Vermont,Boston University,bu,11,"Lawrence,Tynan",0,1,1,0,2,0,2,1,5-15,,0
bu_2026-03-11_vermont,2025-26,2026-03-11,Vermont,Boston University,bu,12,"Harvey,Jack",1,0,1,1,0,1,2,2,,,1
bu_2026-03-11_vermont,2025-26,2026-03-11,Vermont,Boston University,bu,14,"Frechette,Mick",0,0,0,0,2,0,2,0,,,1
bu_2026-03-11_vermont,2025-26,2026-03-11,Vermont,Boston University,bu,15,"Amico,Carter",0,0,0,0,0,0,0,0,,,0
bu_2026-03-11_vermont,2025-26,2026-03-11,Vermont,Boston University,bu,16,"Fondrk,Conrad",0,0,0,0,0,0,0,0,,,0
bu_2026-03-11_vermont,2025-26,2026-03-11,Vermont,Boston University,bu,18,"Feldberg,Jay",0,0,0,0,0,0,0,0,,,0
bu_2026-03-11_vermont,2025-26,2026-03-11,Vermont,Boston University,bu,19,"Murtagh,Jack",0,0,0,0,0,1,1,0,,,0
bu_2026-03-11_vermont,2025-26,2026-03-11,Vermont,Boston University,bu,21,"Ritchie,Ryder",0,0,0,0,1,0,1,-1,1-1,,0
bu_2026-03-11_vermont,2025-26,2026-03-11,Vermont,Boston University,bu,22,"Celebrini,Aiden",0,0,0,3,0,0,3,0,,,3
bu_2026-03-11_vermont,2025-26,2026-03-11,Vermont,Boston University,bu,23,"McLaughlin,Owen",0,0,0,0,0,1,1,0,,,0
bu_2026-03-11_vermont,2025-26,2026-03-11,Vermont,Boston University,bu,25,"Merrill,Ben",0,0,0,2,0,0,2,0,,,0
bu_2026-03-11_vermont,2025-26,2026-03-11,Vermont,Boston University,bu,26,"McNelis,John",0,0,0,0,0,0,0,-1,,,0
bu_2026-03-11_vermont,2025-26,2026-03-11,Vermont,Boston University,bu,27,"Kim,Kyle",0,0,0,0,0,0,0,0,,,0
bu_2026-03-11_vermont,2025-26,2026-03-11,Vermont,Boston University,bu,30,"Perry,Jack",0,0,0,0,0,0,0,0,,,0
bu_2026-03-11_vermont,2025-26,2026-03-11,Vermont,Boston University,bu,33,"Lacroix,Max",0,0,0,0,0,0,0,0,,,0
bu_2026-03-11_vermont,2025-26,2026-03-11,Vermont,Boston University,bu,34,"Eiserman,Cole",2,1,3,1,2,2,5,2,,1-2,0
bu_2026-03-11_vermont,2025-26,2026-03-11,Vermont,Boston University,bu,38,"Bednarik,Kamil",0,1,1,0,0,0,0,1,10-19,,1
bu_2026-03-11_vermont,2025-26,2026-03-11,Vermont,Boston University,bu,40,"Yegorov,Mikhail",0,0,0,0,0,0,0,0,,,0
bu_2026-03-11_vermont,2025-26,2026-03-11,Vermont,Boston University,bu,44,"Hutson,Cole",1,1,2,1,1,1,3,-1,,,1
bu_2026-03-11_vermont,2025-26,2026-03-11,Vermont,Boston University,bu,57,"Vass,Malte",0,0,0,0,0,0,0,0,,,0
bu_2026-03-11_vermont,2025-26,2026-03-11,Vermont,Boston University,bu,78,"Boumedienne,Sascha",0,0,0,1,0,0,1,2,,,3
bu_2026-03-11_vermont,2025-26,2026-03-11,Vermont,Boston University,bu,91,"Trethewey,Charlie",0,0,0,1,0,1,2,2,,,4
bu_2026-03-14_uconn,2025-26,2026-03-14,UConn,Boston U.,opponent,1,"Luciano,Steven",0,0,0,0,0,0,0,0,,,0
bu_2026-03-14_uconn,2025-26,2026-03-14,UConn,Boston U.,opponent,2,"McCarthy,Gavin",0,0,0,1,0,0,1,-2,,,0
bu_2026-03-14_uconn,2025-26,2026-03-14,UConn,Boston U.,opponent,7,"Roukounakis,Nick",0,0,0,3,0,1,4,-1,,,1
bu_2026-03-14_uconn,2025-26,2026-03-14,UConn,Boston U.,opponent,8,"Svoboda,Brandon",0,0,0,0,0,0,0,-1,1-1,,1
bu_2026-03-14_uconn,2025-26,2026-03-14,UConn,Boston U.,opponent,9,"Boisvert,Sacha",0,0,0,0,1,0,1,0,,1-2,0
bu_2026-03-14_uconn,2025-26,2026-03-14,UConn,Boston U.,opponent,10,"Morello,Jonathan",0,0,0,1,1,1,3,-1,10-16,,1
bu_2026-03-14_uconn,2025-26,2026-03-14,UConn,Boston U.,opponent,11,"Lawrence,Tynan",1,1,2,3,1,1,5,2,5-14,,0
bu_2026-03-14_uconn,2025-26,2026-03-14,UConn,Boston U.,opponent,12,"Harvey,Jack",0,0,0,1,0,0,1,-3,,,2
bu_2026-03-14_uconn,2025-26,2026-03-14,UConn,Boston U.,opponent,14,"Frechette,Mick",0,0,0,0,1,0,1,0,,,0
bu_2026-03-14_uconn,2025-26,2026-03-14,UConn,Boston U.,opponent,15,"Amico,Carter",0,0,0,0,0,0,0,0,,,0
bu_2026-03-14_uconn,2025-26,2026-03-14,UConn,Boston U.,opponent,16,"Fondrk,Conrad",0,0,0,0,0,0,0,0,,,0
bu_2026-03-14_uconn,2025-26,2026-03-14,UConn,Boston U.,opponent,18,"Feldberg,Jay",0,0,0,0,0,0,0,0,,,0
bu_2026-03-14_uconn,2025-26,2026-03-14,UConn,Boston U.,opponent,19,"Murtagh,Jack",1,0,1,0,2,0,2,1,,1-2,0
bu_2026-03-14_uconn,2025-26,2026-03-14,UConn,Boston U.,opponent,21,"Ritchie,Ryder",0,1,1,0,2,4,6,1,2-2,1-2,0
bu_2026-03-14_uconn,2025-26,2026-03-14,UConn,Boston U.,opponent,22,"Celebrini,Aiden",0,0,0,0,0,0,0,-2,,,4
bu_2026-03-14_uconn,2025-26,2026-03-14,UConn,Boston U.,opponent,23,"McLaughlin,Owen",0,0,0,1,0,0,1,2,,,0
bu_2026-03-14_uconn,2025-26,2026-03-14,UConn,Boston U.,opponent,25,"Merrill,Ben",1,0,1,0,0,2,2,2,,,0
bu_2026-03-14_uconn,2025-26,2026-03-14,UConn,Boston U.,opponent,26,"McNelis,John",0,0,0,0,0,0,0,0,,,0
bu_2026-03-14_uconn,2025-26,2026-03-14,UConn,Boston U.,opponent,27,"Kim,Kyle",0,0,0,0,0,0,0,0,,,0
bu_2026-03-14_uconn,2025-26,2026-03-14,UConn,Boston U.,opponent,30,"Perry,Jack",0,0,0,0,0,0,0,0,,,0
bu_2026-03-14_uconn,2025-26,2026-03-14,UConn,Boston U.,opponent,33,"Lacroix,Max",0,0,0,0,0,0,0,0,,,0
bu_2026-03-14_uconn,2025-26,2026-03-14,UConn,Boston U.,opponent,34,"Eiserman,Cole",0,0,0,0,0,0,0,-3,,,0
bu_2026-03-14_uconn,2025-26,2026-03-14,UConn,Boston U.,opponent,38,"Bednarik,Kamil",0,0,0,0,0,0,0,-3,8-16,,0
bu_2026-03-14_uconn,2025-26,2026-03-14,UConn,Boston U.,opponent,40,"Yegorov,Mikhail",0,0,0,0,0,0,0,0,,,0
bu_2026-03-14_uconn,2025-26,2026-03-14,UConn,Boston U.,opponent,44,"Hutson,Cole",0,0,0,0,3,0,3,-1,,1-2,1
bu_2026-03-14_uconn,2025-26,2026-03-14,UConn,Boston U.,opponent,57,"Vass,Malte",0,0,0,0,0,0,0,0,,,0
bu_2026-03-14_uconn,2025-26,2026-03-14,UConn,Boston U.,opponent,78,"Boumedienne,Sascha",0,0,0,0,0,0,0,1,,,0
bu_2026-03-14_uconn,2025-26,2026-03-14,UConn,Boston U.,opponent,91,"Trethewey,Charlie",0,0,0,1,1,0,2,2,,,2
bu_2026-03-14_uconn,2025-26,2026-03-14,UConn,UConn,opponent,1,"Hendrickson,Kam",0,0,0,0,0,0,0,0,,,0
bu_2026-03-14_uconn,2025-26,2026-03-14,UConn,UConn,opponent,2,"Dunphy,Brendan",0,0,0,0,0,0,0,0,,,2
bu_2026-03-14_uconn,2025-26,2026-03-14,UConn,UConn,opponent,3,"Fitzgerald,Kevin",0,0,0,0,0,0,0,0,,,0
bu_2026-03-14_uconn,2025-26,2026-03-14,UConn,UConn,opponent,6,"Gustafsson Nyberg,Viking",0,1,1,0,0,1,1,3,,,2
bu_2026-03-14_uconn,2025-26,2026-03-14,UConn,UConn,opponent,7,"Karpman,Huston",0,0,0,0,0,0,0,0,,,0
bu_2026-03-14_uconn,2025-26,2026-03-14,UConn,UConn,opponent,8,"Muldowney,Joey",1,1,2,0,0,1,1,0,,,1
bu_2026-03-14_uconn,2025-26,2026-03-14,UConn,UConn,opponent,9,"Tattle,Ryan",0,1,1,3,0,1,4,0,9-21,,1
bu_2026-03-14_uconn,2025-26,2026-03-14,UConn,UConn,opponent,10,"Fraser,Tristan",0,1,1,0,0,0,0,1,1-3,,0
bu_2026-03-14_uconn,2025-26,2026-03-14,UConn,UConn,opponent,11,"Janviriya,Kai",0,1,1,1,1,1,3,-2,,,2
bu_2026-03-14_uconn,2025-26,2026-03-14,UConn,UConn,opponent,12,"Sproule,Carter",0,0,0,0,0,0,0,0,,,0
bu_2026-03-14_uconn,2025-26,2026-03-14,UConn,UConn,opponent,13,"Gardula,Ethan",0,0,0,0,0,1,1,1,,1-2,1
bu_2026-03-14_uconn,2025-26,2026-03-14,UConn,UConn,opponent,15,"Messineo,Tom",0,0,0,0,0,0,0,-1,,,3
bu_2026-03-14_uconn,2025-26,2026-03-14,UConn,UConn,opponent,17,"Percival,Jake",1,1,2,1,2,3,6,2,,,1
bu_2026-03-14_uconn,2025-26,2026-03-14,UConn,UConn,opponent,19,"Richard,Jake",1,0,1,1,2,0,3,-1,,2-4,0
bu_2026-03-14_uconn,2025-26,2026-03-14,UConn,UConn,opponent,20,"Shahan,Kaden",0,0,0,0,0,0,0,-1,,,1
bu_2026-03-14_uconn,2025-26,2026-03-14,UConn,UConn,opponent,21,"Scott,Trey",0,0,0,0,1,0,1,1,,,0
bu_2026-03-14_uconn,2025-26,2026-03-14,UConn,UConn,opponent,22,"Blais,Alexandre",0,0,0,1,2,1,4,-1,,,2
bu_2026-03-14_uconn,2025-26,2026-03-14,UConn,UConn,opponent,23,"Heaslip,Tabor",0,1,1,0,1,3,4,1,8-13,,0
bu_2026-03-14_uconn,2025-26,2026-03-14,UConn,UConn,opponent,24,"Dezainde,Carlin",0,0,0,1,0,0,1,-1,3-7,,0
bu_2026-03-14_uconn,2025-26,2026-03-14,UConn,UConn,opponent,26,"Murtagh,Mike",0,1,1,1,0,1,2,1,8-11,,1
bu_2026-03-14_uconn,2025-26,2026-03-14,UConn,UConn,opponent,27,"Odyniec,Joseph",0,0,0,0,0,0,0,0,,,0
bu_2026-03-14_uconn,2025-26,2026-03-14,UConn,UConn,opponent,28,"Allain Samake,Anthony",1,0,1,0,1,1,2,1,,,0
bu_2026-03-14_uconn,2025-26,2026-03-14,UConn,UConn,opponent,30,"Muszelik,Tyler",0,0,0,0,0,0,0,0,,,0
bu_2026-03-14_uconn,2025-26,2026-03-14,UConn,UConn,opponent,31,"Sanborn,Ryan",0,0,0,0,0,0,0,0,,,0
bu_2026-03-14_uconn,2025-26,2026-03-14,UConn,UConn,opponent,34,"Simpson,Owen",0,0,0,0,0,0,0,0,,,0
bu_2026-03-14_uconn,2025-26,2026-03-14,UConn,UConn,opponent,71,"Whitcomb,Ethan",1,0,1,0,3,2,5,1,,,0
