season,team,date,day_of_week,result,goals_for,goals_against,is_home,is_away,is_neutral,opponent,opponent_chn_url,opponent_team_id,is_conference,is_overtime,box_score_url,metrics_url,game_note,source,source_url,team_conference,opponent_conference
2025-26,Air Force,2025-10-10,Fri,T,1,1,True,False,False,Denver,https://www.collegehockeynews.com/reports/team/Denver/20,20,False,True,https://www.collegehockeynews.com/box/final/20251010/den/afa/,https://www.collegehockeynews.com/box/metrics.php?gd=110516,,college_hockey_news,https://www.collegehockeynews.com/schedules/team/Air-Force/1/20252026,Atlantic Hockey,NCHC
2025-26,Air Force,2025-10-11,Sat,L,2,4,True,False,False,Colorado College,https://www.collegehockeynews.com/reports/team/Colorado-College/16,16,False,False,https://www.collegehockeynews.com/box/final/20251011/cc_/afa/,https://www.collegehockeynews.com/box/metrics.php?gd=111008,,college_hockey_news,https://www.collegehockeynews.com/schedules/team/Air-Force/1/20252026,Atlantic Hockey,NCHC
2025-26,Air Force,2025-10-17,Fri,L,2,11,True,False,False,St. Thomas,https://www.collegehockeynews.com/reports/team/St-Thomas/63,63,False,False,https://www.collegehockeynews.com/box/final/20251017/stt/afa/,https://www.collegehockeynews.com/box/metrics.php?gd=111009,,college_hockey_news,https://www.collegehockeynews.com/schedules/team/Air-Force/1/20252026,Atlantic Hockey,CCHA
2025-26,Air Force,2025-10-18,Sat,W,6,2,True,False,False,St. Thomas,https://www.collegehockeynews.com/reports/team/St-Thomas/63,63,False,False,https://www.collegehockeynews.com/box/final/20251018/stt/afa/,https://www.collegehockeynews.com/box/metrics.php?gd=111010,,college_hockey_news,https://www.collegehockeynews.com/schedules/team/Air-Force/1/20252026,Atlantic Hockey,CCHA
2025-26,Air Force,2025-10-24,Fri,L,1,5,False,True,False,RIT,https://www.collegehockeynews.com/reports/team/RIT/49,49,True,False,https://www.collegehockeynews.com/box/final/20251024/afa/rit/,https://www.collegehockeynews.com/box/metrics.php?gd=110716,,college_hockey_news,https://www.collegehockeynews.com/schedules/team/Air-Force/1/20252026,Atlantic Hockey,Atlantic Hockey
2025-26,Air Force,2025-10-25,Sat,L,3,7,False,True,False,RIT,https://www.collegehockeynews.com/reports/team/RIT/49,49,True,False,https://www.collegehockeynews.com/box/final/20251025/afa/rit/,https://www.collegehockeynews.com/box/metrics.php?gd=110717,,college_hockey_news,https://www.collegehockeynews.com/schedules/team/Air-Force/1/20252026,Atlantic Hockey,Atlantic Hockey
2025-26,Air Force,2025-10-31,Fri,W,2,0,True,False,False,Brown,https://www.collegehockeynews.com/reports/team/Brown/12,12,False,False,https://www.collegehockeynews.com/box/final/20251031/brn/afa/,https://www.collegehockeynews.com/box/metrics.php?gd=111011,,college_hockey_news,https://www.collegehockeynews.com/schedules/team/Air-Force/1/20252026,Atlantic Hockey,ECAC
2025-26,Air Force,2025-11-01,Sat,W,4,3,True,False,False,Brown,https://www.collegehockeynews.com/reports/team/Brown/12,12,False,False,https://www.collegehockeynews.com/box/final/20251101/brn/afa/,https://www.collegehockeynews.com/box/metrics.php?gd=111012,,college_hockey_news,https://www.collegehockeynews.com/schedules/team/Air-Force/1/20252026,Atlantic Hockey,ECAC
2025-26,Air Force,2025-11-07,Fri,W,4,1,False,True,False,Sacred Heart,https://www.collegehockeynews.com/reports/team/Sacred-Heart/51,51,True,False,https://www.collegehockeynews.com/box/final/20251107/afa/sac/,https://www.collegehockeynews.com/box/metrics.php?gd=110929,,college_hockey_news,https://www.collegehockeynews.com/schedules/team/Air-Force/1/20252026,Atlantic Hockey,Atlantic Hockey
2025-26,Air Force,2025-11-08,Sat,W,3,2,False,True,False,Sacred Heart,https://www.collegehockeynews.com/reports/team/Sacred-Heart/51,51,True,False,https://www.collegehockeynews.com/box/final/20251108/afa/sac/,https://www.collegehockeynews.com/box/metrics.php?gd=110930,,college_hockey_news,https://www.collegehockeynews.com/schedules/team/Air-Force/1/20252026,Atlantic Hockey,Atlantic Hockey
2025-26,Air Force,2025-11-14,Fri,L,2,3,True,False,False,Holy Cross,https://www.collegehockeynews.com/reports/team/Holy-Cross/23,23,True,False,https://www.collegehockeynews.com/box/final/20251114/hcr/afa/,https://www.collegehockeynews.com/box/metrics.php?gd=110907,,college_hockey_news,https://www.collegehockeynews.com/schedules/team/Air-Force/1/20252026,Atlantic Hockey,Atlantic Hockey
2025-26,Air Force,2025-11-15,Sat,L,1,4,True,False,False,Holy Cross,https://www.collegehockeynews.com/reports/team/Holy-Cross/23,23,True,False,https://www.collegehockeynews.com/box/final/20251115/hcr/afa/,https://www.collegehockeynews.com/box/metrics.php?gd=110908,,college_hockey_news,https://www.collegehockeynews.com/schedules/team/Air-Force/1/20252026,Atlantic Hockey,Atlantic Hockey
2025-26,Air Force,2025-11-21,Fri,W,6,3,False,True,False,Army,https://www.collegehockeynews.com/reports/team/Army/6,6,True,False,https://www.collegehockeynews.com/box/final/20251121/afa/arm/,https://www.collegehockeynews.com/box/metrics.php?gd=110810,,college_hockey_news,https://www.collegehockeynews.com/schedules/team/Air-Force/1/20252026,Atlantic Hockey,Atlantic Hockey
2025-26,Air Force,2025-11-22,Sat,W,3,2,False,True,False,Army,https://www.collegehockeynews.com/reports/team/Army/6,6,True,True,https://www.collegehockeynews.com/box/final/20251122/afa/arm/,https://www.collegehockeynews.com/box/metrics.php?gd=110811,,college_hockey_news,https://www.collegehockeynews.com/schedules/team/Air-Force/1/20252026,Atlantic Hockey,Atlantic Hockey
2025-26,Air Force,2025-11-28,Fri,W,6,3,False,True,False,Canisius,https://www.collegehockeynews.com/reports/team/Canisius/13,13,True,False,https://www.collegehockeynews.com/box/final/20251128/afa/cns/,https://www.collegehockeynews.com/box/metrics.php?gd=110767,,college_hockey_news,https://www.collegehockeynews.com/schedules/team/Air-Force/1/20252026,Atlantic Hockey,Atlantic Hockey
2025-26,Air Force,2025-11-29,Sat,T-SOL,3,3,False,True,False,Canisius,https://www.collegehockeynews.com/reports/team/Canisius/13,13,True,True,https://www.collegehockeynews.com/box/final/20251129/afa/cns/,https://www.collegehockeynews.com/box/metrics.php?gd=110768,,college_hockey_news,https://www.collegehockeynews.com/schedules/team/Air-Force/1/20252026,Atlantic Hockey,Atlantic Hockey
2025-26,Air Force,2025-12-05,Fri,W,4,1,True,False,False,Robert Morris,https://www.collegehockeynews.com/reports/team/Robert-Morris/50,50,True,False,https://www.collegehockeynews.com/box/final/20251205/rmu/afa/,https://www.collegehockeynews.com/box/metrics.php?gd=110886,,college_hockey_news,https://www.collegehockeynews.com/schedules/team/Air-Force/1/20252026,Atlantic Hockey,Atlantic Hockey
2025-26,Air Force,2025-12-06,Sat,L,3,6,True,False,False,Robert Morris,https://www.collegehockeynews.com/reports/team/Robert-Morris/50,50,True,False,https://www.collegehockeynews.com/box/final/20251206/rmu/afa/,https://www.collegehockeynews.com/box/metrics.php?gd=110887,,college_hockey_news,https://www.collegehockeynews.com/schedules/team/Air-Force/1/20252026,Atlantic Hockey,Atlantic Hockey
2025-26,Air Force,2026-01-02,Fri,W,8,2,False,False,True,Michigan Tech,https://www.collegehockeynews.com/reports/team/Michigan-Tech/33,33,False,False,https://www.collegehockeynews.com/box/final/20260102/mtu/afa/,https://www.collegehockeynews.com/box/metrics.php?gd=110390,"Desert Hockey Classic – Mullett Arena, Tempe, Ariz.",college_hockey_news,https://www.collegehockeynews.com/schedules/team/Air-Force/1/20252026,Atlantic Hockey,CCHA
2025-26,Air Force,2026-01-03,Sat,L,2,5,False,True,False,Arizona State,https://www.collegehockeynews.com/reports/team/Arizona-State/61,61,False,False,https://www.collegehockeynews.com/box/final/20260103/afa/asu/,https://www.collegehockeynews.com/box/metrics.php?gd=111237,"Desert Hockey Classic – Mullett Arena, Tempe, Ariz.",college_hockey_news,https://www.collegehockeynews.com/schedules/team/Air-Force/1/20252026,Atlantic Hockey,NCHC
2025-26,Air Force,2026-01-09,Fri,L,1,5,True,False,False,Bentley,https://www.collegehockeynews.com/reports/team/Bentley/8,8,True,False,https://www.collegehockeynews.com/box/final/20260109/ben/afa/,https://www.collegehockeynews.com/box/metrics.php?gd=110951,,college_hockey_news,https://www.collegehockeynews.com/schedules/team/Air-Force/1/20252026,Atlantic Hockey,Atlantic Hockey
2025-26,Air Force,2026-01-10,Sat,L,1,3,True,False,False,Bentley,https://www.collegehockeynews.com/reports/team/Bentley/8,8,True,False,https://www.collegehockeynews.com/box/final/20260110/ben/afa/,https://www.collegehockeynews.com/box/metrics.php?gd=110952,,college_hockey_news,https://www.collegehockeynews.com/schedules/team/Air-Force/1/20252026,Atlantic Hockey,Atlantic Hockey
2025-26,Air Force,2026-01-16,Fri,L,2,3,False,True,False,Holy Cross,https://www.collegehockeynews.com/reports/team/Holy-Cross/23,23,True,True,https://www.collegehockeynews.com/box/final/20260116/afa/hcr/,https://www.collegehockeynews.com/box/metrics.php?gd=110916,,college_hockey_news,https://www.collegehockeynews.com/schedules/team/Air-Force/1/20252026,Atlantic Hockey,Atlantic Hockey
2025-26,Air Force,2026-01-17,Sat,W,5,2,False,True,False,Holy Cross,https://www.collegehockeynews.com/reports/team/Holy-Cross/23,23,True,False,https://www.collegehockeynews.com/box/final/20260117/afa/hcr/,https://www.collegehockeynews.com/box/metrics.php?gd=110917,,college_hockey_news,https://www.collegehockeynews.com/schedules/team/Air-Force/1/20252026,Atlantic Hockey,Atlantic Hockey
2025-26,Air Force,2026-01-30,Fri,W,5,2,True,False,False,Sacred Heart,https://www.collegehockeynews.com/reports/team/Sacred-Heart/51,51,True,False,https://www.collegehockeynews.com/box/final/20260130/sac/afa/,https://www.collegehockeynews.com/box/metrics.php?gd=110936,,college_hockey_news,https://www.collegehockeynews.com/schedules/team/Air-Force/1/20252026,Atlantic Hockey,Atlantic Hockey
2025-26,Air Force,2026-01-31,Sat,W,2,0,True,False,False,Sacred Heart,https://www.collegehockeynews.com/reports/team/Sacred-Heart/51,51,True,False,https://www.collegehockeynews.com/box/final/20260131/sac/afa/,https://www.collegehockeynews.com/box/metrics.php?gd=110937,,college_hockey_news,https://www.collegehockeynews.com/schedules/team/Air-Force/1/20252026,Atlantic Hockey,Atlantic Hockey
2025-26,Air Force,2026-02-06,Fri,W,2,1,False,True,False,Niagara,https://www.collegehockeynews.com/reports/team/Niagara/39,39,True,True,https://www.collegehockeynews.com/box/final/20260206/afa/nia/,https://www.collegehockeynews.com/box/metrics.php?gd=110968,,college_hockey_news,https://www.collegehockeynews.com/schedules/team/Air-Force/1/20252026,Atlantic Hockey,Atlantic Hockey
2025-26,Air Force,2026-02-07,Sat,L,2,4,False,True,False,Niagara,https://www.collegehockeynews.com/reports/team/Niagara/39,39,True,False,https://www.collegehockeynews.com/box/final/20260207/afa/nia/,https://www.collegehockeynews.com/box/metrics.php?gd=110969,,college_hockey_news,https://www.collegehockeynews.com/schedules/team/Air-Force/1/20252026,Atlantic Hockey,Atlantic Hockey
2025-26,Air Force,2026-02-13,Fri,T-SOL,3,3,True,False,False,Mercyhurst,https://www.collegehockeynews.com/reports/team/Mercyhurst/28,28,True,True,https://www.collegehockeynews.com/box/final/20260213/mrc/afa/,https://www.collegehockeynews.com/box/metrics.php?gd=111013,,college_hockey_news,https://www.collegehockeynews.com/schedules/team/Air-Force/1/20252026,Atlantic Hockey,Atlantic Hockey
2025-26,Air Force,2026-02-14,Sat,W,5,4,True,False,False,Mercyhurst,https://www.collegehockeynews.com/reports/team/Mercyhurst/28,28,True,False,https://www.collegehockeynews.com/box/final/20260214/mrc/afa/,https://www.collegehockeynews.com/box/metrics.php?gd=111014,,college_hockey_news,https://www.collegehockeynews.com/schedules/team/Air-Force/1/20252026,Atlantic Hockey,Atlantic Hockey
2025-26,Air Force,2026-02-20,Fri,L,3,4,True,False,False,Army,https://www.collegehockeynews.com/reports/team/Army/6,6,True,False,https://www.collegehockeynews.com/box/final/20260220/arm/afa/,https://www.collegehockeynews.com/box/metrics.php?gd=110826,,college_hockey_news,https://www.collegehockeynews.com/schedules/team/Air-Force/1/20252026,Atlantic Hockey,Atlantic Hockey
2025-26,Air Force,2026-02-21,Sat,T-SOL,0,0,True,False,False,Army,https://www.collegehockeynews.com/reports/team/Army/6,6,True,True,https://www.collegehockeynews.com/box/final/20260221/arm/afa/,https://www.collegehockeynews.com/box/metrics.php?gd=110827,,college_hockey_news,https://www.collegehockeynews.com/schedules/team/Air-Force/1/20252026,Atlantic Hockey,Atlantic Hockey
2025-26,Air Force,2026-02-27,Fri,W,3,2,False,True,False,Bentley,https://www.collegehockeynews.com/reports/team/Bentley/8,8,True,False,https://www.collegehockeynews.com/box/final/20260227/afa/ben/,https://www.collegehockeynews.com/box/metrics.php?gd=110955,,college_hockey_news,https://www.collegehockeynews.com/schedules/team/Air-Force/1/20252026,Atlantic Hockey,Atlantic Hockey
2025-26,Air Force,2026-02-28,Sat,W,2,0,False,True,False,Bentley,https://www.collegehockeynews.com/reports/team/Bentley/8,8,True,False,https://www.collegehockeynews.com/box/final/20260228/afa/ben/,https://www.collegehockeynews.com/box/metrics.php?gd=110956,,college_hockey_news,https://www.collegehockeynews.com/schedules/team/Air-Force/1/20252026,Atlantic Hockey,Atlantic Hockey
2025-26,Air Force,2026-03-06,Fri,W,3,2,False,True,False,Robert Morris,https://www.collegehockeynews.com/reports/team/Robert-Morris/50,50,False,True,https://www.collegehockeynews.com/box/final/20260306/afa/rmu/,https://www.collegehockeynews.com/box/metrics.php?gd=112967,"AHA Tournament AHA Quarterfinal – Clearview Arena, Neville Island, Pa.",college_hockey_news,https://www.collegehockeynews.com/schedules/team/Air-Force/1/20252026,Atlantic Hockey,Atlantic Hockey
2025-26,Air Force,2026-03-07,Sat,L,1,4,False,True,False,Robert Morris,https://www.collegehockeynews.com/reports/team/Robert-Morris/50,50,False,False,https://www.collegehockeynews.com/box/final/20260307/afa/rmu/,https://www.collegehockeynews.com/box/metrics.php?gd=112968,"AHA Tournament AHA Quarterfinal – Clearview Arena, Neville Island, Pa.",college_hockey_news,https://www.collegehockeynews.com/schedules/team/Air-Force/1/20252026,Atlantic Hockey,Atlantic Hockey
2025-26,Air Force,2026-03-08,Sun,L,2,5,False,True,False,Robert Morris,https://www.collegehockeynews.com/reports/team/Robert-Morris/50,50,False,False,https://www.collegehockeynews.com/box/final/20260308/afa/rmu/,https://www.collegehockeynews.com/box/metrics.php?gd=113007,"AHA Tournament AHA Quarterfinal – Clearview Arena, Neville Island, Pa.",college_hockey_news,https://www.collegehockeynews.com/schedules/team/Air-Force/1/20252026,Atlantic Hockey,Atlantic Hockey
2025-26,Army,2025-10-04,Sat,T,1,1,False,True,False,Union,https://www.collegehockeynews.com/reports/team/Union/54,54,False,True,https://www.collegehockeynews.com/box/final/20251004/arm/uni/,https://www.collegehockeynews.com/box/metrics.php?gd=110801,,college_hockey_news,https://www.collegehockeynews.com/schedules/team/Army/6/20252026,Atlantic Hockey,ECAC
2025-26,Army,2025-10-10,Fri,W,2,1,False,True,False,Northeastern,https://www.collegehockeynews.com/reports/team/Northeastern/41,41,False,False,https://www.collegehockeynews.com/box/final/20251010/arm/noe/,https://www.collegehockeynews.com/box/metrics.php?gd=110802,,college_hockey_news,https://www.collegehockeynews.com/schedules/team/Army/6/20252026,Atlantic Hockey,Hockey East
2025-26,Army,2025-10-12,Sun,W,6,1,True,False,False,Stonehill,https://www.collegehockeynews.com/reports/team/Stonehill/422,422,False,False,https://www.collegehockeynews.com/box/final/20251012/stn/arm/,https://www.collegehockeynews.com/box/metrics.php?gd=110803,,college_hockey_news,https://www.collegehockeynews.com/schedules/team/Army/6/20252026,Atlantic Hockey,Independent
2025-26,Army,2025-10-14,Tue,L,1,3,True,False,False,Canisius,https://www.collegehockeynews.com/reports/team/Canisius/13,13,True,False,https://www.collegehockeynews.com/box/final/20251014/cns/arm/,https://www.collegehockeynews.com/box/metrics.php?gd=110757,,college_hockey_news,https://www.collegehockeynews.com/schedules/team/Army/6/20252026,Atlantic Hockey,Atlantic Hockey
2025-26,Army,2025-10-24,Fri,W,5,2,True,False,False,Holy Cross,https://www.collegehockeynews.com/reports/team/Holy-Cross/23,23,True,False,https://www.collegehockeynews.com/box/final/20251024/hcr/arm/,https://www.collegehockeynews.com/box/metrics.php?gd=110804,,college_hockey_news,https://www.collegehockeynews.com/schedules/team/Army/6/20252026,Atlantic Hockey,Atlantic Hockey
2025-26,Army,2025-10-25,Sat,L,1,5,True,False,False,Holy Cross,https://www.collegehockeynews.com/reports/team/Holy-Cross/23,23,True,False,https://www.collegehockeynews.com/box/final/20251025/hcr/arm/,https://www.collegehockeynews.com/box/metrics.php?gd=110805,,college_hockey_news,https://www.collegehockeynews.com/schedules/team/Army/6/20252026,Atlantic Hockey,Atlantic Hockey
2025-26,Army,2025-11-01,Sat,T-SOL,2,2,False,True,False,Canisius,https://www.collegehockeynews.com/reports/team/Canisius/13,13,True,True,https://www.collegehockeynews.com/box/final/20251101/arm/cns/,https://www.collegehockeynews.com/box/metrics.php?gd=110762,,college_hockey_news,https://www.collegehockeynews.com/schedules/team/Army/6/20252026,Atlantic Hockey,Atlantic Hockey
2025-26,Army,2025-11-07,Fri,T-SOW,3,3,False,True,False,Bentley,https://www.collegehockeynews.com/reports/team/Bentley/8,8,True,True,https://www.collegehockeynews.com/box/final/20251107/arm/ben/,https://www.collegehockeynews.com/box/metrics.php?gd=110806,,college_hockey_news,https://www.collegehockeynews.com/schedules/team/Army/6/20252026,Atlantic Hockey,Atlantic Hockey
2025-26,Army,2025-11-09,Sun,L,2,3,True,False,False,Bentley,https://www.collegehockeynews.com/reports/team/Bentley/8,8,True,False,https://www.collegehockeynews.com/box/final/20251109/ben/arm/,https://www.collegehockeynews.com/box/metrics.php?gd=110807,,college_hockey_news,https://www.collegehockeynews.com/schedules/team/Army/6/20252026,Atlantic Hockey,Atlantic Hockey
2025-26,Army,2025-11-14,Fri,L,4,6,False,True,False,Niagara,https://www.collegehockeynews.com/reports/team/Niagara/39,39,True,False,https://www.collegehockeynews.com/box/final/20251114/arm/nia/,https://www.collegehockeynews.com/box/metrics.php?gd=110808,,college_hockey_news,https://www.collegehockeynews.com/schedules/team/Army/6/20252026,Atlantic Hockey,Atlantic Hockey
2025-26,Army,2025-11-15,Sat,L,1,4,False,True,False,Niagara,https://www.collegehockeynews.com/reports/team/Niagara/39,39,True,False,https://www.collegehockeynews.com/box/final/20251115/arm/nia/,https://www.collegehockeynews.com/box/metrics.php?gd=110809,,college_hockey_news,https://www.collegehockeynews.com/schedules/team/Army/6/20252026,Atlantic Hockey,Atlantic Hockey
2025-26,Army,2025-11-21,Fri,L,3,6,True,False,False,Air Force,https://www.collegehockeynews.com/reports/team/Air-Force/1,1,True,False,https://www.collegehockeynews.com/box/final/20251121/afa/arm/,https://www.collegehockeynews.com/box/metrics.php?gd=110810,,college_hockey_news,https://www.collegehockeynews.com/schedules/team/Army/6/20252026,Atlantic Hockey,Atlantic Hockey
2025-26,Army,2025-11-22,Sat,L,2,3,True,False,False,Air Force,https://www.collegehockeynews.com/reports/team/Air-Force/1,1,True,True,https://www.collegehockeynews.com/box/final/20251122/afa/arm/,https://www.collegehockeynews.com/box/metrics.php?gd=110811,,college_hockey_news,https://www.collegehockeynews.com/schedules/team/Army/6/20252026,Atlantic Hockey,Atlantic Hockey
2025-26,Army,2025-11-25,Tue,L,1,3,True,False,False,Bentley,https://www.collegehockeynews.com/reports/team/Bentley/8,8,True,False,https://www.collegehockeynews.com/box/final/20251125/ben/arm/,https://www.collegehockeynews.com/box/metrics.php?gd=110812,,college_hockey_news,https://www.collegehockeynews.com/schedules/team/Army/6/20252026,Atlantic Hockey,Atlantic Hockey
2025-26,Army,2025-11-29,Sat,W,5,4,True,False,False,Massachusetts,https://www.collegehockeynews.com/reports/team/Massachusetts/27,27,False,False,https://www.collegehockeynews.com/box/final/20251129/uma/arm/,https://www.collegehockeynews.com/box/metrics.php?gd=110813,,college_hockey_news,https://www.collegehockeynews.com/schedules/team/Army/6/20252026,Atlantic Hockey,Hockey East
2025-26,Army,2025-12-05,Fri,T-SOL,3,3,False,True,False,Sacred Heart,https://www.collegehockeynews.com/reports/team/Sacred-Heart/51,51,True,True,https://www.collegehockeynews.com/box/final/20251205/arm/sac/,https://www.collegehockeynews.com/box/metrics.php?gd=110814,,college_hockey_news,https://www.collegehockeynews.com/schedules/team/Army/6/20252026,Atlantic Hockey,Atlantic Hockey
2025-26,Army,2025-12-06,Sat,W,2,0,False,True,False,Sacred Heart,https://www.collegehockeynews.com/reports/team/Sacred-Heart/51,51,True,False,https://www.collegehockeynews.com/box/final/20251206/arm/sac/,https://www.collegehockeynews.com/box/metrics.php?gd=110815,,college_hockey_news,https://www.collegehockeynews.com/schedules/team/Army/6/20252026,Atlantic Hockey,Atlantic Hockey
2025-26,Army,2025-12-12,Fri,L,0,3,False,True,False,Dartmouth,https://www.collegehockeynews.com/reports/team/Dartmouth/19,19,False,False,https://www.collegehockeynews.com/box/final/20251212/arm/dar/,https://www.collegehockeynews.com/box/metrics.php?gd=110816,,college_hockey_news,https://www.collegehockeynews.com/schedules/team/Army/6/20252026,Atlantic Hockey,ECAC
2025-26,Army,2025-12-13,Sat,W,3,0,False,True,False,Vermont,https://www.collegehockeynews.com/reports/team/Vermont/55,55,False,False,https://www.collegehockeynews.com/box/final/20251213/arm/ver/,https://www.collegehockeynews.com/box/metrics.php?gd=110817,,college_hockey_news,https://www.collegehockeynews.com/schedules/team/Army/6/20252026,Atlantic Hockey,Hockey East
2025-26,Army,2025-12-28,Sun,T,4,4,False,True,False,Long Island,https://www.collegehockeynews.com/reports/team/Long-Island/62,62,False,True,https://www.collegehockeynews.com/box/final/20251228/arm/liu/,https://www.collegehockeynews.com/box/metrics.php?gd=110818,,college_hockey_news,https://www.collegehockeynews.com/schedules/team/Army/6/20252026,Atlantic Hockey,Independent
2025-26,Army,2026-01-02,Fri,W,5,2,True,False,False,Northeastern,https://www.collegehockeynews.com/reports/team/Northeastern/41,41,False,False,https://www.collegehockeynews.com/box/final/20260102/noe/arm/,https://www.collegehockeynews.com/box/metrics.php?gd=110819,,college_hockey_news,https://www.collegehockeynews.com/schedules/team/Army/6/20252026,Atlantic Hockey,Hockey East
2025-26,Army,2026-01-09,Fri,L,0,3,False,True,False,Mercyhurst,https://www.collegehockeynews.com/reports/team/Mercyhurst/28,28,True,False,https://www.collegehockeynews.com/box/final/20260109/arm/mrc/,https://www.collegehockeynews.com/box/metrics.php?gd=110820,,college_hockey_news,https://www.collegehockeynews.com/schedules/team/Army/6/20252026,Atlantic Hockey,Atlantic Hockey
2025-26,Army,2026-01-10,Sat,W,5,0,False,True,False,Mercyhurst,https://www.collegehockeynews.com/reports/team/Mercyhurst/28,28,True,False,https://www.collegehockeynews.com/box/final/20260110/arm/mrc/,https://www.collegehockeynews.com/box/metrics.php?gd=110821,,college_hockey_news,https://www.collegehockeynews.com/schedules/team/Army/6/20252026,Atlantic Hockey,Atlantic Hockey
2025-26,Army,2026-01-16,Fri,W,3,2,True,False,False,Robert Morris,https://www.collegehockeynews.com/reports/team/Robert-Morris/50,50,True,True,https://www.collegehockeynews.com/box/final/20260116/rmu/arm/,https://www.collegehockeynews.com/box/metrics.php?gd=110822,,college_hockey_news,https://www.collegehockeynews.com/schedules/team/Army/6/20252026,Atlantic Hockey,Atlantic Hockey
2025-26,Army,2026-01-17,Sat,L,0,3,True,False,False,Robert Morris,https://www.collegehockeynews.com/reports/team/Robert-Morris/50,50,True,False,https://www.collegehockeynews.com/box/final/20260117/rmu/arm/,https://www.collegehockeynews.com/box/metrics.php?gd=110823,,college_hockey_news,https://www.collegehockeynews.com/schedules/team/Army/6/20252026,Atlantic Hockey,Atlantic Hockey
2025-26,Army,2026-01-29,Thu,W,3,2,False,True,False,Holy Cross,https://www.collegehockeynews.com/reports/team/Holy-Cross/23,23,True,True,https://www.collegehockeynews.com/box/final/20260129/arm/hcr/,https://www.collegehockeynews.com/box/metrics.php?gd=110918,,college_hockey_news,https://www.collegehockeynews.com/schedules/team/Army/6/20252026,Atlantic Hockey,Atlantic Hockey
2025-26,Army,2026-01-30,Fri,L,0,3,False,True,False,Holy Cross,https://www.collegehockeynews.com/reports/team/Holy-Cross/23,23,True,False,https://www.collegehockeynews.com/box/final/20260130/arm/hcr/,https://www.collegehockeynews.com/box/metrics.php?gd=110919,,college_hockey_news,https://www.collegehockeynews.com/schedules/team/Army/6/20252026,Atlantic Hockey,Atlantic Hockey
2025-26,Army,2026-02-06,Fri,W,6,2,True,False,False,RIT,https://www.collegehockeynews.com/reports/team/RIT/49,49,True,False,https://www.collegehockeynews.com/box/final/20260206/rit/arm/,https://www.collegehockeynews.com/box/metrics.php?gd=110739,,college_hockey_news,https://www.collegehockeynews.com/schedules/team/Army/6/20252026,Atlantic Hockey,Atlantic Hockey
2025-26,Army,2026-02-07,Sat,L,2,3,True,False,False,RIT,https://www.collegehockeynews.com/reports/team/RIT/49,49,True,True,https://www.collegehockeynews.com/box/final/20260207/rit/arm/,https://www.collegehockeynews.com/box/metrics.php?gd=110740,,college_hockey_news,https://www.collegehockeynews.com/schedules/team/Army/6/20252026,Atlantic Hockey,Atlantic Hockey
2025-26,Army,2026-02-10,Tue,L,3,4,False,True,False,Bentley,https://www.collegehockeynews.com/reports/team/Bentley/8,8,True,True,https://www.collegehockeynews.com/box/final/20260210/arm/ben/,https://www.collegehockeynews.com/box/metrics.php?gd=110825,,college_hockey_news,https://www.collegehockeynews.com/schedules/team/Army/6/20252026,Atlantic Hockey,Atlantic Hockey
2025-26,Army,2026-02-20,Fri,W,4,3,False,True,False,Air Force,https://www.collegehockeynews.com/reports/team/Air-Force/1,1,True,False,https://www.collegehockeynews.com/box/final/20260220/arm/afa/,https://www.collegehockeynews.com/box/metrics.php?gd=110826,,college_hockey_news,https://www.collegehockeynews.com/schedules/team/Army/6/20252026,Atlantic Hockey,Atlantic Hockey
2025-26,Army,2026-02-21,Sat,T-SOW,0,0,False,True,False,Air Force,https://www.collegehockeynews.com/reports/team/Air-Force/1,1,True,True,https://www.collegehockeynews.com/box/final/20260221/arm/afa/,https://www.collegehockeynews.com/box/metrics.php?gd=110827,,college_hockey_news,https://www.collegehockeynews.com/schedules/team/Army/6/20252026,Atlantic Hockey,Atlantic Hockey
2025-26,Army,2026-02-27,Fri,L,2,3,True,False,False,Sacred Heart,https://www.collegehockeynews.com/reports/team/Sacred-Heart/51,51,True,False,https://www.collegehockeynews.com/box/final/20260227/sac/arm/,https://www.collegehockeynews.com/box/metrics.php?gd=110828,,college_hockey_news,https://www.collegehockeynews.com/schedules/team/Army/6/20252026,Atlantic Hockey,Atlantic Hockey
2025-26,Army,2026-02-28,Sat,L,3,4,True,False,False,Sacred Heart,https://www.collegehockeynews.com/reports/team/Sacred-Heart/51,51,True,False,https://www.collegehockeynews.com/box/final/20260228/sac/arm/,https://www.collegehockeynews.com/box/metrics.php?gd=110829,,college_hockey_news,https://www.collegehockeynews.com/schedules/team/Army/6/20252026,Atlantic Hockey,Atlantic Hockey
2025-26,Army,2026-03-03,Tue,L,4,5,False,True,False,Niagara,https://www.collegehockeynews.com/reports/team/Niagara/39,39,False,False,https://www.collegehockeynews.com/box/final/20260303/arm/nia/,https://www.collegehockeynews.com/box/metrics.php?gd=112951,"AHA Tournament AHA First Round – Dwyer Arena, Niagara, N.Y.",college_hockey_news,https://www.collegehockeynews.com/schedules/team/Army/6/20252026,Atlantic Hockey,Atlantic Hockey
2025-26,Bentley,2025-10-10,Fri,L,2,5,False,True,False,Colorado College,https://www.collegehockeynews.com/reports/team/Colorado-College/16,16,False,False,https://www.collegehockeynews.com/box/final/20251010/ben/cc_/,https://www.collegehockeynews.com/box/metrics.php?gd=110943,,college_hockey_news,https://www.collegehockeynews.com/schedules/team/Bentley/8/20252026,Atlantic Hockey,NCHC
2025-26,Bentley,2025-10-11,Sat,L,0,6,False,True,False,Denver,https://www.collegehockeynews.com/reports/team/Denver/20,20,False,False,https://www.collegehockeynews.com/box/final/20251011/ben/den/,https://www.collegehockeynews.com/box/metrics.php?gd=110517,,college_hockey_news,https://www.collegehockeynews.com/schedules/team/Bentley/8/20252026,Atlantic Hockey,NCHC
2025-26,Bentley,2025-10-18,Sat,L,4,5,False,True,False,Massachusetts,https://www.collegehockeynews.com/reports/team/Massachusetts/27,27,False,True,https://www.collegehockeynews.com/box/final/20251018/ben/uma/,https://www.collegehockeynews.com/box/metrics.php?gd=110543,,college_hockey_news,https://www.collegehockeynews.com/schedules/team/Bentley/8/20252026,Atlantic Hockey,Hockey East
2025-26,Bentley,2025-10-24,Fri,W,4,1,True,False,False,Canisius,https://www.collegehockeynews.com/reports/team/Canisius/13,13,True,False,https://www.collegehockeynews.com/box/final/20251024/cns/ben/,https://www.collegehockeynews.com/box/metrics.php?gd=110760,,college_hockey_news,https://www.collegehockeynews.com/schedules/team/Bentley/8/20252026,Atlantic Hockey,Atlantic Hockey
2025-26,Bentley,2025-10-25,Sat,W,3,0,True,False,False,Canisius,https://www.collegehockeynews.com/reports/team/Canisius/13,13,True,False,https://www.collegehockeynews.com/box/final/20251025/cns/ben/,https://www.collegehockeynews.com/box/metrics.php?gd=110761,,college_hockey_news,https://www.collegehockeynews.com/schedules/team/Bentley/8/20252026,Atlantic Hockey,Atlantic Hockey
2025-26,Bentley,2025-10-31,Fri,W,3,1,False,True,False,Mercyhurst,https://www.collegehockeynews.com/reports/team/Mercyhurst/28,28,True,False,https://www.collegehockeynews.com/box/final/20251031/ben/mrc/,https://www.collegehockeynews.com/box/metrics.php?gd=110944,,college_hockey_news,https://www.collegehockeynews.com/schedules/team/Bentley/8/20252026,Atlantic Hockey,Atlantic Hockey
2025-26,Bentley,2025-11-01,Sat,W,7,2,False,True,False,Mercyhurst,https://www.collegehockeynews.com/reports/team/Mercyhurst/28,28,True,False,https://www.collegehockeynews.com/box/final/20251101/ben/mrc/,https://www.collegehockeynews.com/box/metrics.php?gd=110945,,college_hockey_news,https://www.collegehockeynews.com/schedules/team/Bentley/8/20252026,Atlantic Hockey,Atlantic Hockey
2025-26,Bentley,2025-11-07,Fri,T-SOL,3,3,True,False,False,Army,https://www.collegehockeynews.com/reports/team/Army/6,6,True,True,https://www.collegehockeynews.com/box/final/20251107/arm/ben/,https://www.collegehockeynews.com/box/metrics.php?gd=110806,,college_hockey_news,https://www.collegehockeynews.com/schedules/team/Bentley/8/20252026,Atlantic Hockey,Atlantic Hockey
2025-26,Bentley,2025-11-09,Sun,W,3,2,False,True,False,Army,https://www.collegehockeynews.com/reports/team/Army/6,6,True,False,https://www.collegehockeynews.com/box/final/20251109/ben/arm/,https://www.collegehockeynews.com/box/metrics.php?gd=110807,,college_hockey_news,https://www.collegehockeynews.com/schedules/team/Bentley/8/20252026,Atlantic Hockey,Atlantic Hockey
2025-26,Bentley,2025-11-14,Fri,W,2,1,True,False,False,Alaska-Anchorage,https://www.collegehockeynews.com/reports/team/Alaska-Anchorage/3,3,False,True,https://www.collegehockeynews.com/box/final/20251114/aka/ben/,https://www.collegehockeynews.com/box/metrics.php?gd=110946,,college_hockey_news,https://www.collegehockeynews.com/schedules/team/Bentley/8/20252026,Atlantic Hockey,Independent
2025-26,Bentley,2025-11-15,Sat,L,2,3,True,False,False,Alaska-Anchorage,https://www.collegehockeynews.com/reports/team/Alaska-Anchorage/3,3,False,False,https://www.collegehockeynews.com/box/final/20251115/aka/ben/,https://www.collegehockeynews.com/box/metrics.php?gd=110947,,college_hockey_news,https://www.collegehockeynews.com/schedules/team/Bentley/8/20252026,Atlantic Hockey,Independent
2025-26,Bentley,2025-11-21,Fri,W,3,2,True,False,False,RIT,https://www.collegehockeynews.com/reports/team/RIT/49,49,True,False,https://www.collegehockeynews.com/box/final/20251121/rit/ben/,https://www.collegehockeynews.com/box/metrics.php?gd=110725,,college_hockey_news,https://www.collegehockeynews.com/schedules/team/Bentley/8/20252026,Atlantic Hockey,Atlantic Hockey
2025-26,Bentley,2025-11-25,Tue,W,3,1,False,True,False,Army,https://www.collegehockeynews.com/reports/team/Army/6,6,True,False,https://www.collegehockeynews.com/box/final/20251125/ben/arm/,https://www.collegehockeynews.com/box/metrics.php?gd=110812,,college_hockey_news,https://www.collegehockeynews.com/schedules/team/Bentley/8/20252026,Atlantic Hockey,Atlantic Hockey
2025-26,Bentley,2025-11-29,Sat,L,0,3,True,False,False,New Hampshire,https://www.collegehockeynews.com/reports/team/New-Hampshire/38,38,False,False,https://www.collegehockeynews.com/box/final/20251129/unh/ben/,https://www.collegehockeynews.com/box/metrics.php?gd=110948,,college_hockey_news,https://www.collegehockeynews.com/schedules/team/Bentley/8/20252026,Atlantic Hockey,Hockey East
2025-26,Bentley,2025-12-05,Fri,L,1,3,True,False,False,Niagara,https://www.collegehockeynews.com/reports/team/Niagara/39,39,True,False,https://www.collegehockeynews.com/box/final/20251205/nia/ben/,https://www.collegehockeynews.com/box/metrics.php?gd=110949,,college_hockey_news,https://www.collegehockeynews.com/schedules/team/Bentley/8/20252026,Atlantic Hockey,Atlantic Hockey
2025-26,Bentley,2025-12-06,Sat,W,3,2,True,False,False,Niagara,https://www.collegehockeynews.com/reports/team/Niagara/39,39,True,False,https://www.collegehockeynews.com/box/final/20251206/nia/ben/,https://www.collegehockeynews.com/box/metrics.php?gd=110950,,college_hockey_news,https://www.collegehockeynews.com/schedules/team/Bentley/8/20252026,Atlantic Hockey,Atlantic Hockey
2025-26,Bentley,2026-01-02,Fri,T-SOW,2,2,True,False,False,Holy Cross,https://www.collegehockeynews.com/reports/team/Holy-Cross/23,23,True,True,https://www.collegehockeynews.com/box/final/20260102/hcr/ben/,https://www.collegehockeynews.com/box/metrics.php?gd=110913,,college_hockey_news,https://www.collegehockeynews.com/schedules/team/Bentley/8/20252026,Atlantic Hockey,Atlantic Hockey
2025-26,Bentley,2026-01-03,Sat,W,8,3,False,True,False,Holy Cross,https://www.collegehockeynews.com/reports/team/Holy-Cross/23,23,True,False,https://www.collegehockeynews.com/box/final/20260103/ben/hcr/,https://www.collegehockeynews.com/box/metrics.php?gd=110914,,college_hockey_news,https://www.collegehockeynews.com/schedules/team/Bentley/8/20252026,Atlantic Hockey,Atlantic Hockey
2025-26,Bentley,2026-01-09,Fri,W,5,1,False,True,False,Air Force,https://www.collegehockeynews.com/reports/team/Air-Force/1,1,True,False,https://www.collegehockeynews.com/box/final/20260109/ben/afa/,https://www.collegehockeynews.com/box/metrics.php?gd=110951,,college_hockey_news,https://www.collegehockeynews.com/schedules/team/Bentley/8/20252026,Atlantic Hockey,Atlantic Hockey
2025-26,Bentley,2026-01-10,Sat,W,3,1,False,True,False,Air Force,https://www.collegehockeynews.com/reports/team/Air-Force/1,1,True,False,https://www.collegehockeynews.com/box/final/20260110/ben/afa/,https://www.collegehockeynews.com/box/metrics.php?gd=110952,,college_hockey_news,https://www.collegehockeynews.com/schedules/team/Bentley/8/20252026,Atlantic Hockey,Atlantic Hockey
2025-26,Bentley,2026-01-16,Fri,L,2,3,False,True,False,Sacred Heart,https://www.collegehockeynews.com/reports/team/Sacred-Heart/51,51,True,False,https://www.collegehockeynews.com/box/final/20260116/ben/sac/,https://www.collegehockeynews.com/box/metrics.php?gd=110934,,college_hockey_news,https://www.collegehockeynews.com/schedules/team/Bentley/8/20252026,Atlantic Hockey,Atlantic Hockey
2025-26,Bentley,2026-01-17,Sat,T-SOW,4,4,False,True,False,Sacred Heart,https://www.collegehockeynews.com/reports/team/Sacred-Heart/51,51,True,True,https://www.collegehockeynews.com/box/final/20260117/ben/sac/,https://www.collegehockeynews.com/box/metrics.php?gd=110935,,college_hockey_news,https://www.collegehockeynews.com/schedules/team/Bentley/8/20252026,Atlantic Hockey,Atlantic Hockey
2025-26,Bentley,2026-01-23,Fri,W,4,1,True,False,False,Princeton,https://www.collegehockeynews.com/reports/team/Princeton/45,45,False,False,https://www.collegehockeynews.com/box/final/20260123/prn/ben/,https://www.collegehockeynews.com/box/metrics.php?gd=110953,,college_hockey_news,https://www.collegehockeynews.com/schedules/team/Bentley/8/20252026,Atlantic Hockey,ECAC
2025-26,Bentley,2026-01-24,Sat,T,2,2,True,False,False,Princeton,https://www.collegehockeynews.com/reports/team/Princeton/45,45,False,True,https://www.collegehockeynews.com/box/final/20260124/prn/ben/,https://www.collegehockeynews.com/box/metrics.php?gd=110954,,college_hockey_news,https://www.collegehockeynews.com/schedules/team/Bentley/8/20252026,Atlantic Hockey,ECAC
2025-26,Bentley,2026-01-30,Fri,W,5,0,False,True,False,Robert Morris,https://www.collegehockeynews.com/reports/team/Robert-Morris/50,50,True,False,https://www.collegehockeynews.com/box/final/20260130/ben/rmu/,https://www.collegehockeynews.com/box/metrics.php?gd=110892,,college_hockey_news,https://www.collegehockeynews.com/schedules/team/Bentley/8/20252026,Atlantic Hockey,Atlantic Hockey
2025-26,Bentley,2026-01-31,Sat,T-SOL,3,3,False,True,False,Robert Morris,https://www.collegehockeynews.com/reports/team/Robert-Morris/50,50,True,True,https://www.collegehockeynews.com/box/final/20260131/ben/rmu/,https://www.collegehockeynews.com/box/metrics.php?gd=110893,,college_hockey_news,https://www.collegehockeynews.com/schedules/team/Bentley/8/20252026,Atlantic Hockey,Atlantic Hockey
2025-26,Bentley,2026-02-06,Fri,W,4,2,False,True,False,Holy Cross,https://www.collegehockeynews.com/reports/team/Holy-Cross/23,23,True,False,https://www.collegehockeynews.com/box/final/20260206/ben/hcr/,https://www.collegehockeynews.com/box/metrics.php?gd=110920,,college_hockey_news,https://www.collegehockeynews.com/schedules/team/Bentley/8/20252026,Atlantic Hockey,Atlantic Hockey
2025-26,Bentley,2026-02-07,Sat,L,1,4,True,False,False,Holy Cross,https://www.collegehockeynews.com/reports/team/Holy-Cross/23,23,True,False,https://www.collegehockeynews.com/box/final/20260207/hcr/ben/,https://www.collegehockeynews.com/box/metrics.php?gd=110921,,college_hockey_news,https://www.collegehockeynews.com/schedules/team/Bentley/8/20252026,Atlantic Hockey,Atlantic Hockey
2025-26,Bentley,2026-02-10,Tue,W,4,3,True,False,False,Army,https://www.collegehockeynews.com/reports/team/Army/6,6,True,True,https://www.collegehockeynews.com/box/final/20260210/arm/ben/,https://www.collegehockeynews.com/box/metrics.php?gd=110825,,college_hockey_news,https://www.collegehockeynews.com/schedules/team/Bentley/8/20252026,Atlantic Hockey,Atlantic Hockey
2025-26,Bentley,2026-02-13,Fri,L,0,4,True,False,False,Sacred Heart,https://www.collegehockeynews.com/reports/team/Sacred-Heart/51,51,True,False,https://www.collegehockeynews.com/box/final/20260213/sac/ben/,https://www.collegehockeynews.com/box/metrics.php?gd=110940,,college_hockey_news,https://www.collegehockeynews.com/schedules/team/Bentley/8/20252026,Atlantic Hockey,Atlantic Hockey
2025-26,Bentley,2026-02-14,Sat,W,5,1,True,False,False,Sacred Heart,https://www.collegehockeynews.com/reports/team/Sacred-Heart/51,51,True,False,https://www.collegehockeynews.com/box/final/20260214/sac/ben/,https://www.collegehockeynews.com/box/metrics.php?gd=110941,,college_hockey_news,https://www.collegehockeynews.com/schedules/team/Bentley/8/20252026,Atlantic Hockey,Atlantic Hockey
2025-26,Bentley,2026-02-20,Fri,W,4,3,False,True,False,RIT,https://www.collegehockeynews.com/reports/team/RIT/49,49,True,False,https://www.collegehockeynews.com/box/final/20260220/ben/rit/,https://www.collegehockeynews.com/box/metrics.php?gd=110742,,college_hockey_news,https://www.collegehockeynews.com/schedules/team/Bentley/8/20252026,Atlantic Hockey,Atlantic Hockey
2025-26,Bentley,2026-02-27,Fri,L,2,3,True,False,False,Air Force,https://www.collegehockeynews.com/reports/team/Air-Force/1,1,True,False,https://www.collegehockeynews.com/box/final/20260227/afa/ben/,https://www.collegehockeynews.com/box/metrics.php?gd=110955,,college_hockey_news,https://www.collegehockeynews.com/schedules/team/Bentley/8/20252026,Atlantic Hockey,Atlantic Hockey
2025-26,Bentley,2026-02-28,Sat,L,0,2,True,False,False,Air Force,https://www.collegehockeynews.com/reports/team/Air-Force/1,1,True,False,https://www.collegehockeynews.com/box/final/20260228/afa/ben/,https://www.collegehockeynews.com/box/metrics.php?gd=110956,,college_hockey_news,https://www.collegehockeynews.com/schedules/team/Bentley/8/20252026,Atlantic Hockey,Atlantic Hockey
2025-26,Bentley,2026-03-06,Fri,W,4,3,True,False,False,Mercyhurst,https://www.collegehockeynews.com/reports/team/Mercyhurst/28,28,False,True,https://www.collegehockeynews.com/box/final/20260306/mrc/ben/,https://www.collegehockeynews.com/box/metrics.php?gd=112963,AHA Tournament AHA Quarterfinal,college_hockey_news,https://www.collegehockeynews.com/schedules/team/Bentley/8/20252026,Atlantic Hockey,Atlantic Hockey
2025-26,Bentley,2026-03-07,Sat,W,6,0,True,False,False,Mercyhurst,https://www.collegehockeynews.com/reports/team/Mercyhurst/28,28,False,False,https://www.collegehockeynews.com/box/final/20260307/mrc/ben/,https://www.collegehockeynews.com/box/metrics.php?gd=112964,AHA Tournament AHA Quarterfinal,college_hockey_news,https://www.collegehockeynews.com/schedules/team/Bentley/8/20252026,Atlantic Hockey,Atlantic Hockey
2025-26,Bentley,2026-03-13,Fri,W,3,2,True,False,False,Holy Cross,https://www.collegehockeynews.com/reports/team/Holy-Cross/23,23,False,True,https://www.collegehockeynews.com/box/final/20260313/hcr/ben/,https://www.collegehockeynews.com/box/metrics.php?gd=112999,AHA Tournament AHA Semifinal,college_hockey_news,https://www.collegehockeynews.com/schedules/team/Bentley/8/20252026,Atlantic Hockey,Atlantic Hockey
2025-26,Bentley,2026-03-14,Sat,W,4,0,True,False,False,Holy Cross,https://www.collegehockeynews.com/reports/team/Holy-Cross/23,23,False,False,https://www.collegehockeynews.com/box/final/20260314/hcr/ben/,https://www.collegehockeynews.com/box/metrics.php?gd=113000,AHA Tournament AHA Semifinal,college_hockey_news,https://www.collegehockeynews.com/schedules/team/Bentley/8/20252026,Atlantic Hockey,Atlantic Hockey
2025-26,Bentley,2026-03-21,Sat,W,3,2,True,False,False,Sacred Heart,https://www.collegehockeynews.com/reports/team/Sacred-Heart/51,51,False,False,https://www.collegehockeynews.com/box/final/20260321/sac/ben/,https://www.collegehockeynews.com/box/metrics.php?gd=113013,AHA Tournament AHA Championship,college_hockey_news,https://www.collegehockeynews.com/schedules/team/Bentley/8/20252026,Atlantic Hockey,Atlantic Hockey
2025-26,Bentley,2026-03-27,Fri,L,1,5,False,False,True,Michigan,https://www.collegehockeynews.com/reports/team/Michigan/31,31,False,False,https://www.collegehockeynews.com/box/final/20260327/ben/mic/,https://www.collegehockeynews.com/box/metrics.php?gd=112912,"NCAA Tournament Albany Regional – MVP Arena, Albany, N.Y.",college_hockey_news,https://www.collegehockeynews.com/schedules/team/Bentley/8/20252026,Atlantic Hockey,Big Ten
2025-26,Canisius,2025-10-03,Fri,W,3,1,True,False,False,Clarkson,https://www.collegehockeynews.com/reports/team/Clarkson/14,14,False,False,https://www.collegehockeynews.com/box/final/20251003/clk/cns/,https://www.collegehockeynews.com/box/metrics.php?gd=110437,,college_hockey_news,https://www.collegehockeynews.com/schedules/team/Canisius/13/20252026,Atlantic Hockey,ECAC
2025-26,Canisius,2025-10-05,Sun,W,4,2,True,False,False,St. Lawrence,https://www.collegehockeynews.com/reports/team/St-Lawrence/53,53,False,False,https://www.collegehockeynews.com/box/final/20251005/stl/cns/,https://www.collegehockeynews.com/box/metrics.php?gd=110754,,college_hockey_news,https://www.collegehockeynews.com/schedules/team/Canisius/13/20252026,Atlantic Hockey,ECAC
2025-26,Canisius,2025-10-10,Fri,W,3,2,True,False,False,Long Island,https://www.collegehockeynews.com/reports/team/Long-Island/62,62,False,True,https://www.collegehockeynews.com/box/final/20251010/liu/cns/,https://www.collegehockeynews.com/box/metrics.php?gd=110755,,college_hockey_news,https://www.collegehockeynews.com/schedules/team/Canisius/13/20252026,Atlantic Hockey,Independent
2025-26,Canisius,2025-10-11,Sat,L,1,6,True,False,False,Long Island,https://www.collegehockeynews.com/reports/team/Long-Island/62,62,False,False,https://www.collegehockeynews.com/box/final/20251011/liu/cns/,https://www.collegehockeynews.com/box/metrics.php?gd=110756,,college_hockey_news,https://www.collegehockeynews.com/schedules/team/Canisius/13/20252026,Atlantic Hockey,Independent
2025-26,Canisius,2025-10-14,Tue,W,3,1,False,True,False,Army,https://www.collegehockeynews.com/reports/team/Army/6,6,True,False,https://www.collegehockeynews.com/box/final/20251014/cns/arm/,https://www.collegehockeynews.com/box/metrics.php?gd=110757,,college_hockey_news,https://www.collegehockeynews.com/schedules/team/Canisius/13/20252026,Atlantic Hockey,Atlantic Hockey
2025-26,Canisius,2025-10-17,Fri,W,4,2,False,True,False,Colgate,https://www.collegehockeynews.com/reports/team/Colgate/15,15,False,False,https://www.collegehockeynews.com/box/final/20251017/cns/clg/,https://www.collegehockeynews.com/box/metrics.php?gd=110758,,college_hockey_news,https://www.collegehockeynews.com/schedules/team/Canisius/13/20252026,Atlantic Hockey,ECAC
2025-26,Canisius,2025-10-18,Sat,L,3,5,False,True,False,Colgate,https://www.collegehockeynews.com/reports/team/Colgate/15,15,False,False,https://www.collegehockeynews.com/box/final/20251018/cns/clg/,https://www.collegehockeynews.com/box/metrics.php?gd=110759,,college_hockey_news,https://www.collegehockeynews.com/schedules/team/Canisius/13/20252026,Atlantic Hockey,ECAC
2025-26,Canisius,2025-10-24,Fri,L,1,4,False,True,False,Bentley,https://www.collegehockeynews.com/reports/team/Bentley/8,8,True,False,https://www.collegehockeynews.com/box/final/20251024/cns/ben/,https://www.collegehockeynews.com/box/metrics.php?gd=110760,,college_hockey_news,https://www.collegehockeynews.com/schedules/team/Canisius/13/20252026,Atlantic Hockey,Atlantic Hockey
2025-26,Canisius,2025-10-25,Sat,L,0,3,False,True,False,Bentley,https://www.collegehockeynews.com/reports/team/Bentley/8,8,True,False,https://www.collegehockeynews.com/box/final/20251025/cns/ben/,https://www.collegehockeynews.com/box/metrics.php?gd=110761,,college_hockey_news,https://www.collegehockeynews.com/schedules/team/Canisius/13/20252026,Atlantic Hockey,Atlantic Hockey
2025-26,Canisius,2025-11-01,Sat,T-SOW,2,2,True,False,False,Army,https://www.collegehockeynews.com/reports/team/Army/6,6,True,True,https://www.collegehockeynews.com/box/final/20251101/arm/cns/,https://www.collegehockeynews.com/box/metrics.php?gd=110762,,college_hockey_news,https://www.collegehockeynews.com/schedules/team/Canisius/13/20252026,Atlantic Hockey,Atlantic Hockey
2025-26,Canisius,2025-11-14,Fri,L,1,6,False,True,False,Sacred Heart,https://www.collegehockeynews.com/reports/team/Sacred-Heart/51,51,True,False,https://www.collegehockeynews.com/box/final/20251114/cns/sac/,https://www.collegehockeynews.com/box/metrics.php?gd=110763,,college_hockey_news,https://www.collegehockeynews.com/schedules/team/Canisius/13/20252026,Atlantic Hockey,Atlantic Hockey
2025-26,Canisius,2025-11-15,Sat,L,2,3,False,True,False,Sacred Heart,https://www.collegehockeynews.com/reports/team/Sacred-Heart/51,51,True,False,https://www.collegehockeynews.com/box/final/20251115/cns/sac/,https://www.collegehockeynews.com/box/metrics.php?gd=110764,,college_hockey_news,https://www.collegehockeynews.com/schedules/team/Canisius/13/20252026,Atlantic Hockey,Atlantic Hockey
2025-26,Canisius,2025-11-21,Fri,W,4,3,True,False,False,Mercyhurst,https://www.collegehockeynews.com/reports/team/Mercyhurst/28,28,True,False,https://www.collegehockeynews.com/box/final/20251121/mrc/cns/,https://www.collegehockeynews.com/box/metrics.php?gd=110765,,college_hockey_news,https://www.collegehockeynews.com/schedules/team/Canisius/13/20252026,Atlantic Hockey,Atlantic Hockey
2025-26,Canisius,2025-11-22,Sat,W,5,1,True,False,False,Mercyhurst,https://www.collegehockeynews.com/reports/team/Mercyhurst/28,28,True,False,https://www.collegehockeynews.com/box/final/20251122/mrc/cns/,https://www.collegehockeynews.com/box/metrics.php?gd=110766,,college_hockey_news,https://www.collegehockeynews.com/schedules/team/Canisius/13/20252026,Atlantic Hockey,Atlantic Hockey
2025-26,Canisius,2025-11-28,Fri,L,3,6,True,False,False,Air Force,https://www.collegehockeynews.com/reports/team/Air-Force/1,1,True,False,https://www.collegehockeynews.com/box/final/20251128/afa/cns/,https://www.collegehockeynews.com/box/metrics.php?gd=110767,,college_hockey_news,https://www.collegehockeynews.com/schedules/team/Canisius/13/20252026,Atlantic Hockey,Atlantic Hockey
2025-26,Canisius,2025-11-29,Sat,T-SOW,3,3,True,False,False,Air Force,https://www.collegehockeynews.com/reports/team/Air-Force/1,1,True,True,https://www.collegehockeynews.com/box/final/20251129/afa/cns/,https://www.collegehockeynews.com/box/metrics.php?gd=110768,,college_hockey_news,https://www.collegehockeynews.com/schedules/team/Canisius/13/20252026,Atlantic Hockey,Atlantic Hockey
2025-26,Canisius,2025-12-05,Fri,L,1,3,False,True,False,RIT,https://www.collegehockeynews.com/reports/team/RIT/49,49,True,False,https://www.collegehockeynews.com/box/final/20251205/cns/rit/,https://www.collegehockeynews.com/box/metrics.php?gd=110727,,college_hockey_news,https://www.collegehockeynews.com/schedules/team/Canisius/13/20252026,Atlantic Hockey,Atlantic Hockey
2025-26,Canisius,2025-12-06,Sat,W,4,2,True,False,False,RIT,https://www.collegehockeynews.com/reports/team/RIT/49,49,True,False,https://www.collegehockeynews.com/box/final/20251206/rit/cns/,https://www.collegehockeynews.com/box/metrics.php?gd=110728,,college_hockey_news,https://www.collegehockeynews.com/schedules/team/Canisius/13/20252026,Atlantic Hockey,Atlantic Hockey
2025-26,Canisius,2026-01-02,Fri,L,2,5,False,True,False,Lindenwood,https://www.collegehockeynews.com/reports/team/Lindenwood/433,433,False,False,https://www.collegehockeynews.com/box/final/20260102/cns/lin/,https://www.collegehockeynews.com/box/metrics.php?gd=111358,,college_hockey_news,https://www.collegehockeynews.com/schedules/team/Canisius/13/20252026,Atlantic Hockey,Independent
2025-26,Canisius,2026-01-03,Sat,W,4,3,False,True,False,Lindenwood,https://www.collegehockeynews.com/reports/team/Lindenwood/433,433,False,False,https://www.collegehockeynews.com/box/final/20260103/cns/lin/,https://www.collegehockeynews.com/box/metrics.php?gd=111359,,college_hockey_news,https://www.collegehockeynews.com/schedules/team/Canisius/13/20252026,Atlantic Hockey,Independent
2025-26,Canisius,2026-01-16,Fri,W,5,3,True,False,False,RIT,https://www.collegehockeynews.com/reports/team/RIT/49,49,True,False,https://www.collegehockeynews.com/box/final/20260116/rit/cns/,https://www.collegehockeynews.com/box/metrics.php?gd=110733,,college_hockey_news,https://www.collegehockeynews.com/schedules/team/Canisius/13/20252026,Atlantic Hockey,Atlantic Hockey
2025-26,Canisius,2026-01-17,Sat,W,4,1,False,True,False,RIT,https://www.collegehockeynews.com/reports/team/RIT/49,49,True,False,https://www.collegehockeynews.com/box/final/20260117/cns/rit/,https://www.collegehockeynews.com/box/metrics.php?gd=110734,,college_hockey_news,https://www.collegehockeynews.com/schedules/team/Canisius/13/20252026,Atlantic Hockey,Atlantic Hockey
2025-26,Canisius,2026-01-23,Fri,W,4,3,False,True,False,Mercyhurst,https://www.collegehockeynews.com/reports/team/Mercyhurst/28,28,True,False,https://www.collegehockeynews.com/box/final/20260123/cns/mrc/,https://www.collegehockeynews.com/box/metrics.php?gd=110769,,college_hockey_news,https://www.collegehockeynews.com/schedules/team/Canisius/13/20252026,Atlantic Hockey,Atlantic Hockey
2025-26,Canisius,2026-01-24,Sat,W,5,0,False,True,False,Mercyhurst,https://www.collegehockeynews.com/reports/team/Mercyhurst/28,28,True,False,https://www.collegehockeynews.com/box/final/20260124/cns/mrc/,https://www.collegehockeynews.com/box/metrics.php?gd=110770,,college_hockey_news,https://www.collegehockeynews.com/schedules/team/Canisius/13/20252026,Atlantic Hockey,Atlantic Hockey
2025-26,Canisius,2026-01-30,Fri,L,3,5,True,False,False,Niagara,https://www.collegehockeynews.com/reports/team/Niagara/39,39,True,False,https://www.collegehockeynews.com/box/final/20260130/nia/cns/,https://www.collegehockeynews.com/box/metrics.php?gd=110771,,college_hockey_news,https://www.collegehockeynews.com/schedules/team/Canisius/13/20252026,Atlantic Hockey,Atlantic Hockey
2025-26,Canisius,2026-01-31,Sat,W,4,3,False,True,False,Niagara,https://www.collegehockeynews.com/reports/team/Niagara/39,39,True,True,https://www.collegehockeynews.com/box/final/20260131/cns/nia/,https://www.collegehockeynews.com/box/metrics.php?gd=110772,,college_hockey_news,https://www.collegehockeynews.com/schedules/team/Canisius/13/20252026,Atlantic Hockey,Atlantic Hockey
2025-26,Canisius,2026-02-06,Fri,L,0,1,False,True,False,Robert Morris,https://www.collegehockeynews.com/reports/team/Robert-Morris/50,50,True,False,https://www.collegehockeynews.com/box/final/20260206/cns/rmu/,https://www.collegehockeynews.com/box/metrics.php?gd=110773,,college_hockey_news,https://www.collegehockeynews.com/schedules/team/Canisius/13/20252026,Atlantic Hockey,Atlantic Hockey
2025-26,Canisius,2026-02-07,Sat,L,4,6,False,True,False,Robert Morris,https://www.collegehockeynews.com/reports/team/Robert-Morris/50,50,True,False,https://www.collegehockeynews.com/box/final/20260207/cns/rmu/,https://www.collegehockeynews.com/box/metrics.php?gd=110774,,college_hockey_news,https://www.collegehockeynews.com/schedules/team/Canisius/13/20252026,Atlantic Hockey,Atlantic Hockey
2025-26,Canisius,2026-02-13,Fri,L,3,4,True,False,False,Holy Cross,https://www.collegehockeynews.com/reports/team/Holy-Cross/23,23,True,False,https://www.collegehockeynews.com/box/final/20260213/hcr/cns/,https://www.collegehockeynews.com/box/metrics.php?gd=110775,,college_hockey_news,https://www.collegehockeynews.com/schedules/team/Canisius/13/20252026,Atlantic Hockey,Atlantic Hockey
2025-26,Canisius,2026-02-14,Sat,W,5,3,True,False,False,Holy Cross,https://www.collegehockeynews.com/reports/team/Holy-Cross/23,23,True,False,https://www.collegehockeynews.com/box/final/20260214/hcr/cns/,https://www.collegehockeynews.com/box/metrics.php?gd=110776,,college_hockey_news,https://www.collegehockeynews.com/schedules/team/Canisius/13/20252026,Atlantic Hockey,Atlantic Hockey
2025-26,Canisius,2026-02-20,Fri,L,1,4,True,False,False,Robert Morris,https://www.collegehockeynews.com/reports/team/Robert-Morris/50,50,True,False,https://www.collegehockeynews.com/box/final/20260220/rmu/cns/,https://www.collegehockeynews.com/box/metrics.php?gd=110777,,college_hockey_news,https://www.collegehockeynews.com/schedules/team/Canisius/13/20252026,Atlantic Hockey,Atlantic Hockey
2025-26,Canisius,2026-02-21,Sat,W,7,0,True,False,False,Robert Morris,https://www.collegehockeynews.com/reports/team/Robert-Morris/50,50,True,False,https://www.collegehockeynews.com/box/final/20260221/rmu/cns/,https://www.collegehockeynews.com/box/metrics.php?gd=110778,,college_hockey_news,https://www.collegehockeynews.com/schedules/team/Canisius/13/20252026,Atlantic Hockey,Atlantic Hockey
2025-26,Canisius,2026-02-27,Fri,L,2,3,False,True,False,Niagara,https://www.collegehockeynews.com/reports/team/Niagara/39,39,True,False,https://www.collegehockeynews.com/box/final/20260227/cns/nia/,https://www.collegehockeynews.com/box/metrics.php?gd=110779,,college_hockey_news,https://www.collegehockeynews.com/schedules/team/Canisius/13/20252026,Atlantic Hockey,Atlantic Hockey
2025-26,Canisius,2026-02-28,Sat,W,5,1,True,False,False,Niagara,https://www.collegehockeynews.com/reports/team/Niagara/39,39,True,False,https://www.collegehockeynews.com/box/final/20260228/nia/cns/,https://www.collegehockeynews.com/box/metrics.php?gd=110780,,college_hockey_news,https://www.collegehockeynews.com/schedules/team/Canisius/13/20252026,Atlantic Hockey,Atlantic Hockey
2025-26,Canisius,2026-03-03,Tue,L,2,5,True,False,False,Mercyhurst,https://www.collegehockeynews.com/reports/team/Mercyhurst/28,28,False,False,https://www.collegehockeynews.com/box/final/20260303/mrc/cns/,https://www.collegehockeynews.com/box/metrics.php?gd=112950,AHA Tournament AHA First Round,college_hockey_news,https://www.collegehockeynews.com/schedules/team/Canisius/13/20252026,Atlantic Hockey,Atlantic Hockey
2025-26,Holy Cross,2025-10-04,Sat,L,4,6,False,True,False,Northeastern,https://www.collegehockeynews.com/reports/team/Northeastern/41,41,False,False,https://www.collegehockeynews.com/box/final/20251004/hcr/noe/,https://www.collegehockeynews.com/box/metrics.php?gd=110898,,college_hockey_news,https://www.collegehockeynews.com/schedules/team/Holy-Cross/23/20252026,Atlantic Hockey,Hockey East
2025-26,Holy Cross,2025-10-10,Fri,L,2,5,False,True,False,Maine,https://www.collegehockeynews.com/reports/team/Maine/25,25,False,False,https://www.collegehockeynews.com/box/final/20251010/hcr/mne/,https://www.collegehockeynews.com/box/metrics.php?gd=110899,,college_hockey_news,https://www.collegehockeynews.com/schedules/team/Holy-Cross/23/20252026,Atlantic Hockey,Hockey East
2025-26,Holy Cross,2025-10-11,Sat,L,0,6,False,True,False,Maine,https://www.collegehockeynews.com/reports/team/Maine/25,25,False,False,https://www.collegehockeynews.com/box/final/20251011/hcr/mne/,https://www.collegehockeynews.com/box/metrics.php?gd=110900,,college_hockey_news,https://www.collegehockeynews.com/schedules/team/Holy-Cross/23/20252026,Atlantic Hockey,Hockey East
2025-26,Holy Cross,2025-10-18,Sat,W,4,0,False,True,False,Mercyhurst,https://www.collegehockeynews.com/reports/team/Mercyhurst/28,28,True,False,https://www.collegehockeynews.com/box/final/20251018/hcr/mrc/,https://www.collegehockeynews.com/box/metrics.php?gd=110901,,college_hockey_news,https://www.collegehockeynews.com/schedules/team/Holy-Cross/23/20252026,Atlantic Hockey,Atlantic Hockey
2025-26,Holy Cross,2025-10-21,Tue,L,1,4,True,False,False,Quinnipiac,https://www.collegehockeynews.com/reports/team/Quinnipiac/47,47,False,False,https://www.collegehockeynews.com/box/final/20251021/qui/hcr/,https://www.collegehockeynews.com/box/metrics.php?gd=110902,,college_hockey_news,https://www.collegehockeynews.com/schedules/team/Holy-Cross/23/20252026,Atlantic Hockey,ECAC
2025-26,Holy Cross,2025-10-24,Fri,L,2,5,False,True,False,Army,https://www.collegehockeynews.com/reports/team/Army/6,6,True,False,https://www.collegehockeynews.com/box/final/20251024/hcr/arm/,https://www.collegehockeynews.com/box/metrics.php?gd=110804,,college_hockey_news,https://www.collegehockeynews.com/schedules/team/Holy-Cross/23/20252026,Atlantic Hockey,Atlantic Hockey
2025-26,Holy Cross,2025-10-25,Sat,W,5,1,False,True,False,Army,https://www.collegehockeynews.com/reports/team/Army/6,6,True,False,https://www.collegehockeynews.com/box/final/20251025/hcr/arm/,https://www.collegehockeynews.com/box/metrics.php?gd=110805,,college_hockey_news,https://www.collegehockeynews.com/schedules/team/Holy-Cross/23/20252026,Atlantic Hockey,Atlantic Hockey
2025-26,Holy Cross,2025-10-30,Thu,W,5,2,True,False,False,Sacred Heart,https://www.collegehockeynews.com/reports/team/Sacred-Heart/51,51,True,False,https://www.collegehockeynews.com/box/final/20251030/sac/hcr/,https://www.collegehockeynews.com/box/metrics.php?gd=110903,,college_hockey_news,https://www.collegehockeynews.com/schedules/team/Holy-Cross/23/20252026,Atlantic Hockey,Atlantic Hockey
2025-26,Holy Cross,2025-10-31,Fri,T-SOW,2,2,True,False,False,Sacred Heart,https://www.collegehockeynews.com/reports/team/Sacred-Heart/51,51,True,True,https://www.collegehockeynews.com/box/final/20251031/sac/hcr/,https://www.collegehockeynews.com/box/metrics.php?gd=110904,,college_hockey_news,https://www.collegehockeynews.com/schedules/team/Holy-Cross/23/20252026,Atlantic Hockey,Atlantic Hockey
2025-26,Holy Cross,2025-11-07,Fri,W,5,1,True,False,False,Niagara,https://www.collegehockeynews.com/reports/team/Niagara/39,39,True,False,https://www.collegehockeynews.com/box/final/20251107/nia/hcr/,https://www.collegehockeynews.com/box/metrics.php?gd=110905,,college_hockey_news,https://www.collegehockeynews.com/schedules/team/Holy-Cross/23/20252026,Atlantic Hockey,Atlantic Hockey
2025-26,Holy Cross,2025-11-08,Sat,W,6,2,True,False,False,Niagara,https://www.collegehockeynews.com/reports/team/Niagara/39,39,True,False,https://www.collegehockeynews.com/box/final/20251108/nia/hcr/,https://www.collegehockeynews.com/box/metrics.php?gd=110906,,college_hockey_news,https://www.collegehockeynews.com/schedules/team/Holy-Cross/23/20252026,Atlantic Hockey,Atlantic Hockey
2025-26,Holy Cross,2025-11-14,Fri,W,3,2,False,True,False,Air Force,https://www.collegehockeynews.com/reports/team/Air-Force/1,1,True,False,https://www.collegehockeynews.com/box/final/20251114/hcr/afa/,https://www.collegehockeynews.com/box/metrics.php?gd=110907,,college_hockey_news,https://www.collegehockeynews.com/schedules/team/Holy-Cross/23/20252026,Atlantic Hockey,Atlantic Hockey
2025-26,Holy Cross,2025-11-15,Sat,W,4,1,False,True,False,Air Force,https://www.collegehockeynews.com/reports/team/Air-Force/1,1,True,False,https://www.collegehockeynews.com/box/final/20251115/hcr/afa/,https://www.collegehockeynews.com/box/metrics.php?gd=110908,,college_hockey_news,https://www.collegehockeynews.com/schedules/team/Holy-Cross/23/20252026,Atlantic Hockey,Atlantic Hockey
2025-26,Holy Cross,2025-11-20,Thu,W,7,2,True,False,False,Alaska-Anchorage,https://www.collegehockeynews.com/reports/team/Alaska-Anchorage/3,3,False,False,https://www.collegehockeynews.com/box/final/20251120/aka/hcr/,https://www.collegehockeynews.com/box/metrics.php?gd=110909,,college_hockey_news,https://www.collegehockeynews.com/schedules/team/Holy-Cross/23/20252026,Atlantic Hockey,Independent
2025-26,Holy Cross,2025-11-23,Sun,W,1,0,True,False,False,Alaska-Anchorage,https://www.collegehockeynews.com/reports/team/Alaska-Anchorage/3,3,False,False,https://www.collegehockeynews.com/box/final/20251123/aka/hcr/,https://www.collegehockeynews.com/box/metrics.php?gd=110910,,college_hockey_news,https://www.collegehockeynews.com/schedules/team/Holy-Cross/23/20252026,Atlantic Hockey,Independent
2025-26,Holy Cross,2025-11-26,Wed,L,6,7,False,True,False,Quinnipiac,https://www.collegehockeynews.com/reports/team/Quinnipiac/47,47,False,True,https://www.collegehockeynews.com/box/final/20251126/hcr/qui/,https://www.collegehockeynews.com/box/metrics.php?gd=110911,,college_hockey_news,https://www.collegehockeynews.com/schedules/team/Holy-Cross/23/20252026,Atlantic Hockey,ECAC
2025-26,Holy Cross,2025-12-06,Sat,W,4,1,True,False,False,Mercyhurst,https://www.collegehockeynews.com/reports/team/Mercyhurst/28,28,True,False,https://www.collegehockeynews.com/box/final/20251206/mrc/hcr/,https://www.collegehockeynews.com/box/metrics.php?gd=110912,,college_hockey_news,https://www.collegehockeynews.com/schedules/team/Holy-Cross/23/20252026,Atlantic Hockey,Atlantic Hockey
2025-26,Holy Cross,2026-01-02,Fri,T-SOL,2,2,False,True,False,Bentley,https://www.collegehockeynews.com/reports/team/Bentley/8,8,True,True,https://www.collegehockeynews.com/box/final/20260102/hcr/ben/,https://www.collegehockeynews.com/box/metrics.php?gd=110913,,college_hockey_news,https://www.collegehockeynews.com/schedules/team/Holy-Cross/23/20252026,Atlantic Hockey,Atlantic Hockey
2025-26,Holy Cross,2026-01-03,Sat,L,3,8,True,False,False,Bentley,https://www.collegehockeynews.com/reports/team/Bentley/8,8,True,False,https://www.collegehockeynews.com/box/final/20260103/ben/hcr/,https://www.collegehockeynews.com/box/metrics.php?gd=110914,,college_hockey_news,https://www.collegehockeynews.com/schedules/team/Holy-Cross/23/20252026,Atlantic Hockey,Atlantic Hockey
2025-26,Holy Cross,2026-01-10,Sat,L,2,5,True,False,False,Merrimack,https://www.collegehockeynews.com/reports/team/Merrimack/29,29,False,False,https://www.collegehockeynews.com/box/final/20260110/mer/hcr/,https://www.collegehockeynews.com/box/metrics.php?gd=110915,,college_hockey_news,https://www.collegehockeynews.com/schedules/team/Holy-Cross/23/20252026,Atlantic Hockey,Hockey East
2025-26,Holy Cross,2026-01-16,Fri,W,3,2,True,False,False,Air Force,https://www.collegehockeynews.com/reports/team/Air-Force/1,1,True,True,https://www.collegehockeynews.com/box/final/20260116/afa/hcr/,https://www.collegehockeynews.com/box/metrics.php?gd=110916,,college_hockey_news,https://www.collegehockeynews.com/schedules/team/Holy-Cross/23/20252026,Atlantic Hockey,Atlantic Hockey
2025-26,Holy Cross,2026-01-17,Sat,L,2,5,True,False,False,Air Force,https://www.collegehockeynews.com/reports/team/Air-Force/1,1,True,False,https://www.collegehockeynews.com/box/final/20260117/afa/hcr/,https://www.collegehockeynews.com/box/metrics.php?gd=110917,,college_hockey_news,https://www.collegehockeynews.com/schedules/team/Holy-Cross/23/20252026,Atlantic Hockey,Atlantic Hockey
2025-26,Holy Cross,2026-01-23,Fri,L,2,5,False,True,False,Robert Morris,https://www.collegehockeynews.com/reports/team/Robert-Morris/50,50,True,False,https://www.collegehockeynews.com/box/final/20260123/hcr/rmu/,https://www.collegehockeynews.com/box/metrics.php?gd=110890,,college_hockey_news,https://www.collegehockeynews.com/schedules/team/Holy-Cross/23/20252026,Atlantic Hockey,Atlantic Hockey
2025-26,Holy Cross,2026-01-24,Sat,L,0,1,False,True,False,Robert Morris,https://www.collegehockeynews.com/reports/team/Robert-Morris/50,50,True,False,https://www.collegehockeynews.com/box/final/20260124/hcr/rmu/,https://www.collegehockeynews.com/box/metrics.php?gd=110891,,college_hockey_news,https://www.collegehockeynews.com/schedules/team/Holy-Cross/23/20252026,Atlantic Hockey,Atlantic Hockey
2025-26,Holy Cross,2026-01-29,Thu,L,2,3,True,False,False,Army,https://www.collegehockeynews.com/reports/team/Army/6,6,True,True,https://www.collegehockeynews.com/box/final/20260129/arm/hcr/,https://www.collegehockeynews.com/box/metrics.php?gd=110918,,college_hockey_news,https://www.collegehockeynews.com/schedules/team/Holy-Cross/23/20252026,Atlantic Hockey,Atlantic Hockey
2025-26,Holy Cross,2026-01-30,Fri,W,3,0,True,False,False,Army,https://www.collegehockeynews.com/reports/team/Army/6,6,True,False,https://www.collegehockeynews.com/box/final/20260130/arm/hcr/,https://www.collegehockeynews.com/box/metrics.php?gd=110919,,college_hockey_news,https://www.collegehockeynews.com/schedules/team/Holy-Cross/23/20252026,Atlantic Hockey,Atlantic Hockey
2025-26,Holy Cross,2026-02-06,Fri,L,2,4,True,False,False,Bentley,https://www.collegehockeynews.com/reports/team/Bentley/8,8,True,False,https://www.collegehockeynews.com/box/final/20260206/ben/hcr/,https://www.collegehockeynews.com/box/metrics.php?gd=110920,,college_hockey_news,https://www.collegehockeynews.com/schedules/team/Holy-Cross/23/20252026,Atlantic Hockey,Atlantic Hockey
2025-26,Holy Cross,2026-02-07,Sat,W,4,1,False,True,False,Bentley,https://www.collegehockeynews.com/reports/team/Bentley/8,8,True,False,https://www.collegehockeynews.com/box/final/20260207/hcr/ben/,https://www.collegehockeynews.com/box/metrics.php?gd=110921,,college_hockey_news,https://www.collegehockeynews.com/schedules/team/Holy-Cross/23/20252026,Atlantic Hockey,Atlantic Hockey
2025-26,Holy Cross,2026-02-13,Fri,W,4,3,False,True,False,Canisius,https://www.collegehockeynews.com/reports/team/Canisius/13,13,True,False,https://www.collegehockeynews.com/box/final/20260213/hcr/cns/,https://www.collegehockeynews.com/box/metrics.php?gd=110775,,college_hockey_news,https://www.collegehockeynews.com/schedules/team/Holy-Cross/23/20252026,Atlantic Hockey,Atlantic Hockey
2025-26,Holy Cross,2026-02-14,Sat,L,3,5,False,True,False,Canisius,https://www.collegehockeynews.com/reports/team/Canisius/13,13,True,False,https://www.collegehockeynews.com/box/final/20260214/hcr/cns/,https://www.collegehockeynews.com/box/metrics.php?gd=110776,,college_hockey_news,https://www.collegehockeynews.com/schedules/team/Holy-Cross/23/20252026,Atlantic Hockey,Atlantic Hockey
2025-26,Holy Cross,2026-02-20,Fri,L,1,5,False,True,False,Sacred Heart,https://www.collegehockeynews.com/reports/team/Sacred-Heart/51,51,True,False,https://www.collegehockeynews.com/box/final/20260220/hcr/sac/,https://www.collegehockeynews.com/box/metrics.php?gd=110922,,college_hockey_news,https://www.collegehockeynews.com/schedules/team/Holy-Cross/23/20252026,Atlantic Hockey,Atlantic Hockey
2025-26,Holy Cross,2026-02-21,Sat,L,2,5,False,True,False,Sacred Heart,https://www.collegehockeynews.com/reports/team/Sacred-Heart/51,51,True,False,https://www.collegehockeynews.com/box/final/20260221/hcr/sac/,https://www.collegehockeynews.com/box/metrics.php?gd=110923,,college_hockey_news,https://www.collegehockeynews.com/schedules/team/Holy-Cross/23/20252026,Atlantic Hockey,Atlantic Hockey
2025-26,Holy Cross,2026-02-27,Fri,W,5,1,True,False,False,RIT,https://www.collegehockeynews.com/reports/team/RIT/49,49,True,False,https://www.collegehockeynews.com/box/final/20260227/rit/hcr/,https://www.collegehockeynews.com/box/metrics.php?gd=110743,,college_hockey_news,https://www.collegehockeynews.com/schedules/team/Holy-Cross/23/20252026,Atlantic Hockey,Atlantic Hockey
2025-26,Holy Cross,2026-02-28,Sat,W,3,2,True,False,False,RIT,https://www.collegehockeynews.com/reports/team/RIT/49,49,True,False,https://www.collegehockeynews.com/box/final/20260228/rit/hcr/,https://www.collegehockeynews.com/box/metrics.php?gd=110744,,college_hockey_news,https://www.collegehockeynews.com/schedules/team/Holy-Cross/23/20252026,Atlantic Hockey,Atlantic Hockey
2025-26,Holy Cross,2026-03-06,Fri,W,2,1,True,False,False,RIT,https://www.collegehockeynews.com/reports/team/RIT/49,49,False,True,https://www.collegehockeynews.com/box/final/20260306/rit/hcr/,https://www.collegehockeynews.com/box/metrics.php?gd=112969,AHA Tournament AHA Quarterfinal,college_hockey_news,https://www.collegehockeynews.com/schedules/team/Holy-Cross/23/20252026,Atlantic Hockey,Atlantic Hockey
2025-26,Holy Cross,2026-03-07,Sat,W,5,4,True,False,False,RIT,https://www.collegehockeynews.com/reports/team/RIT/49,49,False,True,https://www.collegehockeynews.com/box/final/20260307/rit/hcr/,https://www.collegehockeynews.com/box/metrics.php?gd=112970,AHA Tournament AHA Quarterfinal,college_hockey_news,https://www.collegehockeynews.com/schedules/team/Holy-Cross/23/20252026,Atlantic Hockey,Atlantic Hockey
2025-26,Holy Cross,2026-03-13,Fri,L,2,3,False,True,False,Bentley,https://www.collegehockeynews.com/reports/team/Bentley/8,8,False,True,https://www.collegehockeynews.com/box/final/20260313/hcr/ben/,https://www.collegehockeynews.com/box/metrics.php?gd=112999,"AHA Tournament AHA Semifinal – Bentley Arena, Waltham, Mass.",college_hockey_news,https://www.collegehockeynews.com/schedules/team/Holy-Cross/23/20252026,Atlantic Hockey,Atlantic Hockey
2025-26,Holy Cross,2026-03-14,Sat,L,0,4,False,True,False,Bentley,https://www.collegehockeynews.com/reports/team/Bentley/8,8,False,False,https://www.collegehockeynews.com/box/final/20260314/hcr/ben/,https://www.collegehockeynews.com/box/metrics.php?gd=113000,"AHA Tournament AHA Semifinal – Bentley Arena, Waltham, Mass.",college_hockey_news,https://www.collegehockeynews.com/schedules/team/Holy-Cross/23/20252026,Atlantic Hockey,Atlantic Hockey
2025-26,Mercyhurst,2025-10-03,Fri,L,1,11,False,True,False,Michigan,https://www.collegehockeynews.com/reports/team/Michigan/31,31,False,False,https://www.collegehockeynews.com/box/final/20251003/mrc/mic/,https://www.collegehockeynews.com/box/metrics.php?gd=110697,,college_hockey_news,https://www.collegehockeynews.com/schedules/team/Mercyhurst/28/20252026,Atlantic Hockey,Big Ten
2025-26,Mercyhurst,2025-10-04,Sat,L,0,7,False,True,False,Michigan,https://www.collegehockeynews.com/reports/team/Michigan/31,31,False,False,https://www.collegehockeynews.com/box/final/20251004/mrc/mic/,https://www.collegehockeynews.com/box/metrics.php?gd=110698,,college_hockey_news,https://www.collegehockeynews.com/schedules/team/Mercyhurst/28/20252026,Atlantic Hockey,Big Ten
2025-26,Mercyhurst,2025-10-10,Fri,L,2,5,True,False,False,Union,https://www.collegehockeynews.com/reports/team/Union/54,54,False,False,https://www.collegehockeynews.com/box/final/20251010/uni/mrc/,https://www.collegehockeynews.com/box/metrics.php?gd=111101,,college_hockey_news,https://www.collegehockeynews.com/schedules/team/Mercyhurst/28/20252026,Atlantic Hockey,ECAC
2025-26,Mercyhurst,2025-10-11,Sat,L,3,5,True,False,False,Union,https://www.collegehockeynews.com/reports/team/Union/54,54,False,False,https://www.collegehockeynews.com/box/final/20251011/uni/mrc/,https://www.collegehockeynews.com/box/metrics.php?gd=111102,,college_hockey_news,https://www.collegehockeynews.com/schedules/team/Mercyhurst/28/20252026,Atlantic Hockey,ECAC
2025-26,Mercyhurst,2025-10-18,Sat,L,0,4,True,False,False,Holy Cross,https://www.collegehockeynews.com/reports/team/Holy-Cross/23,23,True,False,https://www.collegehockeynews.com/box/final/20251018/hcr/mrc/,https://www.collegehockeynews.com/box/metrics.php?gd=110901,,college_hockey_news,https://www.collegehockeynews.com/schedules/team/Mercyhurst/28/20252026,Atlantic Hockey,Atlantic Hockey
2025-26,Mercyhurst,2025-10-24,Fri,L,0,4,True,False,False,Mass.-Lowell,https://www.collegehockeynews.com/reports/team/Mass-Lowell/26,26,False,False,https://www.collegehockeynews.com/box/final/20251024/uml/mrc/,https://www.collegehockeynews.com/box/metrics.php?gd=110832,,college_hockey_news,https://www.collegehockeynews.com/schedules/team/Mercyhurst/28/20252026,Atlantic Hockey,Hockey East
2025-26,Mercyhurst,2025-10-25,Sat,L,3,4,True,False,False,Mass.-Lowell,https://www.collegehockeynews.com/reports/team/Mass-Lowell/26,26,False,False,https://www.collegehockeynews.com/box/final/20251025/uml/mrc/,https://www.collegehockeynews.com/box/metrics.php?gd=110833,,college_hockey_news,https://www.collegehockeynews.com/schedules/team/Mercyhurst/28/20252026,Atlantic Hockey,Hockey East
2025-26,Mercyhurst,2025-10-31,Fri,L,1,3,True,False,False,Bentley,https://www.collegehockeynews.com/reports/team/Bentley/8,8,True,False,https://www.collegehockeynews.com/box/final/20251031/ben/mrc/,https://www.collegehockeynews.com/box/metrics.php?gd=110944,,college_hockey_news,https://www.collegehockeynews.com/schedules/team/Mercyhurst/28/20252026,Atlantic Hockey,Atlantic Hockey
2025-26,Mercyhurst,2025-11-01,Sat,L,2,7,True,False,False,Bentley,https://www.collegehockeynews.com/reports/team/Bentley/8,8,True,False,https://www.collegehockeynews.com/box/final/20251101/ben/mrc/,https://www.collegehockeynews.com/box/metrics.php?gd=110945,,college_hockey_news,https://www.collegehockeynews.com/schedules/team/Mercyhurst/28/20252026,Atlantic Hockey,Atlantic Hockey
2025-26,Mercyhurst,2025-11-07,Fri,L,1,4,False,True,False,RIT,https://www.collegehockeynews.com/reports/team/RIT/49,49,True,False,https://www.collegehockeynews.com/box/final/20251107/mrc/rit/,https://www.collegehockeynews.com/box/metrics.php?gd=110720,,college_hockey_news,https://www.collegehockeynews.com/schedules/team/Mercyhurst/28/20252026,Atlantic Hockey,Atlantic Hockey
2025-26,Mercyhurst,2025-11-08,Sat,L,2,3,False,True,False,RIT,https://www.collegehockeynews.com/reports/team/RIT/49,49,True,False,https://www.collegehockeynews.com/box/final/20251108/mrc/rit/,https://www.collegehockeynews.com/box/metrics.php?gd=110721,,college_hockey_news,https://www.collegehockeynews.com/schedules/team/Mercyhurst/28/20252026,Atlantic Hockey,Atlantic Hockey
2025-26,Mercyhurst,2025-11-21,Fri,L,3,4,False,True,False,Canisius,https://www.collegehockeynews.com/reports/team/Canisius/13,13,True,False,https://www.collegehockeynews.com/box/final/20251121/mrc/cns/,https://www.collegehockeynews.com/box/metrics.php?gd=110765,,college_hockey_news,https://www.collegehockeynews.com/schedules/team/Mercyhurst/28/20252026,Atlantic Hockey,Atlantic Hockey
2025-26,Mercyhurst,2025-11-22,Sat,L,1,5,False,True,False,Canisius,https://www.collegehockeynews.com/reports/team/Canisius/13,13,True,False,https://www.collegehockeynews.com/box/final/20251122/mrc/cns/,https://www.collegehockeynews.com/box/metrics.php?gd=110766,,college_hockey_news,https://www.collegehockeynews.com/schedules/team/Mercyhurst/28/20252026,Atlantic Hockey,Atlantic Hockey
2025-26,Mercyhurst,2025-11-28,Fri,L,1,3,True,False,False,Robert Morris,https://www.collegehockeynews.com/reports/team/Robert-Morris/50,50,True,False,https://www.collegehockeynews.com/box/final/20251128/rmu/mrc/,https://www.collegehockeynews.com/box/metrics.php?gd=110884,,college_hockey_news,https://www.collegehockeynews.com/schedules/team/Mercyhurst/28/20252026,Atlantic Hockey,Atlantic Hockey
2025-26,Mercyhurst,2025-11-29,Sat,T-SOL,1,1,False,True,False,Robert Morris,https://www.collegehockeynews.com/reports/team/Robert-Morris/50,50,True,True,https://www.collegehockeynews.com/box/final/20251129/mrc/rmu/,https://www.collegehockeynews.com/box/metrics.php?gd=110885,,college_hockey_news,https://www.collegehockeynews.com/schedules/team/Mercyhurst/28/20252026,Atlantic Hockey,Atlantic Hockey
2025-26,Mercyhurst,2025-12-06,Sat,L,1,4,False,True,False,Holy Cross,https://www.collegehockeynews.com/reports/team/Holy-Cross/23,23,True,False,https://www.collegehockeynews.com/box/final/20251206/mrc/hcr/,https://www.collegehockeynews.com/box/metrics.php?gd=110912,,college_hockey_news,https://www.collegehockeynews.com/schedules/team/Mercyhurst/28/20252026,Atlantic Hockey,Atlantic Hockey
2025-26,Mercyhurst,2026-01-02,Fri,L,0,2,False,True,False,North Dakota,https://www.collegehockeynews.com/reports/team/North-Dakota/40,40,False,False,https://www.collegehockeynews.com/box/final/20260102/mrc/ndk/,https://www.collegehockeynews.com/box/metrics.php?gd=110423,,college_hockey_news,https://www.collegehockeynews.com/schedules/team/Mercyhurst/28/20252026,Atlantic Hockey,NCHC
2025-26,Mercyhurst,2026-01-03,Sat,L,1,6,False,True,False,North Dakota,https://www.collegehockeynews.com/reports/team/North-Dakota/40,40,False,False,https://www.collegehockeynews.com/box/final/20260103/mrc/ndk/,https://www.collegehockeynews.com/box/metrics.php?gd=110424,,college_hockey_news,https://www.collegehockeynews.com/schedules/team/Mercyhurst/28/20252026,Atlantic Hockey,NCHC
2025-26,Mercyhurst,2026-01-09,Fri,W,3,0,True,False,False,Army,https://www.collegehockeynews.com/reports/team/Army/6,6,True,False,https://www.collegehockeynews.com/box/final/20260109/arm/mrc/,https://www.collegehockeynews.com/box/metrics.php?gd=110820,,college_hockey_news,https://www.collegehockeynews.com/schedules/team/Mercyhurst/28/20252026,Atlantic Hockey,Atlantic Hockey
2025-26,Mercyhurst,2026-01-10,Sat,L,0,5,True,False,False,Army,https://www.collegehockeynews.com/reports/team/Army/6,6,True,False,https://www.collegehockeynews.com/box/final/20260110/arm/mrc/,https://www.collegehockeynews.com/box/metrics.php?gd=110821,,college_hockey_news,https://www.collegehockeynews.com/schedules/team/Mercyhurst/28/20252026,Atlantic Hockey,Atlantic Hockey
2025-26,Mercyhurst,2026-01-16,Fri,W,3,0,True,False,False,Niagara,https://www.collegehockeynews.com/reports/team/Niagara/39,39,True,False,https://www.collegehockeynews.com/box/final/20260116/nia/mrc/,https://www.collegehockeynews.com/box/metrics.php?gd=110966,,college_hockey_news,https://www.collegehockeynews.com/schedules/team/Mercyhurst/28/20252026,Atlantic Hockey,Atlantic Hockey
2025-26,Mercyhurst,2026-01-17,Sat,W,4,2,False,True,False,Niagara,https://www.collegehockeynews.com/reports/team/Niagara/39,39,True,False,https://www.collegehockeynews.com/box/final/20260117/mrc/nia/,https://www.collegehockeynews.com/box/metrics.php?gd=110967,,college_hockey_news,https://www.collegehockeynews.com/schedules/team/Mercyhurst/28/20252026,Atlantic Hockey,Atlantic Hockey
2025-26,Mercyhurst,2026-01-23,Fri,L,3,4,True,False,False,Canisius,https://www.collegehockeynews.com/reports/team/Canisius/13,13,True,False,https://www.collegehockeynews.com/box/final/20260123/cns/mrc/,https://www.collegehockeynews.com/box/metrics.php?gd=110769,,college_hockey_news,https://www.collegehockeynews.com/schedules/team/Mercyhurst/28/20252026,Atlantic Hockey,Atlantic Hockey
2025-26,Mercyhurst,2026-01-24,Sat,L,0,5,True,False,False,Canisius,https://www.collegehockeynews.com/reports/team/Canisius/13,13,True,False,https://www.collegehockeynews.com/box/final/20260124/cns/mrc/,https://www.collegehockeynews.com/box/metrics.php?gd=110770,,college_hockey_news,https://www.collegehockeynews.com/schedules/team/Mercyhurst/28/20252026,Atlantic Hockey,Atlantic Hockey
2025-26,Mercyhurst,2026-01-30,Fri,T-SOL,2,2,True,False,False,RIT,https://www.collegehockeynews.com/reports/team/RIT/49,49,True,True,https://www.collegehockeynews.com/box/final/20260130/rit/mrc/,https://www.collegehockeynews.com/box/metrics.php?gd=110737,,college_hockey_news,https://www.collegehockeynews.com/schedules/team/Mercyhurst/28/20252026,Atlantic Hockey,Atlantic Hockey
2025-26,Mercyhurst,2026-01-31,Sat,L,1,3,True,False,False,RIT,https://www.collegehockeynews.com/reports/team/RIT/49,49,True,False,https://www.collegehockeynews.com/box/final/20260131/rit/mrc/,https://www.collegehockeynews.com/box/metrics.php?gd=110738,,college_hockey_news,https://www.collegehockeynews.com/schedules/team/Mercyhurst/28/20252026,Atlantic Hockey,Atlantic Hockey
2025-26,Mercyhurst,2026-02-06,Fri,L,1,5,False,True,False,Sacred Heart,https://www.collegehockeynews.com/reports/team/Sacred-Heart/51,51,True,False,https://www.collegehockeynews.com/box/final/20260206/mrc/sac/,https://www.collegehockeynews.com/box/metrics.php?gd=110938,,college_hockey_news,https://www.collegehockeynews.com/schedules/team/Mercyhurst/28/20252026,Atlantic Hockey,Atlantic Hockey
2025-26,Mercyhurst,2026-02-07,Sat,W,2,1,False,True,False,Sacred Heart,https://www.collegehockeynews.com/reports/team/Sacred-Heart/51,51,True,False,https://www.collegehockeynews.com/box/final/20260207/mrc/sac/,https://www.collegehockeynews.com/box/metrics.php?gd=110939,,college_hockey_news,https://www.collegehockeynews.com/schedules/team/Mercyhurst/28/20252026,Atlantic Hockey,Atlantic Hockey
2025-26,Mercyhurst,2026-02-13,Fri,T-SOW,3,3,False,True,False,Air Force,https://www.collegehockeynews.com/reports/team/Air-Force/1,1,True,True,https://www.collegehockeynews.com/box/final/20260213/mrc/afa/,https://www.collegehockeynews.com/box/metrics.php?gd=111013,,college_hockey_news,https://www.collegehockeynews.com/schedules/team/Mercyhurst/28/20252026,Atlantic Hockey,Atlantic Hockey
2025-26,Mercyhurst,2026-02-14,Sat,L,4,5,False,True,False,Air Force,https://www.collegehockeynews.com/reports/team/Air-Force/1,1,True,False,https://www.collegehockeynews.com/box/final/20260214/mrc/afa/,https://www.collegehockeynews.com/box/metrics.php?gd=111014,,college_hockey_news,https://www.collegehockeynews.com/schedules/team/Mercyhurst/28/20252026,Atlantic Hockey,Atlantic Hockey
2025-26,Mercyhurst,2026-02-20,Fri,W,3,2,True,False,False,Niagara,https://www.collegehockeynews.com/reports/team/Niagara/39,39,True,False,https://www.collegehockeynews.com/box/final/20260220/nia/mrc/,https://www.collegehockeynews.com/box/metrics.php?gd=110970,,college_hockey_news,https://www.collegehockeynews.com/schedules/team/Mercyhurst/28/20252026,Atlantic Hockey,Atlantic Hockey
2025-26,Mercyhurst,2026-02-21,Sat,L,1,3,False,True,False,Niagara,https://www.collegehockeynews.com/reports/team/Niagara/39,39,True,False,https://www.collegehockeynews.com/box/final/20260221/mrc/nia/,https://www.collegehockeynews.com/box/metrics.php?gd=110971,,college_hockey_news,https://www.collegehockeynews.com/schedules/team/Mercyhurst/28/20252026,Atlantic Hockey,Atlantic Hockey
2025-26,Mercyhurst,2026-02-27,Fri,L,3,5,True,False,False,Robert Morris,https://www.collegehockeynews.com/reports/team/Robert-Morris/50,50,True,False,https://www.collegehockeynews.com/box/final/20260227/rmu/mrc/,https://www.collegehockeynews.com/box/metrics.php?gd=110896,"at Clearview Arena, Neville Island, Pa.",college_hockey_news,https://www.collegehockeynews.com/schedules/team/Mercyhurst/28/20252026,Atlantic Hockey,Atlantic Hockey
2025-26,Mercyhurst,2026-02-28,Sat,L,1,4,False,True,False,Robert Morris,https://www.collegehockeynews.com/reports/team/Robert-Morris/50,50,True,False,https://www.collegehockeynews.com/box/final/20260228/mrc/rmu/,https://www.collegehockeynews.com/box/metrics.php?gd=110897,,college_hockey_news,https://www.collegehockeynews.com/schedules/team/Mercyhurst/28/20252026,Atlantic Hockey,Atlantic Hockey
2025-26,Mercyhurst,2026-03-03,Tue,W,5,2,False,True,False,Canisius,https://www.collegehockeynews.com/reports/team/Canisius/13,13,False,False,https://www.collegehockeynews.com/box/final/20260303/mrc/cns/,https://www.collegehockeynews.com/box/metrics.php?gd=112950,"AHA Tournament AHA First Round – Harborcenter, Buffalo, N.Y.",college_hockey_news,https://www.collegehockeynews.com/schedules/team/Mercyhurst/28/20252026,Atlantic Hockey,Atlantic Hockey
2025-26,Mercyhurst,2026-03-06,Fri,L,3,4,False,True,False,Bentley,https://www.collegehockeynews.com/reports/team/Bentley/8,8,False,True,https://www.collegehockeynews.com/box/final/20260306/mrc/ben/,https://www.collegehockeynews.com/box/metrics.php?gd=112963,"AHA Tournament AHA Quarterfinal – Bentley Arena, Waltham, Mass.",college_hockey_news,https://www.collegehockeynews.com/schedules/team/Mercyhurst/28/20252026,Atlantic Hockey,Atlantic Hockey
2025-26,Mercyhurst,2026-03-07,Sat,L,0,6,False,True,False,Bentley,https://www.collegehockeynews.com/reports/team/Bentley/8,8,False,False,https://www.collegehockeynews.com/box/final/20260307/mrc/ben/,https://www.collegehockeynews.com/box/metrics.php?gd=112964,"AHA Tournament AHA Quarterfinal – Bentley Arena, Waltham, Mass.",college_hockey_news,https://www.collegehockeynews.com/schedules/team/Mercyhurst/28/20252026,Atlantic Hockey,Atlantic Hockey
2025-26,Niagara,2025-10-04,Sat,W,5,2,True,False,False,St. Lawrence,https://www.collegehockeynews.com/reports/team/St-Lawrence/53,53,False,False,https://www.collegehockeynews.com/box/final/20251004/stl/nia/,https://www.collegehockeynews.com/box/metrics.php?gd=110957,,college_hockey_news,https://www.collegehockeynews.com/schedules/team/Niagara/39/20252026,Atlantic Hockey,ECAC
2025-26,Niagara,2025-10-10,Fri,W,2,0,True,False,False,Bowling Green,https://www.collegehockeynews.com/reports/team/Bowling-Green/11,11,False,False,https://www.collegehockeynews.com/box/final/20251010/bgs/nia/,https://www.collegehockeynews.com/box/metrics.php?gd=110958,,college_hockey_news,https://www.collegehockeynews.com/schedules/team/Niagara/39/20252026,Atlantic Hockey,CCHA
2025-26,Niagara,2025-10-11,Sat,W,5,2,True,False,False,Bowling Green,https://www.collegehockeynews.com/reports/team/Bowling-Green/11,11,False,False,https://www.collegehockeynews.com/box/final/20251011/bgs/nia/,https://www.collegehockeynews.com/box/metrics.php?gd=110959,,college_hockey_news,https://www.collegehockeynews.com/schedules/team/Niagara/39/20252026,Atlantic Hockey,CCHA
2025-26,Niagara,2025-10-17,Fri,L,2,3,False,True,False,Union,https://www.collegehockeynews.com/reports/team/Union/54,54,False,False,https://www.collegehockeynews.com/box/final/20251017/nia/uni/,https://www.collegehockeynews.com/box/metrics.php?gd=110960,,college_hockey_news,https://www.collegehockeynews.com/schedules/team/Niagara/39/20252026,Atlantic Hockey,ECAC
2025-26,Niagara,2025-10-18,Sat,L,0,6,False,True,False,Union,https://www.collegehockeynews.com/reports/team/Union/54,54,False,False,https://www.collegehockeynews.com/box/final/20251018/nia/uni/,https://www.collegehockeynews.com/box/metrics.php?gd=110961,,college_hockey_news,https://www.collegehockeynews.com/schedules/team/Niagara/39/20252026,Atlantic Hockey,ECAC
2025-26,Niagara,2025-10-31,Fri,L,2,4,False,True,False,Robert Morris,https://www.collegehockeynews.com/reports/team/Robert-Morris/50,50,True,False,https://www.collegehockeynews.com/box/final/20251031/nia/rmu/,https://www.collegehockeynews.com/box/metrics.php?gd=110878,,college_hockey_news,https://www.collegehockeynews.com/schedules/team/Niagara/39/20252026,Atlantic Hockey,Atlantic Hockey
2025-26,Niagara,2025-11-01,Sat,L,3,4,True,False,False,Robert Morris,https://www.collegehockeynews.com/reports/team/Robert-Morris/50,50,True,False,https://www.collegehockeynews.com/box/final/20251101/rmu/nia/,https://www.collegehockeynews.com/box/metrics.php?gd=110879,,college_hockey_news,https://www.collegehockeynews.com/schedules/team/Niagara/39/20252026,Atlantic Hockey,Atlantic Hockey
2025-26,Niagara,2025-11-07,Fri,L,1,5,False,True,False,Holy Cross,https://www.collegehockeynews.com/reports/team/Holy-Cross/23,23,True,False,https://www.collegehockeynews.com/box/final/20251107/nia/hcr/,https://www.collegehockeynews.com/box/metrics.php?gd=110905,,college_hockey_news,https://www.collegehockeynews.com/schedules/team/Niagara/39/20252026,Atlantic Hockey,Atlantic Hockey
2025-26,Niagara,2025-11-08,Sat,L,2,6,False,True,False,Holy Cross,https://www.collegehockeynews.com/reports/team/Holy-Cross/23,23,True,False,https://www.collegehockeynews.com/box/final/20251108/nia/hcr/,https://www.collegehockeynews.com/box/metrics.php?gd=110906,,college_hockey_news,https://www.collegehockeynews.com/schedules/team/Niagara/39/20252026,Atlantic Hockey,Atlantic Hockey
2025-26,Niagara,2025-11-14,Fri,W,6,4,True,False,False,Army,https://www.collegehockeynews.com/reports/team/Army/6,6,True,False,https://www.collegehockeynews.com/box/final/20251114/arm/nia/,https://www.collegehockeynews.com/box/metrics.php?gd=110808,,college_hockey_news,https://www.collegehockeynews.com/schedules/team/Niagara/39/20252026,Atlantic Hockey,Atlantic Hockey
2025-26,Niagara,2025-11-15,Sat,W,4,1,True,False,False,Army,https://www.collegehockeynews.com/reports/team/Army/6,6,True,False,https://www.collegehockeynews.com/box/final/20251115/arm/nia/,https://www.collegehockeynews.com/box/metrics.php?gd=110809,,college_hockey_news,https://www.collegehockeynews.com/schedules/team/Niagara/39/20252026,Atlantic Hockey,Atlantic Hockey
2025-26,Niagara,2025-11-18,Tue,W,2,1,True,False,False,RIT,https://www.collegehockeynews.com/reports/team/RIT/49,49,True,True,https://www.collegehockeynews.com/box/final/20251118/rit/nia/,https://www.collegehockeynews.com/box/metrics.php?gd=110724,,college_hockey_news,https://www.collegehockeynews.com/schedules/team/Niagara/39/20252026,Atlantic Hockey,Atlantic Hockey
2025-26,Niagara,2025-11-28,Fri,L,1,4,True,False,False,RPI,https://www.collegehockeynews.com/reports/team/RPI/48,48,False,False,https://www.collegehockeynews.com/box/final/20251128/ren/nia/,https://www.collegehockeynews.com/box/metrics.php?gd=110963,,college_hockey_news,https://www.collegehockeynews.com/schedules/team/Niagara/39/20252026,Atlantic Hockey,ECAC
2025-26,Niagara,2025-11-29,Sat,L,2,3,True,False,False,RPI,https://www.collegehockeynews.com/reports/team/RPI/48,48,False,False,https://www.collegehockeynews.com/box/final/20251129/ren/nia/,https://www.collegehockeynews.com/box/metrics.php?gd=110964,,college_hockey_news,https://www.collegehockeynews.com/schedules/team/Niagara/39/20252026,Atlantic Hockey,ECAC
2025-26,Niagara,2025-12-05,Fri,W,3,1,False,True,False,Bentley,https://www.collegehockeynews.com/reports/team/Bentley/8,8,True,False,https://www.collegehockeynews.com/box/final/20251205/nia/ben/,https://www.collegehockeynews.com/box/metrics.php?gd=110949,,college_hockey_news,https://www.collegehockeynews.com/schedules/team/Niagara/39/20252026,Atlantic Hockey,Atlantic Hockey
2025-26,Niagara,2025-12-06,Sat,L,2,3,False,True,False,Bentley,https://www.collegehockeynews.com/reports/team/Bentley/8,8,True,False,https://www.collegehockeynews.com/box/final/20251206/nia/ben/,https://www.collegehockeynews.com/box/metrics.php?gd=110950,,college_hockey_news,https://www.collegehockeynews.com/schedules/team/Niagara/39/20252026,Atlantic Hockey,Atlantic Hockey
2025-26,Niagara,2026-01-03,Sat,L,2,6,True,False,False,Clarkson,https://www.collegehockeynews.com/reports/team/Clarkson/14,14,False,False,https://www.collegehockeynews.com/box/final/20260103/clk/nia/,https://www.collegehockeynews.com/box/metrics.php?gd=110458,,college_hockey_news,https://www.collegehockeynews.com/schedules/team/Niagara/39/20252026,Atlantic Hockey,ECAC
2025-26,Niagara,2026-01-09,Fri,L,4,5,True,False,False,Sacred Heart,https://www.collegehockeynews.com/reports/team/Sacred-Heart/51,51,True,True,https://www.collegehockeynews.com/box/final/20260109/sac/nia/,https://www.collegehockeynews.com/box/metrics.php?gd=110932,,college_hockey_news,https://www.collegehockeynews.com/schedules/team/Niagara/39/20252026,Atlantic Hockey,Atlantic Hockey
2025-26,Niagara,2026-01-10,Sat,L,2,4,True,False,False,Sacred Heart,https://www.collegehockeynews.com/reports/team/Sacred-Heart/51,51,True,False,https://www.collegehockeynews.com/box/final/20260110/sac/nia/,https://www.collegehockeynews.com/box/metrics.php?gd=110933,,college_hockey_news,https://www.collegehockeynews.com/schedules/team/Niagara/39/20252026,Atlantic Hockey,Atlantic Hockey
2025-26,Niagara,2026-01-16,Fri,L,0,3,False,True,False,Mercyhurst,https://www.collegehockeynews.com/reports/team/Mercyhurst/28,28,True,False,https://www.collegehockeynews.com/box/final/20260116/nia/mrc/,https://www.collegehockeynews.com/box/metrics.php?gd=110966,,college_hockey_news,https://www.collegehockeynews.com/schedules/team/Niagara/39/20252026,Atlantic Hockey,Atlantic Hockey
2025-26,Niagara,2026-01-17,Sat,L,2,4,True,False,False,Mercyhurst,https://www.collegehockeynews.com/reports/team/Mercyhurst/28,28,True,False,https://www.collegehockeynews.com/box/final/20260117/mrc/nia/,https://www.collegehockeynews.com/box/metrics.php?gd=110967,,college_hockey_news,https://www.collegehockeynews.com/schedules/team/Niagara/39/20252026,Atlantic Hockey,Atlantic Hockey
2025-26,Niagara,2026-01-23,Fri,L,2,4,True,False,False,RIT,https://www.collegehockeynews.com/reports/team/RIT/49,49,True,False,https://www.collegehockeynews.com/box/final/20260123/rit/nia/,https://www.collegehockeynews.com/box/metrics.php?gd=110735,,college_hockey_news,https://www.collegehockeynews.com/schedules/team/Niagara/39/20252026,Atlantic Hockey,Atlantic Hockey
2025-26,Niagara,2026-01-24,Sat,T-SOL,3,3,False,True,False,RIT,https://www.collegehockeynews.com/reports/team/RIT/49,49,True,True,https://www.collegehockeynews.com/box/final/20260124/nia/rit/,https://www.collegehockeynews.com/box/metrics.php?gd=110736,,college_hockey_news,https://www.collegehockeynews.com/schedules/team/Niagara/39/20252026,Atlantic Hockey,Atlantic Hockey
2025-26,Niagara,2026-01-30,Fri,W,5,3,False,True,False,Canisius,https://www.collegehockeynews.com/reports/team/Canisius/13,13,True,False,https://www.collegehockeynews.com/box/final/20260130/nia/cns/,https://www.collegehockeynews.com/box/metrics.php?gd=110771,,college_hockey_news,https://www.collegehockeynews.com/schedules/team/Niagara/39/20252026,Atlantic Hockey,Atlantic Hockey
2025-26,Niagara,2026-01-31,Sat,L,3,4,True,False,False,Canisius,https://www.collegehockeynews.com/reports/team/Canisius/13,13,True,True,https://www.collegehockeynews.com/box/final/20260131/cns/nia/,https://www.collegehockeynews.com/box/metrics.php?gd=110772,,college_hockey_news,https://www.collegehockeynews.com/schedules/team/Niagara/39/20252026,Atlantic Hockey,Atlantic Hockey
2025-26,Niagara,2026-02-06,Fri,L,1,2,True,False,False,Air Force,https://www.collegehockeynews.com/reports/team/Air-Force/1,1,True,True,https://www.collegehockeynews.com/box/final/20260206/afa/nia/,https://www.collegehockeynews.com/box/metrics.php?gd=110968,,college_hockey_news,https://www.collegehockeynews.com/schedules/team/Niagara/39/20252026,Atlantic Hockey,Atlantic Hockey
2025-26,Niagara,2026-02-07,Sat,W,4,2,True,False,False,Air Force,https://www.collegehockeynews.com/reports/team/Air-Force/1,1,True,False,https://www.collegehockeynews.com/box/final/20260207/afa/nia/,https://www.collegehockeynews.com/box/metrics.php?gd=110969,,college_hockey_news,https://www.collegehockeynews.com/schedules/team/Niagara/39/20252026,Atlantic Hockey,Atlantic Hockey
2025-26,Niagara,2026-02-10,Tue,L,1,2,False,True,False,RIT,https://www.collegehockeynews.com/reports/team/RIT/49,49,True,False,https://www.collegehockeynews.com/box/final/20260210/nia/rit/,https://www.collegehockeynews.com/box/metrics.php?gd=110741,,college_hockey_news,https://www.collegehockeynews.com/schedules/team/Niagara/39/20252026,Atlantic Hockey,Atlantic Hockey
2025-26,Niagara,2026-02-13,Fri,W,5,2,True,False,False,Robert Morris,https://www.collegehockeynews.com/reports/team/Robert-Morris/50,50,True,False,https://www.collegehockeynews.com/box/final/20260213/rmu/nia/,https://www.collegehockeynews.com/box/metrics.php?gd=110894,,college_hockey_news,https://www.collegehockeynews.com/schedules/team/Niagara/39/20252026,Atlantic Hockey,Atlantic Hockey
2025-26,Niagara,2026-02-14,Sat,L,1,5,False,True,False,Robert Morris,https://www.collegehockeynews.com/reports/team/Robert-Morris/50,50,True,False,https://www.collegehockeynews.com/box/final/20260214/nia/rmu/,https://www.collegehockeynews.com/box/metrics.php?gd=110895,,college_hockey_news,https://www.collegehockeynews.com/schedules/team/Niagara/39/20252026,Atlantic Hockey,Atlantic Hockey
2025-26,Niagara,2026-02-20,Fri,L,2,3,False,True,False,Mercyhurst,https://www.collegehockeynews.com/reports/team/Mercyhurst/28,28,True,False,https://www.collegehockeynews.com/box/final/20260220/nia/mrc/,https://www.collegehockeynews.com/box/metrics.php?gd=110970,,college_hockey_news,https://www.collegehockeynews.com/schedules/team/Niagara/39/20252026,Atlantic Hockey,Atlantic Hockey
2025-26,Niagara,2026-02-21,Sat,W,3,1,True,False,False,Mercyhurst,https://www.collegehockeynews.com/reports/team/Mercyhurst/28,28,True,False,https://www.collegehockeynews.com/box/final/20260221/mrc/nia/,https://www.collegehockeynews.com/box/metrics.php?gd=110971,,college_hockey_news,https://www.collegehockeynews.com/schedules/team/Niagara/39/20252026,Atlantic Hockey,Atlantic Hockey
2025-26,Niagara,2026-02-27,Fri,W,3,2,True,False,False,Canisius,https://www.collegehockeynews.com/reports/team/Canisius/13,13,True,False,https://www.collegehockeynews.com/box/final/20260227/cns/nia/,https://www.collegehockeynews.com/box/metrics.php?gd=110779,,college_hockey_news,https://www.collegehockeynews.com/schedules/team/Niagara/39/20252026,Atlantic Hockey,Atlantic Hockey
2025-26,Niagara,2026-02-28,Sat,L,1,5,False,True,False,Canisius,https://www.collegehockeynews.com/reports/team/Canisius/13,13,True,False,https://www.collegehockeynews.com/box/final/20260228/nia/cns/,https://www.collegehockeynews.com/box/metrics.php?gd=110780,,college_hockey_news,https://www.collegehockeynews.com/schedules/team/Niagara/39/20252026,Atlantic Hockey,Atlantic Hockey
2025-26,Niagara,2026-03-03,Tue,W,5,4,True,False,False,Army,https://www.collegehockeynews.com/reports/team/Army/6,6,False,False,https://www.collegehockeynews.com/box/final/20260303/arm/nia/,https://www.collegehockeynews.com/box/metrics.php?gd=112951,AHA Tournament AHA First Round,college_hockey_news,https://www.collegehockeynews.com/schedules/team/Niagara/39/20252026,Atlantic Hockey,Atlantic Hockey
2025-26,Niagara,2026-03-06,Fri,L,1,3,False,True,False,Sacred Heart,https://www.collegehockeynews.com/reports/team/Sacred-Heart/51,51,False,False,https://www.collegehockeynews.com/box/final/20260306/nia/sac/,https://www.collegehockeynews.com/box/metrics.php?gd=112965,"AHA Tournament AHA Quarterfinal – Martire Family Arena, Fairfield, Conn.",college_hockey_news,https://www.collegehockeynews.com/schedules/team/Niagara/39/20252026,Atlantic Hockey,Atlantic Hockey
2025-26,Niagara,2026-03-07,Sat,L,1,2,False,True,False,Sacred Heart,https://www.collegehockeynews.com/reports/team/Sacred-Heart/51,51,False,False,https://www.collegehockeynews.com/box/final/20260307/nia/sac/,https://www.collegehockeynews.com/box/metrics.php?gd=112966,"AHA Tournament AHA Quarterfinal – Martire Family Arena, Fairfield, Conn.",college_hockey_news,https://www.collegehockeynews.com/schedules/team/Niagara/39/20252026,Atlantic Hockey,Atlantic Hockey
2025-26,RIT,2025-10-10,Fri,L,0,1,True,False,False,Sacred Heart,https://www.collegehockeynews.com/reports/team/Sacred-Heart/51,51,True,False,https://www.collegehockeynews.com/box/final/20251010/sac/rit/,https://www.collegehockeynews.com/box/metrics.php?gd=110713,,college_hockey_news,https://www.collegehockeynews.com/schedules/team/RIT/49/20252026,Atlantic Hockey,Atlantic Hockey
2025-26,RIT,2025-10-11,Sat,L,1,6,True,False,False,Sacred Heart,https://www.collegehockeynews.com/reports/team/Sacred-Heart/51,51,True,False,https://www.collegehockeynews.com/box/final/20251011/sac/rit/,https://www.collegehockeynews.com/box/metrics.php?gd=110714,,college_hockey_news,https://www.collegehockeynews.com/schedules/team/RIT/49/20252026,Atlantic Hockey,Atlantic Hockey
2025-26,RIT,2025-10-18,Sat,W,6,2,True,False,False,Clarkson,https://www.collegehockeynews.com/reports/team/Clarkson/14,14,False,False,https://www.collegehockeynews.com/box/final/20251018/clk/rit/,https://www.collegehockeynews.com/box/metrics.php?gd=110441,"at Blue Cross Arena, Rochester, N.Y.",college_hockey_news,https://www.collegehockeynews.com/schedules/team/RIT/49/20252026,Atlantic Hockey,ECAC
2025-26,RIT,2025-10-24,Fri,W,5,1,True,False,False,Air Force,https://www.collegehockeynews.com/reports/team/Air-Force/1,1,True,False,https://www.collegehockeynews.com/box/final/20251024/afa/rit/,https://www.collegehockeynews.com/box/metrics.php?gd=110716,,college_hockey_news,https://www.collegehockeynews.com/schedules/team/RIT/49/20252026,Atlantic Hockey,Atlantic Hockey
2025-26,RIT,2025-10-25,Sat,W,7,3,True,False,False,Air Force,https://www.collegehockeynews.com/reports/team/Air-Force/1,1,True,False,https://www.collegehockeynews.com/box/final/20251025/afa/rit/,https://www.collegehockeynews.com/box/metrics.php?gd=110717,,college_hockey_news,https://www.collegehockeynews.com/schedules/team/RIT/49/20252026,Atlantic Hockey,Atlantic Hockey
2025-26,RIT,2025-10-31,Fri,W,3,1,False,True,False,Colgate,https://www.collegehockeynews.com/reports/team/Colgate/15,15,False,False,https://www.collegehockeynews.com/box/final/20251031/rit/clg/,https://www.collegehockeynews.com/box/metrics.php?gd=110718,,college_hockey_news,https://www.collegehockeynews.com/schedules/team/RIT/49/20252026,Atlantic Hockey,ECAC
2025-26,RIT,2025-11-01,Sat,W,4,1,False,True,False,Colgate,https://www.collegehockeynews.com/reports/team/Colgate/15,15,False,False,https://www.collegehockeynews.com/box/final/20251101/rit/clg/,https://www.collegehockeynews.com/box/metrics.php?gd=110719,,college_hockey_news,https://www.collegehockeynews.com/schedules/team/RIT/49/20252026,Atlantic Hockey,ECAC
2025-26,RIT,2025-11-07,Fri,W,4,1,True,False,False,Mercyhurst,https://www.collegehockeynews.com/reports/team/Mercyhurst/28,28,True,False,https://www.collegehockeynews.com/box/final/20251107/mrc/rit/,https://www.collegehockeynews.com/box/metrics.php?gd=110720,,college_hockey_news,https://www.collegehockeynews.com/schedules/team/RIT/49/20252026,Atlantic Hockey,Atlantic Hockey
2025-26,RIT,2025-11-08,Sat,W,3,2,True,False,False,Mercyhurst,https://www.collegehockeynews.com/reports/team/Mercyhurst/28,28,True,False,https://www.collegehockeynews.com/box/final/20251108/mrc/rit/,https://www.collegehockeynews.com/box/metrics.php?gd=110721,,college_hockey_news,https://www.collegehockeynews.com/schedules/team/RIT/49/20252026,Atlantic Hockey,Atlantic Hockey
2025-26,RIT,2025-11-14,Fri,W,2,1,False,True,False,Robert Morris,https://www.collegehockeynews.com/reports/team/Robert-Morris/50,50,True,False,https://www.collegehockeynews.com/box/final/20251114/rit/rmu/,https://www.collegehockeynews.com/box/metrics.php?gd=110722,,college_hockey_news,https://www.collegehockeynews.com/schedules/team/RIT/49/20252026,Atlantic Hockey,Atlantic Hockey
2025-26,RIT,2025-11-15,Sat,W,3,2,False,True,False,Robert Morris,https://www.collegehockeynews.com/reports/team/Robert-Morris/50,50,True,False,https://www.collegehockeynews.com/box/final/20251115/rit/rmu/,https://www.collegehockeynews.com/box/metrics.php?gd=110723,,college_hockey_news,https://www.collegehockeynews.com/schedules/team/RIT/49/20252026,Atlantic Hockey,Atlantic Hockey
2025-26,RIT,2025-11-18,Tue,L,1,2,False,True,False,Niagara,https://www.collegehockeynews.com/reports/team/Niagara/39,39,True,True,https://www.collegehockeynews.com/box/final/20251118/rit/nia/,https://www.collegehockeynews.com/box/metrics.php?gd=110724,,college_hockey_news,https://www.collegehockeynews.com/schedules/team/RIT/49/20252026,Atlantic Hockey,Atlantic Hockey
2025-26,RIT,2025-11-21,Fri,L,2,3,False,True,False,Bentley,https://www.collegehockeynews.com/reports/team/Bentley/8,8,True,False,https://www.collegehockeynews.com/box/final/20251121/rit/ben/,https://www.collegehockeynews.com/box/metrics.php?gd=110725,,college_hockey_news,https://www.collegehockeynews.com/schedules/team/RIT/49/20252026,Atlantic Hockey,Atlantic Hockey
2025-26,RIT,2025-11-28,Fri,L,0,4,False,False,True,Miami,https://www.collegehockeynews.com/reports/team/Miami/30,30,False,False,https://www.collegehockeynews.com/box/final/20251128/mia/rit/,https://www.collegehockeynews.com/box/metrics.php?gd=110582,"Friendship Four – SSE Arena, Belfast, N. Ireland",college_hockey_news,https://www.collegehockeynews.com/schedules/team/RIT/49/20252026,Atlantic Hockey,NCHC
2025-26,RIT,2025-11-29,Sat,L,0,3,False,False,True,Sacred Heart,https://www.collegehockeynews.com/reports/team/Sacred-Heart/51,51,False,False,https://www.collegehockeynews.com/box/final/20251129/rit/sac/,https://www.collegehockeynews.com/box/metrics.php?gd=111245,"Friendship Four – SSE Arena, Belfast, N. Ireland",college_hockey_news,https://www.collegehockeynews.com/schedules/team/RIT/49/20252026,Atlantic Hockey,Atlantic Hockey
2025-26,RIT,2025-12-05,Fri,W,3,1,True,False,False,Canisius,https://www.collegehockeynews.com/reports/team/Canisius/13,13,True,False,https://www.collegehockeynews.com/box/final/20251205/cns/rit/,https://www.collegehockeynews.com/box/metrics.php?gd=110727,,college_hockey_news,https://www.collegehockeynews.com/schedules/team/RIT/49/20252026,Atlantic Hockey,Atlantic Hockey
2025-26,RIT,2025-12-06,Sat,L,2,4,False,True,False,Canisius,https://www.collegehockeynews.com/reports/team/Canisius/13,13,True,False,https://www.collegehockeynews.com/box/final/20251206/rit/cns/,https://www.collegehockeynews.com/box/metrics.php?gd=110728,,college_hockey_news,https://www.collegehockeynews.com/schedules/team/RIT/49/20252026,Atlantic Hockey,Atlantic Hockey
2025-26,RIT,2025-12-29,Mon,L,2,3,False,True,False,Clarkson,https://www.collegehockeynews.com/reports/team/Clarkson/14,14,False,False,https://www.collegehockeynews.com/box/final/20251229/rit/clk/,https://www.collegehockeynews.com/box/metrics.php?gd=110457,,college_hockey_news,https://www.collegehockeynews.com/schedules/team/RIT/49/20252026,Atlantic Hockey,ECAC
2025-26,RIT,2026-01-03,Sat,W,1,0,True,False,False,Penn State,https://www.collegehockeynews.com/reports/team/Penn-State/60,60,False,False,https://www.collegehockeynews.com/box/final/20260103/psu/rit/,https://www.collegehockeynews.com/box/metrics.php?gd=110730,,college_hockey_news,https://www.collegehockeynews.com/schedules/team/RIT/49/20252026,Atlantic Hockey,Big Ten
2025-26,RIT,2026-01-04,Sun,L,3,7,False,True,False,Penn State,https://www.collegehockeynews.com/reports/team/Penn-State/60,60,False,False,https://www.collegehockeynews.com/box/final/20260104/rit/psu/,https://www.collegehockeynews.com/box/metrics.php?gd=110729,,college_hockey_news,https://www.collegehockeynews.com/schedules/team/RIT/49/20252026,Atlantic Hockey,Big Ten
2025-26,RIT,2026-01-09,Fri,W,4,1,True,False,False,Robert Morris,https://www.collegehockeynews.com/reports/team/Robert-Morris/50,50,True,False,https://www.collegehockeynews.com/box/final/20260109/rmu/rit/,https://www.collegehockeynews.com/box/metrics.php?gd=110731,,college_hockey_news,https://www.collegehockeynews.com/schedules/team/RIT/49/20252026,Atlantic Hockey,Atlantic Hockey
2025-26,RIT,2026-01-10,Sat,W,3,2,True,False,False,Robert Morris,https://www.collegehockeynews.com/reports/team/Robert-Morris/50,50,True,True,https://www.collegehockeynews.com/box/final/20260110/rmu/rit/,https://www.collegehockeynews.com/box/metrics.php?gd=110732,,college_hockey_news,https://www.collegehockeynews.com/schedules/team/RIT/49/20252026,Atlantic Hockey,Atlantic Hockey
2025-26,RIT,2026-01-16,Fri,L,3,5,False,True,False,Canisius,https://www.collegehockeynews.com/reports/team/Canisius/13,13,True,False,https://www.collegehockeynews.com/box/final/20260116/rit/cns/,https://www.collegehockeynews.com/box/metrics.php?gd=110733,,college_hockey_news,https://www.collegehockeynews.com/schedules/team/RIT/49/20252026,Atlantic Hockey,Atlantic Hockey
2025-26,RIT,2026-01-17,Sat,L,1,4,True,False,False,Canisius,https://www.collegehockeynews.com/reports/team/Canisius/13,13,True,False,https://www.collegehockeynews.com/box/final/20260117/cns/rit/,https://www.collegehockeynews.com/box/metrics.php?gd=110734,,college_hockey_news,https://www.collegehockeynews.com/schedules/team/RIT/49/20252026,Atlantic Hockey,Atlantic Hockey
2025-26,RIT,2026-01-23,Fri,W,4,2,False,True,False,Niagara,https://www.collegehockeynews.com/reports/team/Niagara/39,39,True,False,https://www.collegehockeynews.com/box/final/20260123/rit/nia/,https://www.collegehockeynews.com/box/metrics.php?gd=110735,,college_hockey_news,https://www.collegehockeynews.com/schedules/team/RIT/49/20252026,Atlantic Hockey,Atlantic Hockey
2025-26,RIT,2026-01-24,Sat,T-SOW,3,3,True,False,False,Niagara,https://www.collegehockeynews.com/reports/team/Niagara/39,39,True,True,https://www.collegehockeynews.com/box/final/20260124/nia/rit/,https://www.collegehockeynews.com/box/metrics.php?gd=110736,,college_hockey_news,https://www.collegehockeynews.com/schedules/team/RIT/49/20252026,Atlantic Hockey,Atlantic Hockey
2025-26,RIT,2026-01-30,Fri,T-SOW,2,2,False,True,False,Mercyhurst,https://www.collegehockeynews.com/reports/team/Mercyhurst/28,28,True,True,https://www.collegehockeynews.com/box/final/20260130/rit/mrc/,https://www.collegehockeynews.com/box/metrics.php?gd=110737,,college_hockey_news,https://www.collegehockeynews.com/schedules/team/RIT/49/20252026,Atlantic Hockey,Atlantic Hockey
2025-26,RIT,2026-01-31,Sat,W,3,1,False,True,False,Mercyhurst,https://www.collegehockeynews.com/reports/team/Mercyhurst/28,28,True,False,https://www.collegehockeynews.com/box/final/20260131/rit/mrc/,https://www.collegehockeynews.com/box/metrics.php?gd=110738,,college_hockey_news,https://www.collegehockeynews.com/schedules/team/RIT/49/20252026,Atlantic Hockey,Atlantic Hockey
2025-26,RIT,2026-02-06,Fri,L,2,6,False,True,False,Army,https://www.collegehockeynews.com/reports/team/Army/6,6,True,False,https://www.collegehockeynews.com/box/final/20260206/rit/arm/,https://www.collegehockeynews.com/box/metrics.php?gd=110739,,college_hockey_news,https://www.collegehockeynews.com/schedules/team/RIT/49/20252026,Atlantic Hockey,Atlantic Hockey
2025-26,RIT,2026-02-07,Sat,W,3,2,False,True,False,Army,https://www.collegehockeynews.com/reports/team/Army/6,6,True,True,https://www.collegehockeynews.com/box/final/20260207/rit/arm/,https://www.collegehockeynews.com/box/metrics.php?gd=110740,,college_hockey_news,https://www.collegehockeynews.com/schedules/team/RIT/49/20252026,Atlantic Hockey,Atlantic Hockey
2025-26,RIT,2026-02-10,Tue,W,2,1,True,False,False,Niagara,https://www.collegehockeynews.com/reports/team/Niagara/39,39,True,False,https://www.collegehockeynews.com/box/final/20260210/nia/rit/,https://www.collegehockeynews.com/box/metrics.php?gd=110741,,college_hockey_news,https://www.collegehockeynews.com/schedules/team/RIT/49/20252026,Atlantic Hockey,Atlantic Hockey
2025-26,RIT,2026-02-20,Fri,L,3,4,True,False,False,Bentley,https://www.collegehockeynews.com/reports/team/Bentley/8,8,True,False,https://www.collegehockeynews.com/box/final/20260220/ben/rit/,https://www.collegehockeynews.com/box/metrics.php?gd=110742,,college_hockey_news,https://www.collegehockeynews.com/schedules/team/RIT/49/20252026,Atlantic Hockey,Atlantic Hockey
2025-26,RIT,2026-02-27,Fri,L,1,5,False,True,False,Holy Cross,https://www.collegehockeynews.com/reports/team/Holy-Cross/23,23,True,False,https://www.collegehockeynews.com/box/final/20260227/rit/hcr/,https://www.collegehockeynews.com/box/metrics.php?gd=110743,,college_hockey_news,https://www.collegehockeynews.com/schedules/team/RIT/49/20252026,Atlantic Hockey,Atlantic Hockey
2025-26,RIT,2026-02-28,Sat,L,2,3,False,True,False,Holy Cross,https://www.collegehockeynews.com/reports/team/Holy-Cross/23,23,True,False,https://www.collegehockeynews.com/box/final/20260228/rit/hcr/,https://www.collegehockeynews.com/box/metrics.php?gd=110744,,college_hockey_news,https://www.collegehockeynews.com/schedules/team/RIT/49/20252026,Atlantic Hockey,Atlantic Hockey
2025-26,RIT,2026-03-06,Fri,L,1,2,False,True,False,Holy Cross,https://www.collegehockeynews.com/reports/team/Holy-Cross/23,23,False,True,https://www.collegehockeynews.com/box/final/20260306/rit/hcr/,https://www.collegehockeynews.com/box/metrics.php?gd=112969,"AHA Tournament AHA Quarterfinal – Hart Recreation Center, Worcester, Mass.",college_hockey_news,https://www.collegehockeynews.com/schedules/team/RIT/49/20252026,Atlantic Hockey,Atlantic Hockey
2025-26,RIT,2026-03-07,Sat,L,4,5,False,True,False,Holy Cross,https://www.collegehockeynews.com/reports/team/Holy-Cross/23,23,False,True,https://www.collegehockeynews.com/box/final/20260307/rit/hcr/,https://www.collegehockeynews.com/box/metrics.php?gd=112970,"AHA Tournament AHA Quarterfinal – Hart Recreation Center, Worcester, Mass.",college_hockey_news,https://www.collegehockeynews.com/schedules/team/RIT/49/20252026,Atlantic Hockey,Atlantic Hockey
2025-26,Robert Morris,2025-10-16,Thu,L,2,4,False,True,False,Michigan,https://www.collegehockeynews.com/reports/team/Michigan/31,31,False,False,https://www.collegehockeynews.com/box/final/20251016/rmu/mic/,https://www.collegehockeynews.com/box/metrics.php?gd=110701,,college_hockey_news,https://www.collegehockeynews.com/schedules/team/Robert-Morris/50/20252026,Atlantic Hockey,Big Ten
2025-26,Robert Morris,2025-10-17,Fri,L,2,10,False,True,False,Michigan,https://www.collegehockeynews.com/reports/team/Michigan/31,31,False,False,https://www.collegehockeynews.com/box/final/20251017/rmu/mic/,https://www.collegehockeynews.com/box/metrics.php?gd=110702,,college_hockey_news,https://www.collegehockeynews.com/schedules/team/Robert-Morris/50/20252026,Atlantic Hockey,Big Ten
2025-26,Robert Morris,2025-10-24,Fri,L,3,6,False,True,False,Notre Dame,https://www.collegehockeynews.com/reports/team/Notre-Dame/43,43,False,False,https://www.collegehockeynews.com/box/final/20251024/rmu/ndm/,https://www.collegehockeynews.com/box/metrics.php?gd=110876,,college_hockey_news,https://www.collegehockeynews.com/schedules/team/Robert-Morris/50/20252026,Atlantic Hockey,Big Ten
2025-26,Robert Morris,2025-10-25,Sat,T,2,2,False,True,False,Notre Dame,https://www.collegehockeynews.com/reports/team/Notre-Dame/43,43,False,True,https://www.collegehockeynews.com/box/final/20251025/rmu/ndm/,https://www.collegehockeynews.com/box/metrics.php?gd=110877,,college_hockey_news,https://www.collegehockeynews.com/schedules/team/Robert-Morris/50/20252026,Atlantic Hockey,Big Ten
2025-26,Robert Morris,2025-10-31,Fri,W,4,2,True,False,False,Niagara,https://www.collegehockeynews.com/reports/team/Niagara/39,39,True,False,https://www.collegehockeynews.com/box/final/20251031/nia/rmu/,https://www.collegehockeynews.com/box/metrics.php?gd=110878,,college_hockey_news,https://www.collegehockeynews.com/schedules/team/Robert-Morris/50/20252026,Atlantic Hockey,Atlantic Hockey
2025-26,Robert Morris,2025-11-01,Sat,W,4,3,False,True,False,Niagara,https://www.collegehockeynews.com/reports/team/Niagara/39,39,True,False,https://www.collegehockeynews.com/box/final/20251101/rmu/nia/,https://www.collegehockeynews.com/box/metrics.php?gd=110879,,college_hockey_news,https://www.collegehockeynews.com/schedules/team/Robert-Morris/50/20252026,Atlantic Hockey,Atlantic Hockey
2025-26,Robert Morris,2025-11-07,Fri,L,3,6,True,False,False,Long Island,https://www.collegehockeynews.com/reports/team/Long-Island/62,62,False,False,https://www.collegehockeynews.com/box/final/20251107/liu/rmu/,https://www.collegehockeynews.com/box/metrics.php?gd=110880,,college_hockey_news,https://www.collegehockeynews.com/schedules/team/Robert-Morris/50/20252026,Atlantic Hockey,Independent
2025-26,Robert Morris,2025-11-08,Sat,L,0,2,True,False,False,Long Island,https://www.collegehockeynews.com/reports/team/Long-Island/62,62,False,False,https://www.collegehockeynews.com/box/final/20251108/liu/rmu/,https://www.collegehockeynews.com/box/metrics.php?gd=110881,,college_hockey_news,https://www.collegehockeynews.com/schedules/team/Robert-Morris/50/20252026,Atlantic Hockey,Independent
2025-26,Robert Morris,2025-11-14,Fri,L,1,2,True,False,False,RIT,https://www.collegehockeynews.com/reports/team/RIT/49,49,True,False,https://www.collegehockeynews.com/box/final/20251114/rit/rmu/,https://www.collegehockeynews.com/box/metrics.php?gd=110722,,college_hockey_news,https://www.collegehockeynews.com/schedules/team/Robert-Morris/50/20252026,Atlantic Hockey,Atlantic Hockey
2025-26,Robert Morris,2025-11-15,Sat,L,2,3,True,False,False,RIT,https://www.collegehockeynews.com/reports/team/RIT/49,49,True,False,https://www.collegehockeynews.com/box/final/20251115/rit/rmu/,https://www.collegehockeynews.com/box/metrics.php?gd=110723,,college_hockey_news,https://www.collegehockeynews.com/schedules/team/Robert-Morris/50/20252026,Atlantic Hockey,Atlantic Hockey
2025-26,Robert Morris,2025-11-21,Fri,L,2,6,False,True,False,Lindenwood,https://www.collegehockeynews.com/reports/team/Lindenwood/433,433,False,False,https://www.collegehockeynews.com/box/final/20251121/rmu/lin/,https://www.collegehockeynews.com/box/metrics.php?gd=110882,,college_hockey_news,https://www.collegehockeynews.com/schedules/team/Robert-Morris/50/20252026,Atlantic Hockey,Independent
2025-26,Robert Morris,2025-11-22,Sat,L,3,5,False,True,False,Lindenwood,https://www.collegehockeynews.com/reports/team/Lindenwood/433,433,False,False,https://www.collegehockeynews.com/box/final/20251122/rmu/lin/,https://www.collegehockeynews.com/box/metrics.php?gd=110883,,college_hockey_news,https://www.collegehockeynews.com/schedules/team/Robert-Morris/50/20252026,Atlantic Hockey,Independent
2025-26,Robert Morris,2025-11-28,Fri,W,3,1,False,True,False,Mercyhurst,https://www.collegehockeynews.com/reports/team/Mercyhurst/28,28,True,False,https://www.collegehockeynews.com/box/final/20251128/rmu/mrc/,https://www.collegehockeynews.com/box/metrics.php?gd=110884,,college_hockey_news,https://www.collegehockeynews.com/schedules/team/Robert-Morris/50/20252026,Atlantic Hockey,Atlantic Hockey
2025-26,Robert Morris,2025-11-29,Sat,T-SOW,1,1,True,False,False,Mercyhurst,https://www.collegehockeynews.com/reports/team/Mercyhurst/28,28,True,True,https://www.collegehockeynews.com/box/final/20251129/mrc/rmu/,https://www.collegehockeynews.com/box/metrics.php?gd=110885,,college_hockey_news,https://www.collegehockeynews.com/schedules/team/Robert-Morris/50/20252026,Atlantic Hockey,Atlantic Hockey
2025-26,Robert Morris,2025-12-05,Fri,L,1,4,False,True,False,Air Force,https://www.collegehockeynews.com/reports/team/Air-Force/1,1,True,False,https://www.collegehockeynews.com/box/final/20251205/rmu/afa/,https://www.collegehockeynews.com/box/metrics.php?gd=110886,,college_hockey_news,https://www.collegehockeynews.com/schedules/team/Robert-Morris/50/20252026,Atlantic Hockey,Atlantic Hockey
2025-26,Robert Morris,2025-12-06,Sat,W,6,3,False,True,False,Air Force,https://www.collegehockeynews.com/reports/team/Air-Force/1,1,True,False,https://www.collegehockeynews.com/box/final/20251206/rmu/afa/,https://www.collegehockeynews.com/box/metrics.php?gd=110887,,college_hockey_news,https://www.collegehockeynews.com/schedules/team/Robert-Morris/50/20252026,Atlantic Hockey,Atlantic Hockey
2025-26,Robert Morris,2025-12-30,Tue,L,2,5,False,True,False,Sacred Heart,https://www.collegehockeynews.com/reports/team/Sacred-Heart/51,51,True,False,https://www.collegehockeynews.com/box/final/20251230/rmu/sac/,https://www.collegehockeynews.com/box/metrics.php?gd=110888,,college_hockey_news,https://www.collegehockeynews.com/schedules/team/Robert-Morris/50/20252026,Atlantic Hockey,Atlantic Hockey
2025-26,Robert Morris,2026-01-03,Sat,L,1,3,True,False,False,Sacred Heart,https://www.collegehockeynews.com/reports/team/Sacred-Heart/51,51,True,False,https://www.collegehockeynews.com/box/final/20260103/sac/rmu/,https://www.collegehockeynews.com/box/metrics.php?gd=110889,,college_hockey_news,https://www.collegehockeynews.com/schedules/team/Robert-Morris/50/20252026,Atlantic Hockey,Atlantic Hockey
2025-26,Robert Morris,2026-01-09,Fri,L,1,4,False,True,False,RIT,https://www.collegehockeynews.com/reports/team/RIT/49,49,True,False,https://www.collegehockeynews.com/box/final/20260109/rmu/rit/,https://www.collegehockeynews.com/box/metrics.php?gd=110731,,college_hockey_news,https://www.collegehockeynews.com/schedules/team/Robert-Morris/50/20252026,Atlantic Hockey,Atlantic Hockey
2025-26,Robert Morris,2026-01-10,Sat,L,2,3,False,True,False,RIT,https://www.collegehockeynews.com/reports/team/RIT/49,49,True,True,https://www.collegehockeynews.com/box/final/20260110/rmu/rit/,https://www.collegehockeynews.com/box/metrics.php?gd=110732,,college_hockey_news,https://www.collegehockeynews.com/schedules/team/Robert-Morris/50/20252026,Atlantic Hockey,Atlantic Hockey
2025-26,Robert Morris,2026-01-16,Fri,L,2,3,False,True,False,Army,https://www.collegehockeynews.com/reports/team/Army/6,6,True,True,https://www.collegehockeynews.com/box/final/20260116/rmu/arm/,https://www.collegehockeynews.com/box/metrics.php?gd=110822,,college_hockey_news,https://www.collegehockeynews.com/schedules/team/Robert-Morris/50/20252026,Atlantic Hockey,Atlantic Hockey
2025-26,Robert Morris,2026-01-17,Sat,W,3,0,False,True,False,Army,https://www.collegehockeynews.com/reports/team/Army/6,6,True,False,https://www.collegehockeynews.com/box/final/20260117/rmu/arm/,https://www.collegehockeynews.com/box/metrics.php?gd=110823,,college_hockey_news,https://www.collegehockeynews.com/schedules/team/Robert-Morris/50/20252026,Atlantic Hockey,Atlantic Hockey
2025-26,Robert Morris,2026-01-23,Fri,W,5,2,True,False,False,Holy Cross,https://www.collegehockeynews.com/reports/team/Holy-Cross/23,23,True,False,https://www.collegehockeynews.com/box/final/20260123/hcr/rmu/,https://www.collegehockeynews.com/box/metrics.php?gd=110890,,college_hockey_news,https://www.collegehockeynews.com/schedules/team/Robert-Morris/50/20252026,Atlantic Hockey,Atlantic Hockey
2025-26,Robert Morris,2026-01-24,Sat,W,1,0,True,False,False,Holy Cross,https://www.collegehockeynews.com/reports/team/Holy-Cross/23,23,True,False,https://www.collegehockeynews.com/box/final/20260124/hcr/rmu/,https://www.collegehockeynews.com/box/metrics.php?gd=110891,,college_hockey_news,https://www.collegehockeynews.com/schedules/team/Robert-Morris/50/20252026,Atlantic Hockey,Atlantic Hockey
2025-26,Robert Morris,2026-01-30,Fri,L,0,5,True,False,False,Bentley,https://www.collegehockeynews.com/reports/team/Bentley/8,8,True,False,https://www.collegehockeynews.com/box/final/20260130/ben/rmu/,https://www.collegehockeynews.com/box/metrics.php?gd=110892,,college_hockey_news,https://www.collegehockeynews.com/schedules/team/Robert-Morris/50/20252026,Atlantic Hockey,Atlantic Hockey
2025-26,Robert Morris,2026-01-31,Sat,T-SOW,3,3,True,False,False,Bentley,https://www.collegehockeynews.com/reports/team/Bentley/8,8,True,True,https://www.collegehockeynews.com/box/final/20260131/ben/rmu/,https://www.collegehockeynews.com/box/metrics.php?gd=110893,,college_hockey_news,https://www.collegehockeynews.com/schedules/team/Robert-Morris/50/20252026,Atlantic Hockey,Atlantic Hockey
2025-26,Robert Morris,2026-02-06,Fri,W,1,0,True,False,False,Canisius,https://www.collegehockeynews.com/reports/team/Canisius/13,13,True,False,https://www.collegehockeynews.com/box/final/20260206/cns/rmu/,https://www.collegehockeynews.com/box/metrics.php?gd=110773,,college_hockey_news,https://www.collegehockeynews.com/schedules/team/Robert-Morris/50/20252026,Atlantic Hockey,Atlantic Hockey
2025-26,Robert Morris,2026-02-07,Sat,W,6,4,True,False,False,Canisius,https://www.collegehockeynews.com/reports/team/Canisius/13,13,True,False,https://www.collegehockeynews.com/box/final/20260207/cns/rmu/,https://www.collegehockeynews.com/box/metrics.php?gd=110774,,college_hockey_news,https://www.collegehockeynews.com/schedules/team/Robert-Morris/50/20252026,Atlantic Hockey,Atlantic Hockey
2025-26,Robert Morris,2026-02-13,Fri,L,2,5,False,True,False,Niagara,https://www.collegehockeynews.com/reports/team/Niagara/39,39,True,False,https://www.collegehockeynews.com/box/final/20260213/rmu/nia/,https://www.collegehockeynews.com/box/metrics.php?gd=110894,,college_hockey_news,https://www.collegehockeynews.com/schedules/team/Robert-Morris/50/20252026,Atlantic Hockey,Atlantic Hockey
2025-26,Robert Morris,2026-02-14,Sat,W,5,1,True,False,False,Niagara,https://www.collegehockeynews.com/reports/team/Niagara/39,39,True,False,https://www.collegehockeynews.com/box/final/20260214/nia/rmu/,https://www.collegehockeynews.com/box/metrics.php?gd=110895,,college_hockey_news,https://www.collegehockeynews.com/schedules/team/Robert-Morris/50/20252026,Atlantic Hockey,Atlantic Hockey
2025-26,Robert Morris,2026-02-20,Fri,W,4,1,False,True,False,Canisius,https://www.collegehockeynews.com/reports/team/Canisius/13,13,True,False,https://www.collegehockeynews.com/box/final/20260220/rmu/cns/,https://www.collegehockeynews.com/box/metrics.php?gd=110777,,college_hockey_news,https://www.collegehockeynews.com/schedules/team/Robert-Morris/50/20252026,Atlantic Hockey,Atlantic Hockey
2025-26,Robert Morris,2026-02-21,Sat,L,0,7,False,True,False,Canisius,https://www.collegehockeynews.com/reports/team/Canisius/13,13,True,False,https://www.collegehockeynews.com/box/final/20260221/rmu/cns/,https://www.collegehockeynews.com/box/metrics.php?gd=110778,,college_hockey_news,https://www.collegehockeynews.com/schedules/team/Robert-Morris/50/20252026,Atlantic Hockey,Atlantic Hockey
2025-26,Robert Morris,2026-02-27,Fri,W,5,3,False,True,False,Mercyhurst,https://www.collegehockeynews.com/reports/team/Mercyhurst/28,28,True,False,https://www.collegehockeynews.com/box/final/20260227/rmu/mrc/,https://www.collegehockeynews.com/box/metrics.php?gd=110896,,college_hockey_news,https://www.collegehockeynews.com/schedules/team/Robert-Morris/50/20252026,Atlantic Hockey,Atlantic Hockey
2025-26,Robert Morris,2026-02-28,Sat,W,4,1,True,False,False,Mercyhurst,https://www.collegehockeynews.com/reports/team/Mercyhurst/28,28,True,False,https://www.collegehockeynews.com/box/final/20260228/mrc/rmu/,https://www.collegehockeynews.com/box/metrics.php?gd=110897,"at Mercyhurst Ice Center, Erie, Pa.",college_hockey_news,https://www.collegehockeynews.com/schedules/team/Robert-Morris/50/20252026,Atlantic Hockey,Atlantic Hockey
2025-26,Robert Morris,2026-03-06,Fri,L,2,3,True,False,False,Air Force,https://www.collegehockeynews.com/reports/team/Air-Force/1,1,False,True,https://www.collegehockeynews.com/box/final/20260306/afa/rmu/,https://www.collegehockeynews.com/box/metrics.php?gd=112967,AHA Tournament AHA Quarterfinal,college_hockey_news,https://www.collegehockeynews.com/schedules/team/Robert-Morris/50/20252026,Atlantic Hockey,Atlantic Hockey
2025-26,Robert Morris,2026-03-07,Sat,W,4,1,True,False,False,Air Force,https://www.collegehockeynews.com/reports/team/Air-Force/1,1,False,False,https://www.collegehockeynews.com/box/final/20260307/afa/rmu/,https://www.collegehockeynews.com/box/metrics.php?gd=112968,AHA Tournament AHA Quarterfinal,college_hockey_news,https://www.collegehockeynews.com/schedules/team/Robert-Morris/50/20252026,Atlantic Hockey,Atlantic Hockey
2025-26,Robert Morris,2026-03-08,Sun,W,5,2,True,False,False,Air Force,https://www.collegehockeynews.com/reports/team/Air-Force/1,1,False,False,https://www.collegehockeynews.com/box/final/20260308/afa/rmu/,https://www.collegehockeynews.com/box/metrics.php?gd=113007,AHA Tournament AHA Quarterfinal,college_hockey_news,https://www.collegehockeynews.com/schedules/team/Robert-Morris/50/20252026,Atlantic Hockey,Atlantic Hockey
2025-26,Robert Morris,2026-03-13,Fri,L,1,5,False,True,False,Sacred Heart,https://www.collegehockeynews.com/reports/team/Sacred-Heart/51,51,False,False,https://www.collegehockeynews.com/box/final/20260313/rmu/sac/,https://www.collegehockeynews.com/box/metrics.php?gd=113001,"AHA Tournament AHA Semifinal – Martire Family Arena, Fairfield, Conn.",college_hockey_news,https://www.collegehockeynews.com/schedules/team/Robert-Morris/50/20252026,Atlantic Hockey,Atlantic Hockey
2025-26,Robert Morris,2026-03-14,Sat,W,5,2,False,True,False,Sacred Heart,https://www.collegehockeynews.com/reports/team/Sacred-Heart/51,51,False,False,https://www.collegehockeynews.com/box/final/20260314/rmu/sac/,https://www.collegehockeynews.com/box/metrics.php?gd=113002,"AHA Tournament AHA Semifinal – Martire Family Arena, Fairfield, Conn.",college_hockey_news,https://www.collegehockeynews.com/schedules/team/Robert-Morris/50/20252026,Atlantic Hockey,Atlantic Hockey
2025-26,Robert Morris,2026-03-15,Sun,L,0,5,False,True,False,Sacred Heart,https://www.collegehockeynews.com/reports/team/Sacred-Heart/51,51,False,False,https://www.collegehockeynews.com/box/final/20260315/rmu/sac/,https://www.collegehockeynews.com/box/metrics.php?gd=113012,"AHA Tournament AHA Semifinal – Martire Family Arena, Fairfield, Conn.",college_hockey_news,https://www.collegehockeynews.com/schedules/team/Robert-Morris/50/20252026,Atlantic Hockey,Atlantic Hockey
2025-26,Sacred Heart,2025-10-10,Fri,W,1,0,False,True,False,RIT,https://www.collegehockeynews.com/reports/team/RIT/49,49,True,False,https://www.collegehockeynews.com/box/final/20251010/sac/rit/,https://www.collegehockeynews.com/box/metrics.php?gd=110713,,college_hockey_news,https://www.collegehockeynews.com/schedules/team/Sacred-Heart/51/20252026,Atlantic Hockey,Atlantic Hockey
2025-26,Sacred Heart,2025-10-11,Sat,W,6,1,False,True,False,RIT,https://www.collegehockeynews.com/reports/team/RIT/49,49,True,False,https://www.collegehockeynews.com/box/final/20251011/sac/rit/,https://www.collegehockeynews.com/box/metrics.php?gd=110714,,college_hockey_news,https://www.collegehockeynews.com/schedules/team/Sacred-Heart/51/20252026,Atlantic Hockey,Atlantic Hockey
2025-26,Sacred Heart,2025-10-18,Sat,L,2,3,True,False,False,Stonehill,https://www.collegehockeynews.com/reports/team/Stonehill/422,422,False,False,https://www.collegehockeynews.com/box/final/20251018/stn/sac/,https://www.collegehockeynews.com/box/metrics.php?gd=110926,,college_hockey_news,https://www.collegehockeynews.com/schedules/team/Sacred-Heart/51/20252026,Atlantic Hockey,Independent
2025-26,Sacred Heart,2025-10-24,Fri,W,2,1,False,True,False,Ohio State,https://www.collegehockeynews.com/reports/team/Ohio-State/44,44,False,True,https://www.collegehockeynews.com/box/final/20251024/sac/osu/,https://www.collegehockeynews.com/box/metrics.php?gd=110927,,college_hockey_news,https://www.collegehockeynews.com/schedules/team/Sacred-Heart/51/20252026,Atlantic Hockey,Big Ten
2025-26,Sacred Heart,2025-10-25,Sat,L,0,3,False,True,False,Ohio State,https://www.collegehockeynews.com/reports/team/Ohio-State/44,44,False,False,https://www.collegehockeynews.com/box/final/20251025/sac/osu/,https://www.collegehockeynews.com/box/metrics.php?gd=110928,,college_hockey_news,https://www.collegehockeynews.com/schedules/team/Sacred-Heart/51/20252026,Atlantic Hockey,Big Ten
2025-26,Sacred Heart,2025-10-30,Thu,L,2,5,False,True,False,Holy Cross,https://www.collegehockeynews.com/reports/team/Holy-Cross/23,23,True,False,https://www.collegehockeynews.com/box/final/20251030/sac/hcr/,https://www.collegehockeynews.com/box/metrics.php?gd=110903,,college_hockey_news,https://www.collegehockeynews.com/schedules/team/Sacred-Heart/51/20252026,Atlantic Hockey,Atlantic Hockey
2025-26,Sacred Heart,2025-10-31,Fri,T-SOL,2,2,False,True,False,Holy Cross,https://www.collegehockeynews.com/reports/team/Holy-Cross/23,23,True,True,https://www.collegehockeynews.com/box/final/20251031/sac/hcr/,https://www.collegehockeynews.com/box/metrics.php?gd=110904,,college_hockey_news,https://www.collegehockeynews.com/schedules/team/Sacred-Heart/51/20252026,Atlantic Hockey,Atlantic Hockey
2025-26,Sacred Heart,2025-11-07,Fri,L,1,4,True,False,False,Air Force,https://www.collegehockeynews.com/reports/team/Air-Force/1,1,True,False,https://www.collegehockeynews.com/box/final/20251107/afa/sac/,https://www.collegehockeynews.com/box/metrics.php?gd=110929,,college_hockey_news,https://www.collegehockeynews.com/schedules/team/Sacred-Heart/51/20252026,Atlantic Hockey,Atlantic Hockey
2025-26,Sacred Heart,2025-11-08,Sat,L,2,3,True,False,False,Air Force,https://www.collegehockeynews.com/reports/team/Air-Force/1,1,True,False,https://www.collegehockeynews.com/box/final/20251108/afa/sac/,https://www.collegehockeynews.com/box/metrics.php?gd=110930,,college_hockey_news,https://www.collegehockeynews.com/schedules/team/Sacred-Heart/51/20252026,Atlantic Hockey,Atlantic Hockey
2025-26,Sacred Heart,2025-11-14,Fri,W,6,1,True,False,False,Canisius,https://www.collegehockeynews.com/reports/team/Canisius/13,13,True,False,https://www.collegehockeynews.com/box/final/20251114/cns/sac/,https://www.collegehockeynews.com/box/metrics.php?gd=110763,,college_hockey_news,https://www.collegehockeynews.com/schedules/team/Sacred-Heart/51/20252026,Atlantic Hockey,Atlantic Hockey
2025-26,Sacred Heart,2025-11-15,Sat,W,3,2,True,False,False,Canisius,https://www.collegehockeynews.com/reports/team/Canisius/13,13,True,False,https://www.collegehockeynews.com/box/final/20251115/cns/sac/,https://www.collegehockeynews.com/box/metrics.php?gd=110764,,college_hockey_news,https://www.collegehockeynews.com/schedules/team/Sacred-Heart/51/20252026,Atlantic Hockey,Atlantic Hockey
2025-26,Sacred Heart,2025-11-22,Sat,W,7,2,True,False,False,Long Island,https://www.collegehockeynews.com/reports/team/Long-Island/62,62,False,False,https://www.collegehockeynews.com/box/final/20251122/liu/sac/,https://www.collegehockeynews.com/box/metrics.php?gd=110931,,college_hockey_news,https://www.collegehockeynews.com/schedules/team/Sacred-Heart/51/20252026,Atlantic Hockey,Independent
2025-26,Sacred Heart,2025-11-28,Fri,L,1,8,False,False,True,Union,https://www.collegehockeynews.com/reports/team/Union/54,54,False,False,https://www.collegehockeynews.com/box/final/20251128/sac/uni/,https://www.collegehockeynews.com/box/metrics.php?gd=110583,"Friendship Four – SSE Arena, Belfast, N. Ireland",college_hockey_news,https://www.collegehockeynews.com/schedules/team/Sacred-Heart/51/20252026,Atlantic Hockey,ECAC
2025-26,Sacred Heart,2025-11-29,Sat,W,3,0,False,False,True,RIT,https://www.collegehockeynews.com/reports/team/RIT/49,49,False,False,https://www.collegehockeynews.com/box/final/20251129/rit/sac/,https://www.collegehockeynews.com/box/metrics.php?gd=111245,"Friendship Four – SSE Arena, Belfast, N. Ireland",college_hockey_news,https://www.collegehockeynews.com/schedules/team/Sacred-Heart/51/20252026,Atlantic Hockey,Atlantic Hockey
2025-26,Sacred Heart,2025-12-05,Fri,T-SOW,3,3,True,False,False,Army,https://www.collegehockeynews.com/reports/team/Army/6,6,True,True,https://www.collegehockeynews.com/box/final/20251205/arm/sac/,https://www.collegehockeynews.com/box/metrics.php?gd=110814,,college_hockey_news,https://www.collegehockeynews.com/schedules/team/Sacred-Heart/51/20252026,Atlantic Hockey,Atlantic Hockey
2025-26,Sacred Heart,2025-12-06,Sat,L,0,2,True,False,False,Army,https://www.collegehockeynews.com/reports/team/Army/6,6,True,False,https://www.collegehockeynews.com/box/final/20251206/arm/sac/,https://www.collegehockeynews.com/box/metrics.php?gd=110815,,college_hockey_news,https://www.collegehockeynews.com/schedules/team/Sacred-Heart/51/20252026,Atlantic Hockey,Atlantic Hockey
2025-26,Sacred Heart,2025-12-30,Tue,W,5,2,True,False,False,Robert Morris,https://www.collegehockeynews.com/reports/team/Robert-Morris/50,50,True,False,https://www.collegehockeynews.com/box/final/20251230/rmu/sac/,https://www.collegehockeynews.com/box/metrics.php?gd=110888,,college_hockey_news,https://www.collegehockeynews.com/schedules/team/Sacred-Heart/51/20252026,Atlantic Hockey,Atlantic Hockey
2025-26,Sacred Heart,2026-01-03,Sat,W,3,1,False,True,False,Robert Morris,https://www.collegehockeynews.com/reports/team/Robert-Morris/50,50,True,False,https://www.collegehockeynews.com/box/final/20260103/sac/rmu/,https://www.collegehockeynews.com/box/metrics.php?gd=110889,,college_hockey_news,https://www.collegehockeynews.com/schedules/team/Sacred-Heart/51/20252026,Atlantic Hockey,Atlantic Hockey
2025-26,Sacred Heart,2026-01-09,Fri,W,5,4,False,True,False,Niagara,https://www.collegehockeynews.com/reports/team/Niagara/39,39,True,True,https://www.collegehockeynews.com/box/final/20260109/sac/nia/,https://www.collegehockeynews.com/box/metrics.php?gd=110932,,college_hockey_news,https://www.collegehockeynews.com/schedules/team/Sacred-Heart/51/20252026,Atlantic Hockey,Atlantic Hockey
2025-26,Sacred Heart,2026-01-10,Sat,W,4,2,False,True,False,Niagara,https://www.collegehockeynews.com/reports/team/Niagara/39,39,True,False,https://www.collegehockeynews.com/box/final/20260110/sac/nia/,https://www.collegehockeynews.com/box/metrics.php?gd=110933,,college_hockey_news,https://www.collegehockeynews.com/schedules/team/Sacred-Heart/51/20252026,Atlantic Hockey,Atlantic Hockey
2025-26,Sacred Heart,2026-01-16,Fri,W,3,2,True,False,False,Bentley,https://www.collegehockeynews.com/reports/team/Bentley/8,8,True,False,https://www.collegehockeynews.com/box/final/20260116/ben/sac/,https://www.collegehockeynews.com/box/metrics.php?gd=110934,,college_hockey_news,https://www.collegehockeynews.com/schedules/team/Sacred-Heart/51/20252026,Atlantic Hockey,Atlantic Hockey
2025-26,Sacred Heart,2026-01-17,Sat,T-SOL,4,4,True,False,False,Bentley,https://www.collegehockeynews.com/reports/team/Bentley/8,8,True,True,https://www.collegehockeynews.com/box/final/20260117/ben/sac/,https://www.collegehockeynews.com/box/metrics.php?gd=110935,,college_hockey_news,https://www.collegehockeynews.com/schedules/team/Sacred-Heart/51/20252026,Atlantic Hockey,Atlantic Hockey
2025-26,Sacred Heart,2026-01-23,Fri,L,1,5,False,False,True,Quinnipiac,https://www.collegehockeynews.com/reports/team/Quinnipiac/47,47,False,False,https://www.collegehockeynews.com/box/final/20260123/qui/sac/,https://www.collegehockeynews.com/box/metrics.php?gd=110995,"Connecticut Ice Tournament – Ingalls Rink, New Haven, Conn.",college_hockey_news,https://www.collegehockeynews.com/schedules/team/Sacred-Heart/51/20252026,Atlantic Hockey,ECAC
2025-26,Sacred Heart,2026-01-24,Sat,W,3,2,False,True,False,Yale,https://www.collegehockeynews.com/reports/team/Yale/59,59,False,False,https://www.collegehockeynews.com/box/final/20260124/sac/yal/,https://www.collegehockeynews.com/box/metrics.php?gd=111261,"Connecticut Ice Tournament – Ingalls Rink, New Haven, Conn.",college_hockey_news,https://www.collegehockeynews.com/schedules/team/Sacred-Heart/51/20252026,Atlantic Hockey,ECAC
2025-26,Sacred Heart,2026-01-30,Fri,L,2,5,False,True,False,Air Force,https://www.collegehockeynews.com/reports/team/Air-Force/1,1,True,False,https://www.collegehockeynews.com/box/final/20260130/sac/afa/,https://www.collegehockeynews.com/box/metrics.php?gd=110936,,college_hockey_news,https://www.collegehockeynews.com/schedules/team/Sacred-Heart/51/20252026,Atlantic Hockey,Atlantic Hockey
2025-26,Sacred Heart,2026-01-31,Sat,L,0,2,False,True,False,Air Force,https://www.collegehockeynews.com/reports/team/Air-Force/1,1,True,False,https://www.collegehockeynews.com/box/final/20260131/sac/afa/,https://www.collegehockeynews.com/box/metrics.php?gd=110937,,college_hockey_news,https://www.collegehockeynews.com/schedules/team/Sacred-Heart/51/20252026,Atlantic Hockey,Atlantic Hockey
2025-26,Sacred Heart,2026-02-06,Fri,W,5,1,True,False,False,Mercyhurst,https://www.collegehockeynews.com/reports/team/Mercyhurst/28,28,True,False,https://www.collegehockeynews.com/box/final/20260206/mrc/sac/,https://www.collegehockeynews.com/box/metrics.php?gd=110938,,college_hockey_news,https://www.collegehockeynews.com/schedules/team/Sacred-Heart/51/20252026,Atlantic Hockey,Atlantic Hockey
2025-26,Sacred Heart,2026-02-07,Sat,L,1,2,True,False,False,Mercyhurst,https://www.collegehockeynews.com/reports/team/Mercyhurst/28,28,True,False,https://www.collegehockeynews.com/box/final/20260207/mrc/sac/,https://www.collegehockeynews.com/box/metrics.php?gd=110939,,college_hockey_news,https://www.collegehockeynews.com/schedules/team/Sacred-Heart/51/20252026,Atlantic Hockey,Atlantic Hockey
2025-26,Sacred Heart,2026-02-13,Fri,W,4,0,False,True,False,Bentley,https://www.collegehockeynews.com/reports/team/Bentley/8,8,True,False,https://www.collegehockeynews.com/box/final/20260213/sac/ben/,https://www.collegehockeynews.com/box/metrics.php?gd=110940,,college_hockey_news,https://www.collegehockeynews.com/schedules/team/Sacred-Heart/51/20252026,Atlantic Hockey,Atlantic Hockey
2025-26,Sacred Heart,2026-02-14,Sat,L,1,5,False,True,False,Bentley,https://www.collegehockeynews.com/reports/team/Bentley/8,8,True,False,https://www.collegehockeynews.com/box/final/20260214/sac/ben/,https://www.collegehockeynews.com/box/metrics.php?gd=110941,,college_hockey_news,https://www.collegehockeynews.com/schedules/team/Sacred-Heart/51/20252026,Atlantic Hockey,Atlantic Hockey
2025-26,Sacred Heart,2026-02-20,Fri,W,5,1,True,False,False,Holy Cross,https://www.collegehockeynews.com/reports/team/Holy-Cross/23,23,True,False,https://www.collegehockeynews.com/box/final/20260220/hcr/sac/,https://www.collegehockeynews.com/box/metrics.php?gd=110922,,college_hockey_news,https://www.collegehockeynews.com/schedules/team/Sacred-Heart/51/20252026,Atlantic Hockey,Atlantic Hockey
2025-26,Sacred Heart,2026-02-21,Sat,W,5,2,True,False,False,Holy Cross,https://www.collegehockeynews.com/reports/team/Holy-Cross/23,23,True,False,https://www.collegehockeynews.com/box/final/20260221/hcr/sac/,https://www.collegehockeynews.com/box/metrics.php?gd=110923,,college_hockey_news,https://www.collegehockeynews.com/schedules/team/Sacred-Heart/51/20252026,Atlantic Hockey,Atlantic Hockey
2025-26,Sacred Heart,2026-02-27,Fri,W,3,2,False,True,False,Army,https://www.collegehockeynews.com/reports/team/Army/6,6,True,False,https://www.collegehockeynews.com/box/final/20260227/sac/arm/,https://www.collegehockeynews.com/box/metrics.php?gd=110828,,college_hockey_news,https://www.collegehockeynews.com/schedules/team/Sacred-Heart/51/20252026,Atlantic Hockey,Atlantic Hockey
2025-26,Sacred Heart,2026-02-28,Sat,W,4,3,False,True,False,Army,https://www.collegehockeynews.com/reports/team/Army/6,6,True,False,https://www.collegehockeynews.com/box/final/20260228/sac/arm/,https://www.collegehockeynews.com/box/metrics.php?gd=110829,,college_hockey_news,https://www.collegehockeynews.com/schedules/team/Sacred-Heart/51/20252026,Atlantic Hockey,Atlantic Hockey
2025-26,Sacred Heart,2026-03-06,Fri,W,3,1,True,False,False,Niagara,https://www.collegehockeynews.com/reports/team/Niagara/39,39,False,False,https://www.collegehockeynews.com/box/final/20260306/nia/sac/,https://www.collegehockeynews.com/box/metrics.php?gd=112965,AHA Tournament AHA Quarterfinal,college_hockey_news,https://www.collegehockeynews.com/schedules/team/Sacred-Heart/51/20252026,Atlantic Hockey,Atlantic Hockey
2025-26,Sacred Heart,2026-03-07,Sat,W,2,1,True,False,False,Niagara,https://www.collegehockeynews.com/reports/team/Niagara/39,39,False,False,https://www.collegehockeynews.com/box/final/20260307/nia/sac/,https://www.collegehockeynews.com/box/metrics.php?gd=112966,AHA Tournament AHA Quarterfinal,college_hockey_news,https://www.collegehockeynews.com/schedules/team/Sacred-Heart/51/20252026,Atlantic Hockey,Atlantic Hockey
2025-26,Sacred Heart,2026-03-13,Fri,W,5,1,True,False,False,Robert Morris,https://www.collegehockeynews.com/reports/team/Robert-Morris/50,50,False,False,https://www.collegehockeynews.com/box/final/20260313/rmu/sac/,https://www.collegehockeynews.com/box/metrics.php?gd=113001,AHA Tournament AHA Semifinal,college_hockey_news,https://www.collegehockeynews.com/schedules/team/Sacred-Heart/51/20252026,Atlantic Hockey,Atlantic Hockey
2025-26,Sacred Heart,2026-03-14,Sat,L,2,5,True,False,False,Robert Morris,https://www.collegehockeynews.com/reports/team/Robert-Morris/50,50,False,False,https://www.collegehockeynews.com/box/final/20260314/rmu/sac/,https://www.collegehockeynews.com/box/metrics.php?gd=113002,AHA Tournament AHA Semifinal,college_hockey_news,https://www.collegehockeynews.com/schedules/team/Sacred-Heart/51/20252026,Atlantic Hockey,Atlantic Hockey
2025-26,Sacred Heart,2026-03-15,Sun,W,5,0,True,False,False,Robert Morris,https://www.collegehockeynews.com/reports/team/Robert-Morris/50,50,False,False,https://www.collegehockeynews.com/box/final/20260315/rmu/sac/,https://www.collegehockeynews.com/box/metrics.php?gd=113012,AHA Tournament AHA Semifinal,college_hockey_news,https://www.collegehockeynews.com/schedules/team/Sacred-Heart/51/20252026,Atlantic Hockey,Atlantic Hockey
2025-26,Sacred Heart,2026-03-21,Sat,L,2,3,False,True,False,Bentley,https://www.collegehockeynews.com/reports/team/Bentley/8,8,False,False,https://www.collegehockeynews.com/box/final/20260321/sac/ben/,https://www.collegehockeynews.com/box/metrics.php?gd=113013,"AHA Tournament AHA Championship – Bentley Arena, Waltham, Mass.",college_hockey_news,https://www.collegehockeynews.com/schedules/team/Sacred-Heart/51/20252026,Atlantic Hockey,Atlantic Hockey
2025-26,Michigan,2025-10-03,Fri,W,11,1,True,False,False,Mercyhurst,https://www.collegehockeynews.com/reports/team/Mercyhurst/28,28,False,False,https://www.collegehockeynews.com/box/final/20251003/mrc/mic/,https://www.collegehockeynews.com/box/metrics.php?gd=110697,,college_hockey_news,https://www.collegehockeynews.com/schedules/team/Michigan/31/20252026,Big Ten,Atlantic Hockey
2025-26,Michigan,2025-10-04,Sat,W,7,0,True,False,False,Mercyhurst,https://www.collegehockeynews.com/reports/team/Mercyhurst/28,28,False,False,https://www.collegehockeynews.com/box/final/20251004/mrc/mic/,https://www.collegehockeynews.com/box/metrics.php?gd=110698,,college_hockey_news,https://www.collegehockeynews.com/schedules/team/Michigan/31/20252026,Big Ten,Atlantic Hockey
2025-26,Michigan,2025-10-10,Fri,W,5,1,False,True,False,Providence,https://www.collegehockeynews.com/reports/team/Providence/46,46,False,False,https://www.collegehockeynews.com/box/final/20251010/mic/prv/,https://www.collegehockeynews.com/box/metrics.php?gd=110699,,college_hockey_news,https://www.collegehockeynews.com/schedules/team/Michigan/31/20252026,Big Ten,Hockey East
2025-26,Michigan,2025-10-11,Sat,W,3,1,False,True,False,Providence,https://www.collegehockeynews.com/reports/team/Providence/46,46,False,False,https://www.collegehockeynews.com/box/final/20251011/mic/prv/,https://www.collegehockeynews.com/box/metrics.php?gd=110700,,college_hockey_news,https://www.collegehockeynews.com/schedules/team/Michigan/31/20252026,Big Ten,Hockey East
2025-26,Michigan,2025-10-16,Thu,W,4,2,True,False,False,Robert Morris,https://www.collegehockeynews.com/reports/team/Robert-Morris/50,50,False,False,https://www.collegehockeynews.com/box/final/20251016/rmu/mic/,https://www.collegehockeynews.com/box/metrics.php?gd=110701,,college_hockey_news,https://www.collegehockeynews.com/schedules/team/Michigan/31/20252026,Big Ten,Atlantic Hockey
2025-26,Michigan,2025-10-17,Fri,W,10,2,True,False,False,Robert Morris,https://www.collegehockeynews.com/reports/team/Robert-Morris/50,50,False,False,https://www.collegehockeynews.com/box/final/20251017/rmu/mic/,https://www.collegehockeynews.com/box/metrics.php?gd=110702,,college_hockey_news,https://www.collegehockeynews.com/schedules/team/Michigan/31/20252026,Big Ten,Atlantic Hockey
2025-26,Michigan,2025-10-23,Thu,W,4,0,True,False,False,Western Michigan,https://www.collegehockeynews.com/reports/team/Western-Michigan/57,57,False,False,https://www.collegehockeynews.com/box/final/20251023/wmu/mic/,https://www.collegehockeynews.com/box/metrics.php?gd=110633,,college_hockey_news,https://www.collegehockeynews.com/schedules/team/Michigan/31/20252026,Big Ten,NCHC
2025-26,Michigan,2025-10-24,Fri,L,2,5,False,True,False,Western Michigan,https://www.collegehockeynews.com/reports/team/Western-Michigan/57,57,False,False,https://www.collegehockeynews.com/box/final/20251024/mic/wmu/,https://www.collegehockeynews.com/box/metrics.php?gd=110634,,college_hockey_news,https://www.collegehockeynews.com/schedules/team/Michigan/31/20252026,Big Ten,NCHC
2025-26,Michigan,2025-10-31,Fri,W,5,3,False,True,False,Notre Dame,https://www.collegehockeynews.com/reports/team/Notre-Dame/43,43,True,False,https://www.collegehockeynews.com/box/final/20251031/mic/ndm/,https://www.collegehockeynews.com/box/metrics.php?gd=111499,,college_hockey_news,https://www.collegehockeynews.com/schedules/team/Michigan/31/20252026,Big Ten,Big Ten
2025-26,Michigan,2025-11-01,Sat,W,2,1,False,True,False,Notre Dame,https://www.collegehockeynews.com/reports/team/Notre-Dame/43,43,True,True,https://www.collegehockeynews.com/box/final/20251101/mic/ndm/,https://www.collegehockeynews.com/box/metrics.php?gd=111500,,college_hockey_news,https://www.collegehockeynews.com/schedules/team/Michigan/31/20252026,Big Ten,Big Ten
2025-26,Michigan,2025-11-07,Fri,W,7,4,True,False,False,Wisconsin,https://www.collegehockeynews.com/reports/team/Wisconsin/58,58,True,False,https://www.collegehockeynews.com/box/final/20251107/wis/mic/,https://www.collegehockeynews.com/box/metrics.php?gd=111465,,college_hockey_news,https://www.collegehockeynews.com/schedules/team/Michigan/31/20252026,Big Ten,Big Ten
2025-26,Michigan,2025-11-08,Sat,L,1,6,True,False,False,Wisconsin,https://www.collegehockeynews.com/reports/team/Wisconsin/58,58,True,False,https://www.collegehockeynews.com/box/final/20251108/wis/mic/,https://www.collegehockeynews.com/box/metrics.php?gd=111466,,college_hockey_news,https://www.collegehockeynews.com/schedules/team/Michigan/31/20252026,Big Ten,Big Ten
2025-26,Michigan,2025-11-14,Fri,W,7,1,False,True,False,Penn State,https://www.collegehockeynews.com/reports/team/Penn-State/60,60,True,False,https://www.collegehockeynews.com/box/final/20251114/mic/psu/,https://www.collegehockeynews.com/box/metrics.php?gd=111423,,college_hockey_news,https://www.collegehockeynews.com/schedules/team/Michigan/31/20252026,Big Ten,Big Ten
2025-26,Michigan,2025-11-15,Sat,L,2,4,False,True,False,Penn State,https://www.collegehockeynews.com/reports/team/Penn-State/60,60,True,False,https://www.collegehockeynews.com/box/final/20251115/mic/psu/,https://www.collegehockeynews.com/box/metrics.php?gd=111424,,college_hockey_news,https://www.collegehockeynews.com/schedules/team/Michigan/31/20252026,Big Ten,Big Ten
2025-26,Michigan,2025-11-21,Fri,W,5,2,True,False,False,Ohio State,https://www.collegehockeynews.com/reports/team/Ohio-State/44,44,True,False,https://www.collegehockeynews.com/box/final/20251121/osu/mic/,https://www.collegehockeynews.com/box/metrics.php?gd=111479,,college_hockey_news,https://www.collegehockeynews.com/schedules/team/Michigan/31/20252026,Big Ten,Big Ten
2025-26,Michigan,2025-11-22,Sat,W,8,1,True,False,False,Ohio State,https://www.collegehockeynews.com/reports/team/Ohio-State/44,44,True,False,https://www.collegehockeynews.com/box/final/20251122/osu/mic/,https://www.collegehockeynews.com/box/metrics.php?gd=111480,,college_hockey_news,https://www.collegehockeynews.com/schedules/team/Michigan/31/20252026,Big Ten,Big Ten
2025-26,Michigan,2025-11-28,Fri,W,5,1,False,True,False,Harvard,https://www.collegehockeynews.com/reports/team/Harvard/22,22,False,False,https://www.collegehockeynews.com/box/final/20251128/mic/har/,https://www.collegehockeynews.com/box/metrics.php?gd=110703,,college_hockey_news,https://www.collegehockeynews.com/schedules/team/Michigan/31/20252026,Big Ten,ECAC
2025-26,Michigan,2025-11-29,Sat,W,4,3,False,True,False,Harvard,https://www.collegehockeynews.com/reports/team/Harvard/22,22,False,True,https://www.collegehockeynews.com/box/final/20251129/mic/har/,https://www.collegehockeynews.com/box/metrics.php?gd=110704,,college_hockey_news,https://www.collegehockeynews.com/schedules/team/Michigan/31/20252026,Big Ten,ECAC
2025-26,Michigan,2025-12-05,Fri,W,3,0,False,True,False,Michigan State,https://www.collegehockeynews.com/reports/team/Michigan-State/32,32,True,False,https://www.collegehockeynews.com/box/final/20251205/mic/msu/,https://www.collegehockeynews.com/box/metrics.php?gd=111447,,college_hockey_news,https://www.collegehockeynews.com/schedules/team/Michigan/31/20252026,Big Ten,Big Ten
2025-26,Michigan,2025-12-06,Sat,L,1,3,True,False,False,Michigan State,https://www.collegehockeynews.com/reports/team/Michigan-State/32,32,True,False,https://www.collegehockeynews.com/box/final/20251206/msu/mic/,https://www.collegehockeynews.com/box/metrics.php?gd=111448,,college_hockey_news,https://www.collegehockeynews.com/schedules/team/Michigan/31/20252026,Big Ten,Big Ten
2025-26,Michigan,2026-01-09,Fri,W,5,2,True,False,False,Notre Dame,https://www.collegehockeynews.com/reports/team/Notre-Dame/43,43,True,False,https://www.collegehockeynews.com/box/final/20260109/ndm/mic/,https://www.collegehockeynews.com/box/metrics.php?gd=111501,,college_hockey_news,https://www.collegehockeynews.com/schedules/team/Michigan/31/20252026,Big Ten,Big Ten
2025-26,Michigan,2026-01-10,Sat,W,7,4,True,False,False,Notre Dame,https://www.collegehockeynews.com/reports/team/Notre-Dame/43,43,True,False,https://www.collegehockeynews.com/box/final/20260110/ndm/mic/,https://www.collegehockeynews.com/box/metrics.php?gd=111502,,college_hockey_news,https://www.collegehockeynews.com/schedules/team/Michigan/31/20252026,Big Ten,Big Ten
2025-26,Michigan,2026-01-16,Fri,W,5,1,False,True,False,Minnesota,https://www.collegehockeynews.com/reports/team/Minnesota/34,34,True,False,https://www.collegehockeynews.com/box/final/20260116/mic/min/,https://www.collegehockeynews.com/box/metrics.php?gd=111493,,college_hockey_news,https://www.collegehockeynews.com/schedules/team/Michigan/31/20252026,Big Ten,Big Ten
2025-26,Michigan,2026-01-17,Sat,W,3,2,False,True,False,Minnesota,https://www.collegehockeynews.com/reports/team/Minnesota/34,34,True,True,https://www.collegehockeynews.com/box/final/20260117/mic/min/,https://www.collegehockeynews.com/box/metrics.php?gd=111494,,college_hockey_news,https://www.collegehockeynews.com/schedules/team/Michigan/31/20252026,Big Ten,Big Ten
2025-26,Michigan,2026-01-30,Fri,W,6,4,False,True,False,Ohio State,https://www.collegehockeynews.com/reports/team/Ohio-State/44,44,True,False,https://www.collegehockeynews.com/box/final/20260130/mic/osu/,https://www.collegehockeynews.com/box/metrics.php?gd=111485,,college_hockey_news,https://www.collegehockeynews.com/schedules/team/Michigan/31/20252026,Big Ten,Big Ten
2025-26,Michigan,2026-01-31,Sat,W,3,2,False,True,False,Ohio State,https://www.collegehockeynews.com/reports/team/Ohio-State/44,44,True,True,https://www.collegehockeynews.com/box/final/20260131/mic/osu/,https://www.collegehockeynews.com/box/metrics.php?gd=111486,,college_hockey_news,https://www.collegehockeynews.com/schedules/team/Michigan/31/20252026,Big Ten,Big Ten
2025-26,Michigan,2026-02-06,Fri,W,4,3,True,False,False,Michigan State,https://www.collegehockeynews.com/reports/team/Michigan-State/32,32,True,True,https://www.collegehockeynews.com/box/final/20260206/msu/mic/,https://www.collegehockeynews.com/box/metrics.php?gd=111455,,college_hockey_news,https://www.collegehockeynews.com/schedules/team/Michigan/31/20252026,Big Ten,Big Ten
2025-26,Michigan,2026-02-07,Sat,L,2,5,False,False,True,Michigan State,https://www.collegehockeynews.com/reports/team/Michigan-State/32,32,True,False,https://www.collegehockeynews.com/box/final/20260207/mic/msu/,https://www.collegehockeynews.com/box/metrics.php?gd=111456,"at Little Caesars Arena, Detroit, Mich.",college_hockey_news,https://www.collegehockeynews.com/schedules/team/Michigan/31/20252026,Big Ten,Big Ten
2025-26,Michigan,2026-02-13,Fri,T-SOW,4,4,True,False,False,Penn State,https://www.collegehockeynews.com/reports/team/Penn-State/60,60,True,True,https://www.collegehockeynews.com/box/final/20260213/psu/mic/,https://www.collegehockeynews.com/box/metrics.php?gd=111435,,college_hockey_news,https://www.collegehockeynews.com/schedules/team/Michigan/31/20252026,Big Ten,Big Ten
2025-26,Michigan,2026-02-14,Sat,W,6,3,True,False,False,Penn State,https://www.collegehockeynews.com/reports/team/Penn-State/60,60,True,False,https://www.collegehockeynews.com/box/final/20260214/psu/mic/,https://www.collegehockeynews.com/box/metrics.php?gd=111436,,college_hockey_news,https://www.collegehockeynews.com/schedules/team/Michigan/31/20252026,Big Ten,Big Ten
2025-26,Michigan,2026-02-20,Fri,L,1,4,False,True,False,Wisconsin,https://www.collegehockeynews.com/reports/team/Wisconsin/58,58,True,False,https://www.collegehockeynews.com/box/final/20260220/mic/wis/,https://www.collegehockeynews.com/box/metrics.php?gd=111477,,college_hockey_news,https://www.collegehockeynews.com/schedules/team/Michigan/31/20252026,Big Ten,Big Ten
2025-26,Michigan,2026-02-21,Sat,W,3,1,False,True,False,Wisconsin,https://www.collegehockeynews.com/reports/team/Wisconsin/58,58,True,False,https://www.collegehockeynews.com/box/final/20260221/mic/wis/,https://www.collegehockeynews.com/box/metrics.php?gd=111478,,college_hockey_news,https://www.collegehockeynews.com/schedules/team/Michigan/31/20252026,Big Ten,Big Ten
2025-26,Michigan,2026-02-26,Thu,L,2,4,True,False,False,Minnesota,https://www.collegehockeynews.com/reports/team/Minnesota/34,34,True,False,https://www.collegehockeynews.com/box/final/20260226/min/mic/,https://www.collegehockeynews.com/box/metrics.php?gd=111497,,college_hockey_news,https://www.collegehockeynews.com/schedules/team/Michigan/31/20252026,Big Ten,Big Ten
2025-26,Michigan,2026-02-27,Fri,W,4,2,True,False,False,Minnesota,https://www.collegehockeynews.com/reports/team/Minnesota/34,34,True,False,https://www.collegehockeynews.com/box/final/20260227/min/mic/,https://www.collegehockeynews.com/box/metrics.php?gd=111498,,college_hockey_news,https://www.collegehockeynews.com/schedules/team/Michigan/31/20252026,Big Ten,Big Ten
2025-26,Michigan,2026-03-11,Wed,W,6,1,True,False,False,Notre Dame,https://www.collegehockeynews.com/reports/team/Notre-Dame/43,43,False,False,https://www.collegehockeynews.com/box/final/20260311/ndm/mic/,https://www.collegehockeynews.com/box/metrics.php?gd=112974,Big Ten Tournament Big Ten Quarterfinal,college_hockey_news,https://www.collegehockeynews.com/schedules/team/Michigan/31/20252026,Big Ten,Big Ten
2025-26,Michigan,2026-03-14,Sat,W,5,2,True,False,False,Penn State,https://www.collegehockeynews.com/reports/team/Penn-State/60,60,False,False,https://www.collegehockeynews.com/box/final/20260314/psu/mic/,https://www.collegehockeynews.com/box/metrics.php?gd=113009,Big Ten Tournament Big Ten Semifinal,college_hockey_news,https://www.collegehockeynews.com/schedules/team/Michigan/31/20252026,Big Ten,Big Ten
2025-26,Michigan,2026-03-21,Sat,W,7,3,True,False,False,Ohio State,https://www.collegehockeynews.com/reports/team/Ohio-State/44,44,False,False,https://www.collegehockeynews.com/box/final/20260321/osu/mic/,https://www.collegehockeynews.com/box/metrics.php?gd=113010,Big Ten Tournament Big Ten Championship,college_hockey_news,https://www.collegehockeynews.com/schedules/team/Michigan/31/20252026,Big Ten,Big Ten
2025-26,Michigan,2026-03-27,Fri,W,5,1,False,False,True,Bentley,https://www.collegehockeynews.com/reports/team/Bentley/8,8,False,False,https://www.collegehockeynews.com/box/final/20260327/ben/mic/,https://www.collegehockeynews.com/box/metrics.php?gd=112912,"NCAA Tournament Albany Regional – MVP Arena, Albany, N.Y.",college_hockey_news,https://www.collegehockeynews.com/schedules/team/Michigan/31/20252026,Big Ten,Atlantic Hockey
2025-26,Michigan,2026-03-29,Sun,W,4,3,False,False,True,Minnesota-Duluth,https://www.collegehockeynews.com/reports/team/Minnesota-Duluth/36,36,False,False,https://www.collegehockeynews.com/box/final/20260329/mnd/mic/,https://www.collegehockeynews.com/box/metrics.php?gd=112914,"NCAA Tournament Albany Regional Final – MVP Arena, Albany, N.Y.",college_hockey_news,https://www.collegehockeynews.com/schedules/team/Michigan/31/20252026,Big Ten,NCHC
2025-26,Michigan,2026-04-09,Thu,L,3,4,False,False,True,Denver,https://www.collegehockeynews.com/reports/team/Denver/20,20,False,True,https://www.collegehockeynews.com/box/final/20260409/den/mic/,https://www.collegehockeynews.com/box/metrics.php?gd=112925,"NCAA Tournament National Semifinal – T-Mobile Arena, Paradise, Nev.",college_hockey_news,https://www.collegehockeynews.com/schedules/team/Michigan/31/20252026,Big Ten,NCHC
2025-26,Michigan State,2025-10-09,Thu,L,3,4,True,False,False,New Hampshire,https://www.collegehockeynews.com/reports/team/New-Hampshire/38,38,False,False,https://www.collegehockeynews.com/box/final/20251009/unh/msu/,https://www.collegehockeynews.com/box/metrics.php?gd=111178,,college_hockey_news,https://www.collegehockeynews.com/schedules/team/Michigan-State/32/20252026,Big Ten,Hockey East
2025-26,Michigan State,2025-10-10,Fri,W,2,0,True,False,False,New Hampshire,https://www.collegehockeynews.com/reports/team/New-Hampshire/38,38,False,False,https://www.collegehockeynews.com/box/final/20251010/unh/msu/,https://www.collegehockeynews.com/box/metrics.php?gd=111179,,college_hockey_news,https://www.collegehockeynews.com/schedules/team/Michigan-State/32/20252026,Big Ten,Hockey East
2025-26,Michigan State,2025-10-17,Fri,W,4,2,False,True,False,Boston University,https://www.collegehockeynews.com/reports/team/Boston-University/10,10,False,False,https://www.collegehockeynews.com/box/final/20251017/msu/bu_/,https://www.collegehockeynews.com/box/metrics.php?gd=111126,,college_hockey_news,https://www.collegehockeynews.com/schedules/team/Michigan-State/32/20252026,Big Ten,Hockey East
2025-26,Michigan State,2025-10-18,Sat,W,4,3,False,True,False,Boston University,https://www.collegehockeynews.com/reports/team/Boston-University/10,10,False,True,https://www.collegehockeynews.com/box/final/20251018/msu/bu_/,https://www.collegehockeynews.com/box/metrics.php?gd=111127,,college_hockey_news,https://www.collegehockeynews.com/schedules/team/Michigan-State/32/20252026,Big Ten,Hockey East
2025-26,Michigan State,2025-10-24,Fri,W,4,0,False,True,False,Northern Michigan,https://www.collegehockeynews.com/reports/team/Northern-Michigan/42,42,False,False,https://www.collegehockeynews.com/box/final/20251024/msu/nmu/,https://www.collegehockeynews.com/box/metrics.php?gd=110860,,college_hockey_news,https://www.collegehockeynews.com/schedules/team/Michigan-State/32/20252026,Big Ten,CCHA
2025-26,Michigan State,2025-10-25,Sat,W,6,2,False,True,False,Northern Michigan,https://www.collegehockeynews.com/reports/team/Northern-Michigan/42,42,False,False,https://www.collegehockeynews.com/box/final/20251025/msu/nmu/,https://www.collegehockeynews.com/box/metrics.php?gd=110861,,college_hockey_news,https://www.collegehockeynews.com/schedules/team/Michigan-State/32/20252026,Big Ten,CCHA
2025-26,Michigan State,2025-11-07,Fri,W,2,1,True,False,False,Penn State,https://www.collegehockeynews.com/reports/team/Penn-State/60,60,True,True,https://www.collegehockeynews.com/box/final/20251107/psu/msu/,https://www.collegehockeynews.com/box/metrics.php?gd=111421,,college_hockey_news,https://www.collegehockeynews.com/schedules/team/Michigan-State/32/20252026,Big Ten,Big Ten
2025-26,Michigan State,2025-11-08,Sat,W,5,0,True,False,False,Penn State,https://www.collegehockeynews.com/reports/team/Penn-State/60,60,True,False,https://www.collegehockeynews.com/box/final/20251108/psu/msu/,https://www.collegehockeynews.com/box/metrics.php?gd=111422,,college_hockey_news,https://www.collegehockeynews.com/schedules/team/Michigan-State/32/20252026,Big Ten,Big Ten
2025-26,Michigan State,2025-11-14,Fri,W,4,1,False,True,False,Notre Dame,https://www.collegehockeynews.com/reports/team/Notre-Dame/43,43,True,False,https://www.collegehockeynews.com/box/final/20251114/msu/ndm/,https://www.collegehockeynews.com/box/metrics.php?gd=111443,,college_hockey_news,https://www.collegehockeynews.com/schedules/team/Michigan-State/32/20252026,Big Ten,Big Ten
2025-26,Michigan State,2025-11-15,Sat,W,3,1,False,True,False,Notre Dame,https://www.collegehockeynews.com/reports/team/Notre-Dame/43,43,True,False,https://www.collegehockeynews.com/box/final/20251115/msu/ndm/,https://www.collegehockeynews.com/box/metrics.php?gd=111444,,college_hockey_news,https://www.collegehockeynews.com/schedules/team/Michigan-State/32/20252026,Big Ten,Big Ten
2025-26,Michigan State,2025-11-21,Fri,L,4,5,True,False,False,Wisconsin,https://www.collegehockeynews.com/reports/team/Wisconsin/58,58,True,False,https://www.collegehockeynews.com/box/final/20251121/wis/msu/,https://www.collegehockeynews.com/box/metrics.php?gd=111445,,college_hockey_news,https://www.collegehockeynews.com/schedules/team/Michigan-State/32/20252026,Big Ten,Big Ten
2025-26,Michigan State,2025-11-22,Sat,L,1,2,True,False,False,Wisconsin,https://www.collegehockeynews.com/reports/team/Wisconsin/58,58,True,True,https://www.collegehockeynews.com/box/final/20251122/wis/msu/,https://www.collegehockeynews.com/box/metrics.php?gd=111446,,college_hockey_news,https://www.collegehockeynews.com/schedules/team/Michigan-State/32/20252026,Big Ten,Big Ten
2025-26,Michigan State,2025-11-26,Wed,W,5,2,True,False,False,Colgate,https://www.collegehockeynews.com/reports/team/Colgate/15,15,False,False,https://www.collegehockeynews.com/box/final/20251126/clg/msu/,https://www.collegehockeynews.com/box/metrics.php?gd=111369,,college_hockey_news,https://www.collegehockeynews.com/schedules/team/Michigan-State/32/20252026,Big Ten,ECAC
2025-26,Michigan State,2025-11-28,Fri,W,4,1,True,False,False,Colgate,https://www.collegehockeynews.com/reports/team/Colgate/15,15,False,False,https://www.collegehockeynews.com/box/final/20251128/clg/msu/,https://www.collegehockeynews.com/box/metrics.php?gd=111370,,college_hockey_news,https://www.collegehockeynews.com/schedules/team/Michigan-State/32/20252026,Big Ten,ECAC
2025-26,Michigan State,2025-12-05,Fri,L,0,3,True,False,False,Michigan,https://www.collegehockeynews.com/reports/team/Michigan/31,31,True,False,https://www.collegehockeynews.com/box/final/20251205/mic/msu/,https://www.collegehockeynews.com/box/metrics.php?gd=111447,,college_hockey_news,https://www.collegehockeynews.com/schedules/team/Michigan-State/32/20252026,Big Ten,Big Ten
2025-26,Michigan State,2025-12-06,Sat,W,3,1,False,True,False,Michigan,https://www.collegehockeynews.com/reports/team/Michigan/31,31,True,False,https://www.collegehockeynews.com/box/final/20251206/msu/mic/,https://www.collegehockeynews.com/box/metrics.php?gd=111448,,college_hockey_news,https://www.collegehockeynews.com/schedules/team/Michigan-State/32/20252026,Big Ten,Big Ten
2025-26,Michigan State,2025-12-28,Sun,W,5,2,False,False,True,Ferris State,https://www.collegehockeynews.com/reports/team/Ferris-State/21,21,False,False,https://www.collegehockeynews.com/box/final/20251228/fsu/msu/,https://www.collegehockeynews.com/box/metrics.php?gd=110585,"Great Lakes Invitational – Van Andel Arena, Grand Rapids, Mich.",college_hockey_news,https://www.collegehockeynews.com/schedules/team/Michigan-State/32/20252026,Big Ten,CCHA
2025-26,Michigan State,2025-12-29,Mon,W,4,1,False,False,True,Michigan Tech,https://www.collegehockeynews.com/reports/team/Michigan-Tech/33,33,False,False,https://www.collegehockeynews.com/box/final/20251229/mtu/msu/,https://www.collegehockeynews.com/box/metrics.php?gd=111249,"Great Lakes Invitational – Van Andel Arena, Grand Rapids, Mich.",college_hockey_news,https://www.collegehockeynews.com/schedules/team/Michigan-State/32/20252026,Big Ten,CCHA
2025-26,Michigan State,2026-01-09,Fri,W,6,2,False,True,False,Ohio State,https://www.collegehockeynews.com/reports/team/Ohio-State/44,44,True,False,https://www.collegehockeynews.com/box/final/20260109/msu/osu/,https://www.collegehockeynews.com/box/metrics.php?gd=111449,,college_hockey_news,https://www.collegehockeynews.com/schedules/team/Michigan-State/32/20252026,Big Ten,Big Ten
2025-26,Michigan State,2026-01-10,Sat,L,1,2,False,True,False,Ohio State,https://www.collegehockeynews.com/reports/team/Ohio-State/44,44,True,False,https://www.collegehockeynews.com/box/final/20260110/msu/osu/,https://www.collegehockeynews.com/box/metrics.php?gd=111450,,college_hockey_news,https://www.collegehockeynews.com/schedules/team/Michigan-State/32/20252026,Big Ten,Big Ten
2025-26,Michigan State,2026-01-15,Thu,W,4,3,False,True,False,Wisconsin,https://www.collegehockeynews.com/reports/team/Wisconsin/58,58,True,False,https://www.collegehockeynews.com/box/final/20260115/msu/wis/,https://www.collegehockeynews.com/box/metrics.php?gd=111451,,college_hockey_news,https://www.collegehockeynews.com/schedules/team/Michigan-State/32/20252026,Big Ten,Big Ten
2025-26,Michigan State,2026-01-16,Fri,W,4,1,False,True,False,Wisconsin,https://www.collegehockeynews.com/reports/team/Wisconsin/58,58,True,False,https://www.collegehockeynews.com/box/final/20260116/msu/wis/,https://www.collegehockeynews.com/box/metrics.php?gd=111452,,college_hockey_news,https://www.collegehockeynews.com/schedules/team/Michigan-State/32/20252026,Big Ten,Big Ten
2025-26,Michigan State,2026-01-23,Fri,W,3,1,True,False,False,Minnesota,https://www.collegehockeynews.com/reports/team/Minnesota/34,34,True,False,https://www.collegehockeynews.com/box/final/20260123/min/msu/,https://www.collegehockeynews.com/box/metrics.php?gd=111453,,college_hockey_news,https://www.collegehockeynews.com/schedules/team/Michigan-State/32/20252026,Big Ten,Big Ten
2025-26,Michigan State,2026-01-24,Sat,W,3,2,True,False,False,Minnesota,https://www.collegehockeynews.com/reports/team/Minnesota/34,34,True,False,https://www.collegehockeynews.com/box/final/20260124/min/msu/,https://www.collegehockeynews.com/box/metrics.php?gd=111454,,college_hockey_news,https://www.collegehockeynews.com/schedules/team/Michigan-State/32/20252026,Big Ten,Big Ten
2025-26,Michigan State,2026-01-30,Fri,W,6,3,False,True,False,Penn State,https://www.collegehockeynews.com/reports/team/Penn-State/60,60,True,False,https://www.collegehockeynews.com/box/final/20260130/msu/psu/,https://www.collegehockeynews.com/box/metrics.php?gd=111434,,college_hockey_news,https://www.collegehockeynews.com/schedules/team/Michigan-State/32/20252026,Big Ten,Big Ten
2025-26,Michigan State,2026-01-31,Sat,W,5,4,False,True,False,Penn State,https://www.collegehockeynews.com/reports/team/Penn-State/60,60,True,True,https://www.collegehockeynews.com/box/final/20260131/msu/psu/,https://www.collegehockeynews.com/box/metrics.php?gd=111433,,college_hockey_news,https://www.collegehockeynews.com/schedules/team/Michigan-State/32/20252026,Big Ten,Big Ten
2025-26,Michigan State,2026-02-06,Fri,L,3,4,False,True,False,Michigan,https://www.collegehockeynews.com/reports/team/Michigan/31,31,True,True,https://www.collegehockeynews.com/box/final/20260206/msu/mic/,https://www.collegehockeynews.com/box/metrics.php?gd=111455,,college_hockey_news,https://www.collegehockeynews.com/schedules/team/Michigan-State/32/20252026,Big Ten,Big Ten
2025-26,Michigan State,2026-02-07,Sat,W,5,2,False,False,True,Michigan,https://www.collegehockeynews.com/reports/team/Michigan/31,31,True,False,https://www.collegehockeynews.com/box/final/20260207/mic/msu/,https://www.collegehockeynews.com/box/metrics.php?gd=111456,"at Little Caesars Arena, Detroit, Mich.",college_hockey_news,https://www.collegehockeynews.com/schedules/team/Michigan-State/32/20252026,Big Ten,Big Ten
2025-26,Michigan State,2026-02-19,Thu,W,4,2,True,False,False,Notre Dame,https://www.collegehockeynews.com/reports/team/Notre-Dame/43,43,True,False,https://www.collegehockeynews.com/box/final/20260219/ndm/msu/,https://www.collegehockeynews.com/box/metrics.php?gd=111457,,college_hockey_news,https://www.collegehockeynews.com/schedules/team/Michigan-State/32/20252026,Big Ten,Big Ten
2025-26,Michigan State,2026-02-20,Fri,W,8,2,True,False,False,Notre Dame,https://www.collegehockeynews.com/reports/team/Notre-Dame/43,43,True,False,https://www.collegehockeynews.com/box/final/20260220/ndm/msu/,https://www.collegehockeynews.com/box/metrics.php?gd=111458,,college_hockey_news,https://www.collegehockeynews.com/schedules/team/Michigan-State/32/20252026,Big Ten,Big Ten
2025-26,Michigan State,2026-02-27,Fri,L,1,5,True,False,False,Ohio State,https://www.collegehockeynews.com/reports/team/Ohio-State/44,44,True,False,https://www.collegehockeynews.com/box/final/20260227/osu/msu/,https://www.collegehockeynews.com/box/metrics.php?gd=111459,,college_hockey_news,https://www.collegehockeynews.com/schedules/team/Michigan-State/32/20252026,Big Ten,Big Ten
2025-26,Michigan State,2026-02-28,Sat,T-SOW,3,3,True,False,False,Ohio State,https://www.collegehockeynews.com/reports/team/Ohio-State/44,44,True,True,https://www.collegehockeynews.com/box/final/20260228/osu/msu/,https://www.collegehockeynews.com/box/metrics.php?gd=111460,,college_hockey_news,https://www.collegehockeynews.com/schedules/team/Michigan-State/32/20252026,Big Ten,Big Ten
2025-26,Michigan State,2026-03-05,Thu,W,7,1,False,True,False,Minnesota,https://www.collegehockeynews.com/reports/team/Minnesota/34,34,True,False,https://www.collegehockeynews.com/box/final/20260305/msu/min/,https://www.collegehockeynews.com/box/metrics.php?gd=111461,,college_hockey_news,https://www.collegehockeynews.com/schedules/team/Michigan-State/32/20252026,Big Ten,Big Ten
2025-26,Michigan State,2026-03-06,Fri,T-SOL,3,3,False,True,False,Minnesota,https://www.collegehockeynews.com/reports/team/Minnesota/34,34,True,True,https://www.collegehockeynews.com/box/final/20260306/msu/min/,https://www.collegehockeynews.com/box/metrics.php?gd=111462,,college_hockey_news,https://www.collegehockeynews.com/schedules/team/Michigan-State/32/20252026,Big Ten,Big Ten
2025-26,Michigan State,2026-03-14,Sat,L,2,3,True,False,False,Ohio State,https://www.collegehockeynews.com/reports/team/Ohio-State/44,44,False,True,https://www.collegehockeynews.com/box/final/20260314/osu/msu/,https://www.collegehockeynews.com/box/metrics.php?gd=112981,Big Ten Tournament Big Ten Semifinal,college_hockey_news,https://www.collegehockeynews.com/schedules/team/Michigan-State/32/20252026,Big Ten,Big Ten
2025-26,Michigan State,2026-03-26,Thu,W,2,1,False,False,True,Connecticut,https://www.collegehockeynews.com/reports/team/Connecticut/17,17,False,False,https://www.collegehockeynews.com/box/final/20260326/con/msu/,https://www.collegehockeynews.com/box/metrics.php?gd=112921,"NCAA Tournament Worcester Regional – DCU Center, Worcester, Mass.",college_hockey_news,https://www.collegehockeynews.com/schedules/team/Michigan-State/32/20252026,Big Ten,Hockey East
2025-26,Michigan State,2026-03-28,Sat,L,3,4,False,False,True,Wisconsin,https://www.collegehockeynews.com/reports/team/Wisconsin/58,58,False,True,https://www.collegehockeynews.com/box/final/20260328/wis/msu/,https://www.collegehockeynews.com/box/metrics.php?gd=112923,"NCAA Tournament Worcester Regional Final – DCU Center, Worcester, Mass.",college_hockey_news,https://www.collegehockeynews.com/schedules/team/Michigan-State/32/20252026,Big Ten,Big Ten
2025-26,Minnesota,2025-10-03,Fri,W,6,3,True,False,False,Michigan Tech,https://www.collegehockeynews.com/reports/team/Michigan-Tech/33,33,False,False,https://www.collegehockeynews.com/box/final/20251003/mtu/min/,https://www.collegehockeynews.com/box/metrics.php?gd=110988,,college_hockey_news,https://www.collegehockeynews.com/schedules/team/Minnesota/34/20252026,Big Ten,CCHA
2025-26,Minnesota,2025-10-04,Sat,L,3,5,True,False,False,Michigan Tech,https://www.collegehockeynews.com/reports/team/Michigan-Tech/33,33,False,False,https://www.collegehockeynews.com/box/final/20251004/mtu/min/,https://www.collegehockeynews.com/box/metrics.php?gd=110989,,college_hockey_news,https://www.collegehockeynews.com/schedules/team/Minnesota/34/20252026,Big Ten,CCHA
2025-26,Minnesota,2025-10-09,Thu,L,1,3,True,False,False,Boston College,https://www.collegehockeynews.com/reports/team/Boston-College/9,9,False,False,https://www.collegehockeynews.com/box/final/20251009/bc_/min/,https://www.collegehockeynews.com/box/metrics.php?gd=110990,,college_hockey_news,https://www.collegehockeynews.com/schedules/team/Minnesota/34/20252026,Big Ten,Hockey East
2025-26,Minnesota,2025-10-10,Fri,T,2,2,True,False,False,Boston College,https://www.collegehockeynews.com/reports/team/Boston-College/9,9,False,True,https://www.collegehockeynews.com/box/final/20251010/bc_/min/,https://www.collegehockeynews.com/box/metrics.php?gd=110991,,college_hockey_news,https://www.collegehockeynews.com/schedules/team/Minnesota/34/20252026,Big Ten,Hockey East
2025-26,Minnesota,2025-10-17,Fri,L,2,5,False,True,False,North Dakota,https://www.collegehockeynews.com/reports/team/North-Dakota/40,40,False,False,https://www.collegehockeynews.com/box/final/20251017/min/ndk/,https://www.collegehockeynews.com/box/metrics.php?gd=110408,,college_hockey_news,https://www.collegehockeynews.com/schedules/team/Minnesota/34/20252026,Big Ten,NCHC
2025-26,Minnesota,2025-10-18,Sat,W,5,1,False,True,False,North Dakota,https://www.collegehockeynews.com/reports/team/North-Dakota/40,40,False,False,https://www.collegehockeynews.com/box/final/20251018/min/ndk/,https://www.collegehockeynews.com/box/metrics.php?gd=110409,,college_hockey_news,https://www.collegehockeynews.com/schedules/team/Minnesota/34/20252026,Big Ten,NCHC
2025-26,Minnesota,2025-10-24,Fri,L,0,3,True,False,False,Minnesota-Duluth,https://www.collegehockeynews.com/reports/team/Minnesota-Duluth/36,36,False,False,https://www.collegehockeynews.com/box/final/20251024/mnd/min/,https://www.collegehockeynews.com/box/metrics.php?gd=110479,,college_hockey_news,https://www.collegehockeynews.com/schedules/team/Minnesota/34/20252026,Big Ten,NCHC
2025-26,Minnesota,2025-10-25,Sat,L,1,4,True,False,False,Minnesota-Duluth,https://www.collegehockeynews.com/reports/team/Minnesota-Duluth/36,36,False,False,https://www.collegehockeynews.com/box/final/20251025/mnd/min/,https://www.collegehockeynews.com/box/metrics.php?gd=110480,,college_hockey_news,https://www.collegehockeynews.com/schedules/team/Minnesota/34/20252026,Big Ten,NCHC
2025-26,Minnesota,2025-10-30,Thu,L,2,5,False,True,False,Wisconsin,https://www.collegehockeynews.com/reports/team/Wisconsin/58,58,True,False,https://www.collegehockeynews.com/box/final/20251030/min/wis/,https://www.collegehockeynews.com/box/metrics.php?gd=111463,,college_hockey_news,https://www.collegehockeynews.com/schedules/team/Minnesota/34/20252026,Big Ten,Big Ten
2025-26,Minnesota,2025-11-01,Sat,L,0,4,False,True,False,Wisconsin,https://www.collegehockeynews.com/reports/team/Wisconsin/58,58,True,False,https://www.collegehockeynews.com/box/final/20251101/min/wis/,https://www.collegehockeynews.com/box/metrics.php?gd=111464,,college_hockey_news,https://www.collegehockeynews.com/schedules/team/Minnesota/34/20252026,Big Ten,Big Ten
2025-26,Minnesota,2025-11-07,Fri,W,3,0,True,False,False,Notre Dame,https://www.collegehockeynews.com/reports/team/Notre-Dame/43,43,True,False,https://www.collegehockeynews.com/box/final/20251107/ndm/min/,https://www.collegehockeynews.com/box/metrics.php?gd=111491,,college_hockey_news,https://www.collegehockeynews.com/schedules/team/Minnesota/34/20252026,Big Ten,Big Ten
2025-26,Minnesota,2025-11-08,Sat,W,4,1,True,False,False,Notre Dame,https://www.collegehockeynews.com/reports/team/Notre-Dame/43,43,True,False,https://www.collegehockeynews.com/box/final/20251108/ndm/min/,https://www.collegehockeynews.com/box/metrics.php?gd=111492,,college_hockey_news,https://www.collegehockeynews.com/schedules/team/Minnesota/34/20252026,Big Ten,Big Ten
2025-26,Minnesota,2025-11-14,Fri,L,2,6,True,False,False,Long Island,https://www.collegehockeynews.com/reports/team/Long-Island/62,62,False,False,https://www.collegehockeynews.com/box/final/20251114/liu/min/,https://www.collegehockeynews.com/box/metrics.php?gd=110992,,college_hockey_news,https://www.collegehockeynews.com/schedules/team/Minnesota/34/20252026,Big Ten,Independent
2025-26,Minnesota,2025-11-15,Sat,W,6,3,True,False,False,Long Island,https://www.collegehockeynews.com/reports/team/Long-Island/62,62,False,False,https://www.collegehockeynews.com/box/final/20251115/liu/min/,https://www.collegehockeynews.com/box/metrics.php?gd=110993,,college_hockey_news,https://www.collegehockeynews.com/schedules/team/Minnesota/34/20252026,Big Ten,Independent
2025-26,Minnesota,2025-11-21,Fri,W,3,2,True,False,False,Penn State,https://www.collegehockeynews.com/reports/team/Penn-State/60,60,True,False,https://www.collegehockeynews.com/box/final/20251121/psu/min/,https://www.collegehockeynews.com/box/metrics.php?gd=111425,,college_hockey_news,https://www.collegehockeynews.com/schedules/team/Minnesota/34/20252026,Big Ten,Big Ten
2025-26,Minnesota,2025-11-22,Sat,L,1,2,True,False,False,Penn State,https://www.collegehockeynews.com/reports/team/Penn-State/60,60,True,False,https://www.collegehockeynews.com/box/final/20251122/psu/min/,https://www.collegehockeynews.com/box/metrics.php?gd=111426,,college_hockey_news,https://www.collegehockeynews.com/schedules/team/Minnesota/34/20252026,Big Ten,Big Ten
2025-26,Minnesota,2025-11-29,Sat,W,6,5,False,True,False,Denver,https://www.collegehockeynews.com/reports/team/Denver/20,20,False,True,https://www.collegehockeynews.com/box/final/20251129/min/den/,https://www.collegehockeynews.com/box/metrics.php?gd=110526,"U.S. Hockey Hall of Fame Game – Ball Arena, Denver, Colo.",college_hockey_news,https://www.collegehockeynews.com/schedules/team/Minnesota/34/20252026,Big Ten,NCHC
2025-26,Minnesota,2025-12-04,Thu,W,6,3,False,True,False,Ohio State,https://www.collegehockeynews.com/reports/team/Ohio-State/44,44,True,False,https://www.collegehockeynews.com/box/final/20251204/min/osu/,https://www.collegehockeynews.com/box/metrics.php?gd=111481,,college_hockey_news,https://www.collegehockeynews.com/schedules/team/Minnesota/34/20252026,Big Ten,Big Ten
2025-26,Minnesota,2025-12-05,Fri,L,5,6,False,True,False,Ohio State,https://www.collegehockeynews.com/reports/team/Ohio-State/44,44,True,True,https://www.collegehockeynews.com/box/final/20251205/min/osu/,https://www.collegehockeynews.com/box/metrics.php?gd=111482,,college_hockey_news,https://www.collegehockeynews.com/schedules/team/Minnesota/34/20252026,Big Ten,Big Ten
2025-26,Minnesota,2026-01-09,Fri,L,0,3,False,True,False,Penn State,https://www.collegehockeynews.com/reports/team/Penn-State/60,60,True,False,https://www.collegehockeynews.com/box/final/20260109/min/psu/,https://www.collegehockeynews.com/box/metrics.php?gd=111427,,college_hockey_news,https://www.collegehockeynews.com/schedules/team/Minnesota/34/20252026,Big Ten,Big Ten
2025-26,Minnesota,2026-01-10,Sat,L,2,5,False,True,False,Penn State,https://www.collegehockeynews.com/reports/team/Penn-State/60,60,True,False,https://www.collegehockeynews.com/box/final/20260110/min/psu/,https://www.collegehockeynews.com/box/metrics.php?gd=111428,,college_hockey_news,https://www.collegehockeynews.com/schedules/team/Minnesota/34/20252026,Big Ten,Big Ten
2025-26,Minnesota,2026-01-16,Fri,L,1,5,True,False,False,Michigan,https://www.collegehockeynews.com/reports/team/Michigan/31,31,True,False,https://www.collegehockeynews.com/box/final/20260116/mic/min/,https://www.collegehockeynews.com/box/metrics.php?gd=111493,,college_hockey_news,https://www.collegehockeynews.com/schedules/team/Minnesota/34/20252026,Big Ten,Big Ten
2025-26,Minnesota,2026-01-17,Sat,L,2,3,True,False,False,Michigan,https://www.collegehockeynews.com/reports/team/Michigan/31,31,True,True,https://www.collegehockeynews.com/box/final/20260117/mic/min/,https://www.collegehockeynews.com/box/metrics.php?gd=111494,,college_hockey_news,https://www.collegehockeynews.com/schedules/team/Minnesota/34/20252026,Big Ten,Big Ten
2025-26,Minnesota,2026-01-23,Fri,L,1,3,False,True,False,Michigan State,https://www.collegehockeynews.com/reports/team/Michigan-State/32,32,True,False,https://www.collegehockeynews.com/box/final/20260123/min/msu/,https://www.collegehockeynews.com/box/metrics.php?gd=111453,,college_hockey_news,https://www.collegehockeynews.com/schedules/team/Minnesota/34/20252026,Big Ten,Big Ten
2025-26,Minnesota,2026-01-24,Sat,L,2,3,False,True,False,Michigan State,https://www.collegehockeynews.com/reports/team/Michigan-State/32,32,True,False,https://www.collegehockeynews.com/box/final/20260124/min/msu/,https://www.collegehockeynews.com/box/metrics.php?gd=111454,,college_hockey_news,https://www.collegehockeynews.com/schedules/team/Minnesota/34/20252026,Big Ten,Big Ten
2025-26,Minnesota,2026-01-30,Fri,W,4,1,True,False,False,Wisconsin,https://www.collegehockeynews.com/reports/team/Wisconsin/58,58,True,False,https://www.collegehockeynews.com/box/final/20260130/wis/min/,https://www.collegehockeynews.com/box/metrics.php?gd=111471,,college_hockey_news,https://www.collegehockeynews.com/schedules/team/Minnesota/34/20252026,Big Ten,Big Ten
2025-26,Minnesota,2026-01-31,Sat,W,8,4,True,False,False,Wisconsin,https://www.collegehockeynews.com/reports/team/Wisconsin/58,58,True,False,https://www.collegehockeynews.com/box/final/20260131/wis/min/,https://www.collegehockeynews.com/box/metrics.php?gd=111472,,college_hockey_news,https://www.collegehockeynews.com/schedules/team/Minnesota/34/20252026,Big Ten,Big Ten
2025-26,Minnesota,2026-02-06,Fri,L,2,6,True,False,False,Ohio State,https://www.collegehockeynews.com/reports/team/Ohio-State/44,44,True,False,https://www.collegehockeynews.com/box/final/20260206/osu/min/,https://www.collegehockeynews.com/box/metrics.php?gd=111487,,college_hockey_news,https://www.collegehockeynews.com/schedules/team/Minnesota/34/20252026,Big Ten,Big Ten
2025-26,Minnesota,2026-02-07,Sat,L,1,2,True,False,False,Ohio State,https://www.collegehockeynews.com/reports/team/Ohio-State/44,44,True,False,https://www.collegehockeynews.com/box/final/20260207/osu/min/,https://www.collegehockeynews.com/box/metrics.php?gd=111488,,college_hockey_news,https://www.collegehockeynews.com/schedules/team/Minnesota/34/20252026,Big Ten,Big Ten
2025-26,Minnesota,2026-02-13,Fri,T-SOW,2,2,False,True,False,Notre Dame,https://www.collegehockeynews.com/reports/team/Notre-Dame/43,43,True,True,https://www.collegehockeynews.com/box/final/20260213/min/ndm/,https://www.collegehockeynews.com/box/metrics.php?gd=111495,,college_hockey_news,https://www.collegehockeynews.com/schedules/team/Minnesota/34/20252026,Big Ten,Big Ten
2025-26,Minnesota,2026-02-14,Sat,L,2,3,False,True,False,Notre Dame,https://www.collegehockeynews.com/reports/team/Notre-Dame/43,43,True,False,https://www.collegehockeynews.com/box/final/20260214/min/ndm/,https://www.collegehockeynews.com/box/metrics.php?gd=111496,,college_hockey_news,https://www.collegehockeynews.com/schedules/team/Minnesota/34/20252026,Big Ten,Big Ten
2025-26,Minnesota,2026-02-26,Thu,W,4,2,False,True,False,Michigan,https://www.collegehockeynews.com/reports/team/Michigan/31,31,True,False,https://www.collegehockeynews.com/box/final/20260226/min/mic/,https://www.collegehockeynews.com/box/metrics.php?gd=111497,,college_hockey_news,https://www.collegehockeynews.com/schedules/team/Minnesota/34/20252026,Big Ten,Big Ten
2025-26,Minnesota,2026-02-27,Fri,L,2,4,False,True,False,Michigan,https://www.collegehockeynews.com/reports/team/Michigan/31,31,True,False,https://www.collegehockeynews.com/box/final/20260227/min/mic/,https://www.collegehockeynews.com/box/metrics.php?gd=111498,,college_hockey_news,https://www.collegehockeynews.com/schedules/team/Minnesota/34/20252026,Big Ten,Big Ten
2025-26,Minnesota,2026-03-05,Thu,L,1,7,True,False,False,Michigan State,https://www.collegehockeynews.com/reports/team/Michigan-State/32,32,True,False,https://www.collegehockeynews.com/box/final/20260305/msu/min/,https://www.collegehockeynews.com/box/metrics.php?gd=111461,,college_hockey_news,https://www.collegehockeynews.com/schedules/team/Minnesota/34/20252026,Big Ten,Big Ten
2025-26,Minnesota,2026-03-06,Fri,T-SOW,3,3,True,False,False,Michigan State,https://www.collegehockeynews.com/reports/team/Michigan-State/32,32,True,True,https://www.collegehockeynews.com/box/final/20260306/msu/min/,https://www.collegehockeynews.com/box/metrics.php?gd=111462,,college_hockey_news,https://www.collegehockeynews.com/schedules/team/Minnesota/34/20252026,Big Ten,Big Ten
2025-26,Minnesota,2026-03-11,Wed,L,2,6,False,True,False,Penn State,https://www.collegehockeynews.com/reports/team/Penn-State/60,60,False,False,https://www.collegehockeynews.com/box/final/20260311/min/psu/,https://www.collegehockeynews.com/box/metrics.php?gd=112975,"Big Ten Tournament Big Ten Quarterfinal – Pegula Ice Arena, State College, Pa.",college_hockey_news,https://www.collegehockeynews.com/schedules/team/Minnesota/34/20252026,Big Ten,Big Ten
2025-26,Notre Dame,2025-10-10,Fri,L,3,5,False,True,False,Arizona State,https://www.collegehockeynews.com/reports/team/Arizona-State/61,61,False,False,https://www.collegehockeynews.com/box/final/20251010/ndm/asu/,https://www.collegehockeynews.com/box/metrics.php?gd=110371,"Ice Breaker – Mullett Arena, Tempe, Ariz.",college_hockey_news,https://www.collegehockeynews.com/schedules/team/Notre-Dame/43/20252026,Big Ten,NCHC
2025-26,Notre Dame,2025-10-11,Sat,L,2,7,False,False,True,Quinnipiac,https://www.collegehockeynews.com/reports/team/Quinnipiac/47,47,False,False,https://www.collegehockeynews.com/box/final/20251011/ndm/qui/,https://www.collegehockeynews.com/box/metrics.php?gd=111243,"Ice Breaker – Mullett Arena, Tempe, Ariz.",college_hockey_news,https://www.collegehockeynews.com/schedules/team/Notre-Dame/43/20252026,Big Ten,ECAC
2025-26,Notre Dame,2025-10-16,Thu,W,8,2,True,False,False,St. Lawrence,https://www.collegehockeynews.com/reports/team/St-Lawrence/53,53,False,False,https://www.collegehockeynews.com/box/final/20251016/stl/ndm/,https://www.collegehockeynews.com/box/metrics.php?gd=111160,,college_hockey_news,https://www.collegehockeynews.com/schedules/team/Notre-Dame/43/20252026,Big Ten,ECAC
2025-26,Notre Dame,2025-10-17,Fri,W,3,0,True,False,False,St. Lawrence,https://www.collegehockeynews.com/reports/team/St-Lawrence/53,53,False,False,https://www.collegehockeynews.com/box/final/20251017/stl/ndm/,https://www.collegehockeynews.com/box/metrics.php?gd=111161,,college_hockey_news,https://www.collegehockeynews.com/schedules/team/Notre-Dame/43/20252026,Big Ten,ECAC
2025-26,Notre Dame,2025-10-24,Fri,W,6,3,True,False,False,Robert Morris,https://www.collegehockeynews.com/reports/team/Robert-Morris/50,50,False,False,https://www.collegehockeynews.com/box/final/20251024/rmu/ndm/,https://www.collegehockeynews.com/box/metrics.php?gd=110876,,college_hockey_news,https://www.collegehockeynews.com/schedules/team/Notre-Dame/43/20252026,Big Ten,Atlantic Hockey
2025-26,Notre Dame,2025-10-25,Sat,T,2,2,True,False,False,Robert Morris,https://www.collegehockeynews.com/reports/team/Robert-Morris/50,50,False,True,https://www.collegehockeynews.com/box/final/20251025/rmu/ndm/,https://www.collegehockeynews.com/box/metrics.php?gd=110877,,college_hockey_news,https://www.collegehockeynews.com/schedules/team/Notre-Dame/43/20252026,Big Ten,Atlantic Hockey
2025-26,Notre Dame,2025-10-31,Fri,L,3,5,True,False,False,Michigan,https://www.collegehockeynews.com/reports/team/Michigan/31,31,True,False,https://www.collegehockeynews.com/box/final/20251031/mic/ndm/,https://www.collegehockeynews.com/box/metrics.php?gd=111499,,college_hockey_news,https://www.collegehockeynews.com/schedules/team/Notre-Dame/43/20252026,Big Ten,Big Ten
2025-26,Notre Dame,2025-11-01,Sat,L,1,2,True,False,False,Michigan,https://www.collegehockeynews.com/reports/team/Michigan/31,31,True,True,https://www.collegehockeynews.com/box/final/20251101/mic/ndm/,https://www.collegehockeynews.com/box/metrics.php?gd=111500,,college_hockey_news,https://www.collegehockeynews.com/schedules/team/Notre-Dame/43/20252026,Big Ten,Big Ten
2025-26,Notre Dame,2025-11-07,Fri,L,0,3,False,True,False,Minnesota,https://www.collegehockeynews.com/reports/team/Minnesota/34,34,True,False,https://www.collegehockeynews.com/box/final/20251107/ndm/min/,https://www.collegehockeynews.com/box/metrics.php?gd=111491,,college_hockey_news,https://www.collegehockeynews.com/schedules/team/Notre-Dame/43/20252026,Big Ten,Big Ten
2025-26,Notre Dame,2025-11-08,Sat,L,1,4,False,True,False,Minnesota,https://www.collegehockeynews.com/reports/team/Minnesota/34,34,True,False,https://www.collegehockeynews.com/box/final/20251108/ndm/min/,https://www.collegehockeynews.com/box/metrics.php?gd=111492,,college_hockey_news,https://www.collegehockeynews.com/schedules/team/Notre-Dame/43/20252026,Big Ten,Big Ten
2025-26,Notre Dame,2025-11-14,Fri,L,1,4,True,False,False,Michigan State,https://www.collegehockeynews.com/reports/team/Michigan-State/32,32,True,False,https://www.collegehockeynews.com/box/final/20251114/msu/ndm/,https://www.collegehockeynews.com/box/metrics.php?gd=111443,,college_hockey_news,https://www.collegehockeynews.com/schedules/team/Notre-Dame/43/20252026,Big Ten,Big Ten
2025-26,Notre Dame,2025-11-15,Sat,L,1,3,True,False,False,Michigan State,https://www.collegehockeynews.com/reports/team/Michigan-State/32,32,True,False,https://www.collegehockeynews.com/box/final/20251115/msu/ndm/,https://www.collegehockeynews.com/box/metrics.php?gd=111444,,college_hockey_news,https://www.collegehockeynews.com/schedules/team/Notre-Dame/43/20252026,Big Ten,Big Ten
2025-26,Notre Dame,2025-11-26,Wed,W,5,4,False,True,False,Merrimack,https://www.collegehockeynews.com/reports/team/Merrimack/29,29,False,False,https://www.collegehockeynews.com/box/final/20251126/ndm/mer/,https://www.collegehockeynews.com/box/metrics.php?gd=111206,,college_hockey_news,https://www.collegehockeynews.com/schedules/team/Notre-Dame/43/20252026,Big Ten,Hockey East
2025-26,Notre Dame,2025-11-28,Fri,L,3,5,False,True,False,Boston College,https://www.collegehockeynews.com/reports/team/Boston-College/9,9,False,False,https://www.collegehockeynews.com/box/final/20251128/ndm/bc_/,https://www.collegehockeynews.com/box/metrics.php?gd=111207,,college_hockey_news,https://www.collegehockeynews.com/schedules/team/Notre-Dame/43/20252026,Big Ten,Hockey East
2025-26,Notre Dame,2025-12-05,Fri,L,4,7,True,False,False,Wisconsin,https://www.collegehockeynews.com/reports/team/Wisconsin/58,58,True,False,https://www.collegehockeynews.com/box/final/20251205/wis/ndm/,https://www.collegehockeynews.com/box/metrics.php?gd=111469,,college_hockey_news,https://www.collegehockeynews.com/schedules/team/Notre-Dame/43/20252026,Big Ten,Big Ten
2025-26,Notre Dame,2025-12-06,Sat,L,2,9,True,False,False,Wisconsin,https://www.collegehockeynews.com/reports/team/Wisconsin/58,58,True,False,https://www.collegehockeynews.com/box/final/20251206/wis/ndm/,https://www.collegehockeynews.com/box/metrics.php?gd=111470,,college_hockey_news,https://www.collegehockeynews.com/schedules/team/Notre-Dame/43/20252026,Big Ten,Big Ten
2025-26,Notre Dame,2026-01-02,Fri,L,0,4,True,False,False,Western Michigan,https://www.collegehockeynews.com/reports/team/Western-Michigan/57,57,False,False,https://www.collegehockeynews.com/box/final/20260102/wmu/ndm/,https://www.collegehockeynews.com/box/metrics.php?gd=110643,,college_hockey_news,https://www.collegehockeynews.com/schedules/team/Notre-Dame/43/20252026,Big Ten,NCHC
2025-26,Notre Dame,2026-01-03,Sat,L,0,4,False,True,False,Western Michigan,https://www.collegehockeynews.com/reports/team/Western-Michigan/57,57,False,False,https://www.collegehockeynews.com/box/final/20260103/ndm/wmu/,https://www.collegehockeynews.com/box/metrics.php?gd=110644,,college_hockey_news,https://www.collegehockeynews.com/schedules/team/Notre-Dame/43/20252026,Big Ten,NCHC
2025-26,Notre Dame,2026-01-09,Fri,L,2,5,False,True,False,Michigan,https://www.collegehockeynews.com/reports/team/Michigan/31,31,True,False,https://www.collegehockeynews.com/box/final/20260109/ndm/mic/,https://www.collegehockeynews.com/box/metrics.php?gd=111501,,college_hockey_news,https://www.collegehockeynews.com/schedules/team/Notre-Dame/43/20252026,Big Ten,Big Ten
2025-26,Notre Dame,2026-01-10,Sat,L,4,7,False,True,False,Michigan,https://www.collegehockeynews.com/reports/team/Michigan/31,31,True,False,https://www.collegehockeynews.com/box/final/20260110/ndm/mic/,https://www.collegehockeynews.com/box/metrics.php?gd=111502,,college_hockey_news,https://www.collegehockeynews.com/schedules/team/Notre-Dame/43/20252026,Big Ten,Big Ten
2025-26,Notre Dame,2026-01-16,Fri,L,1,4,False,True,False,Penn State,https://www.collegehockeynews.com/reports/team/Penn-State/60,60,True,False,https://www.collegehockeynews.com/box/final/20260116/ndm/psu/,https://www.collegehockeynews.com/box/metrics.php?gd=111429,,college_hockey_news,https://www.collegehockeynews.com/schedules/team/Notre-Dame/43/20252026,Big Ten,Big Ten
2025-26,Notre Dame,2026-01-17,Sat,L,3,6,False,True,False,Penn State,https://www.collegehockeynews.com/reports/team/Penn-State/60,60,True,False,https://www.collegehockeynews.com/box/final/20260117/ndm/psu/,https://www.collegehockeynews.com/box/metrics.php?gd=111430,,college_hockey_news,https://www.collegehockeynews.com/schedules/team/Notre-Dame/43/20252026,Big Ten,Big Ten
2025-26,Notre Dame,2026-01-23,Fri,L,2,4,True,False,False,Ohio State,https://www.collegehockeynews.com/reports/team/Ohio-State/44,44,True,False,https://www.collegehockeynews.com/box/final/20260123/osu/ndm/,https://www.collegehockeynews.com/box/metrics.php?gd=111483,,college_hockey_news,https://www.collegehockeynews.com/schedules/team/Notre-Dame/43/20252026,Big Ten,Big Ten
2025-26,Notre Dame,2026-01-24,Sat,W,6,1,True,False,False,Ohio State,https://www.collegehockeynews.com/reports/team/Ohio-State/44,44,True,False,https://www.collegehockeynews.com/box/final/20260124/osu/ndm/,https://www.collegehockeynews.com/box/metrics.php?gd=111484,,college_hockey_news,https://www.collegehockeynews.com/schedules/team/Notre-Dame/43/20252026,Big Ten,Big Ten
2025-26,Notre Dame,2026-01-30,Fri,T,3,3,True,False,False,Bowling Green,https://www.collegehockeynews.com/reports/team/Bowling-Green/11,11,False,True,https://www.collegehockeynews.com/box/final/20260130/bgs/ndm/,https://www.collegehockeynews.com/box/metrics.php?gd=111208,,college_hockey_news,https://www.collegehockeynews.com/schedules/team/Notre-Dame/43/20252026,Big Ten,CCHA
2025-26,Notre Dame,2026-01-31,Sat,T,2,2,False,True,False,Bowling Green,https://www.collegehockeynews.com/reports/team/Bowling-Green/11,11,False,True,https://www.collegehockeynews.com/box/final/20260131/ndm/bgs/,https://www.collegehockeynews.com/box/metrics.php?gd=111209,,college_hockey_news,https://www.collegehockeynews.com/schedules/team/Notre-Dame/43/20252026,Big Ten,CCHA
2025-26,Notre Dame,2026-02-06,Fri,L,5,6,False,True,False,Wisconsin,https://www.collegehockeynews.com/reports/team/Wisconsin/58,58,True,True,https://www.collegehockeynews.com/box/final/20260206/ndm/wis/,https://www.collegehockeynews.com/box/metrics.php?gd=111473,,college_hockey_news,https://www.collegehockeynews.com/schedules/team/Notre-Dame/43/20252026,Big Ten,Big Ten
2025-26,Notre Dame,2026-02-07,Sat,L,4,5,False,True,False,Wisconsin,https://www.collegehockeynews.com/reports/team/Wisconsin/58,58,True,False,https://www.collegehockeynews.com/box/final/20260207/ndm/wis/,https://www.collegehockeynews.com/box/metrics.php?gd=111474,,college_hockey_news,https://www.collegehockeynews.com/schedules/team/Notre-Dame/43/20252026,Big Ten,Big Ten
2025-26,Notre Dame,2026-02-13,Fri,T-SOL,2,2,True,False,False,Minnesota,https://www.collegehockeynews.com/reports/team/Minnesota/34,34,True,True,https://www.collegehockeynews.com/box/final/20260213/min/ndm/,https://www.collegehockeynews.com/box/metrics.php?gd=111495,,college_hockey_news,https://www.collegehockeynews.com/schedules/team/Notre-Dame/43/20252026,Big Ten,Big Ten
2025-26,Notre Dame,2026-02-14,Sat,W,3,2,True,False,False,Minnesota,https://www.collegehockeynews.com/reports/team/Minnesota/34,34,True,False,https://www.collegehockeynews.com/box/final/20260214/min/ndm/,https://www.collegehockeynews.com/box/metrics.php?gd=111496,,college_hockey_news,https://www.collegehockeynews.com/schedules/team/Notre-Dame/43/20252026,Big Ten,Big Ten
2025-26,Notre Dame,2026-02-19,Thu,L,2,4,False,True,False,Michigan State,https://www.collegehockeynews.com/reports/team/Michigan-State/32,32,True,False,https://www.collegehockeynews.com/box/final/20260219/ndm/msu/,https://www.collegehockeynews.com/box/metrics.php?gd=111457,,college_hockey_news,https://www.collegehockeynews.com/schedules/team/Notre-Dame/43/20252026,Big Ten,Big Ten
2025-26,Notre Dame,2026-02-20,Fri,L,2,8,False,True,False,Michigan State,https://www.collegehockeynews.com/reports/team/Michigan-State/32,32,True,False,https://www.collegehockeynews.com/box/final/20260220/ndm/msu/,https://www.collegehockeynews.com/box/metrics.php?gd=111458,,college_hockey_news,https://www.collegehockeynews.com/schedules/team/Notre-Dame/43/20252026,Big Ten,Big Ten
2025-26,Notre Dame,2026-02-27,Fri,T-SOL,3,3,True,False,False,Penn State,https://www.collegehockeynews.com/reports/team/Penn-State/60,60,True,True,https://www.collegehockeynews.com/box/final/20260227/psu/ndm/,https://www.collegehockeynews.com/box/metrics.php?gd=111439,,college_hockey_news,https://www.collegehockeynews.com/schedules/team/Notre-Dame/43/20252026,Big Ten,Big Ten
2025-26,Notre Dame,2026-02-28,Sat,W,4,3,True,False,False,Penn State,https://www.collegehockeynews.com/reports/team/Penn-State/60,60,True,True,https://www.collegehockeynews.com/box/final/20260228/psu/ndm/,https://www.collegehockeynews.com/box/metrics.php?gd=111440,,college_hockey_news,https://www.collegehockeynews.com/schedules/team/Notre-Dame/43/20252026,Big Ten,Big Ten
2025-26,Notre Dame,2026-03-05,Thu,W,5,4,False,True,False,Ohio State,https://www.collegehockeynews.com/reports/team/Ohio-State/44,44,True,True,https://www.collegehockeynews.com/box/final/20260305/ndm/osu/,https://www.collegehockeynews.com/box/metrics.php?gd=111489,,college_hockey_news,https://www.collegehockeynews.com/schedules/team/Notre-Dame/43/20252026,Big Ten,Big Ten
2025-26,Notre Dame,2026-03-06,Fri,W,4,3,False,True,False,Ohio State,https://www.collegehockeynews.com/reports/team/Ohio-State/44,44,True,True,https://www.collegehockeynews.com/box/final/20260306/ndm/osu/,https://www.collegehockeynews.com/box/metrics.php?gd=111490,,college_hockey_news,https://www.collegehockeynews.com/schedules/team/Notre-Dame/43/20252026,Big Ten,Big Ten
2025-26,Notre Dame,2026-03-11,Wed,L,1,6,False,True,False,Michigan,https://www.collegehockeynews.com/reports/team/Michigan/31,31,False,False,https://www.collegehockeynews.com/box/final/20260311/ndm/mic/,https://www.collegehockeynews.com/box/metrics.php?gd=112974,"Big Ten Tournament Big Ten Quarterfinal – Yost Ice Arena, Ann Arbor, Mich.",college_hockey_news,https://www.collegehockeynews.com/schedules/team/Notre-Dame/43/20252026,Big Ten,Big Ten
2025-26,Ohio State,2025-10-10,Fri,W,5,2,True,False,False,Northern Michigan,https://www.collegehockeynews.com/reports/team/Northern-Michigan/42,42,False,False,https://www.collegehockeynews.com/box/final/20251010/nmu/osu/,https://www.collegehockeynews.com/box/metrics.php?gd=110856,,college_hockey_news,https://www.collegehockeynews.com/schedules/team/Ohio-State/44/20252026,Big Ten,CCHA
2025-26,Ohio State,2025-10-11,Sat,W,3,1,True,False,False,Northern Michigan,https://www.collegehockeynews.com/reports/team/Northern-Michigan/42,42,False,False,https://www.collegehockeynews.com/box/final/20251011/nmu/osu/,https://www.collegehockeynews.com/box/metrics.php?gd=110857,,college_hockey_news,https://www.collegehockeynews.com/schedules/team/Ohio-State/44/20252026,Big Ten,CCHA
2025-26,Ohio State,2025-10-17,Fri,L,2,3,False,True,False,Connecticut,https://www.collegehockeynews.com/reports/team/Connecticut/17,17,False,False,https://www.collegehockeynews.com/box/final/20251017/osu/con/,https://www.collegehockeynews.com/box/metrics.php?gd=111121,,college_hockey_news,https://www.collegehockeynews.com/schedules/team/Ohio-State/44/20252026,Big Ten,Hockey East
2025-26,Ohio State,2025-10-18,Sat,W,4,2,False,True,False,Connecticut,https://www.collegehockeynews.com/reports/team/Connecticut/17,17,False,False,https://www.collegehockeynews.com/box/final/20251018/osu/con/,https://www.collegehockeynews.com/box/metrics.php?gd=111122,,college_hockey_news,https://www.collegehockeynews.com/schedules/team/Ohio-State/44/20252026,Big Ten,Hockey East
2025-26,Ohio State,2025-10-24,Fri,L,1,2,True,False,False,Sacred Heart,https://www.collegehockeynews.com/reports/team/Sacred-Heart/51,51,False,True,https://www.collegehockeynews.com/box/final/20251024/sac/osu/,https://www.collegehockeynews.com/box/metrics.php?gd=110927,,college_hockey_news,https://www.collegehockeynews.com/schedules/team/Ohio-State/44/20252026,Big Ten,Atlantic Hockey
2025-26,Ohio State,2025-10-25,Sat,W,3,0,True,False,False,Sacred Heart,https://www.collegehockeynews.com/reports/team/Sacred-Heart/51,51,False,False,https://www.collegehockeynews.com/box/final/20251025/sac/osu/,https://www.collegehockeynews.com/box/metrics.php?gd=110928,,college_hockey_news,https://www.collegehockeynews.com/schedules/team/Ohio-State/44/20252026,Big Ten,Atlantic Hockey
2025-26,Ohio State,2025-10-30,Thu,L,2,3,True,False,False,Penn State,https://www.collegehockeynews.com/reports/team/Penn-State/60,60,True,False,https://www.collegehockeynews.com/box/final/20251030/psu/osu/,https://www.collegehockeynews.com/box/metrics.php?gd=111419,,college_hockey_news,https://www.collegehockeynews.com/schedules/team/Ohio-State/44/20252026,Big Ten,Big Ten
2025-26,Ohio State,2025-10-31,Fri,L,3,4,True,False,False,Penn State,https://www.collegehockeynews.com/reports/team/Penn-State/60,60,True,False,https://www.collegehockeynews.com/box/final/20251031/psu/osu/,https://www.collegehockeynews.com/box/metrics.php?gd=111420,,college_hockey_news,https://www.collegehockeynews.com/schedules/team/Ohio-State/44/20252026,Big Ten,Big Ten
2025-26,Ohio State,2025-11-14,Fri,W,5,1,False,True,False,Wisconsin,https://www.collegehockeynews.com/reports/team/Wisconsin/58,58,True,False,https://www.collegehockeynews.com/box/final/20251114/osu/wis/,https://www.collegehockeynews.com/box/metrics.php?gd=111467,,college_hockey_news,https://www.collegehockeynews.com/schedules/team/Ohio-State/44/20252026,Big Ten,Big Ten
2025-26,Ohio State,2025-11-15,Sat,L,5,6,False,True,False,Wisconsin,https://www.collegehockeynews.com/reports/team/Wisconsin/58,58,True,True,https://www.collegehockeynews.com/box/final/20251115/osu/wis/,https://www.collegehockeynews.com/box/metrics.php?gd=111468,,college_hockey_news,https://www.collegehockeynews.com/schedules/team/Ohio-State/44/20252026,Big Ten,Big Ten
2025-26,Ohio State,2025-11-21,Fri,L,2,5,False,True,False,Michigan,https://www.collegehockeynews.com/reports/team/Michigan/31,31,True,False,https://www.collegehockeynews.com/box/final/20251121/osu/mic/,https://www.collegehockeynews.com/box/metrics.php?gd=111479,,college_hockey_news,https://www.collegehockeynews.com/schedules/team/Ohio-State/44/20252026,Big Ten,Big Ten
2025-26,Ohio State,2025-11-22,Sat,L,1,8,False,True,False,Michigan,https://www.collegehockeynews.com/reports/team/Michigan/31,31,True,False,https://www.collegehockeynews.com/box/final/20251122/osu/mic/,https://www.collegehockeynews.com/box/metrics.php?gd=111480,,college_hockey_news,https://www.collegehockeynews.com/schedules/team/Ohio-State/44/20252026,Big Ten,Big Ten
2025-26,Ohio State,2025-11-28,Fri,L,2,3,False,True,False,Arizona State,https://www.collegehockeynews.com/reports/team/Arizona-State/61,61,False,True,https://www.collegehockeynews.com/box/final/20251128/osu/asu/,https://www.collegehockeynews.com/box/metrics.php?gd=110382,,college_hockey_news,https://www.collegehockeynews.com/schedules/team/Ohio-State/44/20252026,Big Ten,NCHC
2025-26,Ohio State,2025-11-29,Sat,L,3,4,False,True,False,Arizona State,https://www.collegehockeynews.com/reports/team/Arizona-State/61,61,False,True,https://www.collegehockeynews.com/box/final/20251129/osu/asu/,https://www.collegehockeynews.com/box/metrics.php?gd=110383,,college_hockey_news,https://www.collegehockeynews.com/schedules/team/Ohio-State/44/20252026,Big Ten,NCHC
2025-26,Ohio State,2025-12-04,Thu,L,3,6,True,False,False,Minnesota,https://www.collegehockeynews.com/reports/team/Minnesota/34,34,True,False,https://www.collegehockeynews.com/box/final/20251204/min/osu/,https://www.collegehockeynews.com/box/metrics.php?gd=111481,,college_hockey_news,https://www.collegehockeynews.com/schedules/team/Ohio-State/44/20252026,Big Ten,Big Ten
2025-26,Ohio State,2025-12-05,Fri,W,6,5,True,False,False,Minnesota,https://www.collegehockeynews.com/reports/team/Minnesota/34,34,True,True,https://www.collegehockeynews.com/box/final/20251205/min/osu/,https://www.collegehockeynews.com/box/metrics.php?gd=111482,,college_hockey_news,https://www.collegehockeynews.com/schedules/team/Ohio-State/44/20252026,Big Ten,Big Ten
2025-26,Ohio State,2026-01-02,Fri,T,2,2,True,False,False,Bowling Green,https://www.collegehockeynews.com/reports/team/Bowling-Green/11,11,False,True,https://www.collegehockeynews.com/box/final/20260102/bgs/osu/,https://www.collegehockeynews.com/box/metrics.php?gd=110980,,college_hockey_news,https://www.collegehockeynews.com/schedules/team/Ohio-State/44/20252026,Big Ten,CCHA
2025-26,Ohio State,2026-01-03,Sat,L,3,5,False,True,False,Bowling Green,https://www.collegehockeynews.com/reports/team/Bowling-Green/11,11,False,False,https://www.collegehockeynews.com/box/final/20260103/osu/bgs/,https://www.collegehockeynews.com/box/metrics.php?gd=110981,,college_hockey_news,https://www.collegehockeynews.com/schedules/team/Ohio-State/44/20252026,Big Ten,CCHA
2025-26,Ohio State,2026-01-09,Fri,L,2,6,True,False,False,Michigan State,https://www.collegehockeynews.com/reports/team/Michigan-State/32,32,True,False,https://www.collegehockeynews.com/box/final/20260109/msu/osu/,https://www.collegehockeynews.com/box/metrics.php?gd=111449,,college_hockey_news,https://www.collegehockeynews.com/schedules/team/Ohio-State/44/20252026,Big Ten,Big Ten
2025-26,Ohio State,2026-01-10,Sat,W,2,1,True,False,False,Michigan State,https://www.collegehockeynews.com/reports/team/Michigan-State/32,32,True,False,https://www.collegehockeynews.com/box/final/20260110/msu/osu/,https://www.collegehockeynews.com/box/metrics.php?gd=111450,,college_hockey_news,https://www.collegehockeynews.com/schedules/team/Ohio-State/44/20252026,Big Ten,Big Ten
2025-26,Ohio State,2026-01-23,Fri,W,4,2,False,True,False,Notre Dame,https://www.collegehockeynews.com/reports/team/Notre-Dame/43,43,True,False,https://www.collegehockeynews.com/box/final/20260123/osu/ndm/,https://www.collegehockeynews.com/box/metrics.php?gd=111483,,college_hockey_news,https://www.collegehockeynews.com/schedules/team/Ohio-State/44/20252026,Big Ten,Big Ten
2025-26,Ohio State,2026-01-24,Sat,L,1,6,False,True,False,Notre Dame,https://www.collegehockeynews.com/reports/team/Notre-Dame/43,43,True,False,https://www.collegehockeynews.com/box/final/20260124/osu/ndm/,https://www.collegehockeynews.com/box/metrics.php?gd=111484,,college_hockey_news,https://www.collegehockeynews.com/schedules/team/Ohio-State/44/20252026,Big Ten,Big Ten
2025-26,Ohio State,2026-01-30,Fri,L,4,6,True,False,False,Michigan,https://www.collegehockeynews.com/reports/team/Michigan/31,31,True,False,https://www.collegehockeynews.com/box/final/20260130/mic/osu/,https://www.collegehockeynews.com/box/metrics.php?gd=111485,,college_hockey_news,https://www.collegehockeynews.com/schedules/team/Ohio-State/44/20252026,Big Ten,Big Ten
2025-26,Ohio State,2026-01-31,Sat,L,2,3,True,False,False,Michigan,https://www.collegehockeynews.com/reports/team/Michigan/31,31,True,True,https://www.collegehockeynews.com/box/final/20260131/mic/osu/,https://www.collegehockeynews.com/box/metrics.php?gd=111486,,college_hockey_news,https://www.collegehockeynews.com/schedules/team/Ohio-State/44/20252026,Big Ten,Big Ten
2025-26,Ohio State,2026-02-06,Fri,W,6,2,False,True,False,Minnesota,https://www.collegehockeynews.com/reports/team/Minnesota/34,34,True,False,https://www.collegehockeynews.com/box/final/20260206/osu/min/,https://www.collegehockeynews.com/box/metrics.php?gd=111487,,college_hockey_news,https://www.collegehockeynews.com/schedules/team/Ohio-State/44/20252026,Big Ten,Big Ten
2025-26,Ohio State,2026-02-07,Sat,W,2,1,False,True,False,Minnesota,https://www.collegehockeynews.com/reports/team/Minnesota/34,34,True,False,https://www.collegehockeynews.com/box/final/20260207/osu/min/,https://www.collegehockeynews.com/box/metrics.php?gd=111488,,college_hockey_news,https://www.collegehockeynews.com/schedules/team/Ohio-State/44/20252026,Big Ten,Big Ten
2025-26,Ohio State,2026-02-13,Fri,L,2,4,True,False,False,Wisconsin,https://www.collegehockeynews.com/reports/team/Wisconsin/58,58,True,False,https://www.collegehockeynews.com/box/final/20260213/wis/osu/,https://www.collegehockeynews.com/box/metrics.php?gd=111475,,college_hockey_news,https://www.collegehockeynews.com/schedules/team/Ohio-State/44/20252026,Big Ten,Big Ten
2025-26,Ohio State,2026-02-14,Sat,W,3,2,True,False,False,Wisconsin,https://www.collegehockeynews.com/reports/team/Wisconsin/58,58,True,False,https://www.collegehockeynews.com/box/final/20260214/wis/osu/,https://www.collegehockeynews.com/box/metrics.php?gd=111476,,college_hockey_news,https://www.collegehockeynews.com/schedules/team/Ohio-State/44/20252026,Big Ten,Big Ten
2025-26,Ohio State,2026-02-20,Fri,L,4,11,False,True,False,Penn State,https://www.collegehockeynews.com/reports/team/Penn-State/60,60,True,False,https://www.collegehockeynews.com/box/final/20260220/osu/psu/,https://www.collegehockeynews.com/box/metrics.php?gd=111437,,college_hockey_news,https://www.collegehockeynews.com/schedules/team/Ohio-State/44/20252026,Big Ten,Big Ten
2025-26,Ohio State,2026-02-21,Sat,L,4,5,False,True,False,Penn State,https://www.collegehockeynews.com/reports/team/Penn-State/60,60,True,True,https://www.collegehockeynews.com/box/final/20260221/osu/psu/,https://www.collegehockeynews.com/box/metrics.php?gd=111438,,college_hockey_news,https://www.collegehockeynews.com/schedules/team/Ohio-State/44/20252026,Big Ten,Big Ten
2025-26,Ohio State,2026-02-27,Fri,W,5,1,False,True,False,Michigan State,https://www.collegehockeynews.com/reports/team/Michigan-State/32,32,True,False,https://www.collegehockeynews.com/box/final/20260227/osu/msu/,https://www.collegehockeynews.com/box/metrics.php?gd=111459,,college_hockey_news,https://www.collegehockeynews.com/schedules/team/Ohio-State/44/20252026,Big Ten,Big Ten
2025-26,Ohio State,2026-02-28,Sat,T-SOL,3,3,False,True,False,Michigan State,https://www.collegehockeynews.com/reports/team/Michigan-State/32,32,True,True,https://www.collegehockeynews.com/box/final/20260228/osu/msu/,https://www.collegehockeynews.com/box/metrics.php?gd=111460,,college_hockey_news,https://www.collegehockeynews.com/schedules/team/Ohio-State/44/20252026,Big Ten,Big Ten
2025-26,Ohio State,2026-03-05,Thu,L,4,5,True,False,False,Notre Dame,https://www.collegehockeynews.com/reports/team/Notre-Dame/43,43,True,True,https://www.collegehockeynews.com/box/final/20260305/ndm/osu/,https://www.collegehockeynews.com/box/metrics.php?gd=111489,,college_hockey_news,https://www.collegehockeynews.com/schedules/team/Ohio-State/44/20252026,Big Ten,Big Ten
2025-26,Ohio State,2026-03-06,Fri,L,3,4,True,False,False,Notre Dame,https://www.collegehockeynews.com/reports/team/Notre-Dame/43,43,True,True,https://www.collegehockeynews.com/box/final/20260306/ndm/osu/,https://www.collegehockeynews.com/box/metrics.php?gd=111490,,college_hockey_news,https://www.collegehockeynews.com/schedules/team/Ohio-State/44/20252026,Big Ten,Big Ten
2025-26,Ohio State,2026-03-11,Wed,W,7,1,False,True,False,Wisconsin,https://www.collegehockeynews.com/reports/team/Wisconsin/58,58,False,False,https://www.collegehockeynews.com/box/final/20260311/osu/wis/,https://www.collegehockeynews.com/box/metrics.php?gd=112976,"Big Ten Tournament Big Ten Quarterfinal – Kohl Center, Madison, Wis.",college_hockey_news,https://www.collegehockeynews.com/schedules/team/Ohio-State/44/20252026,Big Ten,Big Ten
2025-26,Ohio State,2026-03-14,Sat,W,3,2,False,True,False,Michigan State,https://www.collegehockeynews.com/reports/team/Michigan-State/32,32,False,True,https://www.collegehockeynews.com/box/final/20260314/osu/msu/,https://www.collegehockeynews.com/box/metrics.php?gd=112981,"Big Ten Tournament Big Ten Semifinal – Munn Ice Arena, East Lansing, Mich.",college_hockey_news,https://www.collegehockeynews.com/schedules/team/Ohio-State/44/20252026,Big Ten,Big Ten
2025-26,Ohio State,2026-03-21,Sat,L,3,7,False,True,False,Michigan,https://www.collegehockeynews.com/reports/team/Michigan/31,31,False,False,https://www.collegehockeynews.com/box/final/20260321/osu/mic/,https://www.collegehockeynews.com/box/metrics.php?gd=113010,"Big Ten Tournament Big Ten Championship – Yost Ice Arena, Ann Arbor, Mich.",college_hockey_news,https://www.collegehockeynews.com/schedules/team/Ohio-State/44/20252026,Big Ten,Big Ten
2025-26,Penn State,2025-10-03,Fri,W,6,3,False,True,False,Arizona State,https://www.collegehockeynews.com/reports/team/Arizona-State/61,61,False,False,https://www.collegehockeynews.com/box/final/20251003/psu/asu/,https://www.collegehockeynews.com/box/metrics.php?gd=110368,,college_hockey_news,https://www.collegehockeynews.com/schedules/team/Penn-State/60/20252026,Big Ten,NCHC
2025-26,Penn State,2025-10-04,Sat,W,4,2,False,True,False,Arizona State,https://www.collegehockeynews.com/reports/team/Arizona-State/61,61,False,False,https://www.collegehockeynews.com/box/final/20251004/psu/asu/,https://www.collegehockeynews.com/box/metrics.php?gd=110369,,college_hockey_news,https://www.collegehockeynews.com/schedules/team/Penn-State/60/20252026,Big Ten,NCHC
2025-26,Penn State,2025-10-09,Thu,L,4,6,True,False,False,Clarkson,https://www.collegehockeynews.com/reports/team/Clarkson/14,14,False,False,https://www.collegehockeynews.com/box/final/20251009/clk/psu/,https://www.collegehockeynews.com/box/metrics.php?gd=110439,,college_hockey_news,https://www.collegehockeynews.com/schedules/team/Penn-State/60/20252026,Big Ten,ECAC
2025-26,Penn State,2025-10-10,Fri,W,5,2,True,False,False,Clarkson,https://www.collegehockeynews.com/reports/team/Clarkson/14,14,False,False,https://www.collegehockeynews.com/box/final/20251010/clk/psu/,https://www.collegehockeynews.com/box/metrics.php?gd=110440,,college_hockey_news,https://www.collegehockeynews.com/schedules/team/Penn-State/60/20252026,Big Ten,ECAC
2025-26,Penn State,2025-10-17,Fri,W,5,4,True,False,False,Long Island,https://www.collegehockeynews.com/reports/team/Long-Island/62,62,False,True,https://www.collegehockeynews.com/box/final/20251017/liu/psu/,https://www.collegehockeynews.com/box/metrics.php?gd=111201,,college_hockey_news,https://www.collegehockeynews.com/schedules/team/Penn-State/60/20252026,Big Ten,Independent
2025-26,Penn State,2025-10-18,Sat,W,3,0,True,False,False,Long Island,https://www.collegehockeynews.com/reports/team/Long-Island/62,62,False,False,https://www.collegehockeynews.com/box/final/20251018/liu/psu/,https://www.collegehockeynews.com/box/metrics.php?gd=111202,,college_hockey_news,https://www.collegehockeynews.com/schedules/team/Penn-State/60/20252026,Big Ten,Independent
2025-26,Penn State,2025-10-24,Fri,W,3,2,True,False,False,Stonehill,https://www.collegehockeynews.com/reports/team/Stonehill/422,422,False,False,https://www.collegehockeynews.com/box/final/20251024/stn/psu/,https://www.collegehockeynews.com/box/metrics.php?gd=111203,,college_hockey_news,https://www.collegehockeynews.com/schedules/team/Penn-State/60/20252026,Big Ten,Independent
2025-26,Penn State,2025-10-25,Sat,W,4,2,True,False,False,Stonehill,https://www.collegehockeynews.com/reports/team/Stonehill/422,422,False,False,https://www.collegehockeynews.com/box/final/20251025/stn/psu/,https://www.collegehockeynews.com/box/metrics.php?gd=111204,,college_hockey_news,https://www.collegehockeynews.com/schedules/team/Penn-State/60/20252026,Big Ten,Independent
2025-26,Penn State,2025-10-30,Thu,W,3,2,False,True,False,Ohio State,https://www.collegehockeynews.com/reports/team/Ohio-State/44,44,True,False,https://www.collegehockeynews.com/box/final/20251030/psu/osu/,https://www.collegehockeynews.com/box/metrics.php?gd=111419,,college_hockey_news,https://www.collegehockeynews.com/schedules/team/Penn-State/60/20252026,Big Ten,Big Ten
2025-26,Penn State,2025-10-31,Fri,W,4,3,False,True,False,Ohio State,https://www.collegehockeynews.com/reports/team/Ohio-State/44,44,True,False,https://www.collegehockeynews.com/box/final/20251031/psu/osu/,https://www.collegehockeynews.com/box/metrics.php?gd=111420,,college_hockey_news,https://www.collegehockeynews.com/schedules/team/Penn-State/60/20252026,Big Ten,Big Ten
2025-26,Penn State,2025-11-07,Fri,L,1,2,False,True,False,Michigan State,https://www.collegehockeynews.com/reports/team/Michigan-State/32,32,True,True,https://www.collegehockeynews.com/box/final/20251107/psu/msu/,https://www.collegehockeynews.com/box/metrics.php?gd=111421,,college_hockey_news,https://www.collegehockeynews.com/schedules/team/Penn-State/60/20252026,Big Ten,Big Ten
2025-26,Penn State,2025-11-08,Sat,L,0,5,False,True,False,Michigan State,https://www.collegehockeynews.com/reports/team/Michigan-State/32,32,True,False,https://www.collegehockeynews.com/box/final/20251108/psu/msu/,https://www.collegehockeynews.com/box/metrics.php?gd=111422,,college_hockey_news,https://www.collegehockeynews.com/schedules/team/Penn-State/60/20252026,Big Ten,Big Ten
2025-26,Penn State,2025-11-14,Fri,L,1,7,True,False,False,Michigan,https://www.collegehockeynews.com/reports/team/Michigan/31,31,True,False,https://www.collegehockeynews.com/box/final/20251114/mic/psu/,https://www.collegehockeynews.com/box/metrics.php?gd=111423,,college_hockey_news,https://www.collegehockeynews.com/schedules/team/Penn-State/60/20252026,Big Ten,Big Ten
2025-26,Penn State,2025-11-15,Sat,W,4,2,True,False,False,Michigan,https://www.collegehockeynews.com/reports/team/Michigan/31,31,True,False,https://www.collegehockeynews.com/box/final/20251115/mic/psu/,https://www.collegehockeynews.com/box/metrics.php?gd=111424,,college_hockey_news,https://www.collegehockeynews.com/schedules/team/Penn-State/60/20252026,Big Ten,Big Ten
2025-26,Penn State,2025-11-21,Fri,L,2,3,False,True,False,Minnesota,https://www.collegehockeynews.com/reports/team/Minnesota/34,34,True,False,https://www.collegehockeynews.com/box/final/20251121/psu/min/,https://www.collegehockeynews.com/box/metrics.php?gd=111425,,college_hockey_news,https://www.collegehockeynews.com/schedules/team/Penn-State/60/20252026,Big Ten,Big Ten
2025-26,Penn State,2025-11-22,Sat,W,2,1,False,True,False,Minnesota,https://www.collegehockeynews.com/reports/team/Minnesota/34,34,True,False,https://www.collegehockeynews.com/box/final/20251122/psu/min/,https://www.collegehockeynews.com/box/metrics.php?gd=111426,,college_hockey_news,https://www.collegehockeynews.com/schedules/team/Penn-State/60/20252026,Big Ten,Big Ten
2025-26,Penn State,2026-01-03,Sat,L,0,1,False,True,False,RIT,https://www.collegehockeynews.com/reports/team/RIT/49,49,False,False,https://www.collegehockeynews.com/box/final/20260103/psu/rit/,https://www.collegehockeynews.com/box/metrics.php?gd=110730,,college_hockey_news,https://www.collegehockeynews.com/schedules/team/Penn-State/60/20252026,Big Ten,Atlantic Hockey
2025-26,Penn State,2026-01-04,Sun,W,7,3,True,False,False,RIT,https://www.collegehockeynews.com/reports/team/RIT/49,49,False,False,https://www.collegehockeynews.com/box/final/20260104/rit/psu/,https://www.collegehockeynews.com/box/metrics.php?gd=110729,,college_hockey_news,https://www.collegehockeynews.com/schedules/team/Penn-State/60/20252026,Big Ten,Atlantic Hockey
2025-26,Penn State,2026-01-09,Fri,W,3,0,True,False,False,Minnesota,https://www.collegehockeynews.com/reports/team/Minnesota/34,34,True,False,https://www.collegehockeynews.com/box/final/20260109/min/psu/,https://www.collegehockeynews.com/box/metrics.php?gd=111427,,college_hockey_news,https://www.collegehockeynews.com/schedules/team/Penn-State/60/20252026,Big Ten,Big Ten
2025-26,Penn State,2026-01-10,Sat,W,5,2,True,False,False,Minnesota,https://www.collegehockeynews.com/reports/team/Minnesota/34,34,True,False,https://www.collegehockeynews.com/box/final/20260110/min/psu/,https://www.collegehockeynews.com/box/metrics.php?gd=111428,,college_hockey_news,https://www.collegehockeynews.com/schedules/team/Penn-State/60/20252026,Big Ten,Big Ten
2025-26,Penn State,2026-01-16,Fri,W,4,1,True,False,False,Notre Dame,https://www.collegehockeynews.com/reports/team/Notre-Dame/43,43,True,False,https://www.collegehockeynews.com/box/final/20260116/ndm/psu/,https://www.collegehockeynews.com/box/metrics.php?gd=111429,,college_hockey_news,https://www.collegehockeynews.com/schedules/team/Penn-State/60/20252026,Big Ten,Big Ten
2025-26,Penn State,2026-01-17,Sat,W,6,3,True,False,False,Notre Dame,https://www.collegehockeynews.com/reports/team/Notre-Dame/43,43,True,False,https://www.collegehockeynews.com/box/final/20260117/ndm/psu/,https://www.collegehockeynews.com/box/metrics.php?gd=111430,,college_hockey_news,https://www.collegehockeynews.com/schedules/team/Penn-State/60/20252026,Big Ten,Big Ten
2025-26,Penn State,2026-01-23,Fri,W,7,2,False,True,False,Wisconsin,https://www.collegehockeynews.com/reports/team/Wisconsin/58,58,True,False,https://www.collegehockeynews.com/box/final/20260123/psu/wis/,https://www.collegehockeynews.com/box/metrics.php?gd=111431,,college_hockey_news,https://www.collegehockeynews.com/schedules/team/Penn-State/60/20252026,Big Ten,Big Ten
2025-26,Penn State,2026-01-24,Sat,W,3,1,False,True,False,Wisconsin,https://www.collegehockeynews.com/reports/team/Wisconsin/58,58,True,False,https://www.collegehockeynews.com/box/final/20260124/psu/wis/,https://www.collegehockeynews.com/box/metrics.php?gd=111432,,college_hockey_news,https://www.collegehockeynews.com/schedules/team/Penn-State/60/20252026,Big Ten,Big Ten
2025-26,Penn State,2026-01-30,Fri,L,3,6,True,False,False,Michigan State,https://www.collegehockeynews.com/reports/team/Michigan-State/32,32,True,False,https://www.collegehockeynews.com/box/final/20260130/msu/psu/,https://www.collegehockeynews.com/box/metrics.php?gd=111434,,college_hockey_news,https://www.collegehockeynews.com/schedules/team/Penn-State/60/20252026,Big Ten,Big Ten
2025-26,Penn State,2026-01-31,Sat,L,4,5,True,False,False,Michigan State,https://www.collegehockeynews.com/reports/team/Michigan-State/32,32,True,True,https://www.collegehockeynews.com/box/final/20260131/msu/psu/,https://www.collegehockeynews.com/box/metrics.php?gd=111433,"at Beaver Stadium, University Park, Pa.",college_hockey_news,https://www.collegehockeynews.com/schedules/team/Penn-State/60/20252026,Big Ten,Big Ten
2025-26,Penn State,2026-02-13,Fri,T-SOL,4,4,False,True,False,Michigan,https://www.collegehockeynews.com/reports/team/Michigan/31,31,True,True,https://www.collegehockeynews.com/box/final/20260213/psu/mic/,https://www.collegehockeynews.com/box/metrics.php?gd=111435,,college_hockey_news,https://www.collegehockeynews.com/schedules/team/Penn-State/60/20252026,Big Ten,Big Ten
2025-26,Penn State,2026-02-14,Sat,L,3,6,False,True,False,Michigan,https://www.collegehockeynews.com/reports/team/Michigan/31,31,True,False,https://www.collegehockeynews.com/box/final/20260214/psu/mic/,https://www.collegehockeynews.com/box/metrics.php?gd=111436,,college_hockey_news,https://www.collegehockeynews.com/schedules/team/Penn-State/60/20252026,Big Ten,Big Ten
2025-26,Penn State,2026-02-20,Fri,W,11,4,True,False,False,Ohio State,https://www.collegehockeynews.com/reports/team/Ohio-State/44,44,True,False,https://www.collegehockeynews.com/box/final/20260220/osu/psu/,https://www.collegehockeynews.com/box/metrics.php?gd=111437,,college_hockey_news,https://www.collegehockeynews.com/schedules/team/Penn-State/60/20252026,Big Ten,Big Ten
2025-26,Penn State,2026-02-21,Sat,W,5,4,True,False,False,Ohio State,https://www.collegehockeynews.com/reports/team/Ohio-State/44,44,True,True,https://www.collegehockeynews.com/box/final/20260221/osu/psu/,https://www.collegehockeynews.com/box/metrics.php?gd=111438,,college_hockey_news,https://www.collegehockeynews.com/schedules/team/Penn-State/60/20252026,Big Ten,Big Ten
2025-26,Penn State,2026-02-27,Fri,T-SOW,3,3,False,True,False,Notre Dame,https://www.collegehockeynews.com/reports/team/Notre-Dame/43,43,True,True,https://www.collegehockeynews.com/box/final/20260227/psu/ndm/,https://www.collegehockeynews.com/box/metrics.php?gd=111439,,college_hockey_news,https://www.collegehockeynews.com/schedules/team/Penn-State/60/20252026,Big Ten,Big Ten
2025-26,Penn State,2026-02-28,Sat,L,3,4,False,True,False,Notre Dame,https://www.collegehockeynews.com/reports/team/Notre-Dame/43,43,True,True,https://www.collegehockeynews.com/box/final/20260228/psu/ndm/,https://www.collegehockeynews.com/box/metrics.php?gd=111440,,college_hockey_news,https://www.collegehockeynews.com/schedules/team/Penn-State/60/20252026,Big Ten,Big Ten
2025-26,Penn State,2026-03-05,Thu,L,3,7,True,False,False,Wisconsin,https://www.collegehockeynews.com/reports/team/Wisconsin/58,58,True,False,https://www.collegehockeynews.com/box/final/20260305/wis/psu/,https://www.collegehockeynews.com/box/metrics.php?gd=111441,,college_hockey_news,https://www.collegehockeynews.com/schedules/team/Penn-State/60/20252026,Big Ten,Big Ten
2025-26,Penn State,2026-03-06,Fri,L,2,5,True,False,False,Wisconsin,https://www.collegehockeynews.com/reports/team/Wisconsin/58,58,True,False,https://www.collegehockeynews.com/box/final/20260306/wis/psu/,https://www.collegehockeynews.com/box/metrics.php?gd=111442,,college_hockey_news,https://www.collegehockeynews.com/schedules/team/Penn-State/60/20252026,Big Ten,Big Ten
2025-26,Penn State,2026-03-11,Wed,W,6,2,True,False,False,Minnesota,https://www.collegehockeynews.com/reports/team/Minnesota/34,34,False,False,https://www.collegehockeynews.com/box/final/20260311/min/psu/,https://www.collegehockeynews.com/box/metrics.php?gd=112975,Big Ten Tournament Big Ten Quarterfinal,college_hockey_news,https://www.collegehockeynews.com/schedules/team/Penn-State/60/20252026,Big Ten,Big Ten
2025-26,Penn State,2026-03-14,Sat,L,2,5,False,True,False,Michigan,https://www.collegehockeynews.com/reports/team/Michigan/31,31,False,False,https://www.collegehockeynews.com/box/final/20260314/psu/mic/,https://www.collegehockeynews.com/box/metrics.php?gd=113009,"Big Ten Tournament Big Ten Semifinal – Yost Ice Arena, Ann Arbor, Mich.",college_hockey_news,https://www.collegehockeynews.com/schedules/team/Penn-State/60/20252026,Big Ten,Big Ten
2025-26,Penn State,2026-03-27,Fri,L,1,3,False,False,True,Minnesota-Duluth,https://www.collegehockeynews.com/reports/team/Minnesota-Duluth/36,36,False,False,https://www.collegehockeynews.com/box/final/20260327/psu/mnd/,https://www.collegehockeynews.com/box/metrics.php?gd=112913,"NCAA Tournament Albany Regional – MVP Arena, Albany, N.Y.",college_hockey_news,https://www.collegehockeynews.com/schedules/team/Penn-State/60/20252026,Big Ten,NCHC
2025-26,Wisconsin,2025-10-03,Fri,W,3,0,False,True,False,Lindenwood,https://www.collegehockeynews.com/reports/team/Lindenwood/433,433,False,False,https://www.collegehockeynews.com/box/final/20251003/wis/lin/,https://www.collegehockeynews.com/box/metrics.php?gd=111352,,college_hockey_news,https://www.collegehockeynews.com/schedules/team/Wisconsin/58/20252026,Big Ten,Independent
2025-26,Wisconsin,2025-10-04,Sat,W,7,2,False,True,False,Lindenwood,https://www.collegehockeynews.com/reports/team/Lindenwood/433,433,False,False,https://www.collegehockeynews.com/box/final/20251004/wis/lin/,https://www.collegehockeynews.com/box/metrics.php?gd=111353,,college_hockey_news,https://www.collegehockeynews.com/schedules/team/Wisconsin/58/20252026,Big Ten,Independent
2025-26,Wisconsin,2025-10-16,Thu,T,1,1,True,False,False,Minnesota State,https://www.collegehockeynews.com/reports/team/Minnesota-State/35,35,False,True,https://www.collegehockeynews.com/box/final/20251016/mns/wis/,https://www.collegehockeynews.com/box/metrics.php?gd=110596,,college_hockey_news,https://www.collegehockeynews.com/schedules/team/Wisconsin/58/20252026,Big Ten,CCHA
2025-26,Wisconsin,2025-10-17,Fri,T,2,2,True,False,False,Minnesota State,https://www.collegehockeynews.com/reports/team/Minnesota-State/35,35,False,True,https://www.collegehockeynews.com/box/final/20251017/mns/wis/,https://www.collegehockeynews.com/box/metrics.php?gd=110597,,college_hockey_news,https://www.collegehockeynews.com/schedules/team/Wisconsin/58/20252026,Big Ten,CCHA
2025-26,Wisconsin,2025-10-24,Fri,W,5,3,True,False,False,Alaska,https://www.collegehockeynews.com/reports/team/Alaska/4,4,False,False,https://www.collegehockeynews.com/box/final/20251024/akf/wis/,https://www.collegehockeynews.com/box/metrics.php?gd=111334,,college_hockey_news,https://www.collegehockeynews.com/schedules/team/Wisconsin/58/20252026,Big Ten,Independent
2025-26,Wisconsin,2025-10-25,Sat,W,4,1,True,False,False,Alaska,https://www.collegehockeynews.com/reports/team/Alaska/4,4,False,False,https://www.collegehockeynews.com/box/final/20251025/akf/wis/,https://www.collegehockeynews.com/box/metrics.php?gd=111335,,college_hockey_news,https://www.collegehockeynews.com/schedules/team/Wisconsin/58/20252026,Big Ten,Independent
2025-26,Wisconsin,2025-10-30,Thu,W,5,2,True,False,False,Minnesota,https://www.collegehockeynews.com/reports/team/Minnesota/34,34,True,False,https://www.collegehockeynews.com/box/final/20251030/min/wis/,https://www.collegehockeynews.com/box/metrics.php?gd=111463,,college_hockey_news,https://www.collegehockeynews.com/schedules/team/Wisconsin/58/20252026,Big Ten,Big Ten
2025-26,Wisconsin,2025-11-01,Sat,W,4,0,True,False,False,Minnesota,https://www.collegehockeynews.com/reports/team/Minnesota/34,34,True,False,https://www.collegehockeynews.com/box/final/20251101/min/wis/,https://www.collegehockeynews.com/box/metrics.php?gd=111464,,college_hockey_news,https://www.collegehockeynews.com/schedules/team/Wisconsin/58/20252026,Big Ten,Big Ten
2025-26,Wisconsin,2025-11-07,Fri,L,4,7,False,True,False,Michigan,https://www.collegehockeynews.com/reports/team/Michigan/31,31,True,False,https://www.collegehockeynews.com/box/final/20251107/wis/mic/,https://www.collegehockeynews.com/box/metrics.php?gd=111465,,college_hockey_news,https://www.collegehockeynews.com/schedules/team/Wisconsin/58/20252026,Big Ten,Big Ten
2025-26,Wisconsin,2025-11-08,Sat,W,6,1,False,True,False,Michigan,https://www.collegehockeynews.com/reports/team/Michigan/31,31,True,False,https://www.collegehockeynews.com/box/final/20251108/wis/mic/,https://www.collegehockeynews.com/box/metrics.php?gd=111466,,college_hockey_news,https://www.collegehockeynews.com/schedules/team/Wisconsin/58/20252026,Big Ten,Big Ten
2025-26,Wisconsin,2025-11-14,Fri,L,1,5,True,False,False,Ohio State,https://www.collegehockeynews.com/reports/team/Ohio-State/44,44,True,False,https://www.collegehockeynews.com/box/final/20251114/osu/wis/,https://www.collegehockeynews.com/box/metrics.php?gd=111467,,college_hockey_news,https://www.collegehockeynews.com/schedules/team/Wisconsin/58/20252026,Big Ten,Big Ten
2025-26,Wisconsin,2025-11-15,Sat,W,6,5,True,False,False,Ohio State,https://www.collegehockeynews.com/reports/team/Ohio-State/44,44,True,True,https://www.collegehockeynews.com/box/final/20251115/osu/wis/,https://www.collegehockeynews.com/box/metrics.php?gd=111468,,college_hockey_news,https://www.collegehockeynews.com/schedules/team/Wisconsin/58/20252026,Big Ten,Big Ten
2025-26,Wisconsin,2025-11-21,Fri,W,5,4,False,True,False,Michigan State,https://www.collegehockeynews.com/reports/team/Michigan-State/32,32,True,False,https://www.collegehockeynews.com/box/final/20251121/wis/msu/,https://www.collegehockeynews.com/box/metrics.php?gd=111445,,college_hockey_news,https://www.collegehockeynews.com/schedules/team/Wisconsin/58/20252026,Big Ten,Big Ten
2025-26,Wisconsin,2025-11-22,Sat,W,2,1,False,True,False,Michigan State,https://www.collegehockeynews.com/reports/team/Michigan-State/32,32,True,True,https://www.collegehockeynews.com/box/final/20251122/wis/msu/,https://www.collegehockeynews.com/box/metrics.php?gd=111446,,college_hockey_news,https://www.collegehockeynews.com/schedules/team/Wisconsin/58/20252026,Big Ten,Big Ten
2025-26,Wisconsin,2025-12-05,Fri,W,7,4,False,True,False,Notre Dame,https://www.collegehockeynews.com/reports/team/Notre-Dame/43,43,True,False,https://www.collegehockeynews.com/box/final/20251205/wis/ndm/,https://www.collegehockeynews.com/box/metrics.php?gd=111469,,college_hockey_news,https://www.collegehockeynews.com/schedules/team/Wisconsin/58/20252026,Big Ten,Big Ten
2025-26,Wisconsin,2025-12-06,Sat,W,9,2,False,True,False,Notre Dame,https://www.collegehockeynews.com/reports/team/Notre-Dame/43,43,True,False,https://www.collegehockeynews.com/box/final/20251206/wis/ndm/,https://www.collegehockeynews.com/box/metrics.php?gd=111470,,college_hockey_news,https://www.collegehockeynews.com/schedules/team/Wisconsin/58/20252026,Big Ten,Big Ten
2025-26,Wisconsin,2025-12-28,Sun,W,3,2,False,False,True,Lake Superior,https://www.collegehockeynews.com/reports/team/Lake-Superior/24,24,False,False,https://www.collegehockeynews.com/box/final/20251228/lss/wis/,https://www.collegehockeynews.com/box/metrics.php?gd=110642,"Holiday Face-Off – Fiserv Forum, Milwaukee, Wis.",college_hockey_news,https://www.collegehockeynews.com/schedules/team/Wisconsin/58/20252026,Big Ten,CCHA
2025-26,Wisconsin,2025-12-29,Mon,L,1,4,False,False,True,Western Michigan,https://www.collegehockeynews.com/reports/team/Western-Michigan/57,57,False,False,https://www.collegehockeynews.com/box/final/20251229/wmu/wis/,https://www.collegehockeynews.com/box/metrics.php?gd=111260,"Holiday Face-Off – Fiserv Forum, Milwaukee, Wis.",college_hockey_news,https://www.collegehockeynews.com/schedules/team/Wisconsin/58/20252026,Big Ten,NCHC
2025-26,Wisconsin,2026-01-09,Fri,W,5,0,True,False,False,Alaska-Anchorage,https://www.collegehockeynews.com/reports/team/Alaska-Anchorage/3,3,False,False,https://www.collegehockeynews.com/box/final/20260109/aka/wis/,https://www.collegehockeynews.com/box/metrics.php?gd=111372,,college_hockey_news,https://www.collegehockeynews.com/schedules/team/Wisconsin/58/20252026,Big Ten,Independent
2025-26,Wisconsin,2026-01-10,Sat,W,3,2,True,False,False,Alaska-Anchorage,https://www.collegehockeynews.com/reports/team/Alaska-Anchorage/3,3,False,False,https://www.collegehockeynews.com/box/final/20260110/aka/wis/,https://www.collegehockeynews.com/box/metrics.php?gd=111373,,college_hockey_news,https://www.collegehockeynews.com/schedules/team/Wisconsin/58/20252026,Big Ten,Independent
2025-26,Wisconsin,2026-01-15,Thu,L,3,4,True,False,False,Michigan State,https://www.collegehockeynews.com/reports/team/Michigan-State/32,32,True,False,https://www.collegehockeynews.com/box/final/20260115/msu/wis/,https://www.collegehockeynews.com/box/metrics.php?gd=111451,,college_hockey_news,https://www.collegehockeynews.com/schedules/team/Wisconsin/58/20252026,Big Ten,Big Ten
2025-26,Wisconsin,2026-01-16,Fri,L,1,4,True,False,False,Michigan State,https://www.collegehockeynews.com/reports/team/Michigan-State/32,32,True,False,https://www.collegehockeynews.com/box/final/20260116/msu/wis/,https://www.collegehockeynews.com/box/metrics.php?gd=111452,,college_hockey_news,https://www.collegehockeynews.com/schedules/team/Wisconsin/58/20252026,Big Ten,Big Ten
2025-26,Wisconsin,2026-01-23,Fri,L,2,7,True,False,False,Penn State,https://www.collegehockeynews.com/reports/team/Penn-State/60,60,True,False,https://www.collegehockeynews.com/box/final/20260123/psu/wis/,https://www.collegehockeynews.com/box/metrics.php?gd=111431,,college_hockey_news,https://www.collegehockeynews.com/schedules/team/Wisconsin/58/20252026,Big Ten,Big Ten
2025-26,Wisconsin,2026-01-24,Sat,L,1,3,True,False,False,Penn State,https://www.collegehockeynews.com/reports/team/Penn-State/60,60,True,False,https://www.collegehockeynews.com/box/final/20260124/psu/wis/,https://www.collegehockeynews.com/box/metrics.php?gd=111432,,college_hockey_news,https://www.collegehockeynews.com/schedules/team/Wisconsin/58/20252026,Big Ten,Big Ten
2025-26,Wisconsin,2026-01-30,Fri,L,1,4,False,True,False,Minnesota,https://www.collegehockeynews.com/reports/team/Minnesota/34,34,True,False,https://www.collegehockeynews.com/box/final/20260130/wis/min/,https://www.collegehockeynews.com/box/metrics.php?gd=111471,,college_hockey_news,https://www.collegehockeynews.com/schedules/team/Wisconsin/58/20252026,Big Ten,Big Ten
2025-26,Wisconsin,2026-01-31,Sat,L,4,8,False,True,False,Minnesota,https://www.collegehockeynews.com/reports/team/Minnesota/34,34,True,False,https://www.collegehockeynews.com/box/final/20260131/wis/min/,https://www.collegehockeynews.com/box/metrics.php?gd=111472,,college_hockey_news,https://www.collegehockeynews.com/schedules/team/Wisconsin/58/20252026,Big Ten,Big Ten
2025-26,Wisconsin,2026-02-06,Fri,W,6,5,True,False,False,Notre Dame,https://www.collegehockeynews.com/reports/team/Notre-Dame/43,43,True,True,https://www.collegehockeynews.com/box/final/20260206/ndm/wis/,https://www.collegehockeynews.com/box/metrics.php?gd=111473,,college_hockey_news,https://www.collegehockeynews.com/schedules/team/Wisconsin/58/20252026,Big Ten,Big Ten
2025-26,Wisconsin,2026-02-07,Sat,W,5,4,True,False,False,Notre Dame,https://www.collegehockeynews.com/reports/team/Notre-Dame/43,43,True,False,https://www.collegehockeynews.com/box/final/20260207/ndm/wis/,https://www.collegehockeynews.com/box/metrics.php?gd=111474,,college_hockey_news,https://www.collegehockeynews.com/schedules/team/Wisconsin/58/20252026,Big Ten,Big Ten
2025-26,Wisconsin,2026-02-13,Fri,W,4,2,False,True,False,Ohio State,https://www.collegehockeynews.com/reports/team/Ohio-State/44,44,True,False,https://www.collegehockeynews.com/box/final/20260213/wis/osu/,https://www.collegehockeynews.com/box/metrics.php?gd=111475,,college_hockey_news,https://www.collegehockeynews.com/schedules/team/Wisconsin/58/20252026,Big Ten,Big Ten
2025-26,Wisconsin,2026-02-14,Sat,L,2,3,False,True,False,Ohio State,https://www.collegehockeynews.com/reports/team/Ohio-State/44,44,True,False,https://www.collegehockeynews.com/box/final/20260214/wis/osu/,https://www.collegehockeynews.com/box/metrics.php?gd=111476,,college_hockey_news,https://www.collegehockeynews.com/schedules/team/Wisconsin/58/20252026,Big Ten,Big Ten
2025-26,Wisconsin,2026-02-20,Fri,W,4,1,True,False,False,Michigan,https://www.collegehockeynews.com/reports/team/Michigan/31,31,True,False,https://www.collegehockeynews.com/box/final/20260220/mic/wis/,https://www.collegehockeynews.com/box/metrics.php?gd=111477,,college_hockey_news,https://www.collegehockeynews.com/schedules/team/Wisconsin/58/20252026,Big Ten,Big Ten
2025-26,Wisconsin,2026-02-21,Sat,L,1,3,True,False,False,Michigan,https://www.collegehockeynews.com/reports/team/Michigan/31,31,True,False,https://www.collegehockeynews.com/box/final/20260221/mic/wis/,https://www.collegehockeynews.com/box/metrics.php?gd=111478,,college_hockey_news,https://www.collegehockeynews.com/schedules/team/Wisconsin/58/20252026,Big Ten,Big Ten
2025-26,Wisconsin,2026-03-05,Thu,W,7,3,False,True,False,Penn State,https://www.collegehockeynews.com/reports/team/Penn-State/60,60,True,False,https://www.collegehockeynews.com/box/final/20260305/wis/psu/,https://www.collegehockeynews.com/box/metrics.php?gd=111441,,college_hockey_news,https://www.collegehockeynews.com/schedules/team/Wisconsin/58/20252026,Big Ten,Big Ten
2025-26,Wisconsin,2026-03-06,Fri,W,5,2,False,True,False,Penn State,https://www.collegehockeynews.com/reports/team/Penn-State/60,60,True,False,https://www.collegehockeynews.com/box/final/20260306/wis/psu/,https://www.collegehockeynews.com/box/metrics.php?gd=111442,,college_hockey_news,https://www.collegehockeynews.com/schedules/team/Wisconsin/58/20252026,Big Ten,Big Ten
2025-26,Wisconsin,2026-03-11,Wed,L,1,7,True,False,False,Ohio State,https://www.collegehockeynews.com/reports/team/Ohio-State/44,44,False,False,https://www.collegehockeynews.com/box/final/20260311/osu/wis/,https://www.collegehockeynews.com/box/metrics.php?gd=112976,Big Ten Tournament Big Ten Quarterfinal,college_hockey_news,https://www.collegehockeynews.com/schedules/team/Wisconsin/58/20252026,Big Ten,Big Ten
2025-26,Wisconsin,2026-03-26,Thu,W,5,1,False,False,True,Dartmouth,https://www.collegehockeynews.com/reports/team/Dartmouth/19,19,False,False,https://www.collegehockeynews.com/box/final/20260326/wis/dar/,https://www.collegehockeynews.com/box/metrics.php?gd=112922,"NCAA Tournament Worcester Regional – DCU Center, Worcester, Mass.",college_hockey_news,https://www.collegehockeynews.com/schedules/team/Wisconsin/58/20252026,Big Ten,ECAC
2025-26,Wisconsin,2026-03-28,Sat,W,4,3,False,False,True,Michigan State,https://www.collegehockeynews.com/reports/team/Michigan-State/32,32,False,True,https://www.collegehockeynews.com/box/final/20260328/wis/msu/,https://www.collegehockeynews.com/box/metrics.php?gd=112923,"NCAA Tournament Worcester Regional Final – DCU Center, Worcester, Mass.",college_hockey_news,https://www.collegehockeynews.com/schedules/team/Wisconsin/58/20252026,Big Ten,Big Ten
2025-26,Wisconsin,2026-04-09,Thu,W,2,1,False,False,True,North Dakota,https://www.collegehockeynews.com/reports/team/North-Dakota/40,40,False,False,https://www.collegehockeynews.com/box/final/20260409/wis/ndk/,https://www.collegehockeynews.com/box/metrics.php?gd=112924,"NCAA Tournament National Semifinal – T-Mobile Arena, Paradise, Nev.",college_hockey_news,https://www.collegehockeynews.com/schedules/team/Wisconsin/58/20252026,Big Ten,NCHC
2025-26,Wisconsin,2026-04-11,Sat,L,1,2,False,False,True,Denver,https://www.collegehockeynews.com/reports/team/Denver/20,20,False,False,https://www.collegehockeynews.com/box/final/20260411/wis/den/,https://www.collegehockeynews.com/box/metrics.php?gd=112926,"NCAA Tournament National Championship – T-Mobile Arena, Paradise, Nev.",college_hockey_news,https://www.collegehockeynews.com/schedules/team/Wisconsin/58/20252026,Big Ten,NCHC
2025-26,Augustana,2025-10-10,Fri,L,1,4,False,True,False,Minnesota-Duluth,https://www.collegehockeynews.com/reports/team/Minnesota-Duluth/36,36,False,False,https://www.collegehockeynews.com/box/final/20251010/aug/mnd/,https://www.collegehockeynews.com/box/metrics.php?gd=110475,,college_hockey_news,https://www.collegehockeynews.com/schedules/team/Augustana/64/20252026,CCHA,NCHC
2025-26,Augustana,2025-10-11,Sat,W,4,0,False,True,False,Minnesota-Duluth,https://www.collegehockeynews.com/reports/team/Minnesota-Duluth/36,36,False,False,https://www.collegehockeynews.com/box/final/20251011/aug/mnd/,https://www.collegehockeynews.com/box/metrics.php?gd=110476,,college_hockey_news,https://www.collegehockeynews.com/schedules/team/Augustana/64/20252026,CCHA,NCHC
2025-26,Augustana,2025-10-17,Fri,W,4,2,True,False,False,Arizona State,https://www.collegehockeynews.com/reports/team/Arizona-State/61,61,False,False,https://www.collegehockeynews.com/box/final/20251017/asu/aug/,https://www.collegehockeynews.com/box/metrics.php?gd=110372,,college_hockey_news,https://www.collegehockeynews.com/schedules/team/Augustana/64/20252026,CCHA,NCHC
2025-26,Augustana,2025-10-18,Sat,W,5,2,True,False,False,Arizona State,https://www.collegehockeynews.com/reports/team/Arizona-State/61,61,False,False,https://www.collegehockeynews.com/box/final/20251018/asu/aug/,https://www.collegehockeynews.com/box/metrics.php?gd=110373,,college_hockey_news,https://www.collegehockeynews.com/schedules/team/Augustana/64/20252026,CCHA,NCHC
2025-26,Augustana,2025-10-24,Fri,L,0,1,False,True,False,Bemidji State,https://www.collegehockeynews.com/reports/team/Bemidji-State/7,7,True,True,https://www.collegehockeynews.com/box/final/20251024/aug/bmj/,https://www.collegehockeynews.com/box/metrics.php?gd=110673,,college_hockey_news,https://www.collegehockeynews.com/schedules/team/Augustana/64/20252026,CCHA,CCHA
2025-26,Augustana,2025-10-25,Sat,L,2,3,False,True,False,Bemidji State,https://www.collegehockeynews.com/reports/team/Bemidji-State/7,7,True,False,https://www.collegehockeynews.com/box/final/20251025/aug/bmj/,https://www.collegehockeynews.com/box/metrics.php?gd=110674,,college_hockey_news,https://www.collegehockeynews.com/schedules/team/Augustana/64/20252026,CCHA,CCHA
2025-26,Augustana,2025-10-31,Fri,W,2,1,True,False,False,Northern Michigan,https://www.collegehockeynews.com/reports/team/Northern-Michigan/42,42,True,False,https://www.collegehockeynews.com/box/final/20251031/nmu/aug/,https://www.collegehockeynews.com/box/metrics.php?gd=110675,,college_hockey_news,https://www.collegehockeynews.com/schedules/team/Augustana/64/20252026,CCHA,CCHA
2025-26,Augustana,2025-11-01,Sat,W,3,1,True,False,False,Northern Michigan,https://www.collegehockeynews.com/reports/team/Northern-Michigan/42,42,True,False,https://www.collegehockeynews.com/box/final/20251101/nmu/aug/,https://www.collegehockeynews.com/box/metrics.php?gd=110676,,college_hockey_news,https://www.collegehockeynews.com/schedules/team/Augustana/64/20252026,CCHA,CCHA
2025-26,Augustana,2025-11-07,Fri,W,4,2,False,True,False,Ferris State,https://www.collegehockeynews.com/reports/team/Ferris-State/21,21,True,False,https://www.collegehockeynews.com/box/final/20251107/aug/fsu/,https://www.collegehockeynews.com/box/metrics.php?gd=110677,,college_hockey_news,https://www.collegehockeynews.com/schedules/team/Augustana/64/20252026,CCHA,CCHA
2025-26,Augustana,2025-11-08,Sat,L,0,2,False,True,False,Ferris State,https://www.collegehockeynews.com/reports/team/Ferris-State/21,21,True,False,https://www.collegehockeynews.com/box/final/20251108/aug/fsu/,https://www.collegehockeynews.com/box/metrics.php?gd=110678,,college_hockey_news,https://www.collegehockeynews.com/schedules/team/Augustana/64/20252026,CCHA,CCHA
2025-26,Augustana,2025-11-15,Sat,T-SOW,4,4,True,False,False,St. Thomas,https://www.collegehockeynews.com/reports/team/St-Thomas/63,63,True,True,https://www.collegehockeynews.com/box/final/20251115/stt/aug/,https://www.collegehockeynews.com/box/metrics.php?gd=110650,,college_hockey_news,https://www.collegehockeynews.com/schedules/team/Augustana/64/20252026,CCHA,CCHA
2025-26,Augustana,2025-11-28,Fri,L,1,2,False,True,False,Lake Superior,https://www.collegehockeynews.com/reports/team/Lake-Superior/24,24,True,False,https://www.collegehockeynews.com/box/final/20251128/aug/lss/,https://www.collegehockeynews.com/box/metrics.php?gd=110679,,college_hockey_news,https://www.collegehockeynews.com/schedules/team/Augustana/64/20252026,CCHA,CCHA
2025-26,Augustana,2025-11-29,Sat,W,2,1,False,True,False,Lake Superior,https://www.collegehockeynews.com/reports/team/Lake-Superior/24,24,True,False,https://www.collegehockeynews.com/box/final/20251129/aug/lss/,https://www.collegehockeynews.com/box/metrics.php?gd=110680,,college_hockey_news,https://www.collegehockeynews.com/schedules/team/Augustana/64/20252026,CCHA,CCHA
2025-26,Augustana,2025-12-05,Fri,W,3,1,True,False,False,Bemidji State,https://www.collegehockeynews.com/reports/team/Bemidji-State/7,7,True,False,https://www.collegehockeynews.com/box/final/20251205/bmj/aug/,https://www.collegehockeynews.com/box/metrics.php?gd=110681,,college_hockey_news,https://www.collegehockeynews.com/schedules/team/Augustana/64/20252026,CCHA,CCHA
2025-26,Augustana,2025-12-07,Sun,T-SOL,4,4,True,False,False,Bemidji State,https://www.collegehockeynews.com/reports/team/Bemidji-State/7,7,True,True,https://www.collegehockeynews.com/box/final/20251207/bmj/aug/,https://www.collegehockeynews.com/box/metrics.php?gd=110682,ppd. from 12/5 (ice conditions),college_hockey_news,https://www.collegehockeynews.com/schedules/team/Augustana/64/20252026,CCHA,CCHA
2025-26,Augustana,2025-12-12,Fri,W,3,1,True,False,False,Minnesota State,https://www.collegehockeynews.com/reports/team/Minnesota-State/35,35,True,False,https://www.collegehockeynews.com/box/final/20251212/mns/aug/,https://www.collegehockeynews.com/box/metrics.php?gd=110612,,college_hockey_news,https://www.collegehockeynews.com/schedules/team/Augustana/64/20252026,CCHA,CCHA
2025-26,Augustana,2025-12-13,Sat,T-SOW,4,4,True,False,False,Minnesota State,https://www.collegehockeynews.com/reports/team/Minnesota-State/35,35,True,True,https://www.collegehockeynews.com/box/final/20251213/mns/aug/,https://www.collegehockeynews.com/box/metrics.php?gd=110613,,college_hockey_news,https://www.collegehockeynews.com/schedules/team/Augustana/64/20252026,CCHA,CCHA
2025-26,Augustana,2025-12-19,Fri,W,7,4,True,False,False,Omaha,https://www.collegehockeynews.com/reports/team/Omaha/37,37,False,False,https://www.collegehockeynews.com/box/final/20251219/uno/aug/,https://www.collegehockeynews.com/box/metrics.php?gd=110683,,college_hockey_news,https://www.collegehockeynews.com/schedules/team/Augustana/64/20252026,CCHA,NCHC
2025-26,Augustana,2025-12-20,Sat,L,1,4,True,False,False,Omaha,https://www.collegehockeynews.com/reports/team/Omaha/37,37,False,False,https://www.collegehockeynews.com/box/final/20251220/uno/aug/,https://www.collegehockeynews.com/box/metrics.php?gd=110684,,college_hockey_news,https://www.collegehockeynews.com/schedules/team/Augustana/64/20252026,CCHA,NCHC
2025-26,Augustana,2026-01-02,Fri,W,3,2,True,False,False,Colorado College,https://www.collegehockeynews.com/reports/team/Colorado-College/16,16,False,False,https://www.collegehockeynews.com/box/final/20260102/cc_/aug/,https://www.collegehockeynews.com/box/metrics.php?gd=110685,,college_hockey_news,https://www.collegehockeynews.com/schedules/team/Augustana/64/20252026,CCHA,NCHC
2025-26,Augustana,2026-01-03,Sat,W,4,2,True,False,False,Colorado College,https://www.collegehockeynews.com/reports/team/Colorado-College/16,16,False,False,https://www.collegehockeynews.com/box/final/20260103/cc_/aug/,https://www.collegehockeynews.com/box/metrics.php?gd=110686,,college_hockey_news,https://www.collegehockeynews.com/schedules/team/Augustana/64/20252026,CCHA,NCHC
2025-26,Augustana,2026-01-09,Fri,W,3,0,False,True,False,Northern Michigan,https://www.collegehockeynews.com/reports/team/Northern-Michigan/42,42,True,False,https://www.collegehockeynews.com/box/final/20260109/aug/nmu/,https://www.collegehockeynews.com/box/metrics.php?gd=110687,,college_hockey_news,https://www.collegehockeynews.com/schedules/team/Augustana/64/20252026,CCHA,CCHA
2025-26,Augustana,2026-01-10,Sat,W,2,0,False,True,False,Northern Michigan,https://www.collegehockeynews.com/reports/team/Northern-Michigan/42,42,True,False,https://www.collegehockeynews.com/box/final/20260110/aug/nmu/,https://www.collegehockeynews.com/box/metrics.php?gd=110688,,college_hockey_news,https://www.collegehockeynews.com/schedules/team/Augustana/64/20252026,CCHA,CCHA
2025-26,Augustana,2026-01-16,Fri,W,4,0,True,False,False,Ferris State,https://www.collegehockeynews.com/reports/team/Ferris-State/21,21,True,False,https://www.collegehockeynews.com/box/final/20260116/fsu/aug/,https://www.collegehockeynews.com/box/metrics.php?gd=110689,,college_hockey_news,https://www.collegehockeynews.com/schedules/team/Augustana/64/20252026,CCHA,CCHA
2025-26,Augustana,2026-01-17,Sat,W,4,3,True,False,False,Ferris State,https://www.collegehockeynews.com/reports/team/Ferris-State/21,21,True,True,https://www.collegehockeynews.com/box/final/20260117/fsu/aug/,https://www.collegehockeynews.com/box/metrics.php?gd=110690,,college_hockey_news,https://www.collegehockeynews.com/schedules/team/Augustana/64/20252026,CCHA,CCHA
2025-26,Augustana,2026-01-24,Sat,L,1,4,False,True,False,Minnesota State,https://www.collegehockeynews.com/reports/team/Minnesota-State/35,35,True,False,https://www.collegehockeynews.com/box/final/20260124/aug/mns/,https://www.collegehockeynews.com/box/metrics.php?gd=110619,,college_hockey_news,https://www.collegehockeynews.com/schedules/team/Augustana/64/20252026,CCHA,CCHA
2025-26,Augustana,2026-01-30,Fri,W,6,1,True,False,False,Lake Superior,https://www.collegehockeynews.com/reports/team/Lake-Superior/24,24,True,False,https://www.collegehockeynews.com/box/final/20260130/lss/aug/,https://www.collegehockeynews.com/box/metrics.php?gd=110691,,college_hockey_news,https://www.collegehockeynews.com/schedules/team/Augustana/64/20252026,CCHA,CCHA
2025-26,Augustana,2026-01-31,Sat,W,4,1,True,False,False,Lake Superior,https://www.collegehockeynews.com/reports/team/Lake-Superior/24,24,True,False,https://www.collegehockeynews.com/box/final/20260131/lss/aug/,https://www.collegehockeynews.com/box/metrics.php?gd=110692,,college_hockey_news,https://www.collegehockeynews.com/schedules/team/Augustana/64/20252026,CCHA,CCHA
2025-26,Augustana,2026-02-06,Fri,L,2,3,False,True,False,Michigan Tech,https://www.collegehockeynews.com/reports/team/Michigan-Tech/33,33,True,True,https://www.collegehockeynews.com/box/final/20260206/aug/mtu/,https://www.collegehockeynews.com/box/metrics.php?gd=110693,,college_hockey_news,https://www.collegehockeynews.com/schedules/team/Augustana/64/20252026,CCHA,CCHA
2025-26,Augustana,2026-02-07,Sat,L,3,4,False,True,False,Michigan Tech,https://www.collegehockeynews.com/reports/team/Michigan-Tech/33,33,True,False,https://www.collegehockeynews.com/box/final/20260207/aug/mtu/,https://www.collegehockeynews.com/box/metrics.php?gd=110694,,college_hockey_news,https://www.collegehockeynews.com/schedules/team/Augustana/64/20252026,CCHA,CCHA
2025-26,Augustana,2026-02-13,Fri,L,0,1,True,False,False,Bowling Green,https://www.collegehockeynews.com/reports/team/Bowling-Green/11,11,True,False,https://www.collegehockeynews.com/box/final/20260213/bgs/aug/,https://www.collegehockeynews.com/box/metrics.php?gd=110695,,college_hockey_news,https://www.collegehockeynews.com/schedules/team/Augustana/64/20252026,CCHA,CCHA
2025-26,Augustana,2026-02-14,Sat,W,4,2,True,False,False,Bowling Green,https://www.collegehockeynews.com/reports/team/Bowling-Green/11,11,True,False,https://www.collegehockeynews.com/box/final/20260214/bgs/aug/,https://www.collegehockeynews.com/box/metrics.php?gd=110696,,college_hockey_news,https://www.collegehockeynews.com/schedules/team/Augustana/64/20252026,CCHA,CCHA
2025-26,Augustana,2026-02-20,Fri,T-SOW,3,3,False,True,False,St. Thomas,https://www.collegehockeynews.com/reports/team/St-Thomas/63,63,True,True,https://www.collegehockeynews.com/box/final/20260220/aug/stt/,https://www.collegehockeynews.com/box/metrics.php?gd=110669,,college_hockey_news,https://www.collegehockeynews.com/schedules/team/Augustana/64/20252026,CCHA,CCHA
2025-26,Augustana,2026-02-21,Sat,W,4,0,False,True,False,St. Thomas,https://www.collegehockeynews.com/reports/team/St-Thomas/63,63,True,False,https://www.collegehockeynews.com/box/final/20260221/aug/stt/,https://www.collegehockeynews.com/box/metrics.php?gd=110670,,college_hockey_news,https://www.collegehockeynews.com/schedules/team/Augustana/64/20252026,CCHA,CCHA
2025-26,Augustana,2026-03-06,Fri,W,5,2,True,False,False,Bemidji State,https://www.collegehockeynews.com/reports/team/Bemidji-State/7,7,False,False,https://www.collegehockeynews.com/box/final/20260306/bmj/aug/,https://www.collegehockeynews.com/box/metrics.php?gd=112942,CCHA Tournament CCHA Quarterfinal,college_hockey_news,https://www.collegehockeynews.com/schedules/team/Augustana/64/20252026,CCHA,CCHA
2025-26,Augustana,2026-03-07,Sat,W,2,1,True,False,False,Bemidji State,https://www.collegehockeynews.com/reports/team/Bemidji-State/7,7,False,False,https://www.collegehockeynews.com/box/final/20260307/bmj/aug/,https://www.collegehockeynews.com/box/metrics.php?gd=112943,CCHA Tournament CCHA Quarterfinal,college_hockey_news,https://www.collegehockeynews.com/schedules/team/Augustana/64/20252026,CCHA,CCHA
2025-26,Augustana,2026-03-14,Sat,L,1,2,False,True,False,St. Thomas,https://www.collegehockeynews.com/reports/team/St-Thomas/63,63,False,False,https://www.collegehockeynews.com/box/final/20260314/aug/stt/,https://www.collegehockeynews.com/box/metrics.php?gd=113008,"CCHA Tournament CCHA Semifinal – Anderson Arena, St. Paul, Minn.",college_hockey_news,https://www.collegehockeynews.com/schedules/team/Augustana/64/20252026,CCHA,CCHA
2025-26,Bemidji State,2025-10-03,Fri,W,9,2,False,True,False,Alaska-Anchorage,https://www.collegehockeynews.com/reports/team/Alaska-Anchorage/3,3,False,False,https://www.collegehockeynews.com/box/final/20251003/bmj/aka/,https://www.collegehockeynews.com/box/metrics.php?gd=110781,,college_hockey_news,https://www.collegehockeynews.com/schedules/team/Bemidji-State/7/20252026,CCHA,Independent
2025-26,Bemidji State,2025-10-04,Sat,W,5,0,False,True,False,Alaska-Anchorage,https://www.collegehockeynews.com/reports/team/Alaska-Anchorage/3,3,False,False,https://www.collegehockeynews.com/box/final/20251004/bmj/aka/,https://www.collegehockeynews.com/box/metrics.php?gd=110782,,college_hockey_news,https://www.collegehockeynews.com/schedules/team/Bemidji-State/7/20252026,CCHA,Independent
2025-26,Bemidji State,2025-10-10,Fri,L,2,3,True,False,False,St. Cloud State,https://www.collegehockeynews.com/reports/team/St-Cloud-State/52,52,False,False,https://www.collegehockeynews.com/box/final/20251010/stc/bmj/,https://www.collegehockeynews.com/box/metrics.php?gd=110747,,college_hockey_news,https://www.collegehockeynews.com/schedules/team/Bemidji-State/7/20252026,CCHA,NCHC
2025-26,Bemidji State,2025-10-11,Sat,L,2,4,False,True,False,St. Cloud State,https://www.collegehockeynews.com/reports/team/St-Cloud-State/52,52,False,False,https://www.collegehockeynews.com/box/final/20251011/bmj/stc/,https://www.collegehockeynews.com/box/metrics.php?gd=110748,,college_hockey_news,https://www.collegehockeynews.com/schedules/team/Bemidji-State/7/20252026,CCHA,NCHC
2025-26,Bemidji State,2025-10-17,Fri,L,3,7,True,False,False,Minnesota-Duluth,https://www.collegehockeynews.com/reports/team/Minnesota-Duluth/36,36,False,False,https://www.collegehockeynews.com/box/final/20251017/mnd/bmj/,https://www.collegehockeynews.com/box/metrics.php?gd=110477,,college_hockey_news,https://www.collegehockeynews.com/schedules/team/Bemidji-State/7/20252026,CCHA,NCHC
2025-26,Bemidji State,2025-10-18,Sat,L,1,5,False,True,False,Minnesota-Duluth,https://www.collegehockeynews.com/reports/team/Minnesota-Duluth/36,36,False,False,https://www.collegehockeynews.com/box/final/20251018/bmj/mnd/,https://www.collegehockeynews.com/box/metrics.php?gd=110478,,college_hockey_news,https://www.collegehockeynews.com/schedules/team/Bemidji-State/7/20252026,CCHA,NCHC
2025-26,Bemidji State,2025-10-24,Fri,W,1,0,True,False,False,Augustana,https://www.collegehockeynews.com/reports/team/Augustana/64,64,True,True,https://www.collegehockeynews.com/box/final/20251024/aug/bmj/,https://www.collegehockeynews.com/box/metrics.php?gd=110673,,college_hockey_news,https://www.collegehockeynews.com/schedules/team/Bemidji-State/7/20252026,CCHA,CCHA
2025-26,Bemidji State,2025-10-25,Sat,W,3,2,True,False,False,Augustana,https://www.collegehockeynews.com/reports/team/Augustana/64,64,True,False,https://www.collegehockeynews.com/box/final/20251025/aug/bmj/,https://www.collegehockeynews.com/box/metrics.php?gd=110674,,college_hockey_news,https://www.collegehockeynews.com/schedules/team/Bemidji-State/7/20252026,CCHA,CCHA
2025-26,Bemidji State,2025-10-31,Fri,T-SOW,4,4,False,True,False,Bowling Green,https://www.collegehockeynews.com/reports/team/Bowling-Green/11,11,True,True,https://www.collegehockeynews.com/box/final/20251031/bmj/bgs/,https://www.collegehockeynews.com/box/metrics.php?gd=110783,,college_hockey_news,https://www.collegehockeynews.com/schedules/team/Bemidji-State/7/20252026,CCHA,CCHA
2025-26,Bemidji State,2025-11-01,Sat,W,3,2,False,True,False,Bowling Green,https://www.collegehockeynews.com/reports/team/Bowling-Green/11,11,True,True,https://www.collegehockeynews.com/box/final/20251101/bmj/bgs/,https://www.collegehockeynews.com/box/metrics.php?gd=110784,,college_hockey_news,https://www.collegehockeynews.com/schedules/team/Bemidji-State/7/20252026,CCHA,CCHA
2025-26,Bemidji State,2025-11-07,Fri,W,4,1,True,False,False,Lake Superior,https://www.collegehockeynews.com/reports/team/Lake-Superior/24,24,True,False,https://www.collegehockeynews.com/box/final/20251107/lss/bmj/,https://www.collegehockeynews.com/box/metrics.php?gd=110785,,college_hockey_news,https://www.collegehockeynews.com/schedules/team/Bemidji-State/7/20252026,CCHA,CCHA
2025-26,Bemidji State,2025-11-08,Sat,W,3,2,True,False,False,Lake Superior,https://www.collegehockeynews.com/reports/team/Lake-Superior/24,24,True,True,https://www.collegehockeynews.com/box/final/20251108/lss/bmj/,https://www.collegehockeynews.com/box/metrics.php?gd=110786,,college_hockey_news,https://www.collegehockeynews.com/schedules/team/Bemidji-State/7/20252026,CCHA,CCHA
2025-26,Bemidji State,2025-11-14,Fri,T-SOW,2,2,False,True,False,Michigan Tech,https://www.collegehockeynews.com/reports/team/Michigan-Tech/33,33,True,True,https://www.collegehockeynews.com/box/final/20251114/bmj/mtu/,https://www.collegehockeynews.com/box/metrics.php?gd=110787,,college_hockey_news,https://www.collegehockeynews.com/schedules/team/Bemidji-State/7/20252026,CCHA,CCHA
2025-26,Bemidji State,2025-11-15,Sat,L,1,2,False,True,False,Michigan Tech,https://www.collegehockeynews.com/reports/team/Michigan-Tech/33,33,True,True,https://www.collegehockeynews.com/box/final/20251115/bmj/mtu/,https://www.collegehockeynews.com/box/metrics.php?gd=110788,,college_hockey_news,https://www.collegehockeynews.com/schedules/team/Bemidji-State/7/20252026,CCHA,CCHA
2025-26,Bemidji State,2025-11-21,Fri,W,7,3,True,False,False,Northern Michigan,https://www.collegehockeynews.com/reports/team/Northern-Michigan/42,42,True,False,https://www.collegehockeynews.com/box/final/20251121/nmu/bmj/,https://www.collegehockeynews.com/box/metrics.php?gd=110789,,college_hockey_news,https://www.collegehockeynews.com/schedules/team/Bemidji-State/7/20252026,CCHA,CCHA
2025-26,Bemidji State,2025-11-22,Sat,W,6,2,True,False,False,Northern Michigan,https://www.collegehockeynews.com/reports/team/Northern-Michigan/42,42,True,False,https://www.collegehockeynews.com/box/final/20251122/nmu/bmj/,https://www.collegehockeynews.com/box/metrics.php?gd=110790,,college_hockey_news,https://www.collegehockeynews.com/schedules/team/Bemidji-State/7/20252026,CCHA,CCHA
2025-26,Bemidji State,2025-11-28,Fri,L,3,5,True,False,False,North Dakota,https://www.collegehockeynews.com/reports/team/North-Dakota/40,40,False,False,https://www.collegehockeynews.com/box/final/20251128/ndk/bmj/,https://www.collegehockeynews.com/box/metrics.php?gd=110417,,college_hockey_news,https://www.collegehockeynews.com/schedules/team/Bemidji-State/7/20252026,CCHA,NCHC
2025-26,Bemidji State,2025-11-29,Sat,L,1,2,False,True,False,North Dakota,https://www.collegehockeynews.com/reports/team/North-Dakota/40,40,False,True,https://www.collegehockeynews.com/box/final/20251129/bmj/ndk/,https://www.collegehockeynews.com/box/metrics.php?gd=110418,,college_hockey_news,https://www.collegehockeynews.com/schedules/team/Bemidji-State/7/20252026,CCHA,NCHC
2025-26,Bemidji State,2025-12-05,Fri,L,1,3,False,True,False,Augustana,https://www.collegehockeynews.com/reports/team/Augustana/64,64,True,False,https://www.collegehockeynews.com/box/final/20251205/bmj/aug/,https://www.collegehockeynews.com/box/metrics.php?gd=110681,,college_hockey_news,https://www.collegehockeynews.com/schedules/team/Bemidji-State/7/20252026,CCHA,CCHA
2025-26,Bemidji State,2025-12-07,Sun,T-SOW,4,4,False,True,False,Augustana,https://www.collegehockeynews.com/reports/team/Augustana/64,64,True,True,https://www.collegehockeynews.com/box/final/20251207/bmj/aug/,https://www.collegehockeynews.com/box/metrics.php?gd=110682,"ppd. from 12/5 (ice conditions) – Midco Arena, Sioux Falls, S.D.",college_hockey_news,https://www.collegehockeynews.com/schedules/team/Bemidji-State/7/20252026,CCHA,CCHA
2025-26,Bemidji State,2026-01-09,Fri,L,2,5,True,False,False,Michigan Tech,https://www.collegehockeynews.com/reports/team/Michigan-Tech/33,33,True,False,https://www.collegehockeynews.com/box/final/20260109/mtu/bmj/,https://www.collegehockeynews.com/box/metrics.php?gd=110792,,college_hockey_news,https://www.collegehockeynews.com/schedules/team/Bemidji-State/7/20252026,CCHA,CCHA
2025-26,Bemidji State,2026-01-10,Sat,L,3,4,True,False,False,Michigan Tech,https://www.collegehockeynews.com/reports/team/Michigan-Tech/33,33,True,False,https://www.collegehockeynews.com/box/final/20260110/mtu/bmj/,https://www.collegehockeynews.com/box/metrics.php?gd=110793,,college_hockey_news,https://www.collegehockeynews.com/schedules/team/Bemidji-State/7/20252026,CCHA,CCHA
2025-26,Bemidji State,2026-01-16,Fri,L,1,5,False,True,False,St. Thomas,https://www.collegehockeynews.com/reports/team/St-Thomas/63,63,True,False,https://www.collegehockeynews.com/box/final/20260116/bmj/stt/,https://www.collegehockeynews.com/box/metrics.php?gd=110661,,college_hockey_news,https://www.collegehockeynews.com/schedules/team/Bemidji-State/7/20252026,CCHA,CCHA
2025-26,Bemidji State,2026-01-17,Sat,L,2,3,False,True,False,St. Thomas,https://www.collegehockeynews.com/reports/team/St-Thomas/63,63,True,False,https://www.collegehockeynews.com/box/final/20260117/bmj/stt/,https://www.collegehockeynews.com/box/metrics.php?gd=110662,,college_hockey_news,https://www.collegehockeynews.com/schedules/team/Bemidji-State/7/20252026,CCHA,CCHA
2025-26,Bemidji State,2026-01-23,Fri,L,1,3,True,False,False,Bowling Green,https://www.collegehockeynews.com/reports/team/Bowling-Green/11,11,True,False,https://www.collegehockeynews.com/box/final/20260123/bgs/bmj/,https://www.collegehockeynews.com/box/metrics.php?gd=110794,,college_hockey_news,https://www.collegehockeynews.com/schedules/team/Bemidji-State/7/20252026,CCHA,CCHA
2025-26,Bemidji State,2026-01-24,Sat,L,1,5,True,False,False,Bowling Green,https://www.collegehockeynews.com/reports/team/Bowling-Green/11,11,True,False,https://www.collegehockeynews.com/box/final/20260124/bgs/bmj/,https://www.collegehockeynews.com/box/metrics.php?gd=110795,,college_hockey_news,https://www.collegehockeynews.com/schedules/team/Bemidji-State/7/20252026,CCHA,CCHA
2025-26,Bemidji State,2026-01-30,Fri,L,0,2,False,True,False,Northern Michigan,https://www.collegehockeynews.com/reports/team/Northern-Michigan/42,42,True,False,https://www.collegehockeynews.com/box/final/20260130/bmj/nmu/,https://www.collegehockeynews.com/box/metrics.php?gd=110796,,college_hockey_news,https://www.collegehockeynews.com/schedules/team/Bemidji-State/7/20252026,CCHA,CCHA
2025-26,Bemidji State,2026-01-31,Sat,W,7,1,False,True,False,Northern Michigan,https://www.collegehockeynews.com/reports/team/Northern-Michigan/42,42,True,False,https://www.collegehockeynews.com/box/final/20260131/bmj/nmu/,https://www.collegehockeynews.com/box/metrics.php?gd=110797,,college_hockey_news,https://www.collegehockeynews.com/schedules/team/Bemidji-State/7/20252026,CCHA,CCHA
2025-26,Bemidji State,2026-02-06,Fri,L,3,6,True,False,False,Ferris State,https://www.collegehockeynews.com/reports/team/Ferris-State/21,21,True,False,https://www.collegehockeynews.com/box/final/20260206/fsu/bmj/,https://www.collegehockeynews.com/box/metrics.php?gd=110798,,college_hockey_news,https://www.collegehockeynews.com/schedules/team/Bemidji-State/7/20252026,CCHA,CCHA
2025-26,Bemidji State,2026-02-07,Sat,W,4,3,True,False,False,Ferris State,https://www.collegehockeynews.com/reports/team/Ferris-State/21,21,True,True,https://www.collegehockeynews.com/box/final/20260207/fsu/bmj/,https://www.collegehockeynews.com/box/metrics.php?gd=110799,,college_hockey_news,https://www.collegehockeynews.com/schedules/team/Bemidji-State/7/20252026,CCHA,CCHA
2025-26,Bemidji State,2026-02-13,Fri,L,0,1,False,True,False,Minnesota State,https://www.collegehockeynews.com/reports/team/Minnesota-State/35,35,True,False,https://www.collegehockeynews.com/box/final/20260213/bmj/mns/,https://www.collegehockeynews.com/box/metrics.php?gd=110622,,college_hockey_news,https://www.collegehockeynews.com/schedules/team/Bemidji-State/7/20252026,CCHA,CCHA
2025-26,Bemidji State,2026-02-14,Sat,W,1,0,False,True,False,Minnesota State,https://www.collegehockeynews.com/reports/team/Minnesota-State/35,35,True,True,https://www.collegehockeynews.com/box/final/20260214/bmj/mns/,https://www.collegehockeynews.com/box/metrics.php?gd=110623,,college_hockey_news,https://www.collegehockeynews.com/schedules/team/Bemidji-State/7/20252026,CCHA,CCHA
2025-26,Bemidji State,2026-02-27,Fri,W,3,1,True,False,False,St. Thomas,https://www.collegehockeynews.com/reports/team/St-Thomas/63,63,True,False,https://www.collegehockeynews.com/box/final/20260227/stt/bmj/,https://www.collegehockeynews.com/box/metrics.php?gd=110671,,college_hockey_news,https://www.collegehockeynews.com/schedules/team/Bemidji-State/7/20252026,CCHA,CCHA
2025-26,Bemidji State,2026-02-28,Sat,T-SOL,2,2,True,False,False,St. Thomas,https://www.collegehockeynews.com/reports/team/St-Thomas/63,63,True,True,https://www.collegehockeynews.com/box/final/20260228/stt/bmj/,https://www.collegehockeynews.com/box/metrics.php?gd=110672,,college_hockey_news,https://www.collegehockeynews.com/schedules/team/Bemidji-State/7/20252026,CCHA,CCHA
2025-26,Bemidji State,2026-03-06,Fri,L,2,5,False,True,False,Augustana,https://www.collegehockeynews.com/reports/team/Augustana/64,64,False,False,https://www.collegehockeynews.com/box/final/20260306/bmj/aug/,https://www.collegehockeynews.com/box/metrics.php?gd=112942,"CCHA Tournament CCHA Quarterfinal – Midco Arena, Sioux Falls, S.D.",college_hockey_news,https://www.collegehockeynews.com/schedules/team/Bemidji-State/7/20252026,CCHA,CCHA
2025-26,Bemidji State,2026-03-07,Sat,L,1,2,False,True,False,Augustana,https://www.collegehockeynews.com/reports/team/Augustana/64,64,False,False,https://www.collegehockeynews.com/box/final/20260307/bmj/aug/,https://www.collegehockeynews.com/box/metrics.php?gd=112943,"CCHA Tournament CCHA Quarterfinal – Midco Arena, Sioux Falls, S.D.",college_hockey_news,https://www.collegehockeynews.com/schedules/team/Bemidji-State/7/20252026,CCHA,CCHA
2025-26,Bowling Green,2025-10-10,Fri,L,0,2,False,True,False,Niagara,https://www.collegehockeynews.com/reports/team/Niagara/39,39,False,False,https://www.collegehockeynews.com/box/final/20251010/bgs/nia/,https://www.collegehockeynews.com/box/metrics.php?gd=110958,,college_hockey_news,https://www.collegehockeynews.com/schedules/team/Bowling-Green/11/20252026,CCHA,Atlantic Hockey
2025-26,Bowling Green,2025-10-11,Sat,L,2,5,False,True,False,Niagara,https://www.collegehockeynews.com/reports/team/Niagara/39,39,False,False,https://www.collegehockeynews.com/box/final/20251011/bgs/nia/,https://www.collegehockeynews.com/box/metrics.php?gd=110959,,college_hockey_news,https://www.collegehockeynews.com/schedules/team/Bowling-Green/11/20252026,CCHA,Atlantic Hockey
2025-26,Bowling Green,2025-10-24,Fri,W,4,1,False,True,False,Lake Superior,https://www.collegehockeynews.com/reports/team/Lake-Superior/24,24,True,False,https://www.collegehockeynews.com/box/final/20251024/bgs/lss/,https://www.collegehockeynews.com/box/metrics.php?gd=110973,,college_hockey_news,https://www.collegehockeynews.com/schedules/team/Bowling-Green/11/20252026,CCHA,CCHA
2025-26,Bowling Green,2025-10-25,Sat,W,3,2,False,True,False,Lake Superior,https://www.collegehockeynews.com/reports/team/Lake-Superior/24,24,True,False,https://www.collegehockeynews.com/box/final/20251025/bgs/lss/,https://www.collegehockeynews.com/box/metrics.php?gd=110974,,college_hockey_news,https://www.collegehockeynews.com/schedules/team/Bowling-Green/11/20252026,CCHA,CCHA
2025-26,Bowling Green,2025-10-31,Fri,T-SOL,4,4,True,False,False,Bemidji State,https://www.collegehockeynews.com/reports/team/Bemidji-State/7,7,True,True,https://www.collegehockeynews.com/box/final/20251031/bmj/bgs/,https://www.collegehockeynews.com/box/metrics.php?gd=110783,,college_hockey_news,https://www.collegehockeynews.com/schedules/team/Bowling-Green/11/20252026,CCHA,CCHA
2025-26,Bowling Green,2025-11-01,Sat,L,2,3,True,False,False,Bemidji State,https://www.collegehockeynews.com/reports/team/Bemidji-State/7,7,True,True,https://www.collegehockeynews.com/box/final/20251101/bmj/bgs/,https://www.collegehockeynews.com/box/metrics.php?gd=110784,,college_hockey_news,https://www.collegehockeynews.com/schedules/team/Bowling-Green/11/20252026,CCHA,CCHA
2025-26,Bowling Green,2025-11-07,Fri,T-SOL,4,4,False,True,False,Minnesota State,https://www.collegehockeynews.com/reports/team/Minnesota-State/35,35,True,True,https://www.collegehockeynews.com/box/final/20251107/bgs/mns/,https://www.collegehockeynews.com/box/metrics.php?gd=110602,,college_hockey_news,https://www.collegehockeynews.com/schedules/team/Bowling-Green/11/20252026,CCHA,CCHA
2025-26,Bowling Green,2025-11-08,Sat,T-SOW,1,1,False,True,False,Minnesota State,https://www.collegehockeynews.com/reports/team/Minnesota-State/35,35,True,True,https://www.collegehockeynews.com/box/final/20251108/bgs/mns/,https://www.collegehockeynews.com/box/metrics.php?gd=110603,,college_hockey_news,https://www.collegehockeynews.com/schedules/team/Bowling-Green/11/20252026,CCHA,CCHA
2025-26,Bowling Green,2025-11-14,Fri,W,9,5,True,False,False,Ferris State,https://www.collegehockeynews.com/reports/team/Ferris-State/21,21,True,False,https://www.collegehockeynews.com/box/final/20251114/fsu/bgs/,https://www.collegehockeynews.com/box/metrics.php?gd=110975,,college_hockey_news,https://www.collegehockeynews.com/schedules/team/Bowling-Green/11/20252026,CCHA,CCHA
2025-26,Bowling Green,2025-11-15,Sat,W,5,2,True,False,False,Ferris State,https://www.collegehockeynews.com/reports/team/Ferris-State/21,21,True,False,https://www.collegehockeynews.com/box/final/20251115/fsu/bgs/,https://www.collegehockeynews.com/box/metrics.php?gd=110976,,college_hockey_news,https://www.collegehockeynews.com/schedules/team/Bowling-Green/11/20252026,CCHA,CCHA
2025-26,Bowling Green,2025-11-21,Fri,W,3,2,False,True,False,St. Thomas,https://www.collegehockeynews.com/reports/team/St-Thomas/63,63,True,True,https://www.collegehockeynews.com/box/final/20251121/bgs/stt/,https://www.collegehockeynews.com/box/metrics.php?gd=110651,,college_hockey_news,https://www.collegehockeynews.com/schedules/team/Bowling-Green/11/20252026,CCHA,CCHA
2025-26,Bowling Green,2025-11-22,Sat,L,2,6,False,True,False,St. Thomas,https://www.collegehockeynews.com/reports/team/St-Thomas/63,63,True,False,https://www.collegehockeynews.com/box/final/20251122/bgs/stt/,https://www.collegehockeynews.com/box/metrics.php?gd=110652,,college_hockey_news,https://www.collegehockeynews.com/schedules/team/Bowling-Green/11/20252026,CCHA,CCHA
2025-26,Bowling Green,2025-11-28,Fri,W,4,1,True,False,False,Princeton,https://www.collegehockeynews.com/reports/team/Princeton/45,45,False,False,https://www.collegehockeynews.com/box/final/20251128/prn/bgs/,https://www.collegehockeynews.com/box/metrics.php?gd=110977,,college_hockey_news,https://www.collegehockeynews.com/schedules/team/Bowling-Green/11/20252026,CCHA,ECAC
2025-26,Bowling Green,2025-11-29,Sat,W,4,3,True,False,False,Princeton,https://www.collegehockeynews.com/reports/team/Princeton/45,45,False,False,https://www.collegehockeynews.com/box/final/20251129/prn/bgs/,https://www.collegehockeynews.com/box/metrics.php?gd=110978,,college_hockey_news,https://www.collegehockeynews.com/schedules/team/Bowling-Green/11/20252026,CCHA,ECAC
2025-26,Bowling Green,2025-12-05,Fri,L,2,3,True,False,False,Northern Michigan,https://www.collegehockeynews.com/reports/team/Northern-Michigan/42,42,True,False,https://www.collegehockeynews.com/box/final/20251205/nmu/bgs/,https://www.collegehockeynews.com/box/metrics.php?gd=110864,,college_hockey_news,https://www.collegehockeynews.com/schedules/team/Bowling-Green/11/20252026,CCHA,CCHA
2025-26,Bowling Green,2025-12-06,Sat,W,4,3,True,False,False,Northern Michigan,https://www.collegehockeynews.com/reports/team/Northern-Michigan/42,42,True,True,https://www.collegehockeynews.com/box/final/20251206/nmu/bgs/,https://www.collegehockeynews.com/box/metrics.php?gd=110865,,college_hockey_news,https://www.collegehockeynews.com/schedules/team/Bowling-Green/11/20252026,CCHA,CCHA
2025-26,Bowling Green,2026-01-02,Fri,T,2,2,False,True,False,Ohio State,https://www.collegehockeynews.com/reports/team/Ohio-State/44,44,False,True,https://www.collegehockeynews.com/box/final/20260102/bgs/osu/,https://www.collegehockeynews.com/box/metrics.php?gd=110980,,college_hockey_news,https://www.collegehockeynews.com/schedules/team/Bowling-Green/11/20252026,CCHA,Big Ten
2025-26,Bowling Green,2026-01-03,Sat,W,5,3,True,False,False,Ohio State,https://www.collegehockeynews.com/reports/team/Ohio-State/44,44,False,False,https://www.collegehockeynews.com/box/final/20260103/osu/bgs/,https://www.collegehockeynews.com/box/metrics.php?gd=110981,,college_hockey_news,https://www.collegehockeynews.com/schedules/team/Bowling-Green/11/20252026,CCHA,Big Ten
2025-26,Bowling Green,2026-01-09,Fri,W,3,1,False,True,False,Ferris State,https://www.collegehockeynews.com/reports/team/Ferris-State/21,21,True,False,https://www.collegehockeynews.com/box/final/20260109/bgs/fsu/,https://www.collegehockeynews.com/box/metrics.php?gd=110982,,college_hockey_news,https://www.collegehockeynews.com/schedules/team/Bowling-Green/11/20252026,CCHA,CCHA
2025-26,Bowling Green,2026-01-10,Sat,W,5,1,False,True,False,Ferris State,https://www.collegehockeynews.com/reports/team/Ferris-State/21,21,True,False,https://www.collegehockeynews.com/box/final/20260110/bgs/fsu/,https://www.collegehockeynews.com/box/metrics.php?gd=110983,,college_hockey_news,https://www.collegehockeynews.com/schedules/team/Bowling-Green/11/20252026,CCHA,CCHA
2025-26,Bowling Green,2026-01-16,Fri,W,3,1,True,False,False,Lake Superior,https://www.collegehockeynews.com/reports/team/Lake-Superior/24,24,True,False,https://www.collegehockeynews.com/box/final/20260116/lss/bgs/,https://www.collegehockeynews.com/box/metrics.php?gd=110984,,college_hockey_news,https://www.collegehockeynews.com/schedules/team/Bowling-Green/11/20252026,CCHA,CCHA
2025-26,Bowling Green,2026-01-17,Sat,L,0,1,True,False,False,Lake Superior,https://www.collegehockeynews.com/reports/team/Lake-Superior/24,24,True,False,https://www.collegehockeynews.com/box/final/20260117/lss/bgs/,https://www.collegehockeynews.com/box/metrics.php?gd=110985,,college_hockey_news,https://www.collegehockeynews.com/schedules/team/Bowling-Green/11/20252026,CCHA,CCHA
2025-26,Bowling Green,2026-01-23,Fri,W,3,1,False,True,False,Bemidji State,https://www.collegehockeynews.com/reports/team/Bemidji-State/7,7,True,False,https://www.collegehockeynews.com/box/final/20260123/bgs/bmj/,https://www.collegehockeynews.com/box/metrics.php?gd=110794,,college_hockey_news,https://www.collegehockeynews.com/schedules/team/Bowling-Green/11/20252026,CCHA,CCHA
2025-26,Bowling Green,2026-01-24,Sat,W,5,1,False,True,False,Bemidji State,https://www.collegehockeynews.com/reports/team/Bemidji-State/7,7,True,False,https://www.collegehockeynews.com/box/final/20260124/bgs/bmj/,https://www.collegehockeynews.com/box/metrics.php?gd=110795,,college_hockey_news,https://www.collegehockeynews.com/schedules/team/Bowling-Green/11/20252026,CCHA,CCHA
2025-26,Bowling Green,2026-01-30,Fri,T,3,3,False,True,False,Notre Dame,https://www.collegehockeynews.com/reports/team/Notre-Dame/43,43,False,True,https://www.collegehockeynews.com/box/final/20260130/bgs/ndm/,https://www.collegehockeynews.com/box/metrics.php?gd=111208,,college_hockey_news,https://www.collegehockeynews.com/schedules/team/Bowling-Green/11/20252026,CCHA,Big Ten
2025-26,Bowling Green,2026-01-31,Sat,T,2,2,True,False,False,Notre Dame,https://www.collegehockeynews.com/reports/team/Notre-Dame/43,43,False,True,https://www.collegehockeynews.com/box/final/20260131/ndm/bgs/,https://www.collegehockeynews.com/box/metrics.php?gd=111209,,college_hockey_news,https://www.collegehockeynews.com/schedules/team/Bowling-Green/11/20252026,CCHA,Big Ten
2025-26,Bowling Green,2026-02-06,Fri,L,2,3,True,False,False,St. Thomas,https://www.collegehockeynews.com/reports/team/St-Thomas/63,63,True,True,https://www.collegehockeynews.com/box/final/20260206/stt/bgs/,https://www.collegehockeynews.com/box/metrics.php?gd=110667,,college_hockey_news,https://www.collegehockeynews.com/schedules/team/Bowling-Green/11/20252026,CCHA,CCHA
2025-26,Bowling Green,2026-02-07,Sat,W,3,1,True,False,False,St. Thomas,https://www.collegehockeynews.com/reports/team/St-Thomas/63,63,True,False,https://www.collegehockeynews.com/box/final/20260207/stt/bgs/,https://www.collegehockeynews.com/box/metrics.php?gd=110668,,college_hockey_news,https://www.collegehockeynews.com/schedules/team/Bowling-Green/11/20252026,CCHA,CCHA
2025-26,Bowling Green,2026-02-13,Fri,W,1,0,False,True,False,Augustana,https://www.collegehockeynews.com/reports/team/Augustana/64,64,True,False,https://www.collegehockeynews.com/box/final/20260213/bgs/aug/,https://www.collegehockeynews.com/box/metrics.php?gd=110695,,college_hockey_news,https://www.collegehockeynews.com/schedules/team/Bowling-Green/11/20252026,CCHA,CCHA
2025-26,Bowling Green,2026-02-14,Sat,L,2,4,False,True,False,Augustana,https://www.collegehockeynews.com/reports/team/Augustana/64,64,True,False,https://www.collegehockeynews.com/box/final/20260214/bgs/aug/,https://www.collegehockeynews.com/box/metrics.php?gd=110696,,college_hockey_news,https://www.collegehockeynews.com/schedules/team/Bowling-Green/11/20252026,CCHA,CCHA
2025-26,Bowling Green,2026-02-20,Fri,L,4,5,True,False,False,Minnesota State,https://www.collegehockeynews.com/reports/team/Minnesota-State/35,35,True,False,https://www.collegehockeynews.com/box/final/20260220/mns/bgs/,https://www.collegehockeynews.com/box/metrics.php?gd=110624,,college_hockey_news,https://www.collegehockeynews.com/schedules/team/Bowling-Green/11/20252026,CCHA,CCHA
2025-26,Bowling Green,2026-02-21,Sat,T-SOL,1,1,True,False,False,Minnesota State,https://www.collegehockeynews.com/reports/team/Minnesota-State/35,35,True,True,https://www.collegehockeynews.com/box/final/20260221/mns/bgs/,https://www.collegehockeynews.com/box/metrics.php?gd=110625,,college_hockey_news,https://www.collegehockeynews.com/schedules/team/Bowling-Green/11/20252026,CCHA,CCHA
2025-26,Bowling Green,2026-02-27,Fri,W,1,0,False,True,False,Michigan Tech,https://www.collegehockeynews.com/reports/team/Michigan-Tech/33,33,True,False,https://www.collegehockeynews.com/box/final/20260227/bgs/mtu/,https://www.collegehockeynews.com/box/metrics.php?gd=110986,,college_hockey_news,https://www.collegehockeynews.com/schedules/team/Bowling-Green/11/20252026,CCHA,CCHA
2025-26,Bowling Green,2026-02-28,Sat,W,4,3,False,True,False,Michigan Tech,https://www.collegehockeynews.com/reports/team/Michigan-Tech/33,33,True,True,https://www.collegehockeynews.com/box/final/20260228/bgs/mtu/,https://www.collegehockeynews.com/box/metrics.php?gd=110987,,college_hockey_news,https://www.collegehockeynews.com/schedules/team/Bowling-Green/11/20252026,CCHA,CCHA
2025-26,Bowling Green,2026-03-06,Fri,L,3,5,False,True,False,Michigan Tech,https://www.collegehockeynews.com/reports/team/Michigan-Tech/33,33,False,False,https://www.collegehockeynews.com/box/final/20260306/bgs/mtu/,https://www.collegehockeynews.com/box/metrics.php?gd=112944,"CCHA Tournament CCHA Quarterfinal – MacInnes Student Ice Arena, Houghton, Mich.",college_hockey_news,https://www.collegehockeynews.com/schedules/team/Bowling-Green/11/20252026,CCHA,CCHA
2025-26,Bowling Green,2026-03-07,Sat,L,2,3,False,True,False,Michigan Tech,https://www.collegehockeynews.com/reports/team/Michigan-Tech/33,33,False,False,https://www.collegehockeynews.com/box/final/20260307/bgs/mtu/,https://www.collegehockeynews.com/box/metrics.php?gd=112945,"CCHA Tournament CCHA Quarterfinal – MacInnes Student Ice Arena, Houghton, Mich.",college_hockey_news,https://www.collegehockeynews.com/schedules/team/Bowling-Green/11/20252026,CCHA,CCHA
2025-26,Ferris State,2025-10-03,Fri,L,4,6,False,True,False,Miami,https://www.collegehockeynews.com/reports/team/Miami/30,30,False,False,https://www.collegehockeynews.com/box/final/20251003/fsu/mia/,https://www.collegehockeynews.com/box/metrics.php?gd=110572,,college_hockey_news,https://www.collegehockeynews.com/schedules/team/Ferris-State/21/20252026,CCHA,NCHC
2025-26,Ferris State,2025-10-04,Sat,L,1,3,False,True,False,Miami,https://www.collegehockeynews.com/reports/team/Miami/30,30,False,False,https://www.collegehockeynews.com/box/final/20251004/fsu/mia/,https://www.collegehockeynews.com/box/metrics.php?gd=110573,,college_hockey_news,https://www.collegehockeynews.com/schedules/team/Ferris-State/21/20252026,CCHA,NCHC
2025-26,Ferris State,2025-10-09,Thu,W,3,2,False,True,False,Western Michigan,https://www.collegehockeynews.com/reports/team/Western-Michigan/57,57,False,False,https://www.collegehockeynews.com/box/final/20251009/fsu/wmu/,https://www.collegehockeynews.com/box/metrics.php?gd=110629,,college_hockey_news,https://www.collegehockeynews.com/schedules/team/Ferris-State/21/20252026,CCHA,NCHC
2025-26,Ferris State,2025-10-10,Fri,L,4,6,True,False,False,Western Michigan,https://www.collegehockeynews.com/reports/team/Western-Michigan/57,57,False,False,https://www.collegehockeynews.com/box/final/20251010/wmu/fsu/,https://www.collegehockeynews.com/box/metrics.php?gd=110630,,college_hockey_news,https://www.collegehockeynews.com/schedules/team/Ferris-State/21/20252026,CCHA,NCHC
2025-26,Ferris State,2025-10-24,Fri,L,1,5,False,True,False,Michigan Tech,https://www.collegehockeynews.com/reports/team/Michigan-Tech/33,33,True,False,https://www.collegehockeynews.com/box/final/20251024/fsu/mtu/,https://www.collegehockeynews.com/box/metrics.php?gd=110998,,college_hockey_news,https://www.collegehockeynews.com/schedules/team/Ferris-State/21/20252026,CCHA,CCHA
2025-26,Ferris State,2025-10-25,Sat,L,2,4,False,True,False,Michigan Tech,https://www.collegehockeynews.com/reports/team/Michigan-Tech/33,33,True,False,https://www.collegehockeynews.com/box/final/20251025/fsu/mtu/,https://www.collegehockeynews.com/box/metrics.php?gd=110999,,college_hockey_news,https://www.collegehockeynews.com/schedules/team/Ferris-State/21/20252026,CCHA,CCHA
2025-26,Ferris State,2025-10-31,Fri,L,0,1,True,False,False,Lindenwood,https://www.collegehockeynews.com/reports/team/Lindenwood/433,433,False,False,https://www.collegehockeynews.com/box/final/20251031/lin/fsu/,https://www.collegehockeynews.com/box/metrics.php?gd=111000,,college_hockey_news,https://www.collegehockeynews.com/schedules/team/Ferris-State/21/20252026,CCHA,Independent
2025-26,Ferris State,2025-11-01,Sat,L,2,3,True,False,False,Lindenwood,https://www.collegehockeynews.com/reports/team/Lindenwood/433,433,False,False,https://www.collegehockeynews.com/box/final/20251101/lin/fsu/,https://www.collegehockeynews.com/box/metrics.php?gd=111001,,college_hockey_news,https://www.collegehockeynews.com/schedules/team/Ferris-State/21/20252026,CCHA,Independent
2025-26,Ferris State,2025-11-07,Fri,L,2,4,True,False,False,Augustana,https://www.collegehockeynews.com/reports/team/Augustana/64,64,True,False,https://www.collegehockeynews.com/box/final/20251107/aug/fsu/,https://www.collegehockeynews.com/box/metrics.php?gd=110677,,college_hockey_news,https://www.collegehockeynews.com/schedules/team/Ferris-State/21/20252026,CCHA,CCHA
2025-26,Ferris State,2025-11-08,Sat,W,2,0,True,False,False,Augustana,https://www.collegehockeynews.com/reports/team/Augustana/64,64,True,False,https://www.collegehockeynews.com/box/final/20251108/aug/fsu/,https://www.collegehockeynews.com/box/metrics.php?gd=110678,,college_hockey_news,https://www.collegehockeynews.com/schedules/team/Ferris-State/21/20252026,CCHA,CCHA
2025-26,Ferris State,2025-11-14,Fri,L,5,9,False,True,False,Bowling Green,https://www.collegehockeynews.com/reports/team/Bowling-Green/11,11,True,False,https://www.collegehockeynews.com/box/final/20251114/fsu/bgs/,https://www.collegehockeynews.com/box/metrics.php?gd=110975,,college_hockey_news,https://www.collegehockeynews.com/schedules/team/Ferris-State/21/20252026,CCHA,CCHA
2025-26,Ferris State,2025-11-15,Sat,L,2,5,False,True,False,Bowling Green,https://www.collegehockeynews.com/reports/team/Bowling-Green/11,11,True,False,https://www.collegehockeynews.com/box/final/20251115/fsu/bgs/,https://www.collegehockeynews.com/box/metrics.php?gd=110976,,college_hockey_news,https://www.collegehockeynews.com/schedules/team/Ferris-State/21/20252026,CCHA,CCHA
2025-26,Ferris State,2025-11-21,Fri,L,1,2,True,False,False,Lake Superior,https://www.collegehockeynews.com/reports/team/Lake-Superior/24,24,True,False,https://www.collegehockeynews.com/box/final/20251121/lss/fsu/,https://www.collegehockeynews.com/box/metrics.php?gd=111002,,college_hockey_news,https://www.collegehockeynews.com/schedules/team/Ferris-State/21/20252026,CCHA,CCHA
2025-26,Ferris State,2025-11-22,Sat,W,4,3,True,False,False,Lake Superior,https://www.collegehockeynews.com/reports/team/Lake-Superior/24,24,True,True,https://www.collegehockeynews.com/box/final/20251122/lss/fsu/,https://www.collegehockeynews.com/box/metrics.php?gd=111003,,college_hockey_news,https://www.collegehockeynews.com/schedules/team/Ferris-State/21/20252026,CCHA,CCHA
2025-26,Ferris State,2025-12-05,Fri,L,1,5,False,True,False,Minnesota State,https://www.collegehockeynews.com/reports/team/Minnesota-State/35,35,True,False,https://www.collegehockeynews.com/box/final/20251205/fsu/mns/,https://www.collegehockeynews.com/box/metrics.php?gd=110610,,college_hockey_news,https://www.collegehockeynews.com/schedules/team/Ferris-State/21/20252026,CCHA,CCHA
2025-26,Ferris State,2025-12-06,Sat,W,4,1,False,True,False,Minnesota State,https://www.collegehockeynews.com/reports/team/Minnesota-State/35,35,True,False,https://www.collegehockeynews.com/box/final/20251206/fsu/mns/,https://www.collegehockeynews.com/box/metrics.php?gd=110611,,college_hockey_news,https://www.collegehockeynews.com/schedules/team/Ferris-State/21/20252026,CCHA,CCHA
2025-26,Ferris State,2025-12-12,Fri,L,2,3,True,False,False,Michigan Tech,https://www.collegehockeynews.com/reports/team/Michigan-Tech/33,33,True,False,https://www.collegehockeynews.com/box/final/20251212/mtu/fsu/,https://www.collegehockeynews.com/box/metrics.php?gd=111004,,college_hockey_news,https://www.collegehockeynews.com/schedules/team/Ferris-State/21/20252026,CCHA,CCHA
2025-26,Ferris State,2025-12-13,Sat,L,2,5,True,False,False,Michigan Tech,https://www.collegehockeynews.com/reports/team/Michigan-Tech/33,33,True,False,https://www.collegehockeynews.com/box/final/20251213/mtu/fsu/,https://www.collegehockeynews.com/box/metrics.php?gd=111005,,college_hockey_news,https://www.collegehockeynews.com/schedules/team/Ferris-State/21/20252026,CCHA,CCHA
2025-26,Ferris State,2025-12-28,Sun,L,2,5,False,False,True,Michigan State,https://www.collegehockeynews.com/reports/team/Michigan-State/32,32,False,False,https://www.collegehockeynews.com/box/final/20251228/fsu/msu/,https://www.collegehockeynews.com/box/metrics.php?gd=110585,"Great Lakes Invitational – Van Andel Arena, Grand Rapids, Mich.",college_hockey_news,https://www.collegehockeynews.com/schedules/team/Ferris-State/21/20252026,CCHA,Big Ten
2025-26,Ferris State,2025-12-29,Mon,L,2,4,False,False,True,Miami,https://www.collegehockeynews.com/reports/team/Miami/30,30,False,False,https://www.collegehockeynews.com/box/final/20251229/mia/fsu/,https://www.collegehockeynews.com/box/metrics.php?gd=111251,"Great Lakes Invitational – Van Andel Arena, Grand Rapids, Mich.",college_hockey_news,https://www.collegehockeynews.com/schedules/team/Ferris-State/21/20252026,CCHA,NCHC
2025-26,Ferris State,2026-01-02,Fri,L,3,5,False,True,False,St. Thomas,https://www.collegehockeynews.com/reports/team/St-Thomas/63,63,True,False,https://www.collegehockeynews.com/box/final/20260102/fsu/stt/,https://www.collegehockeynews.com/box/metrics.php?gd=110659,,college_hockey_news,https://www.collegehockeynews.com/schedules/team/Ferris-State/21/20252026,CCHA,CCHA
2025-26,Ferris State,2026-01-03,Sat,L,4,8,False,True,False,St. Thomas,https://www.collegehockeynews.com/reports/team/St-Thomas/63,63,True,False,https://www.collegehockeynews.com/box/final/20260103/fsu/stt/,https://www.collegehockeynews.com/box/metrics.php?gd=110660,,college_hockey_news,https://www.collegehockeynews.com/schedules/team/Ferris-State/21/20252026,CCHA,CCHA
2025-26,Ferris State,2026-01-09,Fri,L,1,3,True,False,False,Bowling Green,https://www.collegehockeynews.com/reports/team/Bowling-Green/11,11,True,False,https://www.collegehockeynews.com/box/final/20260109/bgs/fsu/,https://www.collegehockeynews.com/box/metrics.php?gd=110982,,college_hockey_news,https://www.collegehockeynews.com/schedules/team/Ferris-State/21/20252026,CCHA,CCHA
2025-26,Ferris State,2026-01-10,Sat,L,1,5,True,False,False,Bowling Green,https://www.collegehockeynews.com/reports/team/Bowling-Green/11,11,True,False,https://www.collegehockeynews.com/box/final/20260110/bgs/fsu/,https://www.collegehockeynews.com/box/metrics.php?gd=110983,,college_hockey_news,https://www.collegehockeynews.com/schedules/team/Ferris-State/21/20252026,CCHA,CCHA
2025-26,Ferris State,2026-01-16,Fri,L,0,4,False,True,False,Augustana,https://www.collegehockeynews.com/reports/team/Augustana/64,64,True,False,https://www.collegehockeynews.com/box/final/20260116/fsu/aug/,https://www.collegehockeynews.com/box/metrics.php?gd=110689,,college_hockey_news,https://www.collegehockeynews.com/schedules/team/Ferris-State/21/20252026,CCHA,CCHA
2025-26,Ferris State,2026-01-17,Sat,L,3,4,False,True,False,Augustana,https://www.collegehockeynews.com/reports/team/Augustana/64,64,True,True,https://www.collegehockeynews.com/box/final/20260117/fsu/aug/,https://www.collegehockeynews.com/box/metrics.php?gd=110690,,college_hockey_news,https://www.collegehockeynews.com/schedules/team/Ferris-State/21/20252026,CCHA,CCHA
2025-26,Ferris State,2026-01-30,Fri,L,1,6,True,False,False,Minnesota State,https://www.collegehockeynews.com/reports/team/Minnesota-State/35,35,True,False,https://www.collegehockeynews.com/box/final/20260130/mns/fsu/,https://www.collegehockeynews.com/box/metrics.php?gd=110620,,college_hockey_news,https://www.collegehockeynews.com/schedules/team/Ferris-State/21/20252026,CCHA,CCHA
2025-26,Ferris State,2026-01-31,Sat,L,3,4,True,False,False,Minnesota State,https://www.collegehockeynews.com/reports/team/Minnesota-State/35,35,True,False,https://www.collegehockeynews.com/box/final/20260131/mns/fsu/,https://www.collegehockeynews.com/box/metrics.php?gd=110621,,college_hockey_news,https://www.collegehockeynews.com/schedules/team/Ferris-State/21/20252026,CCHA,CCHA
2025-26,Ferris State,2026-02-06,Fri,W,6,3,False,True,False,Bemidji State,https://www.collegehockeynews.com/reports/team/Bemidji-State/7,7,True,False,https://www.collegehockeynews.com/box/final/20260206/fsu/bmj/,https://www.collegehockeynews.com/box/metrics.php?gd=110798,,college_hockey_news,https://www.collegehockeynews.com/schedules/team/Ferris-State/21/20252026,CCHA,CCHA
2025-26,Ferris State,2026-02-07,Sat,L,3,4,False,True,False,Bemidji State,https://www.collegehockeynews.com/reports/team/Bemidji-State/7,7,True,True,https://www.collegehockeynews.com/box/final/20260207/fsu/bmj/,https://www.collegehockeynews.com/box/metrics.php?gd=110799,,college_hockey_news,https://www.collegehockeynews.com/schedules/team/Ferris-State/21/20252026,CCHA,CCHA
2025-26,Ferris State,2026-02-13,Fri,T-SOW,4,4,True,False,False,Northern Michigan,https://www.collegehockeynews.com/reports/team/Northern-Michigan/42,42,True,True,https://www.collegehockeynews.com/box/final/20260213/nmu/fsu/,https://www.collegehockeynews.com/box/metrics.php?gd=110870,,college_hockey_news,https://www.collegehockeynews.com/schedules/team/Ferris-State/21/20252026,CCHA,CCHA
2025-26,Ferris State,2026-02-14,Sat,W,6,0,True,False,False,Northern Michigan,https://www.collegehockeynews.com/reports/team/Northern-Michigan/42,42,True,False,https://www.collegehockeynews.com/box/final/20260214/nmu/fsu/,https://www.collegehockeynews.com/box/metrics.php?gd=110871,,college_hockey_news,https://www.collegehockeynews.com/schedules/team/Ferris-State/21/20252026,CCHA,CCHA
2025-26,Ferris State,2026-02-26,Thu,W,5,2,False,True,False,Lake Superior,https://www.collegehockeynews.com/reports/team/Lake-Superior/24,24,True,False,https://www.collegehockeynews.com/box/final/20260226/fsu/lss/,https://www.collegehockeynews.com/box/metrics.php?gd=111006,,college_hockey_news,https://www.collegehockeynews.com/schedules/team/Ferris-State/21/20252026,CCHA,CCHA
2025-26,Ferris State,2026-02-27,Fri,T-SOL,2,2,False,True,False,Lake Superior,https://www.collegehockeynews.com/reports/team/Lake-Superior/24,24,True,True,https://www.collegehockeynews.com/box/final/20260227/fsu/lss/,https://www.collegehockeynews.com/box/metrics.php?gd=111007,,college_hockey_news,https://www.collegehockeynews.com/schedules/team/Ferris-State/21/20252026,CCHA,CCHA
2025-26,Ferris State,2026-03-06,Fri,L,1,5,False,True,False,Minnesota State,https://www.collegehockeynews.com/reports/team/Minnesota-State/35,35,False,False,https://www.collegehockeynews.com/box/final/20260306/fsu/mns/,https://www.collegehockeynews.com/box/metrics.php?gd=112938,"CCHA Tournament CCHA Quarterfinal – Mayo Clinic Event Center, Mankato, Minn.",college_hockey_news,https://www.collegehockeynews.com/schedules/team/Ferris-State/21/20252026,CCHA,CCHA
2025-26,Ferris State,2026-03-07,Sat,W,2,1,False,True,False,Minnesota State,https://www.collegehockeynews.com/reports/team/Minnesota-State/35,35,False,True,https://www.collegehockeynews.com/box/final/20260307/fsu/mns/,https://www.collegehockeynews.com/box/metrics.php?gd=112939,"CCHA Tournament CCHA Quarterfinal – Mayo Clinic Event Center, Mankato, Minn.",college_hockey_news,https://www.collegehockeynews.com/schedules/team/Ferris-State/21/20252026,CCHA,CCHA
2025-26,Ferris State,2026-03-08,Sun,L,0,2,False,True,False,Minnesota State,https://www.collegehockeynews.com/reports/team/Minnesota-State/35,35,False,False,https://www.collegehockeynews.com/box/final/20260308/fsu/mns/,https://www.collegehockeynews.com/box/metrics.php?gd=113006,"CCHA Tournament CCHA Quarterfinal – Mayo Clinic Event Center, Mankato, Minn.",college_hockey_news,https://www.collegehockeynews.com/schedules/team/Ferris-State/21/20252026,CCHA,CCHA
2025-26,Lake Superior,2025-10-04,Sat,W,5,3,False,True,False,Stonehill,https://www.collegehockeynews.com/reports/team/Stonehill/422,422,False,False,https://www.collegehockeynews.com/box/final/20251004/lss/stn/,https://www.collegehockeynews.com/box/metrics.php?gd=111151,,college_hockey_news,https://www.collegehockeynews.com/schedules/team/Lake-Superior/24/20252026,CCHA,Independent
2025-26,Lake Superior,2025-10-05,Sun,W,3,2,False,True,False,Stonehill,https://www.collegehockeynews.com/reports/team/Stonehill/422,422,False,False,https://www.collegehockeynews.com/box/final/20251005/lss/stn/,https://www.collegehockeynews.com/box/metrics.php?gd=111152,,college_hockey_news,https://www.collegehockeynews.com/schedules/team/Lake-Superior/24/20252026,CCHA,Independent
2025-26,Lake Superior,2025-10-10,Fri,L,4,5,True,False,False,Lindenwood,https://www.collegehockeynews.com/reports/team/Lindenwood/433,433,False,False,https://www.collegehockeynews.com/box/final/20251010/lin/lss/,https://www.collegehockeynews.com/box/metrics.php?gd=111153,,college_hockey_news,https://www.collegehockeynews.com/schedules/team/Lake-Superior/24/20252026,CCHA,Independent
2025-26,Lake Superior,2025-10-11,Sat,L,4,7,True,False,False,Lindenwood,https://www.collegehockeynews.com/reports/team/Lindenwood/433,433,False,False,https://www.collegehockeynews.com/box/final/20251011/lin/lss/,https://www.collegehockeynews.com/box/metrics.php?gd=111154,,college_hockey_news,https://www.collegehockeynews.com/schedules/team/Lake-Superior/24/20252026,CCHA,Independent
2025-26,Lake Superior,2025-10-24,Fri,L,1,4,True,False,False,Bowling Green,https://www.collegehockeynews.com/reports/team/Bowling-Green/11,11,True,False,https://www.collegehockeynews.com/box/final/20251024/bgs/lss/,https://www.collegehockeynews.com/box/metrics.php?gd=110973,,college_hockey_news,https://www.collegehockeynews.com/schedules/team/Lake-Superior/24/20252026,CCHA,CCHA
2025-26,Lake Superior,2025-10-25,Sat,L,2,3,True,False,False,Bowling Green,https://www.collegehockeynews.com/reports/team/Bowling-Green/11,11,True,False,https://www.collegehockeynews.com/box/final/20251025/bgs/lss/,https://www.collegehockeynews.com/box/metrics.php?gd=110974,,college_hockey_news,https://www.collegehockeynews.com/schedules/team/Lake-Superior/24/20252026,CCHA,CCHA
2025-26,Lake Superior,2025-10-31,Fri,T,3,3,False,True,False,St. Lawrence,https://www.collegehockeynews.com/reports/team/St-Lawrence/53,53,False,True,https://www.collegehockeynews.com/box/final/20251031/lss/stl/,https://www.collegehockeynews.com/box/metrics.php?gd=111157,,college_hockey_news,https://www.collegehockeynews.com/schedules/team/Lake-Superior/24/20252026,CCHA,ECAC
2025-26,Lake Superior,2025-11-01,Sat,W,6,2,False,True,False,Clarkson,https://www.collegehockeynews.com/reports/team/Clarkson/14,14,False,False,https://www.collegehockeynews.com/box/final/20251101/lss/clk/,https://www.collegehockeynews.com/box/metrics.php?gd=110443,,college_hockey_news,https://www.collegehockeynews.com/schedules/team/Lake-Superior/24/20252026,CCHA,ECAC
2025-26,Lake Superior,2025-11-07,Fri,L,1,4,False,True,False,Bemidji State,https://www.collegehockeynews.com/reports/team/Bemidji-State/7,7,True,False,https://www.collegehockeynews.com/box/final/20251107/lss/bmj/,https://www.collegehockeynews.com/box/metrics.php?gd=110785,,college_hockey_news,https://www.collegehockeynews.com/schedules/team/Lake-Superior/24/20252026,CCHA,CCHA
2025-26,Lake Superior,2025-11-08,Sat,L,2,3,False,True,False,Bemidji State,https://www.collegehockeynews.com/reports/team/Bemidji-State/7,7,True,True,https://www.collegehockeynews.com/box/final/20251108/lss/bmj/,https://www.collegehockeynews.com/box/metrics.php?gd=110786,,college_hockey_news,https://www.collegehockeynews.com/schedules/team/Lake-Superior/24/20252026,CCHA,CCHA
2025-26,Lake Superior,2025-11-14,Fri,L,1,2,True,False,False,Minnesota State,https://www.collegehockeynews.com/reports/team/Minnesota-State/35,35,True,True,https://www.collegehockeynews.com/box/final/20251114/mns/lss/,https://www.collegehockeynews.com/box/metrics.php?gd=110604,,college_hockey_news,https://www.collegehockeynews.com/schedules/team/Lake-Superior/24/20252026,CCHA,CCHA
2025-26,Lake Superior,2025-11-15,Sat,L,2,4,True,False,False,Minnesota State,https://www.collegehockeynews.com/reports/team/Minnesota-State/35,35,True,False,https://www.collegehockeynews.com/box/final/20251115/mns/lss/,https://www.collegehockeynews.com/box/metrics.php?gd=110605,,college_hockey_news,https://www.collegehockeynews.com/schedules/team/Lake-Superior/24/20252026,CCHA,CCHA
2025-26,Lake Superior,2025-11-21,Fri,W,2,1,False,True,False,Ferris State,https://www.collegehockeynews.com/reports/team/Ferris-State/21,21,True,False,https://www.collegehockeynews.com/box/final/20251121/lss/fsu/,https://www.collegehockeynews.com/box/metrics.php?gd=111002,,college_hockey_news,https://www.collegehockeynews.com/schedules/team/Lake-Superior/24/20252026,CCHA,CCHA
2025-26,Lake Superior,2025-11-22,Sat,L,3,4,False,True,False,Ferris State,https://www.collegehockeynews.com/reports/team/Ferris-State/21,21,True,True,https://www.collegehockeynews.com/box/final/20251122/lss/fsu/,https://www.collegehockeynews.com/box/metrics.php?gd=111003,,college_hockey_news,https://www.collegehockeynews.com/schedules/team/Lake-Superior/24/20252026,CCHA,CCHA
2025-26,Lake Superior,2025-11-28,Fri,W,2,1,True,False,False,Augustana,https://www.collegehockeynews.com/reports/team/Augustana/64,64,True,False,https://www.collegehockeynews.com/box/final/20251128/aug/lss/,https://www.collegehockeynews.com/box/metrics.php?gd=110679,,college_hockey_news,https://www.collegehockeynews.com/schedules/team/Lake-Superior/24/20252026,CCHA,CCHA
2025-26,Lake Superior,2025-11-29,Sat,L,1,2,True,False,False,Augustana,https://www.collegehockeynews.com/reports/team/Augustana/64,64,True,False,https://www.collegehockeynews.com/box/final/20251129/aug/lss/,https://www.collegehockeynews.com/box/metrics.php?gd=110680,,college_hockey_news,https://www.collegehockeynews.com/schedules/team/Lake-Superior/24/20252026,CCHA,CCHA
2025-26,Lake Superior,2025-12-05,Fri,W,5,3,False,True,False,St. Thomas,https://www.collegehockeynews.com/reports/team/St-Thomas/63,63,True,False,https://www.collegehockeynews.com/box/final/20251205/lss/stt/,https://www.collegehockeynews.com/box/metrics.php?gd=110655,,college_hockey_news,https://www.collegehockeynews.com/schedules/team/Lake-Superior/24/20252026,CCHA,CCHA
2025-26,Lake Superior,2025-12-06,Sat,L,1,4,False,True,False,St. Thomas,https://www.collegehockeynews.com/reports/team/St-Thomas/63,63,True,False,https://www.collegehockeynews.com/box/final/20251206/lss/stt/,https://www.collegehockeynews.com/box/metrics.php?gd=110656,,college_hockey_news,https://www.collegehockeynews.com/schedules/team/Lake-Superior/24/20252026,CCHA,CCHA
2025-26,Lake Superior,2025-12-28,Sun,L,2,3,False,False,True,Wisconsin,https://www.collegehockeynews.com/reports/team/Wisconsin/58,58,False,False,https://www.collegehockeynews.com/box/final/20251228/lss/wis/,https://www.collegehockeynews.com/box/metrics.php?gd=110642,"Holiday Face-Off – Fiserv Forum, Milwaukee, Wis.",college_hockey_news,https://www.collegehockeynews.com/schedules/team/Lake-Superior/24/20252026,CCHA,Big Ten
2025-26,Lake Superior,2025-12-29,Mon,L,3,4,False,False,True,Boston College,https://www.collegehockeynews.com/reports/team/Boston-College/9,9,False,False,https://www.collegehockeynews.com/box/final/20251229/bc_/lss/,https://www.collegehockeynews.com/box/metrics.php?gd=111258,"Holiday Face-Off – Fiserv Forum, Milwaukee, Wis.",college_hockey_news,https://www.collegehockeynews.com/schedules/team/Lake-Superior/24/20252026,CCHA,Hockey East
2025-26,Lake Superior,2026-01-03,Sat,W,2,1,True,False,False,Northern Michigan,https://www.collegehockeynews.com/reports/team/Northern-Michigan/42,42,True,True,https://www.collegehockeynews.com/box/final/20260103/nmu/lss/,https://www.collegehockeynews.com/box/metrics.php?gd=110866,,college_hockey_news,https://www.collegehockeynews.com/schedules/team/Lake-Superior/24/20252026,CCHA,CCHA
2025-26,Lake Superior,2026-01-04,Sun,W,2,1,True,False,False,Northern Michigan,https://www.collegehockeynews.com/reports/team/Northern-Michigan/42,42,True,False,https://www.collegehockeynews.com/box/final/20260104/nmu/lss/,https://www.collegehockeynews.com/box/metrics.php?gd=110867,,college_hockey_news,https://www.collegehockeynews.com/schedules/team/Lake-Superior/24/20252026,CCHA,CCHA
2025-26,Lake Superior,2026-01-16,Fri,L,1,3,False,True,False,Bowling Green,https://www.collegehockeynews.com/reports/team/Bowling-Green/11,11,True,False,https://www.collegehockeynews.com/box/final/20260116/lss/bgs/,https://www.collegehockeynews.com/box/metrics.php?gd=110984,,college_hockey_news,https://www.collegehockeynews.com/schedules/team/Lake-Superior/24/20252026,CCHA,CCHA
2025-26,Lake Superior,2026-01-17,Sat,W,1,0,False,True,False,Bowling Green,https://www.collegehockeynews.com/reports/team/Bowling-Green/11,11,True,False,https://www.collegehockeynews.com/box/final/20260117/lss/bgs/,https://www.collegehockeynews.com/box/metrics.php?gd=110985,,college_hockey_news,https://www.collegehockeynews.com/schedules/team/Lake-Superior/24/20252026,CCHA,CCHA
2025-26,Lake Superior,2026-01-23,Fri,L,4,7,True,False,False,St. Thomas,https://www.collegehockeynews.com/reports/team/St-Thomas/63,63,True,False,https://www.collegehockeynews.com/box/final/20260123/stt/lss/,https://www.collegehockeynews.com/box/metrics.php?gd=110663,"at GFL Memorial Gardens, Sault Ste. Marie, Ont.",college_hockey_news,https://www.collegehockeynews.com/schedules/team/Lake-Superior/24/20252026,CCHA,CCHA
2025-26,Lake Superior,2026-01-24,Sat,L,0,5,True,False,False,St. Thomas,https://www.collegehockeynews.com/reports/team/St-Thomas/63,63,True,False,https://www.collegehockeynews.com/box/final/20260124/stt/lss/,https://www.collegehockeynews.com/box/metrics.php?gd=110664,,college_hockey_news,https://www.collegehockeynews.com/schedules/team/Lake-Superior/24/20252026,CCHA,CCHA
2025-26,Lake Superior,2026-01-30,Fri,L,1,6,False,True,False,Augustana,https://www.collegehockeynews.com/reports/team/Augustana/64,64,True,False,https://www.collegehockeynews.com/box/final/20260130/lss/aug/,https://www.collegehockeynews.com/box/metrics.php?gd=110691,,college_hockey_news,https://www.collegehockeynews.com/schedules/team/Lake-Superior/24/20252026,CCHA,CCHA
2025-26,Lake Superior,2026-01-31,Sat,L,1,4,False,True,False,Augustana,https://www.collegehockeynews.com/reports/team/Augustana/64,64,True,False,https://www.collegehockeynews.com/box/final/20260131/lss/aug/,https://www.collegehockeynews.com/box/metrics.php?gd=110692,,college_hockey_news,https://www.collegehockeynews.com/schedules/team/Lake-Superior/24/20252026,CCHA,CCHA
2025-26,Lake Superior,2026-02-13,Fri,T-SOW,2,2,True,False,False,Michigan Tech,https://www.collegehockeynews.com/reports/team/Michigan-Tech/33,33,True,True,https://www.collegehockeynews.com/box/final/20260213/mtu/lss/,https://www.collegehockeynews.com/box/metrics.php?gd=111018,,college_hockey_news,https://www.collegehockeynews.com/schedules/team/Lake-Superior/24/20252026,CCHA,CCHA
2025-26,Lake Superior,2026-02-14,Sat,L,4,5,True,False,False,Michigan Tech,https://www.collegehockeynews.com/reports/team/Michigan-Tech/33,33,True,True,https://www.collegehockeynews.com/box/final/20260214/mtu/lss/,https://www.collegehockeynews.com/box/metrics.php?gd=111019,,college_hockey_news,https://www.collegehockeynews.com/schedules/team/Lake-Superior/24/20252026,CCHA,CCHA
2025-26,Lake Superior,2026-02-20,Fri,W,7,5,False,True,False,Northern Michigan,https://www.collegehockeynews.com/reports/team/Northern-Michigan/42,42,True,False,https://www.collegehockeynews.com/box/final/20260220/lss/nmu/,https://www.collegehockeynews.com/box/metrics.php?gd=110872,,college_hockey_news,https://www.collegehockeynews.com/schedules/team/Lake-Superior/24/20252026,CCHA,CCHA
2025-26,Lake Superior,2026-02-21,Sat,W,5,2,False,True,False,Northern Michigan,https://www.collegehockeynews.com/reports/team/Northern-Michigan/42,42,True,False,https://www.collegehockeynews.com/box/final/20260221/lss/nmu/,https://www.collegehockeynews.com/box/metrics.php?gd=110873,,college_hockey_news,https://www.collegehockeynews.com/schedules/team/Lake-Superior/24/20252026,CCHA,CCHA
2025-26,Lake Superior,2026-02-26,Thu,L,2,5,True,False,False,Ferris State,https://www.collegehockeynews.com/reports/team/Ferris-State/21,21,True,False,https://www.collegehockeynews.com/box/final/20260226/fsu/lss/,https://www.collegehockeynews.com/box/metrics.php?gd=111006,,college_hockey_news,https://www.collegehockeynews.com/schedules/team/Lake-Superior/24/20252026,CCHA,CCHA
2025-26,Lake Superior,2026-02-27,Fri,T-SOW,2,2,True,False,False,Ferris State,https://www.collegehockeynews.com/reports/team/Ferris-State/21,21,True,True,https://www.collegehockeynews.com/box/final/20260227/fsu/lss/,https://www.collegehockeynews.com/box/metrics.php?gd=111007,,college_hockey_news,https://www.collegehockeynews.com/schedules/team/Lake-Superior/24/20252026,CCHA,CCHA
2025-26,Lake Superior,2026-03-06,Fri,L,3,4,False,True,False,St. Thomas,https://www.collegehockeynews.com/reports/team/St-Thomas/63,63,False,True,https://www.collegehockeynews.com/box/final/20260306/lss/stt/,https://www.collegehockeynews.com/box/metrics.php?gd=112940,"CCHA Tournament CCHA Quarterfinal – Anderson Arena, St. Paul, Minn.",college_hockey_news,https://www.collegehockeynews.com/schedules/team/Lake-Superior/24/20252026,CCHA,CCHA
2025-26,Lake Superior,2026-03-07,Sat,L,2,5,False,True,False,St. Thomas,https://www.collegehockeynews.com/reports/team/St-Thomas/63,63,False,False,https://www.collegehockeynews.com/box/final/20260307/lss/stt/,https://www.collegehockeynews.com/box/metrics.php?gd=112941,"CCHA Tournament CCHA Quarterfinal – Anderson Arena, St. Paul, Minn.",college_hockey_news,https://www.collegehockeynews.com/schedules/team/Lake-Superior/24/20252026,CCHA,CCHA
2025-26,Michigan Tech,2025-10-03,Fri,L,3,6,False,True,False,Minnesota,https://www.collegehockeynews.com/reports/team/Minnesota/34,34,False,False,https://www.collegehockeynews.com/box/final/20251003/mtu/min/,https://www.collegehockeynews.com/box/metrics.php?gd=110988,,college_hockey_news,https://www.collegehockeynews.com/schedules/team/Michigan-Tech/33/20252026,CCHA,Big Ten
2025-26,Michigan Tech,2025-10-04,Sat,W,5,3,False,True,False,Minnesota,https://www.collegehockeynews.com/reports/team/Minnesota/34,34,False,False,https://www.collegehockeynews.com/box/final/20251004/mtu/min/,https://www.collegehockeynews.com/box/metrics.php?gd=110989,,college_hockey_news,https://www.collegehockeynews.com/schedules/team/Michigan-Tech/33/20252026,CCHA,Big Ten
2025-26,Michigan Tech,2025-10-17,Fri,W,3,1,False,True,False,Alaska,https://www.collegehockeynews.com/reports/team/Alaska/4,4,False,False,https://www.collegehockeynews.com/box/final/20251017/mtu/akf/,https://www.collegehockeynews.com/box/metrics.php?gd=111015,,college_hockey_news,https://www.collegehockeynews.com/schedules/team/Michigan-Tech/33/20252026,CCHA,Independent
2025-26,Michigan Tech,2025-10-18,Sat,L,1,5,False,True,False,Alaska,https://www.collegehockeynews.com/reports/team/Alaska/4,4,False,False,https://www.collegehockeynews.com/box/final/20251018/mtu/akf/,https://www.collegehockeynews.com/box/metrics.php?gd=111016,,college_hockey_news,https://www.collegehockeynews.com/schedules/team/Michigan-Tech/33/20252026,CCHA,Independent
2025-26,Michigan Tech,2025-10-24,Fri,W,5,1,True,False,False,Ferris State,https://www.collegehockeynews.com/reports/team/Ferris-State/21,21,True,False,https://www.collegehockeynews.com/box/final/20251024/fsu/mtu/,https://www.collegehockeynews.com/box/metrics.php?gd=110998,,college_hockey_news,https://www.collegehockeynews.com/schedules/team/Michigan-Tech/33/20252026,CCHA,CCHA
2025-26,Michigan Tech,2025-10-25,Sat,W,4,2,True,False,False,Ferris State,https://www.collegehockeynews.com/reports/team/Ferris-State/21,21,True,False,https://www.collegehockeynews.com/box/final/20251025/fsu/mtu/,https://www.collegehockeynews.com/box/metrics.php?gd=110999,,college_hockey_news,https://www.collegehockeynews.com/schedules/team/Michigan-Tech/33/20252026,CCHA,CCHA
2025-26,Michigan Tech,2025-10-31,Fri,L,4,6,False,True,False,Clarkson,https://www.collegehockeynews.com/reports/team/Clarkson/14,14,False,False,https://www.collegehockeynews.com/box/final/20251031/mtu/clk/,https://www.collegehockeynews.com/box/metrics.php?gd=110442,,college_hockey_news,https://www.collegehockeynews.com/schedules/team/Michigan-Tech/33/20252026,CCHA,ECAC
2025-26,Michigan Tech,2025-11-01,Sat,W,3,0,False,True,False,St. Lawrence,https://www.collegehockeynews.com/reports/team/St-Lawrence/53,53,False,False,https://www.collegehockeynews.com/box/final/20251101/mtu/stl/,https://www.collegehockeynews.com/box/metrics.php?gd=111017,,college_hockey_news,https://www.collegehockeynews.com/schedules/team/Michigan-Tech/33/20252026,CCHA,ECAC
2025-26,Michigan Tech,2025-11-07,Fri,W,4,1,True,False,False,Northern Michigan,https://www.collegehockeynews.com/reports/team/Northern-Michigan/42,42,True,False,https://www.collegehockeynews.com/box/final/20251107/nmu/mtu/,https://www.collegehockeynews.com/box/metrics.php?gd=110862,,college_hockey_news,https://www.collegehockeynews.com/schedules/team/Michigan-Tech/33/20252026,CCHA,CCHA
2025-26,Michigan Tech,2025-11-08,Sat,W,4,2,False,True,False,Northern Michigan,https://www.collegehockeynews.com/reports/team/Northern-Michigan/42,42,True,False,https://www.collegehockeynews.com/box/final/20251108/mtu/nmu/,https://www.collegehockeynews.com/box/metrics.php?gd=110863,,college_hockey_news,https://www.collegehockeynews.com/schedules/team/Michigan-Tech/33/20252026,CCHA,CCHA
2025-26,Michigan Tech,2025-11-14,Fri,T-SOL,2,2,True,False,False,Bemidji State,https://www.collegehockeynews.com/reports/team/Bemidji-State/7,7,True,True,https://www.collegehockeynews.com/box/final/20251114/bmj/mtu/,https://www.collegehockeynews.com/box/metrics.php?gd=110787,,college_hockey_news,https://www.collegehockeynews.com/schedules/team/Michigan-Tech/33/20252026,CCHA,CCHA
2025-26,Michigan Tech,2025-11-15,Sat,W,2,1,True,False,False,Bemidji State,https://www.collegehockeynews.com/reports/team/Bemidji-State/7,7,True,True,https://www.collegehockeynews.com/box/final/20251115/bmj/mtu/,https://www.collegehockeynews.com/box/metrics.php?gd=110788,,college_hockey_news,https://www.collegehockeynews.com/schedules/team/Michigan-Tech/33/20252026,CCHA,CCHA
2025-26,Michigan Tech,2025-11-21,Fri,L,0,3,False,True,False,Minnesota State,https://www.collegehockeynews.com/reports/team/Minnesota-State/35,35,True,False,https://www.collegehockeynews.com/box/final/20251121/mtu/mns/,https://www.collegehockeynews.com/box/metrics.php?gd=110606,,college_hockey_news,https://www.collegehockeynews.com/schedules/team/Michigan-Tech/33/20252026,CCHA,CCHA
2025-26,Michigan Tech,2025-11-22,Sat,L,2,3,False,True,False,Minnesota State,https://www.collegehockeynews.com/reports/team/Minnesota-State/35,35,True,False,https://www.collegehockeynews.com/box/final/20251122/mtu/mns/,https://www.collegehockeynews.com/box/metrics.php?gd=110607,,college_hockey_news,https://www.collegehockeynews.com/schedules/team/Michigan-Tech/33/20252026,CCHA,CCHA
2025-26,Michigan Tech,2025-11-28,Fri,T-SOL,3,3,True,False,False,St. Thomas,https://www.collegehockeynews.com/reports/team/St-Thomas/63,63,True,True,https://www.collegehockeynews.com/box/final/20251128/stt/mtu/,https://www.collegehockeynews.com/box/metrics.php?gd=110653,,college_hockey_news,https://www.collegehockeynews.com/schedules/team/Michigan-Tech/33/20252026,CCHA,CCHA
2025-26,Michigan Tech,2025-11-29,Sat,L,1,2,True,False,False,St. Thomas,https://www.collegehockeynews.com/reports/team/St-Thomas/63,63,True,False,https://www.collegehockeynews.com/box/final/20251129/stt/mtu/,https://www.collegehockeynews.com/box/metrics.php?gd=110654,,college_hockey_news,https://www.collegehockeynews.com/schedules/team/Michigan-Tech/33/20252026,CCHA,CCHA
2025-26,Michigan Tech,2025-12-12,Fri,W,3,2,False,True,False,Ferris State,https://www.collegehockeynews.com/reports/team/Ferris-State/21,21,True,False,https://www.collegehockeynews.com/box/final/20251212/mtu/fsu/,https://www.collegehockeynews.com/box/metrics.php?gd=111004,,college_hockey_news,https://www.collegehockeynews.com/schedules/team/Michigan-Tech/33/20252026,CCHA,CCHA
2025-26,Michigan Tech,2025-12-13,Sat,W,5,2,False,True,False,Ferris State,https://www.collegehockeynews.com/reports/team/Ferris-State/21,21,True,False,https://www.collegehockeynews.com/box/final/20251213/mtu/fsu/,https://www.collegehockeynews.com/box/metrics.php?gd=111005,,college_hockey_news,https://www.collegehockeynews.com/schedules/team/Michigan-Tech/33/20252026,CCHA,CCHA
2025-26,Michigan Tech,2025-12-28,Sun,W,5,2,False,False,True,Miami,https://www.collegehockeynews.com/reports/team/Miami/30,30,False,False,https://www.collegehockeynews.com/box/final/20251228/mia/mtu/,https://www.collegehockeynews.com/box/metrics.php?gd=110584,"Great Lakes Invitational – Van Andel Arena, Grand Rapids, Mich.",college_hockey_news,https://www.collegehockeynews.com/schedules/team/Michigan-Tech/33/20252026,CCHA,NCHC
2025-26,Michigan Tech,2025-12-29,Mon,L,1,4,False,False,True,Michigan State,https://www.collegehockeynews.com/reports/team/Michigan-State/32,32,False,False,https://www.collegehockeynews.com/box/final/20251229/mtu/msu/,https://www.collegehockeynews.com/box/metrics.php?gd=111249,"Great Lakes Invitational – Van Andel Arena, Grand Rapids, Mich.",college_hockey_news,https://www.collegehockeynews.com/schedules/team/Michigan-Tech/33/20252026,CCHA,Big Ten
2025-26,Michigan Tech,2026-01-02,Fri,L,2,8,False,False,True,Air Force,https://www.collegehockeynews.com/reports/team/Air-Force/1,1,False,False,https://www.collegehockeynews.com/box/final/20260102/mtu/afa/,https://www.collegehockeynews.com/box/metrics.php?gd=110390,"Desert Hockey Classic – Mullett Arena, Tempe, Ariz.",college_hockey_news,https://www.collegehockeynews.com/schedules/team/Michigan-Tech/33/20252026,CCHA,Atlantic Hockey
2025-26,Michigan Tech,2026-01-03,Sat,W,5,0,False,False,True,Alaska-Anchorage,https://www.collegehockeynews.com/reports/team/Alaska-Anchorage/3,3,False,False,https://www.collegehockeynews.com/box/final/20260103/mtu/aka/,https://www.collegehockeynews.com/box/metrics.php?gd=111240,"Desert Hockey Classic – Mullett Arena, Tempe, Ariz.",college_hockey_news,https://www.collegehockeynews.com/schedules/team/Michigan-Tech/33/20252026,CCHA,Independent
2025-26,Michigan Tech,2026-01-09,Fri,W,5,2,False,True,False,Bemidji State,https://www.collegehockeynews.com/reports/team/Bemidji-State/7,7,True,False,https://www.collegehockeynews.com/box/final/20260109/mtu/bmj/,https://www.collegehockeynews.com/box/metrics.php?gd=110792,,college_hockey_news,https://www.collegehockeynews.com/schedules/team/Michigan-Tech/33/20252026,CCHA,CCHA
2025-26,Michigan Tech,2026-01-10,Sat,W,4,3,False,True,False,Bemidji State,https://www.collegehockeynews.com/reports/team/Bemidji-State/7,7,True,False,https://www.collegehockeynews.com/box/final/20260110/mtu/bmj/,https://www.collegehockeynews.com/box/metrics.php?gd=110793,,college_hockey_news,https://www.collegehockeynews.com/schedules/team/Michigan-Tech/33/20252026,CCHA,CCHA
2025-26,Michigan Tech,2026-01-16,Fri,W,3,1,True,False,False,Minnesota State,https://www.collegehockeynews.com/reports/team/Minnesota-State/35,35,True,False,https://www.collegehockeynews.com/box/final/20260116/mns/mtu/,https://www.collegehockeynews.com/box/metrics.php?gd=110617,,college_hockey_news,https://www.collegehockeynews.com/schedules/team/Michigan-Tech/33/20252026,CCHA,CCHA
2025-26,Michigan Tech,2026-01-17,Sat,W,4,1,True,False,False,Minnesota State,https://www.collegehockeynews.com/reports/team/Minnesota-State/35,35,True,False,https://www.collegehockeynews.com/box/final/20260117/mns/mtu/,https://www.collegehockeynews.com/box/metrics.php?gd=110618,,college_hockey_news,https://www.collegehockeynews.com/schedules/team/Michigan-Tech/33/20252026,CCHA,CCHA
2025-26,Michigan Tech,2026-01-23,Fri,W,8,2,False,True,False,Northern Michigan,https://www.collegehockeynews.com/reports/team/Northern-Michigan/42,42,True,False,https://www.collegehockeynews.com/box/final/20260123/mtu/nmu/,https://www.collegehockeynews.com/box/metrics.php?gd=110868,,college_hockey_news,https://www.collegehockeynews.com/schedules/team/Michigan-Tech/33/20252026,CCHA,CCHA
2025-26,Michigan Tech,2026-01-24,Sat,L,2,3,True,False,False,Northern Michigan,https://www.collegehockeynews.com/reports/team/Northern-Michigan/42,42,True,False,https://www.collegehockeynews.com/box/final/20260124/nmu/mtu/,https://www.collegehockeynews.com/box/metrics.php?gd=110869,,college_hockey_news,https://www.collegehockeynews.com/schedules/team/Michigan-Tech/33/20252026,CCHA,CCHA
2025-26,Michigan Tech,2026-01-30,Fri,L,2,4,False,True,False,St. Thomas,https://www.collegehockeynews.com/reports/team/St-Thomas/63,63,True,False,https://www.collegehockeynews.com/box/final/20260130/mtu/stt/,https://www.collegehockeynews.com/box/metrics.php?gd=110665,,college_hockey_news,https://www.collegehockeynews.com/schedules/team/Michigan-Tech/33/20252026,CCHA,CCHA
2025-26,Michigan Tech,2026-01-31,Sat,W,4,3,False,True,False,St. Thomas,https://www.collegehockeynews.com/reports/team/St-Thomas/63,63,True,False,https://www.collegehockeynews.com/box/final/20260131/mtu/stt/,https://www.collegehockeynews.com/box/metrics.php?gd=110666,,college_hockey_news,https://www.collegehockeynews.com/schedules/team/Michigan-Tech/33/20252026,CCHA,CCHA
2025-26,Michigan Tech,2026-02-06,Fri,W,3,2,True,False,False,Augustana,https://www.collegehockeynews.com/reports/team/Augustana/64,64,True,True,https://www.collegehockeynews.com/box/final/20260206/aug/mtu/,https://www.collegehockeynews.com/box/metrics.php?gd=110693,,college_hockey_news,https://www.collegehockeynews.com/schedules/team/Michigan-Tech/33/20252026,CCHA,CCHA
2025-26,Michigan Tech,2026-02-07,Sat,W,4,3,True,False,False,Augustana,https://www.collegehockeynews.com/reports/team/Augustana/64,64,True,False,https://www.collegehockeynews.com/box/final/20260207/aug/mtu/,https://www.collegehockeynews.com/box/metrics.php?gd=110694,,college_hockey_news,https://www.collegehockeynews.com/schedules/team/Michigan-Tech/33/20252026,CCHA,CCHA
2025-26,Michigan Tech,2026-02-13,Fri,T-SOL,2,2,False,True,False,Lake Superior,https://www.collegehockeynews.com/reports/team/Lake-Superior/24,24,True,True,https://www.collegehockeynews.com/box/final/20260213/mtu/lss/,https://www.collegehockeynews.com/box/metrics.php?gd=111018,,college_hockey_news,https://www.collegehockeynews.com/schedules/team/Michigan-Tech/33/20252026,CCHA,CCHA
2025-26,Michigan Tech,2026-02-14,Sat,W,5,4,False,True,False,Lake Superior,https://www.collegehockeynews.com/reports/team/Lake-Superior/24,24,True,True,https://www.collegehockeynews.com/box/final/20260214/mtu/lss/,https://www.collegehockeynews.com/box/metrics.php?gd=111019,,college_hockey_news,https://www.collegehockeynews.com/schedules/team/Michigan-Tech/33/20252026,CCHA,CCHA
2025-26,Michigan Tech,2026-02-27,Fri,L,0,1,True,False,False,Bowling Green,https://www.collegehockeynews.com/reports/team/Bowling-Green/11,11,True,False,https://www.collegehockeynews.com/box/final/20260227/bgs/mtu/,https://www.collegehockeynews.com/box/metrics.php?gd=110986,,college_hockey_news,https://www.collegehockeynews.com/schedules/team/Michigan-Tech/33/20252026,CCHA,CCHA
2025-26,Michigan Tech,2026-02-28,Sat,L,3,4,True,False,False,Bowling Green,https://www.collegehockeynews.com/reports/team/Bowling-Green/11,11,True,True,https://www.collegehockeynews.com/box/final/20260228/bgs/mtu/,https://www.collegehockeynews.com/box/metrics.php?gd=110987,,college_hockey_news,https://www.collegehockeynews.com/schedules/team/Michigan-Tech/33/20252026,CCHA,CCHA
2025-26,Michigan Tech,2026-03-06,Fri,W,5,3,True,False,False,Bowling Green,https://www.collegehockeynews.com/reports/team/Bowling-Green/11,11,False,False,https://www.collegehockeynews.com/box/final/20260306/bgs/mtu/,https://www.collegehockeynews.com/box/metrics.php?gd=112944,CCHA Tournament CCHA Quarterfinal,college_hockey_news,https://www.collegehockeynews.com/schedules/team/Michigan-Tech/33/20252026,CCHA,CCHA
2025-26,Michigan Tech,2026-03-07,Sat,W,3,2,True,False,False,Bowling Green,https://www.collegehockeynews.com/reports/team/Bowling-Green/11,11,False,False,https://www.collegehockeynews.com/box/final/20260307/bgs/mtu/,https://www.collegehockeynews.com/box/metrics.php?gd=112945,CCHA Tournament CCHA Quarterfinal,college_hockey_news,https://www.collegehockeynews.com/schedules/team/Michigan-Tech/33/20252026,CCHA,CCHA
2025-26,Michigan Tech,2026-03-14,Sat,L,2,7,False,True,False,Minnesota State,https://www.collegehockeynews.com/reports/team/Minnesota-State/35,35,False,False,https://www.collegehockeynews.com/box/final/20260314/mtu/mns/,https://www.collegehockeynews.com/box/metrics.php?gd=112982,"CCHA Tournament CCHA Semifinal – Mayo Clinic Event Center, Mankato, Minn.",college_hockey_news,https://www.collegehockeynews.com/schedules/team/Michigan-Tech/33/20252026,CCHA,CCHA
2025-26,Minnesota State,2025-10-10,Fri,L,2,6,False,True,False,Omaha,https://www.collegehockeynews.com/reports/team/Omaha/37,37,False,False,https://www.collegehockeynews.com/box/final/20251010/mns/uno/,https://www.collegehockeynews.com/box/metrics.php?gd=110594,,college_hockey_news,https://www.collegehockeynews.com/schedules/team/Minnesota-State/35/20252026,CCHA,NCHC
2025-26,Minnesota State,2025-10-11,Sat,W,4,1,False,True,False,Omaha,https://www.collegehockeynews.com/reports/team/Omaha/37,37,False,False,https://www.collegehockeynews.com/box/final/20251011/mns/uno/,https://www.collegehockeynews.com/box/metrics.php?gd=110595,,college_hockey_news,https://www.collegehockeynews.com/schedules/team/Minnesota-State/35/20252026,CCHA,NCHC
2025-26,Minnesota State,2025-10-16,Thu,T,1,1,False,True,False,Wisconsin,https://www.collegehockeynews.com/reports/team/Wisconsin/58,58,False,True,https://www.collegehockeynews.com/box/final/20251016/mns/wis/,https://www.collegehockeynews.com/box/metrics.php?gd=110596,,college_hockey_news,https://www.collegehockeynews.com/schedules/team/Minnesota-State/35/20252026,CCHA,Big Ten
2025-26,Minnesota State,2025-10-17,Fri,T,2,2,False,True,False,Wisconsin,https://www.collegehockeynews.com/reports/team/Wisconsin/58,58,False,True,https://www.collegehockeynews.com/box/final/20251017/mns/wis/,https://www.collegehockeynews.com/box/metrics.php?gd=110597,,college_hockey_news,https://www.collegehockeynews.com/schedules/team/Minnesota-State/35/20252026,CCHA,Big Ten
2025-26,Minnesota State,2025-10-24,Fri,W,4,2,True,False,False,RPI,https://www.collegehockeynews.com/reports/team/RPI/48,48,False,False,https://www.collegehockeynews.com/box/final/20251024/ren/mns/,https://www.collegehockeynews.com/box/metrics.php?gd=110598,,college_hockey_news,https://www.collegehockeynews.com/schedules/team/Minnesota-State/35/20252026,CCHA,ECAC
2025-26,Minnesota State,2025-10-25,Sat,W,2,1,True,False,False,RPI,https://www.collegehockeynews.com/reports/team/RPI/48,48,False,False,https://www.collegehockeynews.com/box/final/20251025/ren/mns/,https://www.collegehockeynews.com/box/metrics.php?gd=110599,,college_hockey_news,https://www.collegehockeynews.com/schedules/team/Minnesota-State/35/20252026,CCHA,ECAC
2025-26,Minnesota State,2025-10-31,Fri,W,3,1,False,True,False,St. Thomas,https://www.collegehockeynews.com/reports/team/St-Thomas/63,63,True,False,https://www.collegehockeynews.com/box/final/20251031/mns/stt/,https://www.collegehockeynews.com/box/metrics.php?gd=110600,,college_hockey_news,https://www.collegehockeynews.com/schedules/team/Minnesota-State/35/20252026,CCHA,CCHA
2025-26,Minnesota State,2025-11-01,Sat,L,3,4,True,False,False,St. Thomas,https://www.collegehockeynews.com/reports/team/St-Thomas/63,63,True,True,https://www.collegehockeynews.com/box/final/20251101/stt/mns/,https://www.collegehockeynews.com/box/metrics.php?gd=110601,,college_hockey_news,https://www.collegehockeynews.com/schedules/team/Minnesota-State/35/20252026,CCHA,CCHA
2025-26,Minnesota State,2025-11-07,Fri,T-SOW,4,4,True,False,False,Bowling Green,https://www.collegehockeynews.com/reports/team/Bowling-Green/11,11,True,True,https://www.collegehockeynews.com/box/final/20251107/bgs/mns/,https://www.collegehockeynews.com/box/metrics.php?gd=110602,,college_hockey_news,https://www.collegehockeynews.com/schedules/team/Minnesota-State/35/20252026,CCHA,CCHA
2025-26,Minnesota State,2025-11-08,Sat,T-SOL,1,1,True,False,False,Bowling Green,https://www.collegehockeynews.com/reports/team/Bowling-Green/11,11,True,True,https://www.collegehockeynews.com/box/final/20251108/bgs/mns/,https://www.collegehockeynews.com/box/metrics.php?gd=110603,,college_hockey_news,https://www.collegehockeynews.com/schedules/team/Minnesota-State/35/20252026,CCHA,CCHA
2025-26,Minnesota State,2025-11-14,Fri,W,2,1,False,True,False,Lake Superior,https://www.collegehockeynews.com/reports/team/Lake-Superior/24,24,True,True,https://www.collegehockeynews.com/box/final/20251114/mns/lss/,https://www.collegehockeynews.com/box/metrics.php?gd=110604,,college_hockey_news,https://www.collegehockeynews.com/schedules/team/Minnesota-State/35/20252026,CCHA,CCHA
2025-26,Minnesota State,2025-11-15,Sat,W,4,2,False,True,False,Lake Superior,https://www.collegehockeynews.com/reports/team/Lake-Superior/24,24,True,False,https://www.collegehockeynews.com/box/final/20251115/mns/lss/,https://www.collegehockeynews.com/box/metrics.php?gd=110605,,college_hockey_news,https://www.collegehockeynews.com/schedules/team/Minnesota-State/35/20252026,CCHA,CCHA
2025-26,Minnesota State,2025-11-21,Fri,W,3,0,True,False,False,Michigan Tech,https://www.collegehockeynews.com/reports/team/Michigan-Tech/33,33,True,False,https://www.collegehockeynews.com/box/final/20251121/mtu/mns/,https://www.collegehockeynews.com/box/metrics.php?gd=110606,,college_hockey_news,https://www.collegehockeynews.com/schedules/team/Minnesota-State/35/20252026,CCHA,CCHA
2025-26,Minnesota State,2025-11-22,Sat,W,3,2,True,False,False,Michigan Tech,https://www.collegehockeynews.com/reports/team/Michigan-Tech/33,33,True,False,https://www.collegehockeynews.com/box/final/20251122/mtu/mns/,https://www.collegehockeynews.com/box/metrics.php?gd=110607,,college_hockey_news,https://www.collegehockeynews.com/schedules/team/Minnesota-State/35/20252026,CCHA,CCHA
2025-26,Minnesota State,2025-11-28,Fri,W,4,0,False,True,False,Northern Michigan,https://www.collegehockeynews.com/reports/team/Northern-Michigan/42,42,True,False,https://www.collegehockeynews.com/box/final/20251128/mns/nmu/,https://www.collegehockeynews.com/box/metrics.php?gd=110608,,college_hockey_news,https://www.collegehockeynews.com/schedules/team/Minnesota-State/35/20252026,CCHA,CCHA
2025-26,Minnesota State,2025-11-29,Sat,W,3,2,False,True,False,Northern Michigan,https://www.collegehockeynews.com/reports/team/Northern-Michigan/42,42,True,False,https://www.collegehockeynews.com/box/final/20251129/mns/nmu/,https://www.collegehockeynews.com/box/metrics.php?gd=110609,,college_hockey_news,https://www.collegehockeynews.com/schedules/team/Minnesota-State/35/20252026,CCHA,CCHA
2025-26,Minnesota State,2025-12-05,Fri,W,5,1,True,False,False,Ferris State,https://www.collegehockeynews.com/reports/team/Ferris-State/21,21,True,False,https://www.collegehockeynews.com/box/final/20251205/fsu/mns/,https://www.collegehockeynews.com/box/metrics.php?gd=110610,,college_hockey_news,https://www.collegehockeynews.com/schedules/team/Minnesota-State/35/20252026,CCHA,CCHA
2025-26,Minnesota State,2025-12-06,Sat,L,1,4,True,False,False,Ferris State,https://www.collegehockeynews.com/reports/team/Ferris-State/21,21,True,False,https://www.collegehockeynews.com/box/final/20251206/fsu/mns/,https://www.collegehockeynews.com/box/metrics.php?gd=110611,,college_hockey_news,https://www.collegehockeynews.com/schedules/team/Minnesota-State/35/20252026,CCHA,CCHA
2025-26,Minnesota State,2025-12-12,Fri,L,1,3,False,True,False,Augustana,https://www.collegehockeynews.com/reports/team/Augustana/64,64,True,False,https://www.collegehockeynews.com/box/final/20251212/mns/aug/,https://www.collegehockeynews.com/box/metrics.php?gd=110612,,college_hockey_news,https://www.collegehockeynews.com/schedules/team/Minnesota-State/35/20252026,CCHA,CCHA
2025-26,Minnesota State,2025-12-13,Sat,T-SOL,4,4,False,True,False,Augustana,https://www.collegehockeynews.com/reports/team/Augustana/64,64,True,True,https://www.collegehockeynews.com/box/final/20251213/mns/aug/,https://www.collegehockeynews.com/box/metrics.php?gd=110613,,college_hockey_news,https://www.collegehockeynews.com/schedules/team/Minnesota-State/35/20252026,CCHA,CCHA
2025-26,Minnesota State,2026-01-02,Fri,L,1,3,False,False,True,Mass.-Lowell,https://www.collegehockeynews.com/reports/team/Mass-Lowell/26,26,False,False,https://www.collegehockeynews.com/box/final/20260102/uml/mns/,https://www.collegehockeynews.com/box/metrics.php?gd=110615,"Cactus Cup – Acrisure Arena, Palm Springs, Calif.",college_hockey_news,https://www.collegehockeynews.com/schedules/team/Minnesota-State/35/20252026,CCHA,Hockey East
2025-26,Minnesota State,2026-01-03,Sat,W,4,3,False,False,True,Yale,https://www.collegehockeynews.com/reports/team/Yale/59,59,False,False,https://www.collegehockeynews.com/box/final/20260103/yal/mns/,https://www.collegehockeynews.com/box/metrics.php?gd=111253,"Cactus Cup – Acrisure Arena, Palm Springs, Calif.",college_hockey_news,https://www.collegehockeynews.com/schedules/team/Minnesota-State/35/20252026,CCHA,ECAC
2025-26,Minnesota State,2026-01-10,Sat,L,2,4,True,False,False,St. Thomas,https://www.collegehockeynews.com/reports/team/St-Thomas/63,63,True,False,https://www.collegehockeynews.com/box/final/20260110/stt/mns/,https://www.collegehockeynews.com/box/metrics.php?gd=110616,,college_hockey_news,https://www.collegehockeynews.com/schedules/team/Minnesota-State/35/20252026,CCHA,CCHA
2025-26,Minnesota State,2026-01-16,Fri,L,1,3,False,True,False,Michigan Tech,https://www.collegehockeynews.com/reports/team/Michigan-Tech/33,33,True,False,https://www.collegehockeynews.com/box/final/20260116/mns/mtu/,https://www.collegehockeynews.com/box/metrics.php?gd=110617,,college_hockey_news,https://www.collegehockeynews.com/schedules/team/Minnesota-State/35/20252026,CCHA,CCHA
2025-26,Minnesota State,2026-01-17,Sat,L,1,4,False,True,False,Michigan Tech,https://www.collegehockeynews.com/reports/team/Michigan-Tech/33,33,True,False,https://www.collegehockeynews.com/box/final/20260117/mns/mtu/,https://www.collegehockeynews.com/box/metrics.php?gd=110618,,college_hockey_news,https://www.collegehockeynews.com/schedules/team/Minnesota-State/35/20252026,CCHA,CCHA
2025-26,Minnesota State,2026-01-24,Sat,W,4,1,True,False,False,Augustana,https://www.collegehockeynews.com/reports/team/Augustana/64,64,True,False,https://www.collegehockeynews.com/box/final/20260124/aug/mns/,https://www.collegehockeynews.com/box/metrics.php?gd=110619,,college_hockey_news,https://www.collegehockeynews.com/schedules/team/Minnesota-State/35/20252026,CCHA,CCHA
2025-26,Minnesota State,2026-01-30,Fri,W,6,1,False,True,False,Ferris State,https://www.collegehockeynews.com/reports/team/Ferris-State/21,21,True,False,https://www.collegehockeynews.com/box/final/20260130/mns/fsu/,https://www.collegehockeynews.com/box/metrics.php?gd=110620,,college_hockey_news,https://www.collegehockeynews.com/schedules/team/Minnesota-State/35/20252026,CCHA,CCHA
2025-26,Minnesota State,2026-01-31,Sat,W,4,3,False,True,False,Ferris State,https://www.collegehockeynews.com/reports/team/Ferris-State/21,21,True,False,https://www.collegehockeynews.com/box/final/20260131/mns/fsu/,https://www.collegehockeynews.com/box/metrics.php?gd=110621,,college_hockey_news,https://www.collegehockeynews.com/schedules/team/Minnesota-State/35/20252026,CCHA,CCHA
2025-26,Minnesota State,2026-02-13,Fri,W,1,0,True,False,False,Bemidji State,https://www.collegehockeynews.com/reports/team/Bemidji-State/7,7,True,False,https://www.collegehockeynews.com/box/final/20260213/bmj/mns/,https://www.collegehockeynews.com/box/metrics.php?gd=110622,,college_hockey_news,https://www.collegehockeynews.com/schedules/team/Minnesota-State/35/20252026,CCHA,CCHA
2025-26,Minnesota State,2026-02-14,Sat,L,0,1,True,False,False,Bemidji State,https://www.collegehockeynews.com/reports/team/Bemidji-State/7,7,True,True,https://www.collegehockeynews.com/box/final/20260214/bmj/mns/,https://www.collegehockeynews.com/box/metrics.php?gd=110623,,college_hockey_news,https://www.collegehockeynews.com/schedules/team/Minnesota-State/35/20252026,CCHA,CCHA
2025-26,Minnesota State,2026-02-20,Fri,W,5,4,False,True,False,Bowling Green,https://www.collegehockeynews.com/reports/team/Bowling-Green/11,11,True,False,https://www.collegehockeynews.com/box/final/20260220/mns/bgs/,https://www.collegehockeynews.com/box/metrics.php?gd=110624,,college_hockey_news,https://www.collegehockeynews.com/schedules/team/Minnesota-State/35/20252026,CCHA,CCHA
2025-26,Minnesota State,2026-02-21,Sat,T-SOW,1,1,False,True,False,Bowling Green,https://www.collegehockeynews.com/reports/team/Bowling-Green/11,11,True,True,https://www.collegehockeynews.com/box/final/20260221/mns/bgs/,https://www.collegehockeynews.com/box/metrics.php?gd=110625,,college_hockey_news,https://www.collegehockeynews.com/schedules/team/Minnesota-State/35/20252026,CCHA,CCHA
2025-26,Minnesota State,2026-02-27,Fri,T-SOW,2,2,True,False,False,Northern Michigan,https://www.collegehockeynews.com/reports/team/Northern-Michigan/42,42,True,True,https://www.collegehockeynews.com/box/final/20260227/nmu/mns/,https://www.collegehockeynews.com/box/metrics.php?gd=110626,,college_hockey_news,https://www.collegehockeynews.com/schedules/team/Minnesota-State/35/20252026,CCHA,CCHA
2025-26,Minnesota State,2026-02-28,Sat,W,3,0,True,False,False,Northern Michigan,https://www.collegehockeynews.com/reports/team/Northern-Michigan/42,42,True,False,https://www.collegehockeynews.com/box/final/20260228/nmu/mns/,https://www.collegehockeynews.com/box/metrics.php?gd=110627,,college_hockey_news,https://www.collegehockeynews.com/schedules/team/Minnesota-State/35/20252026,CCHA,CCHA
2025-26,Minnesota State,2026-03-06,Fri,W,5,1,True,False,False,Ferris State,https://www.collegehockeynews.com/reports/team/Ferris-State/21,21,False,False,https://www.collegehockeynews.com/box/final/20260306/fsu/mns/,https://www.collegehockeynews.com/box/metrics.php?gd=112938,CCHA Tournament CCHA Quarterfinal,college_hockey_news,https://www.collegehockeynews.com/schedules/team/Minnesota-State/35/20252026,CCHA,CCHA
2025-26,Minnesota State,2026-03-07,Sat,L,1,2,True,False,False,Ferris State,https://www.collegehockeynews.com/reports/team/Ferris-State/21,21,False,True,https://www.collegehockeynews.com/box/final/20260307/fsu/mns/,https://www.collegehockeynews.com/box/metrics.php?gd=112939,CCHA Tournament CCHA Quarterfinal,college_hockey_news,https://www.collegehockeynews.com/schedules/team/Minnesota-State/35/20252026,CCHA,CCHA
2025-26,Minnesota State,2026-03-08,Sun,W,2,0,True,False,False,Ferris State,https://www.collegehockeynews.com/reports/team/Ferris-State/21,21,False,False,https://www.collegehockeynews.com/box/final/20260308/fsu/mns/,https://www.collegehockeynews.com/box/metrics.php?gd=113006,CCHA Tournament CCHA Quarterfinal,college_hockey_news,https://www.collegehockeynews.com/schedules/team/Minnesota-State/35/20252026,CCHA,CCHA
2025-26,Minnesota State,2026-03-14,Sat,W,7,2,True,False,False,Michigan Tech,https://www.collegehockeynews.com/reports/team/Michigan-Tech/33,33,False,False,https://www.collegehockeynews.com/box/final/20260314/mtu/mns/,https://www.collegehockeynews.com/box/metrics.php?gd=112982,CCHA Tournament CCHA Semifinal,college_hockey_news,https://www.collegehockeynews.com/schedules/team/Minnesota-State/35/20252026,CCHA,CCHA
2025-26,Minnesota State,2026-03-20,Fri,W,4,1,True,False,False,St. Thomas,https://www.collegehockeynews.com/reports/team/St-Thomas/63,63,False,False,https://www.collegehockeynews.com/box/final/20260320/stt/mns/,https://www.collegehockeynews.com/box/metrics.php?gd=112928,CCHA Tournament CCHA Championship,college_hockey_news,https://www.collegehockeynews.com/schedules/team/Minnesota-State/35/20252026,CCHA,CCHA
2025-26,Minnesota State,2026-03-27,Fri,L,1,3,False,False,True,Western Michigan,https://www.collegehockeynews.com/reports/team/Western-Michigan/57,57,False,False,https://www.collegehockeynews.com/box/final/20260327/mns/wmu/,https://www.collegehockeynews.com/box/metrics.php?gd=112915,"NCAA Tournament Loveland Regional – Blue Arena, Loveland, Colo.",college_hockey_news,https://www.collegehockeynews.com/schedules/team/Minnesota-State/35/20252026,CCHA,NCHC
2025-26,Northern Michigan,2025-10-04,Sat,L,3,5,False,True,False,Massachusetts,https://www.collegehockeynews.com/reports/team/Massachusetts/27,27,False,False,https://www.collegehockeynews.com/box/final/20251004/nmu/uma/,https://www.collegehockeynews.com/box/metrics.php?gd=110539,,college_hockey_news,https://www.collegehockeynews.com/schedules/team/Northern-Michigan/42/20252026,CCHA,Hockey East
2025-26,Northern Michigan,2025-10-05,Sun,L,1,4,False,True,False,Massachusetts,https://www.collegehockeynews.com/reports/team/Massachusetts/27,27,False,False,https://www.collegehockeynews.com/box/final/20251005/nmu/uma/,https://www.collegehockeynews.com/box/metrics.php?gd=110540,,college_hockey_news,https://www.collegehockeynews.com/schedules/team/Northern-Michigan/42/20252026,CCHA,Hockey East
2025-26,Northern Michigan,2025-10-10,Fri,L,2,5,False,True,False,Ohio State,https://www.collegehockeynews.com/reports/team/Ohio-State/44,44,False,False,https://www.collegehockeynews.com/box/final/20251010/nmu/osu/,https://www.collegehockeynews.com/box/metrics.php?gd=110856,,college_hockey_news,https://www.collegehockeynews.com/schedules/team/Northern-Michigan/42/20252026,CCHA,Big Ten
2025-26,Northern Michigan,2025-10-11,Sat,L,1,3,False,True,False,Ohio State,https://www.collegehockeynews.com/reports/team/Ohio-State/44,44,False,False,https://www.collegehockeynews.com/box/final/20251011/nmu/osu/,https://www.collegehockeynews.com/box/metrics.php?gd=110857,,college_hockey_news,https://www.collegehockeynews.com/schedules/team/Northern-Michigan/42/20252026,CCHA,Big Ten
2025-26,Northern Michigan,2025-10-17,Fri,L,1,2,True,False,False,Colorado College,https://www.collegehockeynews.com/reports/team/Colorado-College/16,16,False,True,https://www.collegehockeynews.com/box/final/20251017/cc_/nmu/,https://www.collegehockeynews.com/box/metrics.php?gd=110858,,college_hockey_news,https://www.collegehockeynews.com/schedules/team/Northern-Michigan/42/20252026,CCHA,NCHC
2025-26,Northern Michigan,2025-10-18,Sat,L,2,5,True,False,False,Colorado College,https://www.collegehockeynews.com/reports/team/Colorado-College/16,16,False,False,https://www.collegehockeynews.com/box/final/20251018/cc_/nmu/,https://www.collegehockeynews.com/box/metrics.php?gd=110859,,college_hockey_news,https://www.collegehockeynews.com/schedules/team/Northern-Michigan/42/20252026,CCHA,NCHC
2025-26,Northern Michigan,2025-10-24,Fri,L,0,4,True,False,False,Michigan State,https://www.collegehockeynews.com/reports/team/Michigan-State/32,32,False,False,https://www.collegehockeynews.com/box/final/20251024/msu/nmu/,https://www.collegehockeynews.com/box/metrics.php?gd=110860,,college_hockey_news,https://www.collegehockeynews.com/schedules/team/Northern-Michigan/42/20252026,CCHA,Big Ten
2025-26,Northern Michigan,2025-10-25,Sat,L,2,6,True,False,False,Michigan State,https://www.collegehockeynews.com/reports/team/Michigan-State/32,32,False,False,https://www.collegehockeynews.com/box/final/20251025/msu/nmu/,https://www.collegehockeynews.com/box/metrics.php?gd=110861,,college_hockey_news,https://www.collegehockeynews.com/schedules/team/Northern-Michigan/42/20252026,CCHA,Big Ten
2025-26,Northern Michigan,2025-10-31,Fri,L,1,2,False,True,False,Augustana,https://www.collegehockeynews.com/reports/team/Augustana/64,64,True,False,https://www.collegehockeynews.com/box/final/20251031/nmu/aug/,https://www.collegehockeynews.com/box/metrics.php?gd=110675,,college_hockey_news,https://www.collegehockeynews.com/schedules/team/Northern-Michigan/42/20252026,CCHA,CCHA
2025-26,Northern Michigan,2025-11-01,Sat,L,1,3,False,True,False,Augustana,https://www.collegehockeynews.com/reports/team/Augustana/64,64,True,False,https://www.collegehockeynews.com/box/final/20251101/nmu/aug/,https://www.collegehockeynews.com/box/metrics.php?gd=110676,,college_hockey_news,https://www.collegehockeynews.com/schedules/team/Northern-Michigan/42/20252026,CCHA,CCHA
2025-26,Northern Michigan,2025-11-07,Fri,L,1,4,False,True,False,Michigan Tech,https://www.collegehockeynews.com/reports/team/Michigan-Tech/33,33,True,False,https://www.collegehockeynews.com/box/final/20251107/nmu/mtu/,https://www.collegehockeynews.com/box/metrics.php?gd=110862,,college_hockey_news,https://www.collegehockeynews.com/schedules/team/Northern-Michigan/42/20252026,CCHA,CCHA
2025-26,Northern Michigan,2025-11-08,Sat,L,2,4,True,False,False,Michigan Tech,https://www.collegehockeynews.com/reports/team/Michigan-Tech/33,33,True,False,https://www.collegehockeynews.com/box/final/20251108/mtu/nmu/,https://www.collegehockeynews.com/box/metrics.php?gd=110863,,college_hockey_news,https://www.collegehockeynews.com/schedules/team/Northern-Michigan/42/20252026,CCHA,CCHA
2025-26,Northern Michigan,2025-11-21,Fri,L,3,7,False,True,False,Bemidji State,https://www.collegehockeynews.com/reports/team/Bemidji-State/7,7,True,False,https://www.collegehockeynews.com/box/final/20251121/nmu/bmj/,https://www.collegehockeynews.com/box/metrics.php?gd=110789,,college_hockey_news,https://www.collegehockeynews.com/schedules/team/Northern-Michigan/42/20252026,CCHA,CCHA
2025-26,Northern Michigan,2025-11-22,Sat,L,2,6,False,True,False,Bemidji State,https://www.collegehockeynews.com/reports/team/Bemidji-State/7,7,True,False,https://www.collegehockeynews.com/box/final/20251122/nmu/bmj/,https://www.collegehockeynews.com/box/metrics.php?gd=110790,,college_hockey_news,https://www.collegehockeynews.com/schedules/team/Northern-Michigan/42/20252026,CCHA,CCHA
2025-26,Northern Michigan,2025-11-28,Fri,L,0,4,True,False,False,Minnesota State,https://www.collegehockeynews.com/reports/team/Minnesota-State/35,35,True,False,https://www.collegehockeynews.com/box/final/20251128/mns/nmu/,https://www.collegehockeynews.com/box/metrics.php?gd=110608,,college_hockey_news,https://www.collegehockeynews.com/schedules/team/Northern-Michigan/42/20252026,CCHA,CCHA
2025-26,Northern Michigan,2025-11-29,Sat,L,2,3,True,False,False,Minnesota State,https://www.collegehockeynews.com/reports/team/Minnesota-State/35,35,True,False,https://www.collegehockeynews.com/box/final/20251129/mns/nmu/,https://www.collegehockeynews.com/box/metrics.php?gd=110609,,college_hockey_news,https://www.collegehockeynews.com/schedules/team/Northern-Michigan/42/20252026,CCHA,CCHA
2025-26,Northern Michigan,2025-12-05,Fri,W,3,2,False,True,False,Bowling Green,https://www.collegehockeynews.com/reports/team/Bowling-Green/11,11,True,False,https://www.collegehockeynews.com/box/final/20251205/nmu/bgs/,https://www.collegehockeynews.com/box/metrics.php?gd=110864,,college_hockey_news,https://www.collegehockeynews.com/schedules/team/Northern-Michigan/42/20252026,CCHA,CCHA
2025-26,Northern Michigan,2025-12-06,Sat,L,3,4,False,True,False,Bowling Green,https://www.collegehockeynews.com/reports/team/Bowling-Green/11,11,True,True,https://www.collegehockeynews.com/box/final/20251206/nmu/bgs/,https://www.collegehockeynews.com/box/metrics.php?gd=110865,,college_hockey_news,https://www.collegehockeynews.com/schedules/team/Northern-Michigan/42/20252026,CCHA,CCHA
2025-26,Northern Michigan,2025-12-12,Fri,L,0,2,True,False,False,St. Thomas,https://www.collegehockeynews.com/reports/team/St-Thomas/63,63,True,False,https://www.collegehockeynews.com/box/final/20251212/stt/nmu/,https://www.collegehockeynews.com/box/metrics.php?gd=110657,,college_hockey_news,https://www.collegehockeynews.com/schedules/team/Northern-Michigan/42/20252026,CCHA,CCHA
2025-26,Northern Michigan,2025-12-13,Sat,L,3,4,True,False,False,St. Thomas,https://www.collegehockeynews.com/reports/team/St-Thomas/63,63,True,False,https://www.collegehockeynews.com/box/final/20251213/stt/nmu/,https://www.collegehockeynews.com/box/metrics.php?gd=110658,,college_hockey_news,https://www.collegehockeynews.com/schedules/team/Northern-Michigan/42/20252026,CCHA,CCHA
2025-26,Northern Michigan,2026-01-03,Sat,L,1,2,False,True,False,Lake Superior,https://www.collegehockeynews.com/reports/team/Lake-Superior/24,24,True,True,https://www.collegehockeynews.com/box/final/20260103/nmu/lss/,https://www.collegehockeynews.com/box/metrics.php?gd=110866,,college_hockey_news,https://www.collegehockeynews.com/schedules/team/Northern-Michigan/42/20252026,CCHA,CCHA
2025-26,Northern Michigan,2026-01-04,Sun,L,1,2,False,True,False,Lake Superior,https://www.collegehockeynews.com/reports/team/Lake-Superior/24,24,True,False,https://www.collegehockeynews.com/box/final/20260104/nmu/lss/,https://www.collegehockeynews.com/box/metrics.php?gd=110867,,college_hockey_news,https://www.collegehockeynews.com/schedules/team/Northern-Michigan/42/20252026,CCHA,CCHA
2025-26,Northern Michigan,2026-01-09,Fri,L,0,3,True,False,False,Augustana,https://www.collegehockeynews.com/reports/team/Augustana/64,64,True,False,https://www.collegehockeynews.com/box/final/20260109/aug/nmu/,https://www.collegehockeynews.com/box/metrics.php?gd=110687,,college_hockey_news,https://www.collegehockeynews.com/schedules/team/Northern-Michigan/42/20252026,CCHA,CCHA
2025-26,Northern Michigan,2026-01-10,Sat,L,0,2,True,False,False,Augustana,https://www.collegehockeynews.com/reports/team/Augustana/64,64,True,False,https://www.collegehockeynews.com/box/final/20260110/aug/nmu/,https://www.collegehockeynews.com/box/metrics.php?gd=110688,,college_hockey_news,https://www.collegehockeynews.com/schedules/team/Northern-Michigan/42/20252026,CCHA,CCHA
2025-26,Northern Michigan,2026-01-23,Fri,L,2,8,True,False,False,Michigan Tech,https://www.collegehockeynews.com/reports/team/Michigan-Tech/33,33,True,False,https://www.collegehockeynews.com/box/final/20260123/mtu/nmu/,https://www.collegehockeynews.com/box/metrics.php?gd=110868,,college_hockey_news,https://www.collegehockeynews.com/schedules/team/Northern-Michigan/42/20252026,CCHA,CCHA
2025-26,Northern Michigan,2026-01-24,Sat,W,3,2,False,True,False,Michigan Tech,https://www.collegehockeynews.com/reports/team/Michigan-Tech/33,33,True,False,https://www.collegehockeynews.com/box/final/20260124/nmu/mtu/,https://www.collegehockeynews.com/box/metrics.php?gd=110869,,college_hockey_news,https://www.collegehockeynews.com/schedules/team/Northern-Michigan/42/20252026,CCHA,CCHA
2025-26,Northern Michigan,2026-01-30,Fri,W,2,0,True,False,False,Bemidji State,https://www.collegehockeynews.com/reports/team/Bemidji-State/7,7,True,False,https://www.collegehockeynews.com/box/final/20260130/bmj/nmu/,https://www.collegehockeynews.com/box/metrics.php?gd=110796,,college_hockey_news,https://www.collegehockeynews.com/schedules/team/Northern-Michigan/42/20252026,CCHA,CCHA
2025-26,Northern Michigan,2026-01-31,Sat,L,1,7,True,False,False,Bemidji State,https://www.collegehockeynews.com/reports/team/Bemidji-State/7,7,True,False,https://www.collegehockeynews.com/box/final/20260131/bmj/nmu/,https://www.collegehockeynews.com/box/metrics.php?gd=110797,,college_hockey_news,https://www.collegehockeynews.com/schedules/team/Northern-Michigan/42/20252026,CCHA,CCHA
2025-26,Northern Michigan,2026-02-13,Fri,T-SOL,4,4,False,True,False,Ferris State,https://www.collegehockeynews.com/reports/team/Ferris-State/21,21,True,True,https://www.collegehockeynews.com/box/final/20260213/nmu/fsu/,https://www.collegehockeynews.com/box/metrics.php?gd=110870,,college_hockey_news,https://www.collegehockeynews.com/schedules/team/Northern-Michigan/42/20252026,CCHA,CCHA
2025-26,Northern Michigan,2026-02-14,Sat,L,0,6,False,True,False,Ferris State,https://www.collegehockeynews.com/reports/team/Ferris-State/21,21,True,False,https://www.collegehockeynews.com/box/final/20260214/nmu/fsu/,https://www.collegehockeynews.com/box/metrics.php?gd=110871,,college_hockey_news,https://www.collegehockeynews.com/schedules/team/Northern-Michigan/42/20252026,CCHA,CCHA
2025-26,Northern Michigan,2026-02-20,Fri,L,5,7,True,False,False,Lake Superior,https://www.collegehockeynews.com/reports/team/Lake-Superior/24,24,True,False,https://www.collegehockeynews.com/box/final/20260220/lss/nmu/,https://www.collegehockeynews.com/box/metrics.php?gd=110872,,college_hockey_news,https://www.collegehockeynews.com/schedules/team/Northern-Michigan/42/20252026,CCHA,CCHA
2025-26,Northern Michigan,2026-02-21,Sat,L,2,5,True,False,False,Lake Superior,https://www.collegehockeynews.com/reports/team/Lake-Superior/24,24,True,False,https://www.collegehockeynews.com/box/final/20260221/lss/nmu/,https://www.collegehockeynews.com/box/metrics.php?gd=110873,,college_hockey_news,https://www.collegehockeynews.com/schedules/team/Northern-Michigan/42/20252026,CCHA,CCHA
2025-26,Northern Michigan,2026-02-27,Fri,T-SOL,2,2,False,True,False,Minnesota State,https://www.collegehockeynews.com/reports/team/Minnesota-State/35,35,True,True,https://www.collegehockeynews.com/box/final/20260227/nmu/mns/,https://www.collegehockeynews.com/box/metrics.php?gd=110626,,college_hockey_news,https://www.collegehockeynews.com/schedules/team/Northern-Michigan/42/20252026,CCHA,CCHA
2025-26,Northern Michigan,2026-02-28,Sat,L,0,3,False,True,False,Minnesota State,https://www.collegehockeynews.com/reports/team/Minnesota-State/35,35,True,False,https://www.collegehockeynews.com/box/final/20260228/nmu/mns/,https://www.collegehockeynews.com/box/metrics.php?gd=110627,,college_hockey_news,https://www.collegehockeynews.com/schedules/team/Northern-Michigan/42/20252026,CCHA,CCHA
2025-26,St. Thomas,2025-10-04,Sat,W,4,3,False,True,False,St. Cloud State,https://www.collegehockeynews.com/reports/team/St-Cloud-State/52,52,False,False,https://www.collegehockeynews.com/box/final/20251004/stt/stc/,https://www.collegehockeynews.com/box/metrics.php?gd=110746,,college_hockey_news,https://www.collegehockeynews.com/schedules/team/St-Thomas/63/20252026,CCHA,NCHC
2025-26,St. Thomas,2025-10-10,Fri,L,2,6,False,True,False,North Dakota,https://www.collegehockeynews.com/reports/team/North-Dakota/40,40,False,False,https://www.collegehockeynews.com/box/final/20251010/stt/ndk/,https://www.collegehockeynews.com/box/metrics.php?gd=110407,,college_hockey_news,https://www.collegehockeynews.com/schedules/team/St-Thomas/63/20252026,CCHA,NCHC
2025-26,St. Thomas,2025-10-12,Sun,L,2,5,True,False,False,North Dakota,https://www.collegehockeynews.com/reports/team/North-Dakota/40,40,False,False,https://www.collegehockeynews.com/box/final/20251012/ndk/stt/,https://www.collegehockeynews.com/box/metrics.php?gd=110647,"at Grand Casino Arena, St. Paul, Minn.",college_hockey_news,https://www.collegehockeynews.com/schedules/team/St-Thomas/63/20252026,CCHA,NCHC
2025-26,St. Thomas,2025-10-17,Fri,W,11,2,False,True,False,Air Force,https://www.collegehockeynews.com/reports/team/Air-Force/1,1,False,False,https://www.collegehockeynews.com/box/final/20251017/stt/afa/,https://www.collegehockeynews.com/box/metrics.php?gd=111009,,college_hockey_news,https://www.collegehockeynews.com/schedules/team/St-Thomas/63/20252026,CCHA,Atlantic Hockey
2025-26,St. Thomas,2025-10-18,Sat,L,2,6,False,True,False,Air Force,https://www.collegehockeynews.com/reports/team/Air-Force/1,1,False,False,https://www.collegehockeynews.com/box/final/20251018/stt/afa/,https://www.collegehockeynews.com/box/metrics.php?gd=111010,,college_hockey_news,https://www.collegehockeynews.com/schedules/team/St-Thomas/63/20252026,CCHA,Atlantic Hockey
2025-26,St. Thomas,2025-10-24,Fri,T,2,2,True,False,False,Providence,https://www.collegehockeynews.com/reports/team/Providence/46,46,False,True,https://www.collegehockeynews.com/box/final/20251024/prv/stt/,https://www.collegehockeynews.com/box/metrics.php?gd=110648,,college_hockey_news,https://www.collegehockeynews.com/schedules/team/St-Thomas/63/20252026,CCHA,Hockey East
2025-26,St. Thomas,2025-10-25,Sat,L,4,7,True,False,False,Providence,https://www.collegehockeynews.com/reports/team/Providence/46,46,False,False,https://www.collegehockeynews.com/box/final/20251025/prv/stt/,https://www.collegehockeynews.com/box/metrics.php?gd=110649,,college_hockey_news,https://www.collegehockeynews.com/schedules/team/St-Thomas/63/20252026,CCHA,Hockey East
2025-26,St. Thomas,2025-10-31,Fri,L,1,3,True,False,False,Minnesota State,https://www.collegehockeynews.com/reports/team/Minnesota-State/35,35,True,False,https://www.collegehockeynews.com/box/final/20251031/mns/stt/,https://www.collegehockeynews.com/box/metrics.php?gd=110600,,college_hockey_news,https://www.collegehockeynews.com/schedules/team/St-Thomas/63/20252026,CCHA,CCHA
2025-26,St. Thomas,2025-11-01,Sat,W,4,3,False,True,False,Minnesota State,https://www.collegehockeynews.com/reports/team/Minnesota-State/35,35,True,True,https://www.collegehockeynews.com/box/final/20251101/stt/mns/,https://www.collegehockeynews.com/box/metrics.php?gd=110601,,college_hockey_news,https://www.collegehockeynews.com/schedules/team/St-Thomas/63/20252026,CCHA,CCHA
2025-26,St. Thomas,2025-11-11,Tue,W,3,1,True,False,False,St. Cloud State,https://www.collegehockeynews.com/reports/team/St-Cloud-State/52,52,False,False,https://www.collegehockeynews.com/box/final/20251111/stc/stt/,https://www.collegehockeynews.com/box/metrics.php?gd=110753,,college_hockey_news,https://www.collegehockeynews.com/schedules/team/St-Thomas/63/20252026,CCHA,NCHC
2025-26,St. Thomas,2025-11-15,Sat,T-SOL,4,4,False,True,False,Augustana,https://www.collegehockeynews.com/reports/team/Augustana/64,64,True,True,https://www.collegehockeynews.com/box/final/20251115/stt/aug/,https://www.collegehockeynews.com/box/metrics.php?gd=110650,,college_hockey_news,https://www.collegehockeynews.com/schedules/team/St-Thomas/63/20252026,CCHA,CCHA
2025-26,St. Thomas,2025-11-21,Fri,L,2,3,True,False,False,Bowling Green,https://www.collegehockeynews.com/reports/team/Bowling-Green/11,11,True,True,https://www.collegehockeynews.com/box/final/20251121/bgs/stt/,https://www.collegehockeynews.com/box/metrics.php?gd=110651,,college_hockey_news,https://www.collegehockeynews.com/schedules/team/St-Thomas/63/20252026,CCHA,CCHA
2025-26,St. Thomas,2025-11-22,Sat,W,6,2,True,False,False,Bowling Green,https://www.collegehockeynews.com/reports/team/Bowling-Green/11,11,True,False,https://www.collegehockeynews.com/box/final/20251122/bgs/stt/,https://www.collegehockeynews.com/box/metrics.php?gd=110652,,college_hockey_news,https://www.collegehockeynews.com/schedules/team/St-Thomas/63/20252026,CCHA,CCHA
2025-26,St. Thomas,2025-11-28,Fri,T-SOW,3,3,False,True,False,Michigan Tech,https://www.collegehockeynews.com/reports/team/Michigan-Tech/33,33,True,True,https://www.collegehockeynews.com/box/final/20251128/stt/mtu/,https://www.collegehockeynews.com/box/metrics.php?gd=110653,,college_hockey_news,https://www.collegehockeynews.com/schedules/team/St-Thomas/63/20252026,CCHA,CCHA
2025-26,St. Thomas,2025-11-29,Sat,W,2,1,False,True,False,Michigan Tech,https://www.collegehockeynews.com/reports/team/Michigan-Tech/33,33,True,False,https://www.collegehockeynews.com/box/final/20251129/stt/mtu/,https://www.collegehockeynews.com/box/metrics.php?gd=110654,,college_hockey_news,https://www.collegehockeynews.com/schedules/team/St-Thomas/63/20252026,CCHA,CCHA
2025-26,St. Thomas,2025-12-05,Fri,L,3,5,True,False,False,Lake Superior,https://www.collegehockeynews.com/reports/team/Lake-Superior/24,24,True,False,https://www.collegehockeynews.com/box/final/20251205/lss/stt/,https://www.collegehockeynews.com/box/metrics.php?gd=110655,,college_hockey_news,https://www.collegehockeynews.com/schedules/team/St-Thomas/63/20252026,CCHA,CCHA
2025-26,St. Thomas,2025-12-06,Sat,W,4,1,True,False,False,Lake Superior,https://www.collegehockeynews.com/reports/team/Lake-Superior/24,24,True,False,https://www.collegehockeynews.com/box/final/20251206/lss/stt/,https://www.collegehockeynews.com/box/metrics.php?gd=110656,,college_hockey_news,https://www.collegehockeynews.com/schedules/team/St-Thomas/63/20252026,CCHA,CCHA
2025-26,St. Thomas,2025-12-12,Fri,W,2,0,False,True,False,Northern Michigan,https://www.collegehockeynews.com/reports/team/Northern-Michigan/42,42,True,False,https://www.collegehockeynews.com/box/final/20251212/stt/nmu/,https://www.collegehockeynews.com/box/metrics.php?gd=110657,,college_hockey_news,https://www.collegehockeynews.com/schedules/team/St-Thomas/63/20252026,CCHA,CCHA
2025-26,St. Thomas,2025-12-13,Sat,W,4,3,False,True,False,Northern Michigan,https://www.collegehockeynews.com/reports/team/Northern-Michigan/42,42,True,False,https://www.collegehockeynews.com/box/final/20251213/stt/nmu/,https://www.collegehockeynews.com/box/metrics.php?gd=110658,,college_hockey_news,https://www.collegehockeynews.com/schedules/team/St-Thomas/63/20252026,CCHA,CCHA
2025-26,St. Thomas,2026-01-02,Fri,W,5,3,True,False,False,Ferris State,https://www.collegehockeynews.com/reports/team/Ferris-State/21,21,True,False,https://www.collegehockeynews.com/box/final/20260102/fsu/stt/,https://www.collegehockeynews.com/box/metrics.php?gd=110659,,college_hockey_news,https://www.collegehockeynews.com/schedules/team/St-Thomas/63/20252026,CCHA,CCHA
2025-26,St. Thomas,2026-01-03,Sat,W,8,4,True,False,False,Ferris State,https://www.collegehockeynews.com/reports/team/Ferris-State/21,21,True,False,https://www.collegehockeynews.com/box/final/20260103/fsu/stt/,https://www.collegehockeynews.com/box/metrics.php?gd=110660,,college_hockey_news,https://www.collegehockeynews.com/schedules/team/St-Thomas/63/20252026,CCHA,CCHA
2025-26,St. Thomas,2026-01-10,Sat,W,4,2,False,True,False,Minnesota State,https://www.collegehockeynews.com/reports/team/Minnesota-State/35,35,True,False,https://www.collegehockeynews.com/box/final/20260110/stt/mns/,https://www.collegehockeynews.com/box/metrics.php?gd=110616,,college_hockey_news,https://www.collegehockeynews.com/schedules/team/St-Thomas/63/20252026,CCHA,CCHA
2025-26,St. Thomas,2026-01-16,Fri,W,5,1,True,False,False,Bemidji State,https://www.collegehockeynews.com/reports/team/Bemidji-State/7,7,True,False,https://www.collegehockeynews.com/box/final/20260116/bmj/stt/,https://www.collegehockeynews.com/box/metrics.php?gd=110661,,college_hockey_news,https://www.collegehockeynews.com/schedules/team/St-Thomas/63/20252026,CCHA,CCHA
2025-26,St. Thomas,2026-01-17,Sat,W,3,2,True,False,False,Bemidji State,https://www.collegehockeynews.com/reports/team/Bemidji-State/7,7,True,False,https://www.collegehockeynews.com/box/final/20260117/bmj/stt/,https://www.collegehockeynews.com/box/metrics.php?gd=110662,,college_hockey_news,https://www.collegehockeynews.com/schedules/team/St-Thomas/63/20252026,CCHA,CCHA
2025-26,St. Thomas,2026-01-23,Fri,W,7,4,False,True,False,Lake Superior,https://www.collegehockeynews.com/reports/team/Lake-Superior/24,24,True,False,https://www.collegehockeynews.com/box/final/20260123/stt/lss/,https://www.collegehockeynews.com/box/metrics.php?gd=110663,,college_hockey_news,https://www.collegehockeynews.com/schedules/team/St-Thomas/63/20252026,CCHA,CCHA
2025-26,St. Thomas,2026-01-24,Sat,W,5,0,False,True,False,Lake Superior,https://www.collegehockeynews.com/reports/team/Lake-Superior/24,24,True,False,https://www.collegehockeynews.com/box/final/20260124/stt/lss/,https://www.collegehockeynews.com/box/metrics.php?gd=110664,,college_hockey_news,https://www.collegehockeynews.com/schedules/team/St-Thomas/63/20252026,CCHA,CCHA
2025-26,St. Thomas,2026-01-30,Fri,W,4,2,True,False,False,Michigan Tech,https://www.collegehockeynews.com/reports/team/Michigan-Tech/33,33,True,False,https://www.collegehockeynews.com/box/final/20260130/mtu/stt/,https://www.collegehockeynews.com/box/metrics.php?gd=110665,,college_hockey_news,https://www.collegehockeynews.com/schedules/team/St-Thomas/63/20252026,CCHA,CCHA
2025-26,St. Thomas,2026-01-31,Sat,L,3,4,True,False,False,Michigan Tech,https://www.collegehockeynews.com/reports/team/Michigan-Tech/33,33,True,False,https://www.collegehockeynews.com/box/final/20260131/mtu/stt/,https://www.collegehockeynews.com/box/metrics.php?gd=110666,,college_hockey_news,https://www.collegehockeynews.com/schedules/team/St-Thomas/63/20252026,CCHA,CCHA
2025-26,St. Thomas,2026-02-06,Fri,W,3,2,False,True,False,Bowling Green,https://www.collegehockeynews.com/reports/team/Bowling-Green/11,11,True,True,https://www.collegehockeynews.com/box/final/20260206/stt/bgs/,https://www.collegehockeynews.com/box/metrics.php?gd=110667,,college_hockey_news,https://www.collegehockeynews.com/schedules/team/St-Thomas/63/20252026,CCHA,CCHA
2025-26,St. Thomas,2026-02-07,Sat,L,1,3,False,True,False,Bowling Green,https://www.collegehockeynews.com/reports/team/Bowling-Green/11,11,True,False,https://www.collegehockeynews.com/box/final/20260207/stt/bgs/,https://www.collegehockeynews.com/box/metrics.php?gd=110668,,college_hockey_news,https://www.collegehockeynews.com/schedules/team/St-Thomas/63/20252026,CCHA,CCHA
2025-26,St. Thomas,2026-02-20,Fri,T-SOL,3,3,True,False,False,Augustana,https://www.collegehockeynews.com/reports/team/Augustana/64,64,True,True,https://www.collegehockeynews.com/box/final/20260220/aug/stt/,https://www.collegehockeynews.com/box/metrics.php?gd=110669,,college_hockey_news,https://www.collegehockeynews.com/schedules/team/St-Thomas/63/20252026,CCHA,CCHA
2025-26,St. Thomas,2026-02-21,Sat,L,0,4,True,False,False,Augustana,https://www.collegehockeynews.com/reports/team/Augustana/64,64,True,False,https://www.collegehockeynews.com/box/final/20260221/aug/stt/,https://www.collegehockeynews.com/box/metrics.php?gd=110670,,college_hockey_news,https://www.collegehockeynews.com/schedules/team/St-Thomas/63/20252026,CCHA,CCHA
2025-26,St. Thomas,2026-02-27,Fri,L,1,3,False,True,False,Bemidji State,https://www.collegehockeynews.com/reports/team/Bemidji-State/7,7,True,False,https://www.collegehockeynews.com/box/final/20260227/stt/bmj/,https://www.collegehockeynews.com/box/metrics.php?gd=110671,,college_hockey_news,https://www.collegehockeynews.com/schedules/team/St-Thomas/63/20252026,CCHA,CCHA
2025-26,St. Thomas,2026-02-28,Sat,T-SOW,2,2,False,True,False,Bemidji State,https://www.collegehockeynews.com/reports/team/Bemidji-State/7,7,True,True,https://www.collegehockeynews.com/box/final/20260228/stt/bmj/,https://www.collegehockeynews.com/box/metrics.php?gd=110672,,college_hockey_news,https://www.collegehockeynews.com/schedules/team/St-Thomas/63/20252026,CCHA,CCHA
2025-26,St. Thomas,2026-03-06,Fri,W,4,3,True,False,False,Lake Superior,https://www.collegehockeynews.com/reports/team/Lake-Superior/24,24,False,True,https://www.collegehockeynews.com/box/final/20260306/lss/stt/,https://www.collegehockeynews.com/box/metrics.php?gd=112940,CCHA Tournament CCHA Quarterfinal,college_hockey_news,https://www.collegehockeynews.com/schedules/team/St-Thomas/63/20252026,CCHA,CCHA
2025-26,St. Thomas,2026-03-07,Sat,W,5,2,True,False,False,Lake Superior,https://www.collegehockeynews.com/reports/team/Lake-Superior/24,24,False,False,https://www.collegehockeynews.com/box/final/20260307/lss/stt/,https://www.collegehockeynews.com/box/metrics.php?gd=112941,CCHA Tournament CCHA Quarterfinal,college_hockey_news,https://www.collegehockeynews.com/schedules/team/St-Thomas/63/20252026,CCHA,CCHA
2025-26,St. Thomas,2026-03-14,Sat,W,2,1,True,False,False,Augustana,https://www.collegehockeynews.com/reports/team/Augustana/64,64,False,False,https://www.collegehockeynews.com/box/final/20260314/aug/stt/,https://www.collegehockeynews.com/box/metrics.php?gd=113008,CCHA Tournament CCHA Semifinal,college_hockey_news,https://www.collegehockeynews.com/schedules/team/St-Thomas/63/20252026,CCHA,CCHA
2025-26,St. Thomas,2026-03-20,Fri,L,1,4,False,True,False,Minnesota State,https://www.collegehockeynews.com/reports/team/Minnesota-State/35,35,False,False,https://www.collegehockeynews.com/box/final/20260320/stt/mns/,https://www.collegehockeynews.com/box/metrics.php?gd=112928,"CCHA Tournament CCHA Championship – Mayo Clinic Event Center, Mankato, Minn.",college_hockey_news,https://www.collegehockeynews.com/schedules/team/St-Thomas/63/20252026,CCHA,CCHA
2025-26,Alaska,2025-10-03,Fri,L,1,5,True,False,False,Minnesota-Duluth,https://www.collegehockeynews.com/reports/team/Minnesota-Duluth/36,36,False,False,https://www.collegehockeynews.com/box/final/20251003/mnd/akf/,https://www.collegehockeynews.com/box/metrics.php?gd=110473,,college_hockey_news,https://www.collegehockeynews.com/schedules/team/Alaska/4/20252026,Independent,NCHC
2025-26,Alaska,2025-10-04,Sat,L,1,4,True,False,False,Minnesota-Duluth,https://www.collegehockeynews.com/reports/team/Minnesota-Duluth/36,36,False,False,https://www.collegehockeynews.com/box/final/20251004/mnd/akf/,https://www.collegehockeynews.com/box/metrics.php?gd=110474,,college_hockey_news,https://www.collegehockeynews.com/schedules/team/Alaska/4/20252026,Independent,NCHC
2025-26,Alaska,2025-10-10,Fri,W,2,1,False,False,True,Quinnipiac,https://www.collegehockeynews.com/reports/team/Quinnipiac/47,47,False,False,https://www.collegehockeynews.com/box/final/20251010/akf/qui/,https://www.collegehockeynews.com/box/metrics.php?gd=110370,"Ice Breaker – Mullett Arena, Tempe, Ariz.",college_hockey_news,https://www.collegehockeynews.com/schedules/team/Alaska/4/20252026,Independent,ECAC
2025-26,Alaska,2025-10-11,Sat,L,2,5,False,True,False,Arizona State,https://www.collegehockeynews.com/reports/team/Arizona-State/61,61,False,False,https://www.collegehockeynews.com/box/final/20251011/akf/asu/,https://www.collegehockeynews.com/box/metrics.php?gd=111241,"Ice Breaker – Mullett Arena, Tempe, Ariz.",college_hockey_news,https://www.collegehockeynews.com/schedules/team/Alaska/4/20252026,Independent,NCHC
2025-26,Alaska,2025-10-17,Fri,L,1,3,True,False,False,Michigan Tech,https://www.collegehockeynews.com/reports/team/Michigan-Tech/33,33,False,False,https://www.collegehockeynews.com/box/final/20251017/mtu/akf/,https://www.collegehockeynews.com/box/metrics.php?gd=111015,,college_hockey_news,https://www.collegehockeynews.com/schedules/team/Alaska/4/20252026,Independent,CCHA
2025-26,Alaska,2025-10-18,Sat,W,5,1,True,False,False,Michigan Tech,https://www.collegehockeynews.com/reports/team/Michigan-Tech/33,33,False,False,https://www.collegehockeynews.com/box/final/20251018/mtu/akf/,https://www.collegehockeynews.com/box/metrics.php?gd=111016,,college_hockey_news,https://www.collegehockeynews.com/schedules/team/Alaska/4/20252026,Independent,CCHA
2025-26,Alaska,2025-10-24,Fri,L,3,5,False,True,False,Wisconsin,https://www.collegehockeynews.com/reports/team/Wisconsin/58,58,False,False,https://www.collegehockeynews.com/box/final/20251024/akf/wis/,https://www.collegehockeynews.com/box/metrics.php?gd=111334,,college_hockey_news,https://www.collegehockeynews.com/schedules/team/Alaska/4/20252026,Independent,Big Ten
2025-26,Alaska,2025-10-25,Sat,L,1,4,False,True,False,Wisconsin,https://www.collegehockeynews.com/reports/team/Wisconsin/58,58,False,False,https://www.collegehockeynews.com/box/final/20251025/akf/wis/,https://www.collegehockeynews.com/box/metrics.php?gd=111335,,college_hockey_news,https://www.collegehockeynews.com/schedules/team/Alaska/4/20252026,Independent,Big Ten
2025-26,Alaska,2025-10-31,Fri,L,2,5,False,True,False,Princeton,https://www.collegehockeynews.com/reports/team/Princeton/45,45,False,False,https://www.collegehockeynews.com/box/final/20251031/akf/prn/,https://www.collegehockeynews.com/box/metrics.php?gd=111225,,college_hockey_news,https://www.collegehockeynews.com/schedules/team/Alaska/4/20252026,Independent,ECAC
2025-26,Alaska,2025-11-01,Sat,L,3,6,False,True,False,Princeton,https://www.collegehockeynews.com/reports/team/Princeton/45,45,False,False,https://www.collegehockeynews.com/box/final/20251101/akf/prn/,https://www.collegehockeynews.com/box/metrics.php?gd=111226,,college_hockey_news,https://www.collegehockeynews.com/schedules/team/Alaska/4/20252026,Independent,ECAC
2025-26,Alaska,2025-11-04,Tue,T,2,2,False,True,False,Quinnipiac,https://www.collegehockeynews.com/reports/team/Quinnipiac/47,47,False,True,https://www.collegehockeynews.com/box/final/20251104/akf/qui/,https://www.collegehockeynews.com/box/metrics.php?gd=111051,,college_hockey_news,https://www.collegehockeynews.com/schedules/team/Alaska/4/20252026,Independent,ECAC
2025-26,Alaska,2025-11-28,Fri,W,2,0,False,False,True,St. Lawrence,https://www.collegehockeynews.com/reports/team/St-Lawrence/53,53,False,False,https://www.collegehockeynews.com/box/final/20251128/akf/stl/,https://www.collegehockeynews.com/box/metrics.php?gd=110450,"Adirondack Winter Invitational – 1980 Rink Herb Brooks Arena, Lake Placid, N.Y.",college_hockey_news,https://www.collegehockeynews.com/schedules/team/Alaska/4/20252026,Independent,ECAC
2025-26,Alaska,2025-11-29,Sat,W,3,2,False,False,True,Clarkson,https://www.collegehockeynews.com/reports/team/Clarkson/14,14,False,False,https://www.collegehockeynews.com/box/final/20251129/akf/clk/,https://www.collegehockeynews.com/box/metrics.php?gd=110452,"Adirondack Winter Invitational – 1980 Rink Herb Brooks Arena, Lake Placid, N.Y.",college_hockey_news,https://www.collegehockeynews.com/schedules/team/Alaska/4/20252026,Independent,ECAC
2025-26,Alaska,2025-12-12,Fri,L,1,5,False,True,False,Union,https://www.collegehockeynews.com/reports/team/Union/54,54,False,False,https://www.collegehockeynews.com/box/final/20251212/akf/uni/,https://www.collegehockeynews.com/box/metrics.php?gd=111107,,college_hockey_news,https://www.collegehockeynews.com/schedules/team/Alaska/4/20252026,Independent,ECAC
2025-26,Alaska,2025-12-13,Sat,L,2,3,False,True,False,Union,https://www.collegehockeynews.com/reports/team/Union/54,54,False,False,https://www.collegehockeynews.com/box/final/20251213/akf/uni/,https://www.collegehockeynews.com/box/metrics.php?gd=111108,,college_hockey_news,https://www.collegehockeynews.com/schedules/team/Alaska/4/20252026,Independent,ECAC
2025-26,Alaska,2026-01-02,Fri,L,2,5,False,True,False,Providence,https://www.collegehockeynews.com/reports/team/Providence/46,46,False,False,https://www.collegehockeynews.com/box/final/20260102/akf/prv/,https://www.collegehockeynews.com/box/metrics.php?gd=111338,,college_hockey_news,https://www.collegehockeynews.com/schedules/team/Alaska/4/20252026,Independent,Hockey East
2025-26,Alaska,2026-01-03,Sat,W,5,1,False,True,False,Providence,https://www.collegehockeynews.com/reports/team/Providence/46,46,False,False,https://www.collegehockeynews.com/box/final/20260103/akf/prv/,https://www.collegehockeynews.com/box/metrics.php?gd=111339,,college_hockey_news,https://www.collegehockeynews.com/schedules/team/Alaska/4/20252026,Independent,Hockey East
2025-26,Alaska,2026-01-09,Fri,L,1,7,False,True,False,Cornell,https://www.collegehockeynews.com/reports/team/Cornell/18,18,False,False,https://www.collegehockeynews.com/box/final/20260109/akf/cor/,https://www.collegehockeynews.com/box/metrics.php?gd=111030,,college_hockey_news,https://www.collegehockeynews.com/schedules/team/Alaska/4/20252026,Independent,ECAC
2025-26,Alaska,2026-01-10,Sat,L,2,5,False,True,False,Cornell,https://www.collegehockeynews.com/reports/team/Cornell/18,18,False,False,https://www.collegehockeynews.com/box/final/20260110/akf/cor/,https://www.collegehockeynews.com/box/metrics.php?gd=111031,,college_hockey_news,https://www.collegehockeynews.com/schedules/team/Alaska/4/20252026,Independent,ECAC
2025-26,Alaska,2026-01-16,Fri,T,1,1,True,False,False,Alaska-Anchorage,https://www.collegehockeynews.com/reports/team/Alaska-Anchorage/3,3,False,True,https://www.collegehockeynews.com/box/final/20260116/aka/akf/,https://www.collegehockeynews.com/box/metrics.php?gd=111340,,college_hockey_news,https://www.collegehockeynews.com/schedules/team/Alaska/4/20252026,Independent,Independent
2025-26,Alaska,2026-01-17,Sat,W,4,1,True,False,False,Alaska-Anchorage,https://www.collegehockeynews.com/reports/team/Alaska-Anchorage/3,3,False,False,https://www.collegehockeynews.com/box/final/20260117/aka/akf/,https://www.collegehockeynews.com/box/metrics.php?gd=111341,,college_hockey_news,https://www.collegehockeynews.com/schedules/team/Alaska/4/20252026,Independent,Independent
2025-26,Alaska,2026-01-23,Fri,W,5,2,True,False,False,Lindenwood,https://www.collegehockeynews.com/reports/team/Lindenwood/433,433,False,False,https://www.collegehockeynews.com/box/final/20260123/lin/akf/,https://www.collegehockeynews.com/box/metrics.php?gd=111342,,college_hockey_news,https://www.collegehockeynews.com/schedules/team/Alaska/4/20252026,Independent,Independent
2025-26,Alaska,2026-01-24,Sat,L,4,7,True,False,False,Lindenwood,https://www.collegehockeynews.com/reports/team/Lindenwood/433,433,False,False,https://www.collegehockeynews.com/box/final/20260124/lin/akf/,https://www.collegehockeynews.com/box/metrics.php?gd=111343,,college_hockey_news,https://www.collegehockeynews.com/schedules/team/Alaska/4/20252026,Independent,Independent
2025-26,Alaska,2026-01-30,Fri,W,5,1,True,False,False,Long Island,https://www.collegehockeynews.com/reports/team/Long-Island/62,62,False,False,https://www.collegehockeynews.com/box/final/20260130/liu/akf/,https://www.collegehockeynews.com/box/metrics.php?gd=111344,,college_hockey_news,https://www.collegehockeynews.com/schedules/team/Alaska/4/20252026,Independent,Independent
2025-26,Alaska,2026-01-31,Sat,W,5,1,True,False,False,Long Island,https://www.collegehockeynews.com/reports/team/Long-Island/62,62,False,False,https://www.collegehockeynews.com/box/final/20260131/liu/akf/,https://www.collegehockeynews.com/box/metrics.php?gd=111345,,college_hockey_news,https://www.collegehockeynews.com/schedules/team/Alaska/4/20252026,Independent,Independent
2025-26,Alaska,2026-02-06,Fri,W,4,1,False,True,False,Alaska-Anchorage,https://www.collegehockeynews.com/reports/team/Alaska-Anchorage/3,3,False,False,https://www.collegehockeynews.com/box/final/20260206/akf/aka/,https://www.collegehockeynews.com/box/metrics.php?gd=111346,,college_hockey_news,https://www.collegehockeynews.com/schedules/team/Alaska/4/20252026,Independent,Independent
2025-26,Alaska,2026-02-07,Sat,L,2,3,False,True,False,Alaska-Anchorage,https://www.collegehockeynews.com/reports/team/Alaska-Anchorage/3,3,False,True,https://www.collegehockeynews.com/box/final/20260207/akf/aka/,https://www.collegehockeynews.com/box/metrics.php?gd=111347,,college_hockey_news,https://www.collegehockeynews.com/schedules/team/Alaska/4/20252026,Independent,Independent
2025-26,Alaska,2026-02-20,Fri,W,4,3,False,True,False,Alaska-Anchorage,https://www.collegehockeynews.com/reports/team/Alaska-Anchorage/3,3,False,False,https://www.collegehockeynews.com/box/final/20260220/akf/aka/,https://www.collegehockeynews.com/box/metrics.php?gd=111348,,college_hockey_news,https://www.collegehockeynews.com/schedules/team/Alaska/4/20252026,Independent,Independent
2025-26,Alaska,2026-02-21,Sat,W,6,2,False,True,False,Alaska-Anchorage,https://www.collegehockeynews.com/reports/team/Alaska-Anchorage/3,3,False,False,https://www.collegehockeynews.com/box/final/20260221/akf/aka/,https://www.collegehockeynews.com/box/metrics.php?gd=111349,,college_hockey_news,https://www.collegehockeynews.com/schedules/team/Alaska/4/20252026,Independent,Independent
2025-26,Alaska,2026-02-27,Fri,W,2,0,True,False,False,Alaska-Anchorage,https://www.collegehockeynews.com/reports/team/Alaska-Anchorage/3,3,False,False,https://www.collegehockeynews.com/box/final/20260227/aka/akf/,https://www.collegehockeynews.com/box/metrics.php?gd=111350,,college_hockey_news,https://www.collegehockeynews.com/schedules/team/Alaska/4/20252026,Independent,Independent
2025-26,Alaska,2026-02-28,Sat,W,5,1,True,False,False,Alaska-Anchorage,https://www.collegehockeynews.com/reports/team/Alaska-Anchorage/3,3,False,False,https://www.collegehockeynews.com/box/final/20260228/aka/akf/,https://www.collegehockeynews.com/box/metrics.php?gd=111351,,college_hockey_news,https://www.collegehockeynews.com/schedules/team/Alaska/4/20252026,Independent,Independent
2025-26,Alaska,2026-03-06,Fri,T,4,4,False,False,True,Stonehill,https://www.collegehockeynews.com/reports/team/Stonehill/422,422,False,True,https://www.collegehockeynews.com/box/final/20260306/stn/akf/,https://www.collegehockeynews.com/box/metrics.php?gd=112962,"United Collegiate Hockey Cup Alaska advances in shootout, 1-0 – Centene Center, Maryland Heights, Mo.",college_hockey_news,https://www.collegehockeynews.com/schedules/team/Alaska/4/20252026,Independent,Independent
2025-26,Alaska,2026-03-07,Sat,W,4,3,False,True,False,Lindenwood,https://www.collegehockeynews.com/reports/team/Lindenwood/433,433,False,True,https://www.collegehockeynews.com/box/final/20260307/akf/lin/,https://www.collegehockeynews.com/box/metrics.php?gd=112972,"United Collegiate Hockey Cup Championship – Centene Center, Maryland Heights, Mo.",college_hockey_news,https://www.collegehockeynews.com/schedules/team/Alaska/4/20252026,Independent,Independent
2025-26,Alaska-Anchorage,2025-10-03,Fri,L,2,9,True,False,False,Bemidji State,https://www.collegehockeynews.com/reports/team/Bemidji-State/7,7,False,False,https://www.collegehockeynews.com/box/final/20251003/bmj/aka/,https://www.collegehockeynews.com/box/metrics.php?gd=110781,,college_hockey_news,https://www.collegehockeynews.com/schedules/team/Alaska-Anchorage/3/20252026,Independent,CCHA
2025-26,Alaska-Anchorage,2025-10-04,Sat,L,0,5,True,False,False,Bemidji State,https://www.collegehockeynews.com/reports/team/Bemidji-State/7,7,False,False,https://www.collegehockeynews.com/box/final/20251004/bmj/aka/,https://www.collegehockeynews.com/box/metrics.php?gd=110782,,college_hockey_news,https://www.collegehockeynews.com/schedules/team/Alaska-Anchorage/3/20252026,Independent,CCHA
2025-26,Alaska-Anchorage,2025-10-24,Fri,L,2,5,False,True,False,St. Cloud State,https://www.collegehockeynews.com/reports/team/St-Cloud-State/52,52,False,False,https://www.collegehockeynews.com/box/final/20251024/aka/stc/,https://www.collegehockeynews.com/box/metrics.php?gd=110751,,college_hockey_news,https://www.collegehockeynews.com/schedules/team/Alaska-Anchorage/3/20252026,Independent,NCHC
2025-26,Alaska-Anchorage,2025-10-25,Sat,L,1,5,False,True,False,St. Cloud State,https://www.collegehockeynews.com/reports/team/St-Cloud-State/52,52,False,False,https://www.collegehockeynews.com/box/final/20251025/aka/stc/,https://www.collegehockeynews.com/box/metrics.php?gd=110752,,college_hockey_news,https://www.collegehockeynews.com/schedules/team/Alaska-Anchorage/3/20252026,Independent,NCHC
2025-26,Alaska-Anchorage,2025-10-31,Fri,W,4,3,False,True,False,Denver,https://www.collegehockeynews.com/reports/team/Denver/20,20,False,True,https://www.collegehockeynews.com/box/final/20251031/aka/den/,https://www.collegehockeynews.com/box/metrics.php?gd=110522,,college_hockey_news,https://www.collegehockeynews.com/schedules/team/Alaska-Anchorage/3/20252026,Independent,NCHC
2025-26,Alaska-Anchorage,2025-11-01,Sat,L,0,6,False,True,False,Denver,https://www.collegehockeynews.com/reports/team/Denver/20,20,False,False,https://www.collegehockeynews.com/box/final/20251101/aka/den/,https://www.collegehockeynews.com/box/metrics.php?gd=110523,,college_hockey_news,https://www.collegehockeynews.com/schedules/team/Alaska-Anchorage/3/20252026,Independent,NCHC
2025-26,Alaska-Anchorage,2025-11-14,Fri,L,1,2,False,True,False,Bentley,https://www.collegehockeynews.com/reports/team/Bentley/8,8,False,True,https://www.collegehockeynews.com/box/final/20251114/aka/ben/,https://www.collegehockeynews.com/box/metrics.php?gd=110946,,college_hockey_news,https://www.collegehockeynews.com/schedules/team/Alaska-Anchorage/3/20252026,Independent,Atlantic Hockey
2025-26,Alaska-Anchorage,2025-11-15,Sat,W,3,2,False,True,False,Bentley,https://www.collegehockeynews.com/reports/team/Bentley/8,8,False,False,https://www.collegehockeynews.com/box/final/20251115/aka/ben/,https://www.collegehockeynews.com/box/metrics.php?gd=110947,,college_hockey_news,https://www.collegehockeynews.com/schedules/team/Alaska-Anchorage/3/20252026,Independent,Atlantic Hockey
2025-26,Alaska-Anchorage,2025-11-18,Tue,W,4,0,False,True,False,Stonehill,https://www.collegehockeynews.com/reports/team/Stonehill/422,422,False,False,https://www.collegehockeynews.com/box/final/20251118/aka/stn/,https://www.collegehockeynews.com/box/metrics.php?gd=111403,,college_hockey_news,https://www.collegehockeynews.com/schedules/team/Alaska-Anchorage/3/20252026,Independent,Independent
2025-26,Alaska-Anchorage,2025-11-19,Wed,L,2,5,False,True,False,Brown,https://www.collegehockeynews.com/reports/team/Brown/12,12,False,False,https://www.collegehockeynews.com/box/final/20251119/aka/brn/,https://www.collegehockeynews.com/box/metrics.php?gd=111417,,college_hockey_news,https://www.collegehockeynews.com/schedules/team/Alaska-Anchorage/3/20252026,Independent,ECAC
2025-26,Alaska-Anchorage,2025-11-20,Thu,L,2,7,False,True,False,Holy Cross,https://www.collegehockeynews.com/reports/team/Holy-Cross/23,23,False,False,https://www.collegehockeynews.com/box/final/20251120/aka/hcr/,https://www.collegehockeynews.com/box/metrics.php?gd=110909,,college_hockey_news,https://www.collegehockeynews.com/schedules/team/Alaska-Anchorage/3/20252026,Independent,Atlantic Hockey
2025-26,Alaska-Anchorage,2025-11-23,Sun,L,0,1,False,True,False,Holy Cross,https://www.collegehockeynews.com/reports/team/Holy-Cross/23,23,False,False,https://www.collegehockeynews.com/box/final/20251123/aka/hcr/,https://www.collegehockeynews.com/box/metrics.php?gd=110910,,college_hockey_news,https://www.collegehockeynews.com/schedules/team/Alaska-Anchorage/3/20252026,Independent,Atlantic Hockey
2025-26,Alaska-Anchorage,2025-12-05,Fri,L,2,3,True,False,False,Stonehill,https://www.collegehockeynews.com/reports/team/Stonehill/422,422,False,False,https://www.collegehockeynews.com/box/final/20251205/stn/aka/,https://www.collegehockeynews.com/box/metrics.php?gd=111404,,college_hockey_news,https://www.collegehockeynews.com/schedules/team/Alaska-Anchorage/3/20252026,Independent,Independent
2025-26,Alaska-Anchorage,2025-12-06,Sat,L,3,4,True,False,False,Stonehill,https://www.collegehockeynews.com/reports/team/Stonehill/422,422,False,True,https://www.collegehockeynews.com/box/final/20251206/stn/aka/,https://www.collegehockeynews.com/box/metrics.php?gd=111405,,college_hockey_news,https://www.collegehockeynews.com/schedules/team/Alaska-Anchorage/3/20252026,Independent,Independent
2025-26,Alaska-Anchorage,2026-01-02,Fri,L,2,7,False,True,False,Arizona State,https://www.collegehockeynews.com/reports/team/Arizona-State/61,61,False,False,https://www.collegehockeynews.com/box/final/20260102/aka/asu/,https://www.collegehockeynews.com/box/metrics.php?gd=110388,"Desert Hockey Classic – Mullett Arena, Tempe, Ariz.",college_hockey_news,https://www.collegehockeynews.com/schedules/team/Alaska-Anchorage/3/20252026,Independent,NCHC
2025-26,Alaska-Anchorage,2026-01-03,Sat,L,0,5,False,False,True,Michigan Tech,https://www.collegehockeynews.com/reports/team/Michigan-Tech/33,33,False,False,https://www.collegehockeynews.com/box/final/20260103/mtu/aka/,https://www.collegehockeynews.com/box/metrics.php?gd=111240,"Desert Hockey Classic – Mullett Arena, Tempe, Ariz.",college_hockey_news,https://www.collegehockeynews.com/schedules/team/Alaska-Anchorage/3/20252026,Independent,CCHA
2025-26,Alaska-Anchorage,2026-01-09,Fri,L,0,5,False,True,False,Wisconsin,https://www.collegehockeynews.com/reports/team/Wisconsin/58,58,False,False,https://www.collegehockeynews.com/box/final/20260109/aka/wis/,https://www.collegehockeynews.com/box/metrics.php?gd=111372,,college_hockey_news,https://www.collegehockeynews.com/schedules/team/Alaska-Anchorage/3/20252026,Independent,Big Ten
2025-26,Alaska-Anchorage,2026-01-10,Sat,L,2,3,False,True,False,Wisconsin,https://www.collegehockeynews.com/reports/team/Wisconsin/58,58,False,False,https://www.collegehockeynews.com/box/final/20260110/aka/wis/,https://www.collegehockeynews.com/box/metrics.php?gd=111373,,college_hockey_news,https://www.collegehockeynews.com/schedules/team/Alaska-Anchorage/3/20252026,Independent,Big Ten
2025-26,Alaska-Anchorage,2026-01-16,Fri,T,1,1,False,True,False,Alaska,https://www.collegehockeynews.com/reports/team/Alaska/4,4,False,True,https://www.collegehockeynews.com/box/final/20260116/aka/akf/,https://www.collegehockeynews.com/box/metrics.php?gd=111340,,college_hockey_news,https://www.collegehockeynews.com/schedules/team/Alaska-Anchorage/3/20252026,Independent,Independent
2025-26,Alaska-Anchorage,2026-01-17,Sat,L,1,4,False,True,False,Alaska,https://www.collegehockeynews.com/reports/team/Alaska/4,4,False,False,https://www.collegehockeynews.com/box/final/20260117/aka/akf/,https://www.collegehockeynews.com/box/metrics.php?gd=111341,,college_hockey_news,https://www.collegehockeynews.com/schedules/team/Alaska-Anchorage/3/20252026,Independent,Independent
2025-26,Alaska-Anchorage,2026-01-23,Fri,L,2,6,True,False,False,Long Island,https://www.collegehockeynews.com/reports/team/Long-Island/62,62,False,False,https://www.collegehockeynews.com/box/final/20260123/liu/aka/,https://www.collegehockeynews.com/box/metrics.php?gd=111388,,college_hockey_news,https://www.collegehockeynews.com/schedules/team/Alaska-Anchorage/3/20252026,Independent,Independent
2025-26,Alaska-Anchorage,2026-01-24,Sat,L,0,4,True,False,False,Long Island,https://www.collegehockeynews.com/reports/team/Long-Island/62,62,False,False,https://www.collegehockeynews.com/box/final/20260124/liu/aka/,https://www.collegehockeynews.com/box/metrics.php?gd=111389,,college_hockey_news,https://www.collegehockeynews.com/schedules/team/Alaska-Anchorage/3/20252026,Independent,Independent
2025-26,Alaska-Anchorage,2026-01-27,Tue,L,3,4,True,False,False,Long Island,https://www.collegehockeynews.com/reports/team/Long-Island/62,62,False,False,https://www.collegehockeynews.com/box/final/20260127/liu/aka/,https://www.collegehockeynews.com/box/metrics.php?gd=111390,,college_hockey_news,https://www.collegehockeynews.com/schedules/team/Alaska-Anchorage/3/20252026,Independent,Independent
2025-26,Alaska-Anchorage,2026-02-06,Fri,L,1,4,True,False,False,Alaska,https://www.collegehockeynews.com/reports/team/Alaska/4,4,False,False,https://www.collegehockeynews.com/box/final/20260206/akf/aka/,https://www.collegehockeynews.com/box/metrics.php?gd=111346,"at Sullivan Arena, Anchorage, Alaska",college_hockey_news,https://www.collegehockeynews.com/schedules/team/Alaska-Anchorage/3/20252026,Independent,Independent
2025-26,Alaska-Anchorage,2026-02-07,Sat,W,3,2,True,False,False,Alaska,https://www.collegehockeynews.com/reports/team/Alaska/4,4,False,True,https://www.collegehockeynews.com/box/final/20260207/akf/aka/,https://www.collegehockeynews.com/box/metrics.php?gd=111347,"at Sullivan Arena, Anchorage, Alaska",college_hockey_news,https://www.collegehockeynews.com/schedules/team/Alaska-Anchorage/3/20252026,Independent,Independent
2025-26,Alaska-Anchorage,2026-02-13,Fri,W,5,4,False,True,False,Lindenwood,https://www.collegehockeynews.com/reports/team/Lindenwood/433,433,False,False,https://www.collegehockeynews.com/box/final/20260213/aka/lin/,https://www.collegehockeynews.com/box/metrics.php?gd=111364,,college_hockey_news,https://www.collegehockeynews.com/schedules/team/Alaska-Anchorage/3/20252026,Independent,Independent
2025-26,Alaska-Anchorage,2026-02-14,Sat,L,2,4,False,True,False,Lindenwood,https://www.collegehockeynews.com/reports/team/Lindenwood/433,433,False,False,https://www.collegehockeynews.com/box/final/20260214/aka/lin/,https://www.collegehockeynews.com/box/metrics.php?gd=111365,,college_hockey_news,https://www.collegehockeynews.com/schedules/team/Alaska-Anchorage/3/20252026,Independent,Independent
2025-26,Alaska-Anchorage,2026-02-20,Fri,L,3,4,True,False,False,Alaska,https://www.collegehockeynews.com/reports/team/Alaska/4,4,False,False,https://www.collegehockeynews.com/box/final/20260220/akf/aka/,https://www.collegehockeynews.com/box/metrics.php?gd=111348,"at Sullivan Arena, Anchorage, Alaska",college_hockey_news,https://www.collegehockeynews.com/schedules/team/Alaska-Anchorage/3/20252026,Independent,Independent
2025-26,Alaska-Anchorage,2026-02-21,Sat,L,2,6,True,False,False,Alaska,https://www.collegehockeynews.com/reports/team/Alaska/4,4,False,False,https://www.collegehockeynews.com/box/final/20260221/akf/aka/,https://www.collegehockeynews.com/box/metrics.php?gd=111349,"at Sullivan Arena, Anchorage, Alaska",college_hockey_news,https://www.collegehockeynews.com/schedules/team/Alaska-Anchorage/3/20252026,Independent,Independent
2025-26,Alaska-Anchorage,2026-02-27,Fri,L,0,2,False,True,False,Alaska,https://www.collegehockeynews.com/reports/team/Alaska/4,4,False,False,https://www.collegehockeynews.com/box/final/20260227/aka/akf/,https://www.collegehockeynews.com/box/metrics.php?gd=111350,,college_hockey_news,https://www.collegehockeynews.com/schedules/team/Alaska-Anchorage/3/20252026,Independent,Independent
2025-26,Alaska-Anchorage,2026-02-28,Sat,L,1,5,False,True,False,Alaska,https://www.collegehockeynews.com/reports/team/Alaska/4,4,False,False,https://www.collegehockeynews.com/box/final/20260228/aka/akf/,https://www.collegehockeynews.com/box/metrics.php?gd=111351,,college_hockey_news,https://www.collegehockeynews.com/schedules/team/Alaska-Anchorage/3/20252026,Independent,Independent
2025-26,Alaska-Anchorage,2026-03-05,Thu,L,0,3,False,False,True,Stonehill,https://www.collegehockeynews.com/reports/team/Stonehill/422,422,False,False,https://www.collegehockeynews.com/box/final/20260305/aka/stn/,https://www.collegehockeynews.com/box/metrics.php?gd=112960,"United Collegiate Hockey Cup – Centene Center, Maryland Heights, Mo.",college_hockey_news,https://www.collegehockeynews.com/schedules/team/Alaska-Anchorage/3/20252026,Independent,Independent
2025-26,Alaska-Anchorage,2026-03-06,Fri,L,3,4,False,False,True,Long Island,https://www.collegehockeynews.com/reports/team/Long-Island/62,62,False,True,https://www.collegehockeynews.com/box/final/20260306/liu/aka/,https://www.collegehockeynews.com/box/metrics.php?gd=112971,"United Collegiate Hockey Cup – Centene Center, Maryland Heights, Mo.",college_hockey_news,https://www.collegehockeynews.com/schedules/team/Alaska-Anchorage/3/20252026,Independent,Independent
2025-26,Lindenwood,2025-10-03,Fri,L,0,3,True,False,False,Wisconsin,https://www.collegehockeynews.com/reports/team/Wisconsin/58,58,False,False,https://www.collegehockeynews.com/box/final/20251003/wis/lin/,https://www.collegehockeynews.com/box/metrics.php?gd=111352,,college_hockey_news,https://www.collegehockeynews.com/schedules/team/Lindenwood/433/20252026,Independent,Big Ten
2025-26,Lindenwood,2025-10-04,Sat,L,2,7,True,False,False,Wisconsin,https://www.collegehockeynews.com/reports/team/Wisconsin/58,58,False,False,https://www.collegehockeynews.com/box/final/20251004/wis/lin/,https://www.collegehockeynews.com/box/metrics.php?gd=111353,,college_hockey_news,https://www.collegehockeynews.com/schedules/team/Lindenwood/433/20252026,Independent,Big Ten
2025-26,Lindenwood,2025-10-10,Fri,W,5,4,False,True,False,Lake Superior,https://www.collegehockeynews.com/reports/team/Lake-Superior/24,24,False,False,https://www.collegehockeynews.com/box/final/20251010/lin/lss/,https://www.collegehockeynews.com/box/metrics.php?gd=111153,,college_hockey_news,https://www.collegehockeynews.com/schedules/team/Lindenwood/433/20252026,Independent,CCHA
2025-26,Lindenwood,2025-10-11,Sat,W,7,4,False,True,False,Lake Superior,https://www.collegehockeynews.com/reports/team/Lake-Superior/24,24,False,False,https://www.collegehockeynews.com/box/final/20251011/lin/lss/,https://www.collegehockeynews.com/box/metrics.php?gd=111154,,college_hockey_news,https://www.collegehockeynews.com/schedules/team/Lindenwood/433/20252026,Independent,CCHA
2025-26,Lindenwood,2025-10-17,Fri,W,4,3,True,False,False,Denver,https://www.collegehockeynews.com/reports/team/Denver/20,20,False,False,https://www.collegehockeynews.com/box/final/20251017/den/lin/,https://www.collegehockeynews.com/box/metrics.php?gd=110518,,college_hockey_news,https://www.collegehockeynews.com/schedules/team/Lindenwood/433/20252026,Independent,NCHC
2025-26,Lindenwood,2025-10-18,Sat,L,0,4,True,False,False,Denver,https://www.collegehockeynews.com/reports/team/Denver/20,20,False,False,https://www.collegehockeynews.com/box/final/20251018/den/lin/,https://www.collegehockeynews.com/box/metrics.php?gd=110519,,college_hockey_news,https://www.collegehockeynews.com/schedules/team/Lindenwood/433/20252026,Independent,NCHC
2025-26,Lindenwood,2025-10-24,Fri,L,4,5,True,False,False,Miami,https://www.collegehockeynews.com/reports/team/Miami/30,30,False,True,https://www.collegehockeynews.com/box/final/20251024/mia/lin/,https://www.collegehockeynews.com/box/metrics.php?gd=110576,,college_hockey_news,https://www.collegehockeynews.com/schedules/team/Lindenwood/433/20252026,Independent,NCHC
2025-26,Lindenwood,2025-10-25,Sat,L,4,5,True,False,False,Miami,https://www.collegehockeynews.com/reports/team/Miami/30,30,False,True,https://www.collegehockeynews.com/box/final/20251025/mia/lin/,https://www.collegehockeynews.com/box/metrics.php?gd=110577,,college_hockey_news,https://www.collegehockeynews.com/schedules/team/Lindenwood/433/20252026,Independent,NCHC
2025-26,Lindenwood,2025-10-31,Fri,W,1,0,False,True,False,Ferris State,https://www.collegehockeynews.com/reports/team/Ferris-State/21,21,False,False,https://www.collegehockeynews.com/box/final/20251031/lin/fsu/,https://www.collegehockeynews.com/box/metrics.php?gd=111000,,college_hockey_news,https://www.collegehockeynews.com/schedules/team/Lindenwood/433/20252026,Independent,CCHA
2025-26,Lindenwood,2025-11-01,Sat,W,3,2,False,True,False,Ferris State,https://www.collegehockeynews.com/reports/team/Ferris-State/21,21,False,False,https://www.collegehockeynews.com/box/final/20251101/lin/fsu/,https://www.collegehockeynews.com/box/metrics.php?gd=111001,,college_hockey_news,https://www.collegehockeynews.com/schedules/team/Lindenwood/433/20252026,Independent,CCHA
2025-26,Lindenwood,2025-11-21,Fri,W,6,2,True,False,False,Robert Morris,https://www.collegehockeynews.com/reports/team/Robert-Morris/50,50,False,False,https://www.collegehockeynews.com/box/final/20251121/rmu/lin/,https://www.collegehockeynews.com/box/metrics.php?gd=110882,,college_hockey_news,https://www.collegehockeynews.com/schedules/team/Lindenwood/433/20252026,Independent,Atlantic Hockey
2025-26,Lindenwood,2025-11-22,Sat,W,5,3,True,False,False,Robert Morris,https://www.collegehockeynews.com/reports/team/Robert-Morris/50,50,False,False,https://www.collegehockeynews.com/box/final/20251122/rmu/lin/,https://www.collegehockeynews.com/box/metrics.php?gd=110883,,college_hockey_news,https://www.collegehockeynews.com/schedules/team/Lindenwood/433/20252026,Independent,Atlantic Hockey
2025-26,Lindenwood,2025-11-28,Fri,W,5,2,True,False,False,Long Island,https://www.collegehockeynews.com/reports/team/Long-Island/62,62,False,False,https://www.collegehockeynews.com/box/final/20251128/liu/lin/,https://www.collegehockeynews.com/box/metrics.php?gd=111356,,college_hockey_news,https://www.collegehockeynews.com/schedules/team/Lindenwood/433/20252026,Independent,Independent
2025-26,Lindenwood,2025-11-29,Sat,L,2,5,True,False,False,Long Island,https://www.collegehockeynews.com/reports/team/Long-Island/62,62,False,False,https://www.collegehockeynews.com/box/final/20251129/liu/lin/,https://www.collegehockeynews.com/box/metrics.php?gd=111357,,college_hockey_news,https://www.collegehockeynews.com/schedules/team/Lindenwood/433/20252026,Independent,Independent
2025-26,Lindenwood,2025-12-13,Sat,L,0,5,False,True,False,Maine,https://www.collegehockeynews.com/reports/team/Maine/25,25,False,False,https://www.collegehockeynews.com/box/final/20251213/lin/mne/,https://www.collegehockeynews.com/box/metrics.php?gd=111292,,college_hockey_news,https://www.collegehockeynews.com/schedules/team/Lindenwood/433/20252026,Independent,Hockey East
2025-26,Lindenwood,2025-12-14,Sun,L,2,7,False,True,False,Maine,https://www.collegehockeynews.com/reports/team/Maine/25,25,False,False,https://www.collegehockeynews.com/box/final/20251214/lin/mne/,https://www.collegehockeynews.com/box/metrics.php?gd=111293,,college_hockey_news,https://www.collegehockeynews.com/schedules/team/Lindenwood/433/20252026,Independent,Hockey East
2025-26,Lindenwood,2026-01-02,Fri,W,5,2,True,False,False,Canisius,https://www.collegehockeynews.com/reports/team/Canisius/13,13,False,False,https://www.collegehockeynews.com/box/final/20260102/cns/lin/,https://www.collegehockeynews.com/box/metrics.php?gd=111358,,college_hockey_news,https://www.collegehockeynews.com/schedules/team/Lindenwood/433/20252026,Independent,Atlantic Hockey
2025-26,Lindenwood,2026-01-03,Sat,L,3,4,True,False,False,Canisius,https://www.collegehockeynews.com/reports/team/Canisius/13,13,False,False,https://www.collegehockeynews.com/box/final/20260103/cns/lin/,https://www.collegehockeynews.com/box/metrics.php?gd=111359,,college_hockey_news,https://www.collegehockeynews.com/schedules/team/Lindenwood/433/20252026,Independent,Atlantic Hockey
2025-26,Lindenwood,2026-01-09,Fri,L,3,6,False,True,False,Minnesota-Duluth,https://www.collegehockeynews.com/reports/team/Minnesota-Duluth/36,36,False,False,https://www.collegehockeynews.com/box/final/20260109/lin/mnd/,https://www.collegehockeynews.com/box/metrics.php?gd=110489,,college_hockey_news,https://www.collegehockeynews.com/schedules/team/Lindenwood/433/20252026,Independent,NCHC
2025-26,Lindenwood,2026-01-10,Sat,L,4,8,False,True,False,Minnesota-Duluth,https://www.collegehockeynews.com/reports/team/Minnesota-Duluth/36,36,False,False,https://www.collegehockeynews.com/box/final/20260110/lin/mnd/,https://www.collegehockeynews.com/box/metrics.php?gd=110490,,college_hockey_news,https://www.collegehockeynews.com/schedules/team/Lindenwood/433/20252026,Independent,NCHC
2025-26,Lindenwood,2026-01-16,Fri,W,6,2,True,False,False,Stonehill,https://www.collegehockeynews.com/reports/team/Stonehill/422,422,False,False,https://www.collegehockeynews.com/box/final/20260116/stn/lin/,https://www.collegehockeynews.com/box/metrics.php?gd=111360,,college_hockey_news,https://www.collegehockeynews.com/schedules/team/Lindenwood/433/20252026,Independent,Independent
2025-26,Lindenwood,2026-01-17,Sat,W,5,1,True,False,False,Stonehill,https://www.collegehockeynews.com/reports/team/Stonehill/422,422,False,False,https://www.collegehockeynews.com/box/final/20260117/stn/lin/,https://www.collegehockeynews.com/box/metrics.php?gd=111361,,college_hockey_news,https://www.collegehockeynews.com/schedules/team/Lindenwood/433/20252026,Independent,Independent
2025-26,Lindenwood,2026-01-23,Fri,L,2,5,False,True,False,Alaska,https://www.collegehockeynews.com/reports/team/Alaska/4,4,False,False,https://www.collegehockeynews.com/box/final/20260123/lin/akf/,https://www.collegehockeynews.com/box/metrics.php?gd=111342,,college_hockey_news,https://www.collegehockeynews.com/schedules/team/Lindenwood/433/20252026,Independent,Independent
2025-26,Lindenwood,2026-01-24,Sat,W,7,4,False,True,False,Alaska,https://www.collegehockeynews.com/reports/team/Alaska/4,4,False,False,https://www.collegehockeynews.com/box/final/20260124/lin/akf/,https://www.collegehockeynews.com/box/metrics.php?gd=111343,,college_hockey_news,https://www.collegehockeynews.com/schedules/team/Lindenwood/433/20252026,Independent,Independent
2025-26,Lindenwood,2026-02-06,Fri,W,3,1,False,True,False,Stonehill,https://www.collegehockeynews.com/reports/team/Stonehill/422,422,False,False,https://www.collegehockeynews.com/box/final/20260206/lin/stn/,https://www.collegehockeynews.com/box/metrics.php?gd=111362,,college_hockey_news,https://www.collegehockeynews.com/schedules/team/Lindenwood/433/20252026,Independent,Independent
2025-26,Lindenwood,2026-02-07,Sat,L,1,5,False,True,False,Stonehill,https://www.collegehockeynews.com/reports/team/Stonehill/422,422,False,False,https://www.collegehockeynews.com/box/final/20260207/lin/stn/,https://www.collegehockeynews.com/box/metrics.php?gd=111363,,college_hockey_news,https://www.collegehockeynews.com/schedules/team/Lindenwood/433/20252026,Independent,Independent
2025-26,Lindenwood,2026-02-13,Fri,L,4,5,True,False,False,Alaska-Anchorage,https://www.collegehockeynews.com/reports/team/Alaska-Anchorage/3,3,False,False,https://www.collegehockeynews.com/box/final/20260213/aka/lin/,https://www.collegehockeynews.com/box/metrics.php?gd=111364,,college_hockey_news,https://www.collegehockeynews.com/schedules/team/Lindenwood/433/20252026,Independent,Independent
2025-26,Lindenwood,2026-02-14,Sat,W,4,2,True,False,False,Alaska-Anchorage,https://www.collegehockeynews.com/reports/team/Alaska-Anchorage/3,3,False,False,https://www.collegehockeynews.com/box/final/20260214/aka/lin/,https://www.collegehockeynews.com/box/metrics.php?gd=111365,,college_hockey_news,https://www.collegehockeynews.com/schedules/team/Lindenwood/433/20252026,Independent,Independent
2025-26,Lindenwood,2026-03-05,Thu,W,5,4,True,False,False,Long Island,https://www.collegehockeynews.com/reports/team/Long-Island/62,62,False,False,https://www.collegehockeynews.com/box/final/20260305/liu/lin/,https://www.collegehockeynews.com/box/metrics.php?gd=112961,United Collegiate Hockey Cup,college_hockey_news,https://www.collegehockeynews.com/schedules/team/Lindenwood/433/20252026,Independent,Independent
2025-26,Lindenwood,2026-03-07,Sat,L,3,4,True,False,False,Alaska,https://www.collegehockeynews.com/reports/team/Alaska/4,4,False,True,https://www.collegehockeynews.com/box/final/20260307/akf/lin/,https://www.collegehockeynews.com/box/metrics.php?gd=112972,United Collegiate Hockey Cup Championship,college_hockey_news,https://www.collegehockeynews.com/schedules/team/Lindenwood/433/20252026,Independent,Independent
2025-26,Long Island,2025-10-04,Sat,L,2,4,False,True,False,Boston University,https://www.collegehockeynews.com/reports/team/Boston-University/10,10,False,False,https://www.collegehockeynews.com/box/final/20251004/liu/bu_/,https://www.collegehockeynews.com/box/metrics.php?gd=111123,,college_hockey_news,https://www.collegehockeynews.com/schedules/team/Long-Island/62/20252026,Independent,Hockey East
2025-26,Long Island,2025-10-10,Fri,L,2,3,False,True,False,Canisius,https://www.collegehockeynews.com/reports/team/Canisius/13,13,False,True,https://www.collegehockeynews.com/box/final/20251010/liu/cns/,https://www.collegehockeynews.com/box/metrics.php?gd=110755,,college_hockey_news,https://www.collegehockeynews.com/schedules/team/Long-Island/62/20252026,Independent,Atlantic Hockey
2025-26,Long Island,2025-10-11,Sat,W,6,1,False,True,False,Canisius,https://www.collegehockeynews.com/reports/team/Canisius/13,13,False,False,https://www.collegehockeynews.com/box/final/20251011/liu/cns/,https://www.collegehockeynews.com/box/metrics.php?gd=110756,,college_hockey_news,https://www.collegehockeynews.com/schedules/team/Long-Island/62/20252026,Independent,Atlantic Hockey
2025-26,Long Island,2025-10-17,Fri,L,4,5,False,True,False,Penn State,https://www.collegehockeynews.com/reports/team/Penn-State/60,60,False,True,https://www.collegehockeynews.com/box/final/20251017/liu/psu/,https://www.collegehockeynews.com/box/metrics.php?gd=111201,,college_hockey_news,https://www.collegehockeynews.com/schedules/team/Long-Island/62/20252026,Independent,Big Ten
2025-26,Long Island,2025-10-18,Sat,L,0,3,False,True,False,Penn State,https://www.collegehockeynews.com/reports/team/Penn-State/60,60,False,False,https://www.collegehockeynews.com/box/final/20251018/liu/psu/,https://www.collegehockeynews.com/box/metrics.php?gd=111202,,college_hockey_news,https://www.collegehockeynews.com/schedules/team/Long-Island/62/20252026,Independent,Big Ten
2025-26,Long Island,2025-10-24,Fri,L,2,3,False,True,False,New Hampshire,https://www.collegehockeynews.com/reports/team/New-Hampshire/38,38,False,True,https://www.collegehockeynews.com/box/final/20251024/liu/unh/,https://www.collegehockeynews.com/box/metrics.php?gd=111181,,college_hockey_news,https://www.collegehockeynews.com/schedules/team/Long-Island/62/20252026,Independent,Hockey East
2025-26,Long Island,2025-10-25,Sat,W,5,2,False,True,False,Merrimack,https://www.collegehockeynews.com/reports/team/Merrimack/29,29,False,False,https://www.collegehockeynews.com/box/final/20251025/liu/mer/,https://www.collegehockeynews.com/box/metrics.php?gd=111381,,college_hockey_news,https://www.collegehockeynews.com/schedules/team/Long-Island/62/20252026,Independent,Hockey East
2025-26,Long Island,2025-11-07,Fri,W,6,3,False,True,False,Robert Morris,https://www.collegehockeynews.com/reports/team/Robert-Morris/50,50,False,False,https://www.collegehockeynews.com/box/final/20251107/liu/rmu/,https://www.collegehockeynews.com/box/metrics.php?gd=110880,,college_hockey_news,https://www.collegehockeynews.com/schedules/team/Long-Island/62/20252026,Independent,Atlantic Hockey
2025-26,Long Island,2025-11-08,Sat,W,2,0,False,True,False,Robert Morris,https://www.collegehockeynews.com/reports/team/Robert-Morris/50,50,False,False,https://www.collegehockeynews.com/box/final/20251108/liu/rmu/,https://www.collegehockeynews.com/box/metrics.php?gd=110881,,college_hockey_news,https://www.collegehockeynews.com/schedules/team/Long-Island/62/20252026,Independent,Atlantic Hockey
2025-26,Long Island,2025-11-14,Fri,W,6,2,False,True,False,Minnesota,https://www.collegehockeynews.com/reports/team/Minnesota/34,34,False,False,https://www.collegehockeynews.com/box/final/20251114/liu/min/,https://www.collegehockeynews.com/box/metrics.php?gd=110992,,college_hockey_news,https://www.collegehockeynews.com/schedules/team/Long-Island/62/20252026,Independent,Big Ten
2025-26,Long Island,2025-11-15,Sat,L,3,6,False,True,False,Minnesota,https://www.collegehockeynews.com/reports/team/Minnesota/34,34,False,False,https://www.collegehockeynews.com/box/final/20251115/liu/min/,https://www.collegehockeynews.com/box/metrics.php?gd=110993,,college_hockey_news,https://www.collegehockeynews.com/schedules/team/Long-Island/62/20252026,Independent,Big Ten
2025-26,Long Island,2025-11-21,Fri,L,2,6,True,False,False,Merrimack,https://www.collegehockeynews.com/reports/team/Merrimack/29,29,False,False,https://www.collegehockeynews.com/box/final/20251121/mer/liu/,https://www.collegehockeynews.com/box/metrics.php?gd=111385,,college_hockey_news,https://www.collegehockeynews.com/schedules/team/Long-Island/62/20252026,Independent,Hockey East
2025-26,Long Island,2025-11-22,Sat,L,2,7,False,True,False,Sacred Heart,https://www.collegehockeynews.com/reports/team/Sacred-Heart/51,51,False,False,https://www.collegehockeynews.com/box/final/20251122/liu/sac/,https://www.collegehockeynews.com/box/metrics.php?gd=110931,,college_hockey_news,https://www.collegehockeynews.com/schedules/team/Long-Island/62/20252026,Independent,Atlantic Hockey
2025-26,Long Island,2025-11-28,Fri,L,2,5,False,True,False,Lindenwood,https://www.collegehockeynews.com/reports/team/Lindenwood/433,433,False,False,https://www.collegehockeynews.com/box/final/20251128/liu/lin/,https://www.collegehockeynews.com/box/metrics.php?gd=111356,,college_hockey_news,https://www.collegehockeynews.com/schedules/team/Long-Island/62/20252026,Independent,Independent
2025-26,Long Island,2025-11-29,Sat,W,5,2,False,True,False,Lindenwood,https://www.collegehockeynews.com/reports/team/Lindenwood/433,433,False,False,https://www.collegehockeynews.com/box/final/20251129/liu/lin/,https://www.collegehockeynews.com/box/metrics.php?gd=111357,,college_hockey_news,https://www.collegehockeynews.com/schedules/team/Long-Island/62/20252026,Independent,Independent
2025-26,Long Island,2025-12-05,Fri,W,8,3,True,False,False,Assumption,https://www.collegehockeynews.com/reports/team/Assumption/401,401,True,False,https://www.collegehockeynews.com/box/final/20251205/401/liu/,,,college_hockey_news,https://www.collegehockeynews.com/schedules/team/Long-Island/62/20252026,Independent,
2025-26,Long Island,2025-12-13,Sat,L,2,4,False,True,False,Merrimack,https://www.collegehockeynews.com/reports/team/Merrimack/29,29,False,False,https://www.collegehockeynews.com/box/final/20251213/liu/mer/,https://www.collegehockeynews.com/box/metrics.php?gd=111513,,college_hockey_news,https://www.collegehockeynews.com/schedules/team/Long-Island/62/20252026,Independent,Hockey East
2025-26,Long Island,2025-12-28,Sun,T,4,4,True,False,False,Army,https://www.collegehockeynews.com/reports/team/Army/6,6,False,True,https://www.collegehockeynews.com/box/final/20251228/arm/liu/,https://www.collegehockeynews.com/box/metrics.php?gd=110818,,college_hockey_news,https://www.collegehockeynews.com/schedules/team/Long-Island/62/20252026,Independent,Atlantic Hockey
2025-26,Long Island,2025-12-31,Wed,L,1,4,False,True,False,Connecticut,https://www.collegehockeynews.com/reports/team/Connecticut/17,17,False,False,https://www.collegehockeynews.com/box/final/20251231/liu/con/,https://www.collegehockeynews.com/box/metrics.php?gd=111295,,college_hockey_news,https://www.collegehockeynews.com/schedules/team/Long-Island/62/20252026,Independent,Hockey East
2025-26,Long Island,2026-01-03,Sat,L,1,3,True,False,False,Connecticut,https://www.collegehockeynews.com/reports/team/Connecticut/17,17,False,False,https://www.collegehockeynews.com/box/final/20260103/con/liu/,https://www.collegehockeynews.com/box/metrics.php?gd=111296,,college_hockey_news,https://www.collegehockeynews.com/schedules/team/Long-Island/62/20252026,Independent,Hockey East
2025-26,Long Island,2026-01-11,Sun,W,3,2,False,True,False,Stonehill,https://www.collegehockeynews.com/reports/team/Stonehill/422,422,False,False,https://www.collegehockeynews.com/box/final/20260111/liu/stn/,https://www.collegehockeynews.com/box/metrics.php?gd=111387,,college_hockey_news,https://www.collegehockeynews.com/schedules/team/Long-Island/62/20252026,Independent,Independent
2025-26,Long Island,2026-01-23,Fri,W,6,2,False,True,False,Alaska-Anchorage,https://www.collegehockeynews.com/reports/team/Alaska-Anchorage/3,3,False,False,https://www.collegehockeynews.com/box/final/20260123/liu/aka/,https://www.collegehockeynews.com/box/metrics.php?gd=111388,,college_hockey_news,https://www.collegehockeynews.com/schedules/team/Long-Island/62/20252026,Independent,Independent
2025-26,Long Island,2026-01-24,Sat,W,4,0,False,True,False,Alaska-Anchorage,https://www.collegehockeynews.com/reports/team/Alaska-Anchorage/3,3,False,False,https://www.collegehockeynews.com/box/final/20260124/liu/aka/,https://www.collegehockeynews.com/box/metrics.php?gd=111389,,college_hockey_news,https://www.collegehockeynews.com/schedules/team/Long-Island/62/20252026,Independent,Independent
2025-26,Long Island,2026-01-27,Tue,W,4,3,False,True,False,Alaska-Anchorage,https://www.collegehockeynews.com/reports/team/Alaska-Anchorage/3,3,False,False,https://www.collegehockeynews.com/box/final/20260127/liu/aka/,https://www.collegehockeynews.com/box/metrics.php?gd=111390,,college_hockey_news,https://www.collegehockeynews.com/schedules/team/Long-Island/62/20252026,Independent,Independent
2025-26,Long Island,2026-01-30,Fri,L,1,5,False,True,False,Alaska,https://www.collegehockeynews.com/reports/team/Alaska/4,4,False,False,https://www.collegehockeynews.com/box/final/20260130/liu/akf/,https://www.collegehockeynews.com/box/metrics.php?gd=111344,,college_hockey_news,https://www.collegehockeynews.com/schedules/team/Long-Island/62/20252026,Independent,Independent
2025-26,Long Island,2026-01-31,Sat,L,1,5,False,True,False,Alaska,https://www.collegehockeynews.com/reports/team/Alaska/4,4,False,False,https://www.collegehockeynews.com/box/final/20260131/liu/akf/,https://www.collegehockeynews.com/box/metrics.php?gd=111345,,college_hockey_news,https://www.collegehockeynews.com/schedules/team/Long-Island/62/20252026,Independent,Independent
2025-26,Long Island,2026-02-13,Fri,L,1,3,True,False,False,Stonehill,https://www.collegehockeynews.com/reports/team/Stonehill/422,422,False,False,https://www.collegehockeynews.com/box/final/20260213/stn/liu/,https://www.collegehockeynews.com/box/metrics.php?gd=111391,,college_hockey_news,https://www.collegehockeynews.com/schedules/team/Long-Island/62/20252026,Independent,Independent
2025-26,Long Island,2026-02-14,Sat,W,5,3,True,False,False,Stonehill,https://www.collegehockeynews.com/reports/team/Stonehill/422,422,False,False,https://www.collegehockeynews.com/box/final/20260214/stn/liu/,https://www.collegehockeynews.com/box/metrics.php?gd=111392,,college_hockey_news,https://www.collegehockeynews.com/schedules/team/Long-Island/62/20252026,Independent,Independent
2025-26,Long Island,2026-02-20,Fri,L,1,5,False,True,False,Stonehill,https://www.collegehockeynews.com/reports/team/Stonehill/422,422,False,False,https://www.collegehockeynews.com/box/final/20260220/liu/stn/,https://www.collegehockeynews.com/box/metrics.php?gd=111393,,college_hockey_news,https://www.collegehockeynews.com/schedules/team/Long-Island/62/20252026,Independent,Independent
2025-26,Long Island,2026-02-21,Sat,L,2,3,False,True,False,Stonehill,https://www.collegehockeynews.com/reports/team/Stonehill/422,422,False,False,https://www.collegehockeynews.com/box/final/20260221/liu/stn/,https://www.collegehockeynews.com/box/metrics.php?gd=111394,,college_hockey_news,https://www.collegehockeynews.com/schedules/team/Long-Island/62/20252026,Independent,Independent
2025-26,Long Island,2026-03-05,Thu,L,4,5,False,True,False,Lindenwood,https://www.collegehockeynews.com/reports/team/Lindenwood/433,433,False,False,https://www.collegehockeynews.com/box/final/20260305/liu/lin/,https://www.collegehockeynews.com/box/metrics.php?gd=112961,"United Collegiate Hockey Cup – Centene Center, Maryland Heights, Mo.",college_hockey_news,https://www.collegehockeynews.com/schedules/team/Long-Island/62/20252026,Independent,Independent
2025-26,Long Island,2026-03-06,Fri,W,4,3,False,False,True,Alaska-Anchorage,https://www.collegehockeynews.com/reports/team/Alaska-Anchorage/3,3,False,True,https://www.collegehockeynews.com/box/final/20260306/liu/aka/,https://www.collegehockeynews.com/box/metrics.php?gd=112971,"United Collegiate Hockey Cup – Centene Center, Maryland Heights, Mo.",college_hockey_news,https://www.collegehockeynews.com/schedules/team/Long-Island/62/20252026,Independent,Independent
2025-26,Long Island,2026-03-07,Sat,W,4,3,False,False,True,Stonehill,https://www.collegehockeynews.com/reports/team/Stonehill/422,422,False,False,https://www.collegehockeynews.com/box/final/20260307/stn/liu/,https://www.collegehockeynews.com/box/metrics.php?gd=112973,"United Collegiate Hockey Cup – Centene Center, Maryland Heights, Mo.",college_hockey_news,https://www.collegehockeynews.com/schedules/team/Long-Island/62/20252026,Independent,Independent
2025-26,Stonehill,2025-10-04,Sat,L,3,5,True,False,False,Lake Superior,https://www.collegehockeynews.com/reports/team/Lake-Superior/24,24,False,False,https://www.collegehockeynews.com/box/final/20251004/lss/stn/,https://www.collegehockeynews.com/box/metrics.php?gd=111151,"at Warrior Ice Arena, Brighton, Mass.",college_hockey_news,https://www.collegehockeynews.com/schedules/team/Stonehill/422/20252026,Independent,CCHA
2025-26,Stonehill,2025-10-05,Sun,L,2,3,True,False,False,Lake Superior,https://www.collegehockeynews.com/reports/team/Lake-Superior/24,24,False,False,https://www.collegehockeynews.com/box/final/20251005/lss/stn/,https://www.collegehockeynews.com/box/metrics.php?gd=111152,"at Warrior Ice Arena, Brighton, Mass.",college_hockey_news,https://www.collegehockeynews.com/schedules/team/Stonehill/422/20252026,Independent,CCHA
2025-26,Stonehill,2025-10-10,Fri,L,1,4,True,False,False,Massachusetts,https://www.collegehockeynews.com/reports/team/Massachusetts/27,27,False,False,https://www.collegehockeynews.com/box/final/20251010/uma/stn/,https://www.collegehockeynews.com/box/metrics.php?gd=110541,"at Warrior Ice Arena, Brighton, Mass.",college_hockey_news,https://www.collegehockeynews.com/schedules/team/Stonehill/422/20252026,Independent,Hockey East
2025-26,Stonehill,2025-10-12,Sun,L,1,6,False,True,False,Army,https://www.collegehockeynews.com/reports/team/Army/6,6,False,False,https://www.collegehockeynews.com/box/final/20251012/stn/arm/,https://www.collegehockeynews.com/box/metrics.php?gd=110803,,college_hockey_news,https://www.collegehockeynews.com/schedules/team/Stonehill/422/20252026,Independent,Atlantic Hockey
2025-26,Stonehill,2025-10-18,Sat,W,3,2,False,True,False,Sacred Heart,https://www.collegehockeynews.com/reports/team/Sacred-Heart/51,51,False,False,https://www.collegehockeynews.com/box/final/20251018/stn/sac/,https://www.collegehockeynews.com/box/metrics.php?gd=110926,,college_hockey_news,https://www.collegehockeynews.com/schedules/team/Stonehill/422/20252026,Independent,Atlantic Hockey
2025-26,Stonehill,2025-10-24,Fri,L,2,3,False,True,False,Penn State,https://www.collegehockeynews.com/reports/team/Penn-State/60,60,False,False,https://www.collegehockeynews.com/box/final/20251024/stn/psu/,https://www.collegehockeynews.com/box/metrics.php?gd=111203,,college_hockey_news,https://www.collegehockeynews.com/schedules/team/Stonehill/422/20252026,Independent,Big Ten
2025-26,Stonehill,2025-10-25,Sat,L,2,4,False,True,False,Penn State,https://www.collegehockeynews.com/reports/team/Penn-State/60,60,False,False,https://www.collegehockeynews.com/box/final/20251025/stn/psu/,https://www.collegehockeynews.com/box/metrics.php?gd=111204,,college_hockey_news,https://www.collegehockeynews.com/schedules/team/Stonehill/422/20252026,Independent,Big Ten
2025-26,Stonehill,2025-11-01,Sat,L,2,5,True,False,False,Dartmouth,https://www.collegehockeynews.com/reports/team/Dartmouth/19,19,False,False,https://www.collegehockeynews.com/box/final/20251101/dar/stn/,https://www.collegehockeynews.com/box/metrics.php?gd=111396,"at Warrior Ice Arena, Brighton, Mass.",college_hockey_news,https://www.collegehockeynews.com/schedules/team/Stonehill/422/20252026,Independent,ECAC
2025-26,Stonehill,2025-11-04,Tue,L,2,6,False,True,False,Harvard,https://www.collegehockeynews.com/reports/team/Harvard/22,22,False,False,https://www.collegehockeynews.com/box/final/20251104/stn/har/,https://www.collegehockeynews.com/box/metrics.php?gd=111212,,college_hockey_news,https://www.collegehockeynews.com/schedules/team/Stonehill/422/20252026,Independent,ECAC
2025-26,Stonehill,2025-11-07,Fri,L,0,2,False,True,False,Northeastern,https://www.collegehockeynews.com/reports/team/Northeastern/41,41,False,False,https://www.collegehockeynews.com/box/final/20251107/stn/noe/,https://www.collegehockeynews.com/box/metrics.php?gd=111278,,college_hockey_news,https://www.collegehockeynews.com/schedules/team/Stonehill/422/20252026,Independent,Hockey East
2025-26,Stonehill,2025-11-08,Sat,L,2,4,False,True,False,Northeastern,https://www.collegehockeynews.com/reports/team/Northeastern/41,41,False,False,https://www.collegehockeynews.com/box/final/20251108/stn/noe/,https://www.collegehockeynews.com/box/metrics.php?gd=111279,,college_hockey_news,https://www.collegehockeynews.com/schedules/team/Stonehill/422/20252026,Independent,Hockey East
2025-26,Stonehill,2025-11-15,Sat,L,2,3,False,True,False,Princeton,https://www.collegehockeynews.com/reports/team/Princeton/45,45,False,False,https://www.collegehockeynews.com/box/final/20251115/stn/prn/,https://www.collegehockeynews.com/box/metrics.php?gd=111229,,college_hockey_news,https://www.collegehockeynews.com/schedules/team/Stonehill/422/20252026,Independent,ECAC
2025-26,Stonehill,2025-11-18,Tue,L,0,4,True,False,False,Alaska-Anchorage,https://www.collegehockeynews.com/reports/team/Alaska-Anchorage/3,3,False,False,https://www.collegehockeynews.com/box/final/20251118/aka/stn/,https://www.collegehockeynews.com/box/metrics.php?gd=111403,"at Warrior Ice Arena, Brighton, Mass.",college_hockey_news,https://www.collegehockeynews.com/schedules/team/Stonehill/422/20252026,Independent,Independent
2025-26,Stonehill,2025-11-25,Tue,T,3,3,False,True,False,Connecticut,https://www.collegehockeynews.com/reports/team/Connecticut/17,17,False,True,https://www.collegehockeynews.com/box/final/20251125/stn/con/,https://www.collegehockeynews.com/box/metrics.php?gd=111288,,college_hockey_news,https://www.collegehockeynews.com/schedules/team/Stonehill/422/20252026,Independent,Hockey East
2025-26,Stonehill,2025-11-29,Sat,L,2,3,False,True,False,Quinnipiac,https://www.collegehockeynews.com/reports/team/Quinnipiac/47,47,False,False,https://www.collegehockeynews.com/box/final/20251129/stn/qui/,https://www.collegehockeynews.com/box/metrics.php?gd=111056,,college_hockey_news,https://www.collegehockeynews.com/schedules/team/Stonehill/422/20252026,Independent,ECAC
2025-26,Stonehill,2025-12-05,Fri,W,3,2,False,True,False,Alaska-Anchorage,https://www.collegehockeynews.com/reports/team/Alaska-Anchorage/3,3,False,False,https://www.collegehockeynews.com/box/final/20251205/stn/aka/,https://www.collegehockeynews.com/box/metrics.php?gd=111404,,college_hockey_news,https://www.collegehockeynews.com/schedules/team/Stonehill/422/20252026,Independent,Independent
2025-26,Stonehill,2025-12-06,Sat,W,4,3,False,True,False,Alaska-Anchorage,https://www.collegehockeynews.com/reports/team/Alaska-Anchorage/3,3,False,True,https://www.collegehockeynews.com/box/final/20251206/stn/aka/,https://www.collegehockeynews.com/box/metrics.php?gd=111405,,college_hockey_news,https://www.collegehockeynews.com/schedules/team/Stonehill/422/20252026,Independent,Independent
2025-26,Stonehill,2026-01-02,Fri,W,6,2,False,True,False,St. Lawrence,https://www.collegehockeynews.com/reports/team/St-Lawrence/53,53,False,False,https://www.collegehockeynews.com/box/final/20260102/stn/stl/,https://www.collegehockeynews.com/box/metrics.php?gd=111168,,college_hockey_news,https://www.collegehockeynews.com/schedules/team/Stonehill/422/20252026,Independent,ECAC
2025-26,Stonehill,2026-01-03,Sat,T,3,3,False,True,False,St. Lawrence,https://www.collegehockeynews.com/reports/team/St-Lawrence/53,53,False,True,https://www.collegehockeynews.com/box/final/20260103/stn/stl/,https://www.collegehockeynews.com/box/metrics.php?gd=111169,,college_hockey_news,https://www.collegehockeynews.com/schedules/team/Stonehill/422/20252026,Independent,ECAC
2025-26,Stonehill,2026-01-11,Sun,L,2,3,True,False,False,Long Island,https://www.collegehockeynews.com/reports/team/Long-Island/62,62,False,False,https://www.collegehockeynews.com/box/final/20260111/liu/stn/,https://www.collegehockeynews.com/box/metrics.php?gd=111387,,college_hockey_news,https://www.collegehockeynews.com/schedules/team/Stonehill/422/20252026,Independent,Independent
2025-26,Stonehill,2026-01-16,Fri,L,2,6,False,True,False,Lindenwood,https://www.collegehockeynews.com/reports/team/Lindenwood/433,433,False,False,https://www.collegehockeynews.com/box/final/20260116/stn/lin/,https://www.collegehockeynews.com/box/metrics.php?gd=111360,,college_hockey_news,https://www.collegehockeynews.com/schedules/team/Stonehill/422/20252026,Independent,Independent
2025-26,Stonehill,2026-01-17,Sat,L,1,5,False,True,False,Lindenwood,https://www.collegehockeynews.com/reports/team/Lindenwood/433,433,False,False,https://www.collegehockeynews.com/box/final/20260117/stn/lin/,https://www.collegehockeynews.com/box/metrics.php?gd=111361,,college_hockey_news,https://www.collegehockeynews.com/schedules/team/Stonehill/422/20252026,Independent,Independent
2025-26,Stonehill,2026-01-24,Sat,W,3,2,True,False,False,Brown,https://www.collegehockeynews.com/reports/team/Brown/12,12,False,True,https://www.collegehockeynews.com/box/final/20260124/brn/stn/,https://www.collegehockeynews.com/box/metrics.php?gd=111406,"at Warrior Ice Arena, Brighton, Mass.",college_hockey_news,https://www.collegehockeynews.com/schedules/team/Stonehill/422/20252026,Independent,ECAC
2025-26,Stonehill,2026-01-30,Fri,L,2,3,False,True,False,Vermont,https://www.collegehockeynews.com/reports/team/Vermont/55,55,False,True,https://www.collegehockeynews.com/box/final/20260130/stn/ver/,https://www.collegehockeynews.com/box/metrics.php?gd=111307,,college_hockey_news,https://www.collegehockeynews.com/schedules/team/Stonehill/422/20252026,Independent,Hockey East
2025-26,Stonehill,2026-01-31,Sat,L,0,2,False,True,False,Vermont,https://www.collegehockeynews.com/reports/team/Vermont/55,55,False,False,https://www.collegehockeynews.com/box/final/20260131/stn/ver/,https://www.collegehockeynews.com/box/metrics.php?gd=111308,,college_hockey_news,https://www.collegehockeynews.com/schedules/team/Stonehill/422/20252026,Independent,Hockey East
2025-26,Stonehill,2026-02-03,Tue,L,5,9,True,False,False,Merrimack,https://www.collegehockeynews.com/reports/team/Merrimack/29,29,False,False,https://www.collegehockeynews.com/box/final/20260203/mer/stn/,https://www.collegehockeynews.com/box/metrics.php?gd=111407,"at Warrior Ice Arena, Brighton, Mass.",college_hockey_news,https://www.collegehockeynews.com/schedules/team/Stonehill/422/20252026,Independent,Hockey East
2025-26,Stonehill,2026-02-06,Fri,L,1,3,True,False,False,Lindenwood,https://www.collegehockeynews.com/reports/team/Lindenwood/433,433,False,False,https://www.collegehockeynews.com/box/final/20260206/lin/stn/,https://www.collegehockeynews.com/box/metrics.php?gd=111362,"at Warrior Ice Arena, Brighton, Mass.",college_hockey_news,https://www.collegehockeynews.com/schedules/team/Stonehill/422/20252026,Independent,Independent
2025-26,Stonehill,2026-02-07,Sat,W,5,1,True,False,False,Lindenwood,https://www.collegehockeynews.com/reports/team/Lindenwood/433,433,False,False,https://www.collegehockeynews.com/box/final/20260207/lin/stn/,https://www.collegehockeynews.com/box/metrics.php?gd=111363,"at Warrior Ice Arena, Brighton, Mass.",college_hockey_news,https://www.collegehockeynews.com/schedules/team/Stonehill/422/20252026,Independent,Independent
2025-26,Stonehill,2026-02-13,Fri,W,3,1,False,True,False,Long Island,https://www.collegehockeynews.com/reports/team/Long-Island/62,62,False,False,https://www.collegehockeynews.com/box/final/20260213/stn/liu/,https://www.collegehockeynews.com/box/metrics.php?gd=111391,,college_hockey_news,https://www.collegehockeynews.com/schedules/team/Stonehill/422/20252026,Independent,Independent
2025-26,Stonehill,2026-02-14,Sat,L,3,5,False,True,False,Long Island,https://www.collegehockeynews.com/reports/team/Long-Island/62,62,False,False,https://www.collegehockeynews.com/box/final/20260214/stn/liu/,https://www.collegehockeynews.com/box/metrics.php?gd=111392,,college_hockey_news,https://www.collegehockeynews.com/schedules/team/Stonehill/422/20252026,Independent,Independent
2025-26,Stonehill,2026-02-20,Fri,W,5,1,True,False,False,Long Island,https://www.collegehockeynews.com/reports/team/Long-Island/62,62,False,False,https://www.collegehockeynews.com/box/final/20260220/liu/stn/,https://www.collegehockeynews.com/box/metrics.php?gd=111393,"at Warrior Ice Arena, Brighton, Mass.",college_hockey_news,https://www.collegehockeynews.com/schedules/team/Stonehill/422/20252026,Independent,Independent
2025-26,Stonehill,2026-02-21,Sat,W,3,2,True,False,False,Long Island,https://www.collegehockeynews.com/reports/team/Long-Island/62,62,False,False,https://www.collegehockeynews.com/box/final/20260221/liu/stn/,https://www.collegehockeynews.com/box/metrics.php?gd=111394,"at Warrior Ice Arena, Brighton, Mass.",college_hockey_news,https://www.collegehockeynews.com/schedules/team/Stonehill/422/20252026,Independent,Independent
2025-26,Stonehill,2026-03-05,Thu,W,3,0,False,False,True,Alaska-Anchorage,https://www.collegehockeynews.com/reports/team/Alaska-Anchorage/3,3,False,False,https://www.collegehockeynews.com/box/final/20260305/aka/stn/,https://www.collegehockeynews.com/box/metrics.php?gd=112960,"United Collegiate Hockey Cup – Centene Center, Maryland Heights, Mo.",college_hockey_news,https://www.collegehockeynews.com/schedules/team/Stonehill/422/20252026,Independent,Independent
2025-26,Stonehill,2026-03-06,Fri,T,4,4,False,False,True,Alaska,https://www.collegehockeynews.com/reports/team/Alaska/4,4,False,True,https://www.collegehockeynews.com/box/final/20260306/stn/akf/,https://www.collegehockeynews.com/box/metrics.php?gd=112962,"United Collegiate Hockey Cup Alaska advances in shootout, 1-0 – Centene Center, Maryland Heights, Mo.",college_hockey_news,https://www.collegehockeynews.com/schedules/team/Stonehill/422/20252026,Independent,Independent
2025-26,Stonehill,2026-03-07,Sat,L,3,4,False,False,True,Long Island,https://www.collegehockeynews.com/reports/team/Long-Island/62,62,False,False,https://www.collegehockeynews.com/box/final/20260307/stn/liu/,https://www.collegehockeynews.com/box/metrics.php?gd=112973,"United Collegiate Hockey Cup – Centene Center, Maryland Heights, Mo.",college_hockey_news,https://www.collegehockeynews.com/schedules/team/Stonehill/422/20252026,Independent,Independent
2025-26,Brown,2025-10-31,Fri,L,0,2,False,True,False,Air Force,https://www.collegehockeynews.com/reports/team/Air-Force/1,1,False,False,https://www.collegehockeynews.com/box/final/20251031/brn/afa/,https://www.collegehockeynews.com/box/metrics.php?gd=111011,,college_hockey_news,https://www.collegehockeynews.com/schedules/team/Brown/12/20252026,ECAC,Atlantic Hockey
2025-26,Brown,2025-11-01,Sat,L,3,4,False,True,False,Air Force,https://www.collegehockeynews.com/reports/team/Air-Force/1,1,False,False,https://www.collegehockeynews.com/box/final/20251101/brn/afa/,https://www.collegehockeynews.com/box/metrics.php?gd=111012,,college_hockey_news,https://www.collegehockeynews.com/schedules/team/Brown/12/20252026,ECAC,Atlantic Hockey
2025-26,Brown,2025-11-07,Fri,W,2,1,True,False,False,Princeton,https://www.collegehockeynews.com/reports/team/Princeton/45,45,True,False,https://www.collegehockeynews.com/box/final/20251107/prn/brn/,https://www.collegehockeynews.com/box/metrics.php?gd=111227,,college_hockey_news,https://www.collegehockeynews.com/schedules/team/Brown/12/20252026,ECAC,ECAC
2025-26,Brown,2025-11-08,Sat,L,3,4,True,False,False,Quinnipiac,https://www.collegehockeynews.com/reports/team/Quinnipiac/47,47,True,True,https://www.collegehockeynews.com/box/final/20251108/qui/brn/,https://www.collegehockeynews.com/box/metrics.php?gd=111053,,college_hockey_news,https://www.collegehockeynews.com/schedules/team/Brown/12/20252026,ECAC,ECAC
2025-26,Brown,2025-11-14,Fri,L,1,4,False,True,False,Cornell,https://www.collegehockeynews.com/reports/team/Cornell/18,18,True,False,https://www.collegehockeynews.com/box/final/20251114/brn/cor/,https://www.collegehockeynews.com/box/metrics.php?gd=111024,,college_hockey_news,https://www.collegehockeynews.com/schedules/team/Brown/12/20252026,ECAC,ECAC
2025-26,Brown,2025-11-15,Sat,L,0,4,False,True,False,Colgate,https://www.collegehockeynews.com/reports/team/Colgate/15,15,True,False,https://www.collegehockeynews.com/box/final/20251115/brn/clg/,https://www.collegehockeynews.com/box/metrics.php?gd=111376,,college_hockey_news,https://www.collegehockeynews.com/schedules/team/Brown/12/20252026,ECAC,ECAC
2025-26,Brown,2025-11-19,Wed,W,5,2,True,False,False,Alaska-Anchorage,https://www.collegehockeynews.com/reports/team/Alaska-Anchorage/3,3,False,False,https://www.collegehockeynews.com/box/final/20251119/aka/brn/,https://www.collegehockeynews.com/box/metrics.php?gd=111417,,college_hockey_news,https://www.collegehockeynews.com/schedules/team/Brown/12/20252026,ECAC,Independent
2025-26,Brown,2025-11-21,Fri,W,4,2,True,False,False,Yale,https://www.collegehockeynews.com/reports/team/Yale/59,59,True,False,https://www.collegehockeynews.com/box/final/20251121/yal/brn/,https://www.collegehockeynews.com/box/metrics.php?gd=111506,,college_hockey_news,https://www.collegehockeynews.com/schedules/team/Brown/12/20252026,ECAC,ECAC
2025-26,Brown,2025-11-22,Sat,L,1,3,False,True,False,Yale,https://www.collegehockeynews.com/reports/team/Yale/59,59,True,False,https://www.collegehockeynews.com/box/final/20251122/brn/yal/,https://www.collegehockeynews.com/box/metrics.php?gd=111507,,college_hockey_news,https://www.collegehockeynews.com/schedules/team/Brown/12/20252026,ECAC,ECAC
2025-26,Brown,2025-11-29,Sat,L,1,4,False,True,False,Northeastern,https://www.collegehockeynews.com/reports/team/Northeastern/41,41,False,False,https://www.collegehockeynews.com/box/final/20251129/brn/noe/,https://www.collegehockeynews.com/box/metrics.php?gd=111504,,college_hockey_news,https://www.collegehockeynews.com/schedules/team/Brown/12/20252026,ECAC,Hockey East
2025-26,Brown,2025-12-05,Fri,L,3,7,False,True,False,Dartmouth,https://www.collegehockeynews.com/reports/team/Dartmouth/19,19,True,False,https://www.collegehockeynews.com/box/final/20251205/brn/dar/,https://www.collegehockeynews.com/box/metrics.php?gd=111399,,college_hockey_news,https://www.collegehockeynews.com/schedules/team/Brown/12/20252026,ECAC,ECAC
2025-26,Brown,2025-12-06,Sat,L,3,7,False,True,False,Harvard,https://www.collegehockeynews.com/reports/team/Harvard/22,22,True,False,https://www.collegehockeynews.com/box/final/20251206/brn/har/,https://www.collegehockeynews.com/box/metrics.php?gd=111216,,college_hockey_news,https://www.collegehockeynews.com/schedules/team/Brown/12/20252026,ECAC,ECAC
2025-26,Brown,2025-12-09,Tue,L,2,4,True,False,False,Providence,https://www.collegehockeynews.com/reports/team/Providence/46,46,False,False,https://www.collegehockeynews.com/box/final/20251209/prv/brn/,https://www.collegehockeynews.com/box/metrics.php?gd=111413,,college_hockey_news,https://www.collegehockeynews.com/schedules/team/Brown/12/20252026,ECAC,Hockey East
2025-26,Brown,2025-12-28,Sun,L,4,5,False,True,False,Princeton,https://www.collegehockeynews.com/reports/team/Princeton/45,45,False,True,https://www.collegehockeynews.com/box/final/20251228/brn/prn/,https://www.collegehockeynews.com/box/metrics.php?gd=111230,,college_hockey_news,https://www.collegehockeynews.com/schedules/team/Brown/12/20252026,ECAC,ECAC
2025-26,Brown,2026-01-03,Sat,L,2,3,True,False,False,Merrimack,https://www.collegehockeynews.com/reports/team/Merrimack/29,29,False,False,https://www.collegehockeynews.com/box/final/20260103/mer/brn/,https://www.collegehockeynews.com/box/metrics.php?gd=111503,,college_hockey_news,https://www.collegehockeynews.com/schedules/team/Brown/12/20252026,ECAC,Hockey East
2025-26,Brown,2026-01-09,Fri,L,2,3,True,False,False,Clarkson,https://www.collegehockeynews.com/reports/team/Clarkson/14,14,True,False,https://www.collegehockeynews.com/box/final/20260109/clk/brn/,https://www.collegehockeynews.com/box/metrics.php?gd=110459,,college_hockey_news,https://www.collegehockeynews.com/schedules/team/Brown/12/20252026,ECAC,ECAC
2025-26,Brown,2026-01-10,Sat,W,4,1,True,False,False,St. Lawrence,https://www.collegehockeynews.com/reports/team/St-Lawrence/53,53,True,False,https://www.collegehockeynews.com/box/final/20260110/stl/brn/,https://www.collegehockeynews.com/box/metrics.php?gd=111171,,college_hockey_news,https://www.collegehockeynews.com/schedules/team/Brown/12/20252026,ECAC,ECAC
2025-26,Brown,2026-01-16,Fri,L,0,4,False,True,False,Union,https://www.collegehockeynews.com/reports/team/Union/54,54,True,False,https://www.collegehockeynews.com/box/final/20260116/brn/uni/,https://www.collegehockeynews.com/box/metrics.php?gd=111111,,college_hockey_news,https://www.collegehockeynews.com/schedules/team/Brown/12/20252026,ECAC,ECAC
2025-26,Brown,2026-01-17,Sat,L,1,4,False,True,False,RPI,https://www.collegehockeynews.com/reports/team/RPI/48,48,True,False,https://www.collegehockeynews.com/box/final/20260117/brn/ren/,https://www.collegehockeynews.com/box/metrics.php?gd=111085,,college_hockey_news,https://www.collegehockeynews.com/schedules/team/Brown/12/20252026,ECAC,ECAC
2025-26,Brown,2026-01-24,Sat,L,2,3,False,True,False,Stonehill,https://www.collegehockeynews.com/reports/team/Stonehill/422,422,False,True,https://www.collegehockeynews.com/box/final/20260124/brn/stn/,https://www.collegehockeynews.com/box/metrics.php?gd=111406,,college_hockey_news,https://www.collegehockeynews.com/schedules/team/Brown/12/20252026,ECAC,Independent
2025-26,Brown,2026-01-30,Fri,T-SOL,3,3,True,False,False,Colgate,https://www.collegehockeynews.com/reports/team/Colgate/15,15,True,True,https://www.collegehockeynews.com/box/final/20260130/clg/brn/,https://www.collegehockeynews.com/box/metrics.php?gd=111378,,college_hockey_news,https://www.collegehockeynews.com/schedules/team/Brown/12/20252026,ECAC,ECAC
2025-26,Brown,2026-01-31,Sat,L,2,4,True,False,False,Cornell,https://www.collegehockeynews.com/reports/team/Cornell/18,18,True,False,https://www.collegehockeynews.com/box/final/20260131/cor/brn/,https://www.collegehockeynews.com/box/metrics.php?gd=111037,,college_hockey_news,https://www.collegehockeynews.com/schedules/team/Brown/12/20252026,ECAC,ECAC
2025-26,Brown,2026-02-06,Fri,L,1,9,False,True,False,Quinnipiac,https://www.collegehockeynews.com/reports/team/Quinnipiac/47,47,True,False,https://www.collegehockeynews.com/box/final/20260206/brn/qui/,https://www.collegehockeynews.com/box/metrics.php?gd=111066,,college_hockey_news,https://www.collegehockeynews.com/schedules/team/Brown/12/20252026,ECAC,ECAC
2025-26,Brown,2026-02-07,Sat,L,3,5,False,True,False,Princeton,https://www.collegehockeynews.com/reports/team/Princeton/45,45,True,False,https://www.collegehockeynews.com/box/final/20260207/brn/prn/,https://www.collegehockeynews.com/box/metrics.php?gd=111234,,college_hockey_news,https://www.collegehockeynews.com/schedules/team/Brown/12/20252026,ECAC,ECAC
2025-26,Brown,2026-02-13,Fri,T-SOW,2,2,True,False,False,Harvard,https://www.collegehockeynews.com/reports/team/Harvard/22,22,True,True,https://www.collegehockeynews.com/box/final/20260213/har/brn/,https://www.collegehockeynews.com/box/metrics.php?gd=111221,,college_hockey_news,https://www.collegehockeynews.com/schedules/team/Brown/12/20252026,ECAC,ECAC
2025-26,Brown,2026-02-14,Sat,W,4,3,True,False,False,Dartmouth,https://www.collegehockeynews.com/reports/team/Dartmouth/19,19,True,False,https://www.collegehockeynews.com/box/final/20260214/dar/brn/,https://www.collegehockeynews.com/box/metrics.php?gd=111402,,college_hockey_news,https://www.collegehockeynews.com/schedules/team/Brown/12/20252026,ECAC,ECAC
2025-26,Brown,2026-02-20,Fri,L,1,3,False,True,False,St. Lawrence,https://www.collegehockeynews.com/reports/team/St-Lawrence/53,53,True,False,https://www.collegehockeynews.com/box/final/20260220/brn/stl/,https://www.collegehockeynews.com/box/metrics.php?gd=111175,,college_hockey_news,https://www.collegehockeynews.com/schedules/team/Brown/12/20252026,ECAC,ECAC
2025-26,Brown,2026-02-21,Sat,L,3,4,False,True,False,Clarkson,https://www.collegehockeynews.com/reports/team/Clarkson/14,14,True,True,https://www.collegehockeynews.com/box/final/20260221/brn/clk/,https://www.collegehockeynews.com/box/metrics.php?gd=110470,,college_hockey_news,https://www.collegehockeynews.com/schedules/team/Brown/12/20252026,ECAC,ECAC
2025-26,Brown,2026-02-27,Fri,L,1,3,True,False,False,RPI,https://www.collegehockeynews.com/reports/team/RPI/48,48,True,False,https://www.collegehockeynews.com/box/final/20260227/ren/brn/,https://www.collegehockeynews.com/box/metrics.php?gd=111093,,college_hockey_news,https://www.collegehockeynews.com/schedules/team/Brown/12/20252026,ECAC,ECAC
2025-26,Brown,2026-02-28,Sat,L,0,3,True,False,False,Union,https://www.collegehockeynews.com/reports/team/Union/54,54,True,False,https://www.collegehockeynews.com/box/final/20260228/uni/brn/,https://www.collegehockeynews.com/box/metrics.php?gd=111120,,college_hockey_news,https://www.collegehockeynews.com/schedules/team/Brown/12/20252026,ECAC,ECAC
2025-26,Brown,2026-03-07,Sat,L,0,9,False,True,False,Union,https://www.collegehockeynews.com/reports/team/Union/54,54,False,False,https://www.collegehockeynews.com/box/final/20260307/brn/uni/,https://www.collegehockeynews.com/box/metrics.php?gd=112946,"ECAC Tournament ECAC First Round – M&T Bank Center, Schenectady, N.Y.",college_hockey_news,https://www.collegehockeynews.com/schedules/team/Brown/12/20252026,ECAC,ECAC
2025-26,Clarkson,2025-10-03,Fri,L,1,3,False,True,False,Canisius,https://www.collegehockeynews.com/reports/team/Canisius/13,13,False,False,https://www.collegehockeynews.com/box/final/20251003/clk/cns/,https://www.collegehockeynews.com/box/metrics.php?gd=110437,,college_hockey_news,https://www.collegehockeynews.com/schedules/team/Clarkson/14/20252026,ECAC,Atlantic Hockey
2025-26,Clarkson,2025-10-09,Thu,W,6,4,False,True,False,Penn State,https://www.collegehockeynews.com/reports/team/Penn-State/60,60,False,False,https://www.collegehockeynews.com/box/final/20251009/clk/psu/,https://www.collegehockeynews.com/box/metrics.php?gd=110439,,college_hockey_news,https://www.collegehockeynews.com/schedules/team/Clarkson/14/20252026,ECAC,Big Ten
2025-26,Clarkson,2025-10-10,Fri,L,2,5,False,True,False,Penn State,https://www.collegehockeynews.com/reports/team/Penn-State/60,60,False,False,https://www.collegehockeynews.com/box/final/20251010/clk/psu/,https://www.collegehockeynews.com/box/metrics.php?gd=110440,,college_hockey_news,https://www.collegehockeynews.com/schedules/team/Clarkson/14/20252026,ECAC,Big Ten
2025-26,Clarkson,2025-10-18,Sat,L,2,6,False,True,False,RIT,https://www.collegehockeynews.com/reports/team/RIT/49,49,False,False,https://www.collegehockeynews.com/box/final/20251018/clk/rit/,https://www.collegehockeynews.com/box/metrics.php?gd=110441,,college_hockey_news,https://www.collegehockeynews.com/schedules/team/Clarkson/14/20252026,ECAC,Atlantic Hockey
2025-26,Clarkson,2025-10-24,Fri,W,5,2,True,False,False,North Dakota,https://www.collegehockeynews.com/reports/team/North-Dakota/40,40,False,False,https://www.collegehockeynews.com/box/final/20251024/ndk/clk/,https://www.collegehockeynews.com/box/metrics.php?gd=110410,,college_hockey_news,https://www.collegehockeynews.com/schedules/team/Clarkson/14/20252026,ECAC,NCHC
2025-26,Clarkson,2025-10-25,Sat,L,0,1,True,False,False,North Dakota,https://www.collegehockeynews.com/reports/team/North-Dakota/40,40,False,False,https://www.collegehockeynews.com/box/final/20251025/ndk/clk/,https://www.collegehockeynews.com/box/metrics.php?gd=110411,,college_hockey_news,https://www.collegehockeynews.com/schedules/team/Clarkson/14/20252026,ECAC,NCHC
2025-26,Clarkson,2025-10-31,Fri,W,6,4,True,False,False,Michigan Tech,https://www.collegehockeynews.com/reports/team/Michigan-Tech/33,33,False,False,https://www.collegehockeynews.com/box/final/20251031/mtu/clk/,https://www.collegehockeynews.com/box/metrics.php?gd=110442,,college_hockey_news,https://www.collegehockeynews.com/schedules/team/Clarkson/14/20252026,ECAC,CCHA
2025-26,Clarkson,2025-11-01,Sat,L,2,6,True,False,False,Lake Superior,https://www.collegehockeynews.com/reports/team/Lake-Superior/24,24,False,False,https://www.collegehockeynews.com/box/final/20251101/lss/clk/,https://www.collegehockeynews.com/box/metrics.php?gd=110443,,college_hockey_news,https://www.collegehockeynews.com/schedules/team/Clarkson/14/20252026,ECAC,CCHA
2025-26,Clarkson,2025-11-07,Fri,W,5,1,False,True,False,Union,https://www.collegehockeynews.com/reports/team/Union/54,54,True,False,https://www.collegehockeynews.com/box/final/20251107/clk/uni/,https://www.collegehockeynews.com/box/metrics.php?gd=110444,,college_hockey_news,https://www.collegehockeynews.com/schedules/team/Clarkson/14/20252026,ECAC,ECAC
2025-26,Clarkson,2025-11-08,Sat,L,1,5,False,True,False,RPI,https://www.collegehockeynews.com/reports/team/RPI/48,48,True,False,https://www.collegehockeynews.com/box/final/20251108/clk/ren/,https://www.collegehockeynews.com/box/metrics.php?gd=110445,,college_hockey_news,https://www.collegehockeynews.com/schedules/team/Clarkson/14/20252026,ECAC,ECAC
2025-26,Clarkson,2025-11-14,Fri,L,1,2,True,False,False,Harvard,https://www.collegehockeynews.com/reports/team/Harvard/22,22,True,False,https://www.collegehockeynews.com/box/final/20251114/har/clk/,https://www.collegehockeynews.com/box/metrics.php?gd=110446,,college_hockey_news,https://www.collegehockeynews.com/schedules/team/Clarkson/14/20252026,ECAC,ECAC
2025-26,Clarkson,2025-11-15,Sat,L,1,3,True,False,False,Dartmouth,https://www.collegehockeynews.com/reports/team/Dartmouth/19,19,True,False,https://www.collegehockeynews.com/box/final/20251115/dar/clk/,https://www.collegehockeynews.com/box/metrics.php?gd=110447,,college_hockey_news,https://www.collegehockeynews.com/schedules/team/Clarkson/14/20252026,ECAC,ECAC
2025-26,Clarkson,2025-11-21,Fri,L,1,4,False,True,False,Quinnipiac,https://www.collegehockeynews.com/reports/team/Quinnipiac/47,47,True,False,https://www.collegehockeynews.com/box/final/20251121/clk/qui/,https://www.collegehockeynews.com/box/metrics.php?gd=110448,,college_hockey_news,https://www.collegehockeynews.com/schedules/team/Clarkson/14/20252026,ECAC,ECAC
2025-26,Clarkson,2025-11-22,Sat,L,3,4,False,True,False,Princeton,https://www.collegehockeynews.com/reports/team/Princeton/45,45,True,False,https://www.collegehockeynews.com/box/final/20251122/clk/prn/,https://www.collegehockeynews.com/box/metrics.php?gd=110449,,college_hockey_news,https://www.collegehockeynews.com/schedules/team/Clarkson/14/20252026,ECAC,ECAC
2025-26,Clarkson,2025-11-28,Fri,W,2,0,False,False,True,Mass.-Lowell,https://www.collegehockeynews.com/reports/team/Mass-Lowell/26,26,False,False,https://www.collegehockeynews.com/box/final/20251128/clk/uml/,https://www.collegehockeynews.com/box/metrics.php?gd=110451,"Adirondack Winter Invitational – 1980 Rink Herb Brooks Arena, Lake Placid, N.Y.",college_hockey_news,https://www.collegehockeynews.com/schedules/team/Clarkson/14/20252026,ECAC,Hockey East
2025-26,Clarkson,2025-11-29,Sat,L,2,3,False,False,True,Alaska,https://www.collegehockeynews.com/reports/team/Alaska/4,4,False,False,https://www.collegehockeynews.com/box/final/20251129/akf/clk/,https://www.collegehockeynews.com/box/metrics.php?gd=110452,"Adirondack Winter Invitational – 1980 Rink Herb Brooks Arena, Lake Placid, N.Y.",college_hockey_news,https://www.collegehockeynews.com/schedules/team/Clarkson/14/20252026,ECAC,Independent
2025-26,Clarkson,2025-12-05,Fri,W,4,1,True,False,False,Cornell,https://www.collegehockeynews.com/reports/team/Cornell/18,18,True,False,https://www.collegehockeynews.com/box/final/20251205/cor/clk/,https://www.collegehockeynews.com/box/metrics.php?gd=110454,,college_hockey_news,https://www.collegehockeynews.com/schedules/team/Clarkson/14/20252026,ECAC,ECAC
2025-26,Clarkson,2025-12-06,Sat,W,5,3,True,False,False,Colgate,https://www.collegehockeynews.com/reports/team/Colgate/15,15,True,False,https://www.collegehockeynews.com/box/final/20251206/clg/clk/,https://www.collegehockeynews.com/box/metrics.php?gd=110455,,college_hockey_news,https://www.collegehockeynews.com/schedules/team/Clarkson/14/20252026,ECAC,ECAC
2025-26,Clarkson,2025-12-29,Mon,W,3,2,True,False,False,RIT,https://www.collegehockeynews.com/reports/team/RIT/49,49,False,False,https://www.collegehockeynews.com/box/final/20251229/rit/clk/,https://www.collegehockeynews.com/box/metrics.php?gd=110457,,college_hockey_news,https://www.collegehockeynews.com/schedules/team/Clarkson/14/20252026,ECAC,Atlantic Hockey
2025-26,Clarkson,2026-01-03,Sat,W,6,2,False,True,False,Niagara,https://www.collegehockeynews.com/reports/team/Niagara/39,39,False,False,https://www.collegehockeynews.com/box/final/20260103/clk/nia/,https://www.collegehockeynews.com/box/metrics.php?gd=110458,,college_hockey_news,https://www.collegehockeynews.com/schedules/team/Clarkson/14/20252026,ECAC,Atlantic Hockey
2025-26,Clarkson,2026-01-09,Fri,W,3,2,False,True,False,Brown,https://www.collegehockeynews.com/reports/team/Brown/12,12,True,False,https://www.collegehockeynews.com/box/final/20260109/clk/brn/,https://www.collegehockeynews.com/box/metrics.php?gd=110459,,college_hockey_news,https://www.collegehockeynews.com/schedules/team/Clarkson/14/20252026,ECAC,ECAC
2025-26,Clarkson,2026-01-10,Sat,W,3,2,False,True,False,Yale,https://www.collegehockeynews.com/reports/team/Yale/59,59,True,False,https://www.collegehockeynews.com/box/final/20260110/clk/yal/,https://www.collegehockeynews.com/box/metrics.php?gd=110460,,college_hockey_news,https://www.collegehockeynews.com/schedules/team/Clarkson/14/20252026,ECAC,ECAC
2025-26,Clarkson,2026-01-16,Fri,T-SOL,2,2,False,True,False,Dartmouth,https://www.collegehockeynews.com/reports/team/Dartmouth/19,19,True,True,https://www.collegehockeynews.com/box/final/20260116/clk/dar/,https://www.collegehockeynews.com/box/metrics.php?gd=110461,,college_hockey_news,https://www.collegehockeynews.com/schedules/team/Clarkson/14/20252026,ECAC,ECAC
2025-26,Clarkson,2026-01-17,Sat,L,1,2,False,True,False,Harvard,https://www.collegehockeynews.com/reports/team/Harvard/22,22,True,False,https://www.collegehockeynews.com/box/final/20260117/clk/har/,https://www.collegehockeynews.com/box/metrics.php?gd=110462,,college_hockey_news,https://www.collegehockeynews.com/schedules/team/Clarkson/14/20252026,ECAC,ECAC
2025-26,Clarkson,2026-01-23,Fri,T-SOL,5,5,True,False,False,St. Lawrence,https://www.collegehockeynews.com/reports/team/St-Lawrence/53,53,True,True,https://www.collegehockeynews.com/box/final/20260123/stl/clk/,https://www.collegehockeynews.com/box/metrics.php?gd=110463,,college_hockey_news,https://www.collegehockeynews.com/schedules/team/Clarkson/14/20252026,ECAC,ECAC
2025-26,Clarkson,2026-01-24,Sat,L,2,5,False,True,False,St. Lawrence,https://www.collegehockeynews.com/reports/team/St-Lawrence/53,53,True,False,https://www.collegehockeynews.com/box/final/20260124/clk/stl/,https://www.collegehockeynews.com/box/metrics.php?gd=110464,,college_hockey_news,https://www.collegehockeynews.com/schedules/team/Clarkson/14/20252026,ECAC,ECAC
2025-26,Clarkson,2026-01-30,Fri,L,1,3,True,False,False,Princeton,https://www.collegehockeynews.com/reports/team/Princeton/45,45,True,False,https://www.collegehockeynews.com/box/final/20260130/prn/clk/,https://www.collegehockeynews.com/box/metrics.php?gd=110465,,college_hockey_news,https://www.collegehockeynews.com/schedules/team/Clarkson/14/20252026,ECAC,ECAC
2025-26,Clarkson,2026-01-31,Sat,T-SOW,3,3,True,False,False,Quinnipiac,https://www.collegehockeynews.com/reports/team/Quinnipiac/47,47,True,True,https://www.collegehockeynews.com/box/final/20260131/qui/clk/,https://www.collegehockeynews.com/box/metrics.php?gd=110466,,college_hockey_news,https://www.collegehockeynews.com/schedules/team/Clarkson/14/20252026,ECAC,ECAC
2025-26,Clarkson,2026-02-06,Fri,L,3,4,True,False,False,RPI,https://www.collegehockeynews.com/reports/team/RPI/48,48,True,False,https://www.collegehockeynews.com/box/final/20260206/ren/clk/,https://www.collegehockeynews.com/box/metrics.php?gd=110467,,college_hockey_news,https://www.collegehockeynews.com/schedules/team/Clarkson/14/20252026,ECAC,ECAC
2025-26,Clarkson,2026-02-07,Sat,W,8,7,True,False,False,Union,https://www.collegehockeynews.com/reports/team/Union/54,54,True,True,https://www.collegehockeynews.com/box/final/20260207/uni/clk/,https://www.collegehockeynews.com/box/metrics.php?gd=110468,,college_hockey_news,https://www.collegehockeynews.com/schedules/team/Clarkson/14/20252026,ECAC,ECAC
2025-26,Clarkson,2026-02-20,Fri,W,4,1,True,False,False,Yale,https://www.collegehockeynews.com/reports/team/Yale/59,59,True,False,https://www.collegehockeynews.com/box/final/20260220/yal/clk/,https://www.collegehockeynews.com/box/metrics.php?gd=110469,,college_hockey_news,https://www.collegehockeynews.com/schedules/team/Clarkson/14/20252026,ECAC,ECAC
2025-26,Clarkson,2026-02-21,Sat,W,4,3,True,False,False,Brown,https://www.collegehockeynews.com/reports/team/Brown/12,12,True,True,https://www.collegehockeynews.com/box/final/20260221/brn/clk/,https://www.collegehockeynews.com/box/metrics.php?gd=110470,,college_hockey_news,https://www.collegehockeynews.com/schedules/team/Clarkson/14/20252026,ECAC,ECAC
2025-26,Clarkson,2026-02-27,Fri,W,4,1,False,True,False,Colgate,https://www.collegehockeynews.com/reports/team/Colgate/15,15,True,False,https://www.collegehockeynews.com/box/final/20260227/clk/clg/,https://www.collegehockeynews.com/box/metrics.php?gd=110471,,college_hockey_news,https://www.collegehockeynews.com/schedules/team/Clarkson/14/20252026,ECAC,ECAC
2025-26,Clarkson,2026-02-28,Sat,L,1,2,False,True,False,Cornell,https://www.collegehockeynews.com/reports/team/Cornell/18,18,True,False,https://www.collegehockeynews.com/box/final/20260228/clk/cor/,https://www.collegehockeynews.com/box/metrics.php?gd=110472,,college_hockey_news,https://www.collegehockeynews.com/schedules/team/Clarkson/14/20252026,ECAC,ECAC
2025-26,Clarkson,2026-03-06,Fri,W,2,1,True,False,False,RPI,https://www.collegehockeynews.com/reports/team/RPI/48,48,False,False,https://www.collegehockeynews.com/box/final/20260306/ren/clk/,https://www.collegehockeynews.com/box/metrics.php?gd=112949,ECAC Tournament ECAC First Round,college_hockey_news,https://www.collegehockeynews.com/schedules/team/Clarkson/14/20252026,ECAC,ECAC
2025-26,Clarkson,2026-03-13,Fri,W,3,0,False,True,False,Quinnipiac,https://www.collegehockeynews.com/reports/team/Quinnipiac/47,47,False,False,https://www.collegehockeynews.com/box/final/20260313/clk/qui/,https://www.collegehockeynews.com/box/metrics.php?gd=112983,"ECAC Tournament ECAC Quarterfinal – M&T Bank Arena, Hamden, Conn.",college_hockey_news,https://www.collegehockeynews.com/schedules/team/Clarkson/14/20252026,ECAC,ECAC
2025-26,Clarkson,2026-03-14,Sat,W,4,3,False,True,False,Quinnipiac,https://www.collegehockeynews.com/reports/team/Quinnipiac/47,47,False,False,https://www.collegehockeynews.com/box/final/20260314/clk/qui/,https://www.collegehockeynews.com/box/metrics.php?gd=112984,"ECAC Tournament ECAC Quarterfinal – M&T Bank Arena, Hamden, Conn.",college_hockey_news,https://www.collegehockeynews.com/schedules/team/Clarkson/14/20252026,ECAC,ECAC
2025-26,Clarkson,2026-03-20,Fri,L,0,4,False,False,True,Dartmouth,https://www.collegehockeynews.com/reports/team/Dartmouth/19,19,False,False,https://www.collegehockeynews.com/box/final/20260320/clk/dar/,https://www.collegehockeynews.com/box/metrics.php?gd=112929,"ECAC Tournament ECAC Semifinal – 1980 Rink Herb Brooks Arena, Lake Placid, N.Y.",college_hockey_news,https://www.collegehockeynews.com/schedules/team/Clarkson/14/20252026,ECAC,ECAC
2025-26,Colgate,2025-10-10,Fri,L,2,6,False,True,False,Boston University,https://www.collegehockeynews.com/reports/team/Boston-University/10,10,False,False,https://www.collegehockeynews.com/box/final/20251010/clg/bu_/,https://www.collegehockeynews.com/box/metrics.php?gd=111124,,college_hockey_news,https://www.collegehockeynews.com/schedules/team/Colgate/15/20252026,ECAC,Hockey East
2025-26,Colgate,2025-10-11,Sat,T,2,2,False,True,False,Boston University,https://www.collegehockeynews.com/reports/team/Boston-University/10,10,False,True,https://www.collegehockeynews.com/box/final/20251011/clg/bu_/,https://www.collegehockeynews.com/box/metrics.php?gd=111125,,college_hockey_news,https://www.collegehockeynews.com/schedules/team/Colgate/15/20252026,ECAC,Hockey East
2025-26,Colgate,2025-10-17,Fri,L,2,4,True,False,False,Canisius,https://www.collegehockeynews.com/reports/team/Canisius/13,13,False,False,https://www.collegehockeynews.com/box/final/20251017/cns/clg/,https://www.collegehockeynews.com/box/metrics.php?gd=110758,,college_hockey_news,https://www.collegehockeynews.com/schedules/team/Colgate/15/20252026,ECAC,Atlantic Hockey
2025-26,Colgate,2025-10-18,Sat,W,5,3,True,False,False,Canisius,https://www.collegehockeynews.com/reports/team/Canisius/13,13,False,False,https://www.collegehockeynews.com/box/final/20251018/cns/clg/,https://www.collegehockeynews.com/box/metrics.php?gd=110759,,college_hockey_news,https://www.collegehockeynews.com/schedules/team/Colgate/15/20252026,ECAC,Atlantic Hockey
2025-26,Colgate,2025-10-24,Fri,W,3,2,False,True,False,Maine,https://www.collegehockeynews.com/reports/team/Maine/25,25,False,False,https://www.collegehockeynews.com/box/final/20251024/clg/mne/,https://www.collegehockeynews.com/box/metrics.php?gd=111269,,college_hockey_news,https://www.collegehockeynews.com/schedules/team/Colgate/15/20252026,ECAC,Hockey East
2025-26,Colgate,2025-10-25,Sat,L,2,3,False,True,False,Maine,https://www.collegehockeynews.com/reports/team/Maine/25,25,False,True,https://www.collegehockeynews.com/box/final/20251025/clg/mne/,https://www.collegehockeynews.com/box/metrics.php?gd=111270,,college_hockey_news,https://www.collegehockeynews.com/schedules/team/Colgate/15/20252026,ECAC,Hockey East
2025-26,Colgate,2025-10-31,Fri,L,1,3,True,False,False,RIT,https://www.collegehockeynews.com/reports/team/RIT/49,49,False,False,https://www.collegehockeynews.com/box/final/20251031/rit/clg/,https://www.collegehockeynews.com/box/metrics.php?gd=110718,,college_hockey_news,https://www.collegehockeynews.com/schedules/team/Colgate/15/20252026,ECAC,Atlantic Hockey
2025-26,Colgate,2025-11-01,Sat,L,1,4,True,False,False,RIT,https://www.collegehockeynews.com/reports/team/RIT/49,49,False,False,https://www.collegehockeynews.com/box/final/20251101/rit/clg/,https://www.collegehockeynews.com/box/metrics.php?gd=110719,,college_hockey_news,https://www.collegehockeynews.com/schedules/team/Colgate/15/20252026,ECAC,Atlantic Hockey
2025-26,Colgate,2025-11-07,Fri,L,1,4,False,True,False,Dartmouth,https://www.collegehockeynews.com/reports/team/Dartmouth/19,19,True,False,https://www.collegehockeynews.com/box/final/20251107/clg/dar/,https://www.collegehockeynews.com/box/metrics.php?gd=111374,,college_hockey_news,https://www.collegehockeynews.com/schedules/team/Colgate/15/20252026,ECAC,ECAC
2025-26,Colgate,2025-11-08,Sat,L,5,6,False,True,False,Harvard,https://www.collegehockeynews.com/reports/team/Harvard/22,22,True,False,https://www.collegehockeynews.com/box/final/20251108/clg/har/,https://www.collegehockeynews.com/box/metrics.php?gd=111213,,college_hockey_news,https://www.collegehockeynews.com/schedules/team/Colgate/15/20252026,ECAC,ECAC
2025-26,Colgate,2025-11-14,Fri,W,4,3,True,False,False,Yale,https://www.collegehockeynews.com/reports/team/Yale/59,59,True,True,https://www.collegehockeynews.com/box/final/20251114/yal/clg/,https://www.collegehockeynews.com/box/metrics.php?gd=111375,,college_hockey_news,https://www.collegehockeynews.com/schedules/team/Colgate/15/20252026,ECAC,ECAC
2025-26,Colgate,2025-11-15,Sat,W,4,0,True,False,False,Brown,https://www.collegehockeynews.com/reports/team/Brown/12,12,True,False,https://www.collegehockeynews.com/box/final/20251115/brn/clg/,https://www.collegehockeynews.com/box/metrics.php?gd=111376,,college_hockey_news,https://www.collegehockeynews.com/schedules/team/Colgate/15/20252026,ECAC,ECAC
2025-26,Colgate,2025-11-21,Fri,W,2,1,True,False,False,RPI,https://www.collegehockeynews.com/reports/team/RPI/48,48,True,False,https://www.collegehockeynews.com/box/final/20251121/ren/clg/,https://www.collegehockeynews.com/box/metrics.php?gd=111080,,college_hockey_news,https://www.collegehockeynews.com/schedules/team/Colgate/15/20252026,ECAC,ECAC
2025-26,Colgate,2025-11-22,Sat,T-SOL,4,4,True,False,False,Union,https://www.collegehockeynews.com/reports/team/Union/54,54,True,True,https://www.collegehockeynews.com/box/final/20251122/uni/clg/,https://www.collegehockeynews.com/box/metrics.php?gd=111105,,college_hockey_news,https://www.collegehockeynews.com/schedules/team/Colgate/15/20252026,ECAC,ECAC
2025-26,Colgate,2025-11-26,Wed,L,2,5,False,True,False,Michigan State,https://www.collegehockeynews.com/reports/team/Michigan-State/32,32,False,False,https://www.collegehockeynews.com/box/final/20251126/clg/msu/,https://www.collegehockeynews.com/box/metrics.php?gd=111369,,college_hockey_news,https://www.collegehockeynews.com/schedules/team/Colgate/15/20252026,ECAC,Big Ten
2025-26,Colgate,2025-11-28,Fri,L,1,4,False,True,False,Michigan State,https://www.collegehockeynews.com/reports/team/Michigan-State/32,32,False,False,https://www.collegehockeynews.com/box/final/20251128/clg/msu/,https://www.collegehockeynews.com/box/metrics.php?gd=111370,,college_hockey_news,https://www.collegehockeynews.com/schedules/team/Colgate/15/20252026,ECAC,Big Ten
2025-26,Colgate,2025-12-05,Fri,W,4,2,False,True,False,St. Lawrence,https://www.collegehockeynews.com/reports/team/St-Lawrence/53,53,True,False,https://www.collegehockeynews.com/box/final/20251205/clg/stl/,https://www.collegehockeynews.com/box/metrics.php?gd=111166,,college_hockey_news,https://www.collegehockeynews.com/schedules/team/Colgate/15/20252026,ECAC,ECAC
2025-26,Colgate,2025-12-06,Sat,L,3,5,False,True,False,Clarkson,https://www.collegehockeynews.com/reports/team/Clarkson/14,14,True,False,https://www.collegehockeynews.com/box/final/20251206/clg/clk/,https://www.collegehockeynews.com/box/metrics.php?gd=110455,,college_hockey_news,https://www.collegehockeynews.com/schedules/team/Colgate/15/20252026,ECAC,ECAC
2025-26,Colgate,2026-01-03,Sat,W,3,2,False,True,False,New Hampshire,https://www.collegehockeynews.com/reports/team/New-Hampshire/38,38,False,False,https://www.collegehockeynews.com/box/final/20260103/clg/unh/,https://www.collegehockeynews.com/box/metrics.php?gd=111189,,college_hockey_news,https://www.collegehockeynews.com/schedules/team/Colgate/15/20252026,ECAC,Hockey East
2025-26,Colgate,2026-01-04,Sun,L,2,3,False,True,False,New Hampshire,https://www.collegehockeynews.com/reports/team/New-Hampshire/38,38,False,False,https://www.collegehockeynews.com/box/final/20260104/clg/unh/,https://www.collegehockeynews.com/box/metrics.php?gd=111190,,college_hockey_news,https://www.collegehockeynews.com/schedules/team/Colgate/15/20252026,ECAC,Hockey East
2025-26,Colgate,2026-01-16,Fri,L,1,5,True,False,False,Quinnipiac,https://www.collegehockeynews.com/reports/team/Quinnipiac/47,47,True,False,https://www.collegehockeynews.com/box/final/20260116/qui/clg/,https://www.collegehockeynews.com/box/metrics.php?gd=111064,,college_hockey_news,https://www.collegehockeynews.com/schedules/team/Colgate/15/20252026,ECAC,ECAC
2025-26,Colgate,2026-01-17,Sat,W,2,0,True,False,False,Princeton,https://www.collegehockeynews.com/reports/team/Princeton/45,45,True,False,https://www.collegehockeynews.com/box/final/20260117/prn/clg/,https://www.collegehockeynews.com/box/metrics.php?gd=111232,,college_hockey_news,https://www.collegehockeynews.com/schedules/team/Colgate/15/20252026,ECAC,ECAC
2025-26,Colgate,2026-01-23,Fri,L,1,3,True,False,False,Harvard,https://www.collegehockeynews.com/reports/team/Harvard/22,22,True,False,https://www.collegehockeynews.com/box/final/20260123/har/clg/,https://www.collegehockeynews.com/box/metrics.php?gd=111219,,college_hockey_news,https://www.collegehockeynews.com/schedules/team/Colgate/15/20252026,ECAC,ECAC
2025-26,Colgate,2026-01-24,Sat,W,5,2,True,False,False,Dartmouth,https://www.collegehockeynews.com/reports/team/Dartmouth/19,19,True,False,https://www.collegehockeynews.com/box/final/20260124/dar/clg/,https://www.collegehockeynews.com/box/metrics.php?gd=111377,,college_hockey_news,https://www.collegehockeynews.com/schedules/team/Colgate/15/20252026,ECAC,ECAC
2025-26,Colgate,2026-01-30,Fri,T-SOW,3,3,False,True,False,Brown,https://www.collegehockeynews.com/reports/team/Brown/12,12,True,True,https://www.collegehockeynews.com/box/final/20260130/clg/brn/,https://www.collegehockeynews.com/box/metrics.php?gd=111378,,college_hockey_news,https://www.collegehockeynews.com/schedules/team/Colgate/15/20252026,ECAC,ECAC
2025-26,Colgate,2026-01-31,Sat,W,6,3,False,True,False,Yale,https://www.collegehockeynews.com/reports/team/Yale/59,59,True,False,https://www.collegehockeynews.com/box/final/20260131/clg/yal/,https://www.collegehockeynews.com/box/metrics.php?gd=111379,,college_hockey_news,https://www.collegehockeynews.com/schedules/team/Colgate/15/20252026,ECAC,ECAC
2025-26,Colgate,2026-02-06,Fri,L,2,5,True,False,False,Cornell,https://www.collegehockeynews.com/reports/team/Cornell/18,18,True,False,https://www.collegehockeynews.com/box/final/20260206/cor/clg/,https://www.collegehockeynews.com/box/metrics.php?gd=111038,,college_hockey_news,https://www.collegehockeynews.com/schedules/team/Colgate/15/20252026,ECAC,ECAC
2025-26,Colgate,2026-02-07,Sat,W,3,2,False,True,False,Cornell,https://www.collegehockeynews.com/reports/team/Cornell/18,18,True,True,https://www.collegehockeynews.com/box/final/20260207/clg/cor/,https://www.collegehockeynews.com/box/metrics.php?gd=111039,,college_hockey_news,https://www.collegehockeynews.com/schedules/team/Colgate/15/20252026,ECAC,ECAC
2025-26,Colgate,2026-02-13,Fri,L,6,7,False,True,False,Union,https://www.collegehockeynews.com/reports/team/Union/54,54,True,False,https://www.collegehockeynews.com/box/final/20260213/clg/uni/,https://www.collegehockeynews.com/box/metrics.php?gd=111116,,college_hockey_news,https://www.collegehockeynews.com/schedules/team/Colgate/15/20252026,ECAC,ECAC
2025-26,Colgate,2026-02-14,Sat,L,1,6,False,True,False,RPI,https://www.collegehockeynews.com/reports/team/RPI/48,48,True,False,https://www.collegehockeynews.com/box/final/20260214/clg/ren/,https://www.collegehockeynews.com/box/metrics.php?gd=111090,,college_hockey_news,https://www.collegehockeynews.com/schedules/team/Colgate/15/20252026,ECAC,ECAC
2025-26,Colgate,2026-02-20,Fri,T-SOW,1,1,False,True,False,Princeton,https://www.collegehockeynews.com/reports/team/Princeton/45,45,True,True,https://www.collegehockeynews.com/box/final/20260220/clg/prn/,https://www.collegehockeynews.com/box/metrics.php?gd=111235,,college_hockey_news,https://www.collegehockeynews.com/schedules/team/Colgate/15/20252026,ECAC,ECAC
2025-26,Colgate,2026-02-21,Sat,L,2,5,False,True,False,Quinnipiac,https://www.collegehockeynews.com/reports/team/Quinnipiac/47,47,True,False,https://www.collegehockeynews.com/box/final/20260221/clg/qui/,https://www.collegehockeynews.com/box/metrics.php?gd=111070,,college_hockey_news,https://www.collegehockeynews.com/schedules/team/Colgate/15/20252026,ECAC,ECAC
2025-26,Colgate,2026-02-27,Fri,L,1,4,True,False,False,Clarkson,https://www.collegehockeynews.com/reports/team/Clarkson/14,14,True,False,https://www.collegehockeynews.com/box/final/20260227/clk/clg/,https://www.collegehockeynews.com/box/metrics.php?gd=110471,,college_hockey_news,https://www.collegehockeynews.com/schedules/team/Colgate/15/20252026,ECAC,ECAC
2025-26,Colgate,2026-02-28,Sat,W,7,3,True,False,False,St. Lawrence,https://www.collegehockeynews.com/reports/team/St-Lawrence/53,53,True,False,https://www.collegehockeynews.com/box/final/20260228/stl/clg/,https://www.collegehockeynews.com/box/metrics.php?gd=111177,,college_hockey_news,https://www.collegehockeynews.com/schedules/team/Colgate/15/20252026,ECAC,ECAC
2025-26,Colgate,2026-03-07,Sat,W,3,2,True,False,False,Yale,https://www.collegehockeynews.com/reports/team/Yale/59,59,False,False,https://www.collegehockeynews.com/box/final/20260307/yal/clg/,https://www.collegehockeynews.com/box/metrics.php?gd=112948,ECAC Tournament ECAC First Round,college_hockey_news,https://www.collegehockeynews.com/schedules/team/Colgate/15/20252026,ECAC,ECAC
2025-26,Colgate,2026-03-13,Fri,L,1,4,False,True,False,Dartmouth,https://www.collegehockeynews.com/reports/team/Dartmouth/19,19,False,False,https://www.collegehockeynews.com/box/final/20260313/clg/dar/,https://www.collegehockeynews.com/box/metrics.php?gd=112985,"ECAC Tournament ECAC Quarterfinal – Thompson Arena, Hanover, N.H.",college_hockey_news,https://www.collegehockeynews.com/schedules/team/Colgate/15/20252026,ECAC,ECAC
2025-26,Colgate,2026-03-14,Sat,L,1,4,False,True,False,Dartmouth,https://www.collegehockeynews.com/reports/team/Dartmouth/19,19,False,False,https://www.collegehockeynews.com/box/final/20260314/clg/dar/,https://www.collegehockeynews.com/box/metrics.php?gd=112986,"ECAC Tournament ECAC Quarterfinal – Thompson Arena, Hanover, N.H.",college_hockey_news,https://www.collegehockeynews.com/schedules/team/Colgate/15/20252026,ECAC,ECAC
2025-26,Cornell,2025-10-31,Fri,L,1,2,False,True,False,Massachusetts,https://www.collegehockeynews.com/reports/team/Massachusetts/27,27,False,False,https://www.collegehockeynews.com/box/final/20251031/cor/uma/,https://www.collegehockeynews.com/box/metrics.php?gd=110546,,college_hockey_news,https://www.collegehockeynews.com/schedules/team/Cornell/18/20252026,ECAC,Hockey East
2025-26,Cornell,2025-11-01,Sat,W,3,1,False,True,False,Massachusetts,https://www.collegehockeynews.com/reports/team/Massachusetts/27,27,False,False,https://www.collegehockeynews.com/box/final/20251101/cor/uma/,https://www.collegehockeynews.com/box/metrics.php?gd=110547,,college_hockey_news,https://www.collegehockeynews.com/schedules/team/Cornell/18/20252026,ECAC,Hockey East
2025-26,Cornell,2025-11-07,Fri,W,3,1,False,True,False,Harvard,https://www.collegehockeynews.com/reports/team/Harvard/22,22,True,False,https://www.collegehockeynews.com/box/final/20251107/cor/har/,https://www.collegehockeynews.com/box/metrics.php?gd=111022,,college_hockey_news,https://www.collegehockeynews.com/schedules/team/Cornell/18/20252026,ECAC,ECAC
2025-26,Cornell,2025-11-08,Sat,L,1,2,False,True,False,Dartmouth,https://www.collegehockeynews.com/reports/team/Dartmouth/19,19,True,False,https://www.collegehockeynews.com/box/final/20251108/cor/dar/,https://www.collegehockeynews.com/box/metrics.php?gd=111023,,college_hockey_news,https://www.collegehockeynews.com/schedules/team/Cornell/18/20252026,ECAC,ECAC
2025-26,Cornell,2025-11-14,Fri,W,4,1,True,False,False,Brown,https://www.collegehockeynews.com/reports/team/Brown/12,12,True,False,https://www.collegehockeynews.com/box/final/20251114/brn/cor/,https://www.collegehockeynews.com/box/metrics.php?gd=111024,,college_hockey_news,https://www.collegehockeynews.com/schedules/team/Cornell/18/20252026,ECAC,ECAC
2025-26,Cornell,2025-11-15,Sat,W,5,2,True,False,False,Yale,https://www.collegehockeynews.com/reports/team/Yale/59,59,True,False,https://www.collegehockeynews.com/box/final/20251115/yal/cor/,https://www.collegehockeynews.com/box/metrics.php?gd=111025,,college_hockey_news,https://www.collegehockeynews.com/schedules/team/Cornell/18/20252026,ECAC,ECAC
2025-26,Cornell,2025-11-21,Fri,W,2,1,True,False,False,Union,https://www.collegehockeynews.com/reports/team/Union/54,54,True,False,https://www.collegehockeynews.com/box/final/20251121/uni/cor/,https://www.collegehockeynews.com/box/metrics.php?gd=111026,,college_hockey_news,https://www.collegehockeynews.com/schedules/team/Cornell/18/20252026,ECAC,ECAC
2025-26,Cornell,2025-11-22,Sat,W,6,1,True,False,False,RPI,https://www.collegehockeynews.com/reports/team/RPI/48,48,True,False,https://www.collegehockeynews.com/box/final/20251122/ren/cor/,https://www.collegehockeynews.com/box/metrics.php?gd=111027,,college_hockey_news,https://www.collegehockeynews.com/schedules/team/Cornell/18/20252026,ECAC,ECAC
2025-26,Cornell,2025-11-29,Sat,L,1,2,False,False,True,Boston University,https://www.collegehockeynews.com/reports/team/Boston-University/10,10,False,False,https://www.collegehockeynews.com/box/final/20251129/bu_/cor/,https://www.collegehockeynews.com/box/metrics.php?gd=111028,"Red Hot Hockey – Madison Square Garden, New York, N.Y.",college_hockey_news,https://www.collegehockeynews.com/schedules/team/Cornell/18/20252026,ECAC,Hockey East
2025-26,Cornell,2025-12-05,Fri,L,1,4,False,True,False,Clarkson,https://www.collegehockeynews.com/reports/team/Clarkson/14,14,True,False,https://www.collegehockeynews.com/box/final/20251205/cor/clk/,https://www.collegehockeynews.com/box/metrics.php?gd=110454,,college_hockey_news,https://www.collegehockeynews.com/schedules/team/Cornell/18/20252026,ECAC,ECAC
2025-26,Cornell,2025-12-06,Sat,W,7,2,False,True,False,St. Lawrence,https://www.collegehockeynews.com/reports/team/St-Lawrence/53,53,True,False,https://www.collegehockeynews.com/box/final/20251206/cor/stl/,https://www.collegehockeynews.com/box/metrics.php?gd=111029,,college_hockey_news,https://www.collegehockeynews.com/schedules/team/Cornell/18/20252026,ECAC,ECAC
2025-26,Cornell,2026-01-02,Fri,W,6,4,True,False,False,Omaha,https://www.collegehockeynews.com/reports/team/Omaha/37,37,False,False,https://www.collegehockeynews.com/box/final/20260102/uno/cor/,https://www.collegehockeynews.com/box/metrics.php?gd=110708,,college_hockey_news,https://www.collegehockeynews.com/schedules/team/Cornell/18/20252026,ECAC,NCHC
2025-26,Cornell,2026-01-03,Sat,W,3,2,True,False,False,Omaha,https://www.collegehockeynews.com/reports/team/Omaha/37,37,False,False,https://www.collegehockeynews.com/box/final/20260103/uno/cor/,https://www.collegehockeynews.com/box/metrics.php?gd=110709,,college_hockey_news,https://www.collegehockeynews.com/schedules/team/Cornell/18/20252026,ECAC,NCHC
2025-26,Cornell,2026-01-09,Fri,W,7,1,True,False,False,Alaska,https://www.collegehockeynews.com/reports/team/Alaska/4,4,False,False,https://www.collegehockeynews.com/box/final/20260109/akf/cor/,https://www.collegehockeynews.com/box/metrics.php?gd=111030,,college_hockey_news,https://www.collegehockeynews.com/schedules/team/Cornell/18/20252026,ECAC,Independent
2025-26,Cornell,2026-01-10,Sat,W,5,2,True,False,False,Alaska,https://www.collegehockeynews.com/reports/team/Alaska/4,4,False,False,https://www.collegehockeynews.com/box/final/20260110/akf/cor/,https://www.collegehockeynews.com/box/metrics.php?gd=111031,,college_hockey_news,https://www.collegehockeynews.com/schedules/team/Cornell/18/20252026,ECAC,Independent
2025-26,Cornell,2026-01-16,Fri,W,2,1,True,False,False,Princeton,https://www.collegehockeynews.com/reports/team/Princeton/45,45,True,False,https://www.collegehockeynews.com/box/final/20260116/prn/cor/,https://www.collegehockeynews.com/box/metrics.php?gd=111032,,college_hockey_news,https://www.collegehockeynews.com/schedules/team/Cornell/18/20252026,ECAC,ECAC
2025-26,Cornell,2026-01-17,Sat,L,1,4,True,False,False,Quinnipiac,https://www.collegehockeynews.com/reports/team/Quinnipiac/47,47,True,False,https://www.collegehockeynews.com/box/final/20260117/qui/cor/,https://www.collegehockeynews.com/box/metrics.php?gd=111033,,college_hockey_news,https://www.collegehockeynews.com/schedules/team/Cornell/18/20252026,ECAC,ECAC
2025-26,Cornell,2026-01-23,Fri,W,2,1,True,False,False,Dartmouth,https://www.collegehockeynews.com/reports/team/Dartmouth/19,19,True,True,https://www.collegehockeynews.com/box/final/20260123/dar/cor/,https://www.collegehockeynews.com/box/metrics.php?gd=111034,,college_hockey_news,https://www.collegehockeynews.com/schedules/team/Cornell/18/20252026,ECAC,ECAC
2025-26,Cornell,2026-01-24,Sat,W,4,1,True,False,False,Harvard,https://www.collegehockeynews.com/reports/team/Harvard/22,22,True,False,https://www.collegehockeynews.com/box/final/20260124/har/cor/,https://www.collegehockeynews.com/box/metrics.php?gd=111035,,college_hockey_news,https://www.collegehockeynews.com/schedules/team/Cornell/18/20252026,ECAC,ECAC
2025-26,Cornell,2026-01-30,Fri,W,5,2,False,True,False,Yale,https://www.collegehockeynews.com/reports/team/Yale/59,59,True,False,https://www.collegehockeynews.com/box/final/20260130/cor/yal/,https://www.collegehockeynews.com/box/metrics.php?gd=111036,,college_hockey_news,https://www.collegehockeynews.com/schedules/team/Cornell/18/20252026,ECAC,ECAC
2025-26,Cornell,2026-01-31,Sat,W,4,2,False,True,False,Brown,https://www.collegehockeynews.com/reports/team/Brown/12,12,True,False,https://www.collegehockeynews.com/box/final/20260131/cor/brn/,https://www.collegehockeynews.com/box/metrics.php?gd=111037,,college_hockey_news,https://www.collegehockeynews.com/schedules/team/Cornell/18/20252026,ECAC,ECAC
2025-26,Cornell,2026-02-06,Fri,W,5,2,False,True,False,Colgate,https://www.collegehockeynews.com/reports/team/Colgate/15,15,True,False,https://www.collegehockeynews.com/box/final/20260206/cor/clg/,https://www.collegehockeynews.com/box/metrics.php?gd=111038,,college_hockey_news,https://www.collegehockeynews.com/schedules/team/Cornell/18/20252026,ECAC,ECAC
2025-26,Cornell,2026-02-07,Sat,L,2,3,True,False,False,Colgate,https://www.collegehockeynews.com/reports/team/Colgate/15,15,True,True,https://www.collegehockeynews.com/box/final/20260207/clg/cor/,https://www.collegehockeynews.com/box/metrics.php?gd=111039,,college_hockey_news,https://www.collegehockeynews.com/schedules/team/Cornell/18/20252026,ECAC,ECAC
2025-26,Cornell,2026-02-13,Fri,T-SOW,1,1,False,True,False,RPI,https://www.collegehockeynews.com/reports/team/RPI/48,48,True,True,https://www.collegehockeynews.com/box/final/20260213/cor/ren/,https://www.collegehockeynews.com/box/metrics.php?gd=111040,,college_hockey_news,https://www.collegehockeynews.com/schedules/team/Cornell/18/20252026,ECAC,ECAC
2025-26,Cornell,2026-02-14,Sat,L,1,4,False,True,False,Union,https://www.collegehockeynews.com/reports/team/Union/54,54,True,False,https://www.collegehockeynews.com/box/final/20260214/cor/uni/,https://www.collegehockeynews.com/box/metrics.php?gd=111041,,college_hockey_news,https://www.collegehockeynews.com/schedules/team/Cornell/18/20252026,ECAC,ECAC
2025-26,Cornell,2026-02-20,Fri,W,6,1,False,True,False,Quinnipiac,https://www.collegehockeynews.com/reports/team/Quinnipiac/47,47,True,False,https://www.collegehockeynews.com/box/final/20260220/cor/qui/,https://www.collegehockeynews.com/box/metrics.php?gd=111042,,college_hockey_news,https://www.collegehockeynews.com/schedules/team/Cornell/18/20252026,ECAC,ECAC
2025-26,Cornell,2026-02-21,Sat,L,2,4,False,True,False,Princeton,https://www.collegehockeynews.com/reports/team/Princeton/45,45,True,False,https://www.collegehockeynews.com/box/final/20260221/cor/prn/,https://www.collegehockeynews.com/box/metrics.php?gd=111043,,college_hockey_news,https://www.collegehockeynews.com/schedules/team/Cornell/18/20252026,ECAC,ECAC
2025-26,Cornell,2026-02-27,Fri,W,5,1,True,False,False,St. Lawrence,https://www.collegehockeynews.com/reports/team/St-Lawrence/53,53,True,False,https://www.collegehockeynews.com/box/final/20260227/stl/cor/,https://www.collegehockeynews.com/box/metrics.php?gd=111044,,college_hockey_news,https://www.collegehockeynews.com/schedules/team/Cornell/18/20252026,ECAC,ECAC
2025-26,Cornell,2026-02-28,Sat,W,2,1,True,False,False,Clarkson,https://www.collegehockeynews.com/reports/team/Clarkson/14,14,True,False,https://www.collegehockeynews.com/box/final/20260228/clk/cor/,https://www.collegehockeynews.com/box/metrics.php?gd=110472,,college_hockey_news,https://www.collegehockeynews.com/schedules/team/Cornell/18/20252026,ECAC,ECAC
2025-26,Cornell,2026-03-13,Fri,L,1,3,True,False,False,Harvard,https://www.collegehockeynews.com/reports/team/Harvard/22,22,False,False,https://www.collegehockeynews.com/box/final/20260313/har/cor/,https://www.collegehockeynews.com/box/metrics.php?gd=112987,ECAC Tournament ECAC Quarterfinal,college_hockey_news,https://www.collegehockeynews.com/schedules/team/Cornell/18/20252026,ECAC,ECAC
2025-26,Cornell,2026-03-14,Sat,W,4,0,True,False,False,Harvard,https://www.collegehockeynews.com/reports/team/Harvard/22,22,False,False,https://www.collegehockeynews.com/box/final/20260314/har/cor/,https://www.collegehockeynews.com/box/metrics.php?gd=112988,ECAC Tournament ECAC Quarterfinal,college_hockey_news,https://www.collegehockeynews.com/schedules/team/Cornell/18/20252026,ECAC,ECAC
2025-26,Cornell,2026-03-15,Sun,W,5,2,True,False,False,Harvard,https://www.collegehockeynews.com/reports/team/Harvard/22,22,False,False,https://www.collegehockeynews.com/box/final/20260315/har/cor/,https://www.collegehockeynews.com/box/metrics.php?gd=113014,ECAC Tournament ECAC Quarterfinal,college_hockey_news,https://www.collegehockeynews.com/schedules/team/Cornell/18/20252026,ECAC,ECAC
2025-26,Cornell,2026-03-20,Fri,L,2,3,False,False,True,Princeton,https://www.collegehockeynews.com/reports/team/Princeton/45,45,False,False,https://www.collegehockeynews.com/box/final/20260320/prn/cor/,https://www.collegehockeynews.com/box/metrics.php?gd=112930,"ECAC Tournament ECAC Semifinal – 1980 Rink Herb Brooks Arena, Lake Placid, N.Y.",college_hockey_news,https://www.collegehockeynews.com/schedules/team/Cornell/18/20252026,ECAC,ECAC
2025-26,Cornell,2026-03-27,Fri,L,0,5,False,False,True,Denver,https://www.collegehockeynews.com/reports/team/Denver/20,20,False,False,https://www.collegehockeynews.com/box/final/20260327/cor/den/,https://www.collegehockeynews.com/box/metrics.php?gd=112916,"NCAA Tournament Loveland Regional – Blue Arena, Loveland, Colo.",college_hockey_news,https://www.collegehockeynews.com/schedules/team/Cornell/18/20252026,ECAC,NCHC
2025-26,Dartmouth,2025-11-01,Sat,W,5,2,False,True,False,Stonehill,https://www.collegehockeynews.com/reports/team/Stonehill/422,422,False,False,https://www.collegehockeynews.com/box/final/20251101/dar/stn/,https://www.collegehockeynews.com/box/metrics.php?gd=111396,,college_hockey_news,https://www.collegehockeynews.com/schedules/team/Dartmouth/19/20252026,ECAC,Independent
2025-26,Dartmouth,2025-11-02,Sun,W,6,1,True,False,False,Yale,https://www.collegehockeynews.com/reports/team/Yale/59,59,False,False,https://www.collegehockeynews.com/box/final/20251102/yal/dar/,https://www.collegehockeynews.com/box/metrics.php?gd=111397,,college_hockey_news,https://www.collegehockeynews.com/schedules/team/Dartmouth/19/20252026,ECAC,ECAC
2025-26,Dartmouth,2025-11-07,Fri,W,4,1,True,False,False,Colgate,https://www.collegehockeynews.com/reports/team/Colgate/15,15,True,False,https://www.collegehockeynews.com/box/final/20251107/clg/dar/,https://www.collegehockeynews.com/box/metrics.php?gd=111374,,college_hockey_news,https://www.collegehockeynews.com/schedules/team/Dartmouth/19/20252026,ECAC,ECAC
2025-26,Dartmouth,2025-11-08,Sat,W,2,1,True,False,False,Cornell,https://www.collegehockeynews.com/reports/team/Cornell/18,18,True,False,https://www.collegehockeynews.com/box/final/20251108/cor/dar/,https://www.collegehockeynews.com/box/metrics.php?gd=111023,,college_hockey_news,https://www.collegehockeynews.com/schedules/team/Dartmouth/19/20252026,ECAC,ECAC
2025-26,Dartmouth,2025-11-14,Fri,W,6,1,False,True,False,St. Lawrence,https://www.collegehockeynews.com/reports/team/St-Lawrence/53,53,True,False,https://www.collegehockeynews.com/box/final/20251114/dar/stl/,https://www.collegehockeynews.com/box/metrics.php?gd=111163,,college_hockey_news,https://www.collegehockeynews.com/schedules/team/Dartmouth/19/20252026,ECAC,ECAC
2025-26,Dartmouth,2025-11-15,Sat,W,3,1,False,True,False,Clarkson,https://www.collegehockeynews.com/reports/team/Clarkson/14,14,True,False,https://www.collegehockeynews.com/box/final/20251115/dar/clk/,https://www.collegehockeynews.com/box/metrics.php?gd=110447,,college_hockey_news,https://www.collegehockeynews.com/schedules/team/Dartmouth/19/20252026,ECAC,ECAC
2025-26,Dartmouth,2025-11-28,Fri,W,7,2,True,False,False,Vermont,https://www.collegehockeynews.com/reports/team/Vermont/55,55,False,False,https://www.collegehockeynews.com/box/final/20251128/ver/dar/,https://www.collegehockeynews.com/box/metrics.php?gd=111289,,college_hockey_news,https://www.collegehockeynews.com/schedules/team/Dartmouth/19/20252026,ECAC,Hockey East
2025-26,Dartmouth,2025-11-29,Sat,W,1,0,True,False,False,Merrimack,https://www.collegehockeynews.com/reports/team/Merrimack/29,29,False,False,https://www.collegehockeynews.com/box/final/20251129/mer/dar/,https://www.collegehockeynews.com/box/metrics.php?gd=111398,,college_hockey_news,https://www.collegehockeynews.com/schedules/team/Dartmouth/19/20252026,ECAC,Hockey East
2025-26,Dartmouth,2025-12-05,Fri,W,7,3,True,False,False,Brown,https://www.collegehockeynews.com/reports/team/Brown/12,12,True,False,https://www.collegehockeynews.com/box/final/20251205/brn/dar/,https://www.collegehockeynews.com/box/metrics.php?gd=111399,,college_hockey_news,https://www.collegehockeynews.com/schedules/team/Dartmouth/19/20252026,ECAC,ECAC
2025-26,Dartmouth,2025-12-06,Sat,W,6,1,True,False,False,Yale,https://www.collegehockeynews.com/reports/team/Yale/59,59,True,False,https://www.collegehockeynews.com/box/final/20251206/yal/dar/,https://www.collegehockeynews.com/box/metrics.php?gd=111400,,college_hockey_news,https://www.collegehockeynews.com/schedules/team/Dartmouth/19/20252026,ECAC,ECAC
2025-26,Dartmouth,2025-12-12,Fri,W,3,0,True,False,False,Army,https://www.collegehockeynews.com/reports/team/Army/6,6,False,False,https://www.collegehockeynews.com/box/final/20251212/arm/dar/,https://www.collegehockeynews.com/box/metrics.php?gd=110816,,college_hockey_news,https://www.collegehockeynews.com/schedules/team/Dartmouth/19/20252026,ECAC,Atlantic Hockey
2025-26,Dartmouth,2025-12-14,Sun,L,2,3,False,True,False,New Hampshire,https://www.collegehockeynews.com/reports/team/New-Hampshire/38,38,False,True,https://www.collegehockeynews.com/box/final/20251214/dar/unh/,https://www.collegehockeynews.com/box/metrics.php?gd=111188,,college_hockey_news,https://www.collegehockeynews.com/schedules/team/Dartmouth/19/20252026,ECAC,Hockey East
2025-26,Dartmouth,2025-12-27,Sat,L,1,5,True,False,False,Arizona State,https://www.collegehockeynews.com/reports/team/Arizona-State/61,61,False,False,https://www.collegehockeynews.com/box/final/20251227/asu/dar/,https://www.collegehockeynews.com/box/metrics.php?gd=110386,,college_hockey_news,https://www.collegehockeynews.com/schedules/team/Dartmouth/19/20252026,ECAC,NCHC
2025-26,Dartmouth,2025-12-28,Sun,W,4,1,True,False,False,Arizona State,https://www.collegehockeynews.com/reports/team/Arizona-State/61,61,False,False,https://www.collegehockeynews.com/box/final/20251228/asu/dar/,https://www.collegehockeynews.com/box/metrics.php?gd=110387,,college_hockey_news,https://www.collegehockeynews.com/schedules/team/Dartmouth/19/20252026,ECAC,NCHC
2025-26,Dartmouth,2026-01-02,Fri,L,4,5,False,True,False,Princeton,https://www.collegehockeynews.com/reports/team/Princeton/45,45,True,False,https://www.collegehockeynews.com/box/final/20260102/dar/prn/,https://www.collegehockeynews.com/box/metrics.php?gd=111231,,college_hockey_news,https://www.collegehockeynews.com/schedules/team/Dartmouth/19/20252026,ECAC,ECAC
2025-26,Dartmouth,2026-01-03,Sat,L,3,5,False,True,False,Quinnipiac,https://www.collegehockeynews.com/reports/team/Quinnipiac/47,47,True,False,https://www.collegehockeynews.com/box/final/20260103/dar/qui/,https://www.collegehockeynews.com/box/metrics.php?gd=111061,,college_hockey_news,https://www.collegehockeynews.com/schedules/team/Dartmouth/19/20252026,ECAC,ECAC
2025-26,Dartmouth,2026-01-09,Fri,W,5,4,True,False,False,Harvard,https://www.collegehockeynews.com/reports/team/Harvard/22,22,True,False,https://www.collegehockeynews.com/box/final/20260109/har/dar/,https://www.collegehockeynews.com/box/metrics.php?gd=111218,,college_hockey_news,https://www.collegehockeynews.com/schedules/team/Dartmouth/19/20252026,ECAC,ECAC
2025-26,Dartmouth,2026-01-16,Fri,T-SOW,2,2,True,False,False,Clarkson,https://www.collegehockeynews.com/reports/team/Clarkson/14,14,True,True,https://www.collegehockeynews.com/box/final/20260116/clk/dar/,https://www.collegehockeynews.com/box/metrics.php?gd=110461,,college_hockey_news,https://www.collegehockeynews.com/schedules/team/Dartmouth/19/20252026,ECAC,ECAC
2025-26,Dartmouth,2026-01-17,Sat,W,4,0,True,False,False,St. Lawrence,https://www.collegehockeynews.com/reports/team/St-Lawrence/53,53,True,False,https://www.collegehockeynews.com/box/final/20260117/stl/dar/,https://www.collegehockeynews.com/box/metrics.php?gd=111173,,college_hockey_news,https://www.collegehockeynews.com/schedules/team/Dartmouth/19/20252026,ECAC,ECAC
2025-26,Dartmouth,2026-01-23,Fri,L,1,2,False,True,False,Cornell,https://www.collegehockeynews.com/reports/team/Cornell/18,18,True,True,https://www.collegehockeynews.com/box/final/20260123/dar/cor/,https://www.collegehockeynews.com/box/metrics.php?gd=111034,,college_hockey_news,https://www.collegehockeynews.com/schedules/team/Dartmouth/19/20252026,ECAC,ECAC
2025-26,Dartmouth,2026-01-24,Sat,L,2,5,False,True,False,Colgate,https://www.collegehockeynews.com/reports/team/Colgate/15,15,True,False,https://www.collegehockeynews.com/box/final/20260124/dar/clg/,https://www.collegehockeynews.com/box/metrics.php?gd=111377,,college_hockey_news,https://www.collegehockeynews.com/schedules/team/Dartmouth/19/20252026,ECAC,ECAC
2025-26,Dartmouth,2026-01-30,Fri,W,4,2,True,False,False,Union,https://www.collegehockeynews.com/reports/team/Union/54,54,True,False,https://www.collegehockeynews.com/box/final/20260130/uni/dar/,https://www.collegehockeynews.com/box/metrics.php?gd=111114,,college_hockey_news,https://www.collegehockeynews.com/schedules/team/Dartmouth/19/20252026,ECAC,ECAC
2025-26,Dartmouth,2026-01-31,Sat,W,3,1,True,False,False,RPI,https://www.collegehockeynews.com/reports/team/RPI/48,48,True,False,https://www.collegehockeynews.com/box/final/20260131/ren/dar/,https://www.collegehockeynews.com/box/metrics.php?gd=111088,,college_hockey_news,https://www.collegehockeynews.com/schedules/team/Dartmouth/19/20252026,ECAC,ECAC
2025-26,Dartmouth,2026-02-06,Fri,W,3,1,False,True,False,Harvard,https://www.collegehockeynews.com/reports/team/Harvard/22,22,True,False,https://www.collegehockeynews.com/box/final/20260206/dar/har/,https://www.collegehockeynews.com/box/metrics.php?gd=111220,,college_hockey_news,https://www.collegehockeynews.com/schedules/team/Dartmouth/19/20252026,ECAC,ECAC
2025-26,Dartmouth,2026-02-13,Fri,T-SOW,4,4,False,True,False,Yale,https://www.collegehockeynews.com/reports/team/Yale/59,59,True,True,https://www.collegehockeynews.com/box/final/20260213/dar/yal/,https://www.collegehockeynews.com/box/metrics.php?gd=111401,,college_hockey_news,https://www.collegehockeynews.com/schedules/team/Dartmouth/19/20252026,ECAC,ECAC
2025-26,Dartmouth,2026-02-14,Sat,L,3,4,False,True,False,Brown,https://www.collegehockeynews.com/reports/team/Brown/12,12,True,False,https://www.collegehockeynews.com/box/final/20260214/dar/brn/,https://www.collegehockeynews.com/box/metrics.php?gd=111402,,college_hockey_news,https://www.collegehockeynews.com/schedules/team/Dartmouth/19/20252026,ECAC,ECAC
2025-26,Dartmouth,2026-02-20,Fri,W,3,1,False,True,False,RPI,https://www.collegehockeynews.com/reports/team/RPI/48,48,True,False,https://www.collegehockeynews.com/box/final/20260220/dar/ren/,https://www.collegehockeynews.com/box/metrics.php?gd=111091,,college_hockey_news,https://www.collegehockeynews.com/schedules/team/Dartmouth/19/20252026,ECAC,ECAC
2025-26,Dartmouth,2026-02-21,Sat,T-SOW,3,3,False,True,False,Union,https://www.collegehockeynews.com/reports/team/Union/54,54,True,True,https://www.collegehockeynews.com/box/final/20260221/dar/uni/,https://www.collegehockeynews.com/box/metrics.php?gd=111118,,college_hockey_news,https://www.collegehockeynews.com/schedules/team/Dartmouth/19/20252026,ECAC,ECAC
2025-26,Dartmouth,2026-02-27,Fri,W,7,4,True,False,False,Quinnipiac,https://www.collegehockeynews.com/reports/team/Quinnipiac/47,47,True,False,https://www.collegehockeynews.com/box/final/20260227/qui/dar/,https://www.collegehockeynews.com/box/metrics.php?gd=111071,,college_hockey_news,https://www.collegehockeynews.com/schedules/team/Dartmouth/19/20252026,ECAC,ECAC
2025-26,Dartmouth,2026-02-28,Sat,T-SOL,2,2,True,False,False,Princeton,https://www.collegehockeynews.com/reports/team/Princeton/45,45,True,True,https://www.collegehockeynews.com/box/final/20260228/prn/dar/,https://www.collegehockeynews.com/box/metrics.php?gd=111236,,college_hockey_news,https://www.collegehockeynews.com/schedules/team/Dartmouth/19/20252026,ECAC,ECAC
2025-26,Dartmouth,2026-03-13,Fri,W,4,1,True,False,False,Colgate,https://www.collegehockeynews.com/reports/team/Colgate/15,15,False,False,https://www.collegehockeynews.com/box/final/20260313/clg/dar/,https://www.collegehockeynews.com/box/metrics.php?gd=112985,ECAC Tournament ECAC Quarterfinal,college_hockey_news,https://www.collegehockeynews.com/schedules/team/Dartmouth/19/20252026,ECAC,ECAC
2025-26,Dartmouth,2026-03-14,Sat,W,4,1,True,False,False,Colgate,https://www.collegehockeynews.com/reports/team/Colgate/15,15,False,False,https://www.collegehockeynews.com/box/final/20260314/clg/dar/,https://www.collegehockeynews.com/box/metrics.php?gd=112986,ECAC Tournament ECAC Quarterfinal,college_hockey_news,https://www.collegehockeynews.com/schedules/team/Dartmouth/19/20252026,ECAC,ECAC
2025-26,Dartmouth,2026-03-20,Fri,W,4,0,False,False,True,Clarkson,https://www.collegehockeynews.com/reports/team/Clarkson/14,14,False,False,https://www.collegehockeynews.com/box/final/20260320/clk/dar/,https://www.collegehockeynews.com/box/metrics.php?gd=112929,"ECAC Tournament ECAC Semifinal – 1980 Rink Herb Brooks Arena, Lake Placid, N.Y.",college_hockey_news,https://www.collegehockeynews.com/schedules/team/Dartmouth/19/20252026,ECAC,ECAC
2025-26,Dartmouth,2026-03-21,Sat,W,2,1,False,False,True,Princeton,https://www.collegehockeynews.com/reports/team/Princeton/45,45,False,True,https://www.collegehockeynews.com/box/final/20260321/prn/dar/,https://www.collegehockeynews.com/box/metrics.php?gd=112931,"ECAC Tournament ECAC Championship – 1980 Rink Herb Brooks Arena, Lake Placid, N.Y.",college_hockey_news,https://www.collegehockeynews.com/schedules/team/Dartmouth/19/20252026,ECAC,ECAC
2025-26,Dartmouth,2026-03-26,Thu,L,1,5,False,False,True,Wisconsin,https://www.collegehockeynews.com/reports/team/Wisconsin/58,58,False,False,https://www.collegehockeynews.com/box/final/20260326/wis/dar/,https://www.collegehockeynews.com/box/metrics.php?gd=112922,"NCAA Tournament Worcester Regional – DCU Center, Worcester, Mass.",college_hockey_news,https://www.collegehockeynews.com/schedules/team/Dartmouth/19/20252026,ECAC,Big Ten
2025-26,Harvard,2025-10-31,Fri,T,1,1,False,True,False,Connecticut,https://www.collegehockeynews.com/reports/team/Connecticut/17,17,False,True,https://www.collegehockeynews.com/box/final/20251031/har/con/,https://www.collegehockeynews.com/box/metrics.php?gd=111211,,college_hockey_news,https://www.collegehockeynews.com/schedules/team/Harvard/22/20252026,ECAC,Hockey East
2025-26,Harvard,2025-11-04,Tue,W,6,2,True,False,False,Stonehill,https://www.collegehockeynews.com/reports/team/Stonehill/422,422,False,False,https://www.collegehockeynews.com/box/final/20251104/stn/har/,https://www.collegehockeynews.com/box/metrics.php?gd=111212,,college_hockey_news,https://www.collegehockeynews.com/schedules/team/Harvard/22/20252026,ECAC,Independent
2025-26,Harvard,2025-11-07,Fri,L,1,3,True,False,False,Cornell,https://www.collegehockeynews.com/reports/team/Cornell/18,18,True,False,https://www.collegehockeynews.com/box/final/20251107/cor/har/,https://www.collegehockeynews.com/box/metrics.php?gd=111022,,college_hockey_news,https://www.collegehockeynews.com/schedules/team/Harvard/22/20252026,ECAC,ECAC
2025-26,Harvard,2025-11-08,Sat,W,6,5,True,False,False,Colgate,https://www.collegehockeynews.com/reports/team/Colgate/15,15,True,False,https://www.collegehockeynews.com/box/final/20251108/clg/har/,https://www.collegehockeynews.com/box/metrics.php?gd=111213,,college_hockey_news,https://www.collegehockeynews.com/schedules/team/Harvard/22/20252026,ECAC,ECAC
2025-26,Harvard,2025-11-14,Fri,W,2,1,False,True,False,Clarkson,https://www.collegehockeynews.com/reports/team/Clarkson/14,14,True,False,https://www.collegehockeynews.com/box/final/20251114/har/clk/,https://www.collegehockeynews.com/box/metrics.php?gd=110446,,college_hockey_news,https://www.collegehockeynews.com/schedules/team/Harvard/22/20252026,ECAC,ECAC
2025-26,Harvard,2025-11-15,Sat,W,4,3,False,True,False,St. Lawrence,https://www.collegehockeynews.com/reports/team/St-Lawrence/53,53,True,False,https://www.collegehockeynews.com/box/final/20251115/har/stl/,https://www.collegehockeynews.com/box/metrics.php?gd=111164,,college_hockey_news,https://www.collegehockeynews.com/schedules/team/Harvard/22/20252026,ECAC,ECAC
2025-26,Harvard,2025-11-22,Sat,W,5,1,False,True,False,Vermont,https://www.collegehockeynews.com/reports/team/Vermont/55,55,False,False,https://www.collegehockeynews.com/box/final/20251122/har/ver/,https://www.collegehockeynews.com/box/metrics.php?gd=111214,,college_hockey_news,https://www.collegehockeynews.com/schedules/team/Harvard/22/20252026,ECAC,Hockey East
2025-26,Harvard,2025-11-28,Fri,L,1,5,True,False,False,Michigan,https://www.collegehockeynews.com/reports/team/Michigan/31,31,False,False,https://www.collegehockeynews.com/box/final/20251128/mic/har/,https://www.collegehockeynews.com/box/metrics.php?gd=110703,,college_hockey_news,https://www.collegehockeynews.com/schedules/team/Harvard/22/20252026,ECAC,Big Ten
2025-26,Harvard,2025-11-29,Sat,L,3,4,True,False,False,Michigan,https://www.collegehockeynews.com/reports/team/Michigan/31,31,False,True,https://www.collegehockeynews.com/box/final/20251129/mic/har/,https://www.collegehockeynews.com/box/metrics.php?gd=110704,,college_hockey_news,https://www.collegehockeynews.com/schedules/team/Harvard/22/20252026,ECAC,Big Ten
2025-26,Harvard,2025-12-05,Fri,W,3,2,True,False,False,Yale,https://www.collegehockeynews.com/reports/team/Yale/59,59,True,False,https://www.collegehockeynews.com/box/final/20251205/yal/har/,https://www.collegehockeynews.com/box/metrics.php?gd=111215,,college_hockey_news,https://www.collegehockeynews.com/schedules/team/Harvard/22/20252026,ECAC,ECAC
2025-26,Harvard,2025-12-06,Sat,W,7,3,True,False,False,Brown,https://www.collegehockeynews.com/reports/team/Brown/12,12,True,False,https://www.collegehockeynews.com/box/final/20251206/brn/har/,https://www.collegehockeynews.com/box/metrics.php?gd=111216,,college_hockey_news,https://www.collegehockeynews.com/schedules/team/Harvard/22/20252026,ECAC,ECAC
2025-26,Harvard,2026-01-02,Fri,L,1,9,False,True,False,Quinnipiac,https://www.collegehockeynews.com/reports/team/Quinnipiac/47,47,True,False,https://www.collegehockeynews.com/box/final/20260102/har/qui/,https://www.collegehockeynews.com/box/metrics.php?gd=111060,,college_hockey_news,https://www.collegehockeynews.com/schedules/team/Harvard/22/20252026,ECAC,ECAC
2025-26,Harvard,2026-01-03,Sat,L,2,3,False,True,False,Princeton,https://www.collegehockeynews.com/reports/team/Princeton/45,45,True,False,https://www.collegehockeynews.com/box/final/20260103/har/prn/,https://www.collegehockeynews.com/box/metrics.php?gd=111217,,college_hockey_news,https://www.collegehockeynews.com/schedules/team/Harvard/22/20252026,ECAC,ECAC
2025-26,Harvard,2026-01-09,Fri,L,4,5,False,True,False,Dartmouth,https://www.collegehockeynews.com/reports/team/Dartmouth/19,19,True,False,https://www.collegehockeynews.com/box/final/20260109/har/dar/,https://www.collegehockeynews.com/box/metrics.php?gd=111218,,college_hockey_news,https://www.collegehockeynews.com/schedules/team/Harvard/22/20252026,ECAC,ECAC
2025-26,Harvard,2026-01-12,Mon,L,1,4,True,False,False,Boston University,https://www.collegehockeynews.com/reports/team/Boston-University/10,10,False,False,https://www.collegehockeynews.com/box/final/20260112/bu_/har/,https://www.collegehockeynews.com/box/metrics.php?gd=111140,,college_hockey_news,https://www.collegehockeynews.com/schedules/team/Harvard/22/20252026,ECAC,Hockey East
2025-26,Harvard,2026-01-16,Fri,W,5,1,True,False,False,St. Lawrence,https://www.collegehockeynews.com/reports/team/St-Lawrence/53,53,True,False,https://www.collegehockeynews.com/box/final/20260116/stl/har/,https://www.collegehockeynews.com/box/metrics.php?gd=111172,,college_hockey_news,https://www.collegehockeynews.com/schedules/team/Harvard/22/20252026,ECAC,ECAC
2025-26,Harvard,2026-01-17,Sat,W,2,1,True,False,False,Clarkson,https://www.collegehockeynews.com/reports/team/Clarkson/14,14,True,False,https://www.collegehockeynews.com/box/final/20260117/clk/har/,https://www.collegehockeynews.com/box/metrics.php?gd=110462,,college_hockey_news,https://www.collegehockeynews.com/schedules/team/Harvard/22/20252026,ECAC,ECAC
2025-26,Harvard,2026-01-19,Mon,W,4,0,True,False,False,Union,https://www.collegehockeynews.com/reports/team/Union/54,54,True,False,https://www.collegehockeynews.com/box/final/20260119/uni/har/,https://www.collegehockeynews.com/box/metrics.php?gd=111113,,college_hockey_news,https://www.collegehockeynews.com/schedules/team/Harvard/22/20252026,ECAC,ECAC
2025-26,Harvard,2026-01-23,Fri,W,3,1,False,True,False,Colgate,https://www.collegehockeynews.com/reports/team/Colgate/15,15,True,False,https://www.collegehockeynews.com/box/final/20260123/har/clg/,https://www.collegehockeynews.com/box/metrics.php?gd=111219,,college_hockey_news,https://www.collegehockeynews.com/schedules/team/Harvard/22/20252026,ECAC,ECAC
2025-26,Harvard,2026-01-24,Sat,L,1,4,False,True,False,Cornell,https://www.collegehockeynews.com/reports/team/Cornell/18,18,True,False,https://www.collegehockeynews.com/box/final/20260124/har/cor/,https://www.collegehockeynews.com/box/metrics.php?gd=111035,,college_hockey_news,https://www.collegehockeynews.com/schedules/team/Harvard/22/20252026,ECAC,ECAC
2025-26,Harvard,2026-01-30,Fri,W,3,1,True,False,False,RPI,https://www.collegehockeynews.com/reports/team/RPI/48,48,True,False,https://www.collegehockeynews.com/box/final/20260130/ren/har/,https://www.collegehockeynews.com/box/metrics.php?gd=111087,,college_hockey_news,https://www.collegehockeynews.com/schedules/team/Harvard/22/20252026,ECAC,ECAC
2025-26,Harvard,2026-02-02,Mon,L,1,5,False,False,True,Boston College,https://www.collegehockeynews.com/reports/team/Boston-College/9,9,False,False,https://www.collegehockeynews.com/box/final/20260202/bc_/har/,https://www.collegehockeynews.com/box/metrics.php?gd=111145,"Beanpot – TD Garden, Boston, Mass.",college_hockey_news,https://www.collegehockeynews.com/schedules/team/Harvard/22/20252026,ECAC,Hockey East
2025-26,Harvard,2026-02-06,Fri,L,1,3,True,False,False,Dartmouth,https://www.collegehockeynews.com/reports/team/Dartmouth/19,19,True,False,https://www.collegehockeynews.com/box/final/20260206/dar/har/,https://www.collegehockeynews.com/box/metrics.php?gd=111220,,college_hockey_news,https://www.collegehockeynews.com/schedules/team/Harvard/22/20252026,ECAC,ECAC
2025-26,Harvard,2026-02-09,Mon,W,4,1,False,False,True,Northeastern,https://www.collegehockeynews.com/reports/team/Northeastern/41,41,False,False,https://www.collegehockeynews.com/box/final/20260209/har/noe/,https://www.collegehockeynews.com/box/metrics.php?gd=111268,"Beanpot – TD Garden, Boston, Mass.",college_hockey_news,https://www.collegehockeynews.com/schedules/team/Harvard/22/20252026,ECAC,Hockey East
2025-26,Harvard,2026-02-13,Fri,T-SOL,2,2,False,True,False,Brown,https://www.collegehockeynews.com/reports/team/Brown/12,12,True,True,https://www.collegehockeynews.com/box/final/20260213/har/brn/,https://www.collegehockeynews.com/box/metrics.php?gd=111221,,college_hockey_news,https://www.collegehockeynews.com/schedules/team/Harvard/22/20252026,ECAC,ECAC
2025-26,Harvard,2026-02-14,Sat,L,2,3,False,True,False,Yale,https://www.collegehockeynews.com/reports/team/Yale/59,59,True,True,https://www.collegehockeynews.com/box/final/20260214/har/yal/,https://www.collegehockeynews.com/box/metrics.php?gd=111222,,college_hockey_news,https://www.collegehockeynews.com/schedules/team/Harvard/22/20252026,ECAC,ECAC
2025-26,Harvard,2026-02-20,Fri,L,1,4,False,True,False,Union,https://www.collegehockeynews.com/reports/team/Union/54,54,True,False,https://www.collegehockeynews.com/box/final/20260220/har/uni/,https://www.collegehockeynews.com/box/metrics.php?gd=111117,,college_hockey_news,https://www.collegehockeynews.com/schedules/team/Harvard/22/20252026,ECAC,ECAC
2025-26,Harvard,2026-02-21,Sat,L,1,3,False,True,False,RPI,https://www.collegehockeynews.com/reports/team/RPI/48,48,True,False,https://www.collegehockeynews.com/box/final/20260221/har/ren/,https://www.collegehockeynews.com/box/metrics.php?gd=111092,,college_hockey_news,https://www.collegehockeynews.com/schedules/team/Harvard/22/20252026,ECAC,ECAC
2025-26,Harvard,2026-02-27,Fri,W,5,3,True,False,False,Princeton,https://www.collegehockeynews.com/reports/team/Princeton/45,45,True,False,https://www.collegehockeynews.com/box/final/20260227/prn/har/,https://www.collegehockeynews.com/box/metrics.php?gd=111223,,college_hockey_news,https://www.collegehockeynews.com/schedules/team/Harvard/22/20252026,ECAC,ECAC
2025-26,Harvard,2026-02-28,Sat,L,1,4,True,False,False,Quinnipiac,https://www.collegehockeynews.com/reports/team/Quinnipiac/47,47,True,False,https://www.collegehockeynews.com/box/final/20260228/qui/har/,https://www.collegehockeynews.com/box/metrics.php?gd=111072,,college_hockey_news,https://www.collegehockeynews.com/schedules/team/Harvard/22/20252026,ECAC,ECAC
2025-26,Harvard,2026-03-06,Fri,W,4,3,True,False,False,St. Lawrence,https://www.collegehockeynews.com/reports/team/St-Lawrence/53,53,False,True,https://www.collegehockeynews.com/box/final/20260306/stl/har/,https://www.collegehockeynews.com/box/metrics.php?gd=112947,ECAC Tournament ECAC First Round,college_hockey_news,https://www.collegehockeynews.com/schedules/team/Harvard/22/20252026,ECAC,ECAC
2025-26,Harvard,2026-03-13,Fri,W,3,1,False,True,False,Cornell,https://www.collegehockeynews.com/reports/team/Cornell/18,18,False,False,https://www.collegehockeynews.com/box/final/20260313/har/cor/,https://www.collegehockeynews.com/box/metrics.php?gd=112987,"ECAC Tournament ECAC Quarterfinal – Lynah Rink, Ithaca, N.Y.",college_hockey_news,https://www.collegehockeynews.com/schedules/team/Harvard/22/20252026,ECAC,ECAC
2025-26,Harvard,2026-03-14,Sat,L,0,4,False,True,False,Cornell,https://www.collegehockeynews.com/reports/team/Cornell/18,18,False,False,https://www.collegehockeynews.com/box/final/20260314/har/cor/,https://www.collegehockeynews.com/box/metrics.php?gd=112988,"ECAC Tournament ECAC Quarterfinal – Lynah Rink, Ithaca, N.Y.",college_hockey_news,https://www.collegehockeynews.com/schedules/team/Harvard/22/20252026,ECAC,ECAC
2025-26,Harvard,2026-03-15,Sun,L,2,5,False,True,False,Cornell,https://www.collegehockeynews.com/reports/team/Cornell/18,18,False,False,https://www.collegehockeynews.com/box/final/20260315/har/cor/,https://www.collegehockeynews.com/box/metrics.php?gd=113014,"ECAC Tournament ECAC Quarterfinal – Lynah Rink, Ithaca, N.Y.",college_hockey_news,https://www.collegehockeynews.com/schedules/team/Harvard/22/20252026,ECAC,ECAC
2025-26,Princeton,2025-10-31,Fri,W,5,2,True,False,False,Alaska,https://www.collegehockeynews.com/reports/team/Alaska/4,4,False,False,https://www.collegehockeynews.com/box/final/20251031/akf/prn/,https://www.collegehockeynews.com/box/metrics.php?gd=111225,,college_hockey_news,https://www.collegehockeynews.com/schedules/team/Princeton/45/20252026,ECAC,Independent
2025-26,Princeton,2025-11-01,Sat,W,6,3,True,False,False,Alaska,https://www.collegehockeynews.com/reports/team/Alaska/4,4,False,False,https://www.collegehockeynews.com/box/final/20251101/akf/prn/,https://www.collegehockeynews.com/box/metrics.php?gd=111226,,college_hockey_news,https://www.collegehockeynews.com/schedules/team/Princeton/45/20252026,ECAC,Independent
2025-26,Princeton,2025-11-07,Fri,L,1,2,False,True,False,Brown,https://www.collegehockeynews.com/reports/team/Brown/12,12,True,False,https://www.collegehockeynews.com/box/final/20251107/prn/brn/,https://www.collegehockeynews.com/box/metrics.php?gd=111227,,college_hockey_news,https://www.collegehockeynews.com/schedules/team/Princeton/45/20252026,ECAC,ECAC
2025-26,Princeton,2025-11-08,Sat,L,1,2,False,True,False,Yale,https://www.collegehockeynews.com/reports/team/Yale/59,59,True,True,https://www.collegehockeynews.com/box/final/20251108/prn/yal/,https://www.collegehockeynews.com/box/metrics.php?gd=111228,,college_hockey_news,https://www.collegehockeynews.com/schedules/team/Princeton/45/20252026,ECAC,ECAC
2025-26,Princeton,2025-11-15,Sat,W,3,2,True,False,False,Stonehill,https://www.collegehockeynews.com/reports/team/Stonehill/422,422,False,False,https://www.collegehockeynews.com/box/final/20251115/stn/prn/,https://www.collegehockeynews.com/box/metrics.php?gd=111229,,college_hockey_news,https://www.collegehockeynews.com/schedules/team/Princeton/45/20252026,ECAC,Independent
2025-26,Princeton,2025-11-21,Fri,W,7,4,True,False,False,St. Lawrence,https://www.collegehockeynews.com/reports/team/St-Lawrence/53,53,True,False,https://www.collegehockeynews.com/box/final/20251121/stl/prn/,https://www.collegehockeynews.com/box/metrics.php?gd=111165,,college_hockey_news,https://www.collegehockeynews.com/schedules/team/Princeton/45/20252026,ECAC,ECAC
2025-26,Princeton,2025-11-22,Sat,W,4,3,True,False,False,Clarkson,https://www.collegehockeynews.com/reports/team/Clarkson/14,14,True,False,https://www.collegehockeynews.com/box/final/20251122/clk/prn/,https://www.collegehockeynews.com/box/metrics.php?gd=110449,,college_hockey_news,https://www.collegehockeynews.com/schedules/team/Princeton/45/20252026,ECAC,ECAC
2025-26,Princeton,2025-11-28,Fri,L,1,4,False,True,False,Bowling Green,https://www.collegehockeynews.com/reports/team/Bowling-Green/11,11,False,False,https://www.collegehockeynews.com/box/final/20251128/prn/bgs/,https://www.collegehockeynews.com/box/metrics.php?gd=110977,,college_hockey_news,https://www.collegehockeynews.com/schedules/team/Princeton/45/20252026,ECAC,CCHA
2025-26,Princeton,2025-11-29,Sat,L,3,4,False,True,False,Bowling Green,https://www.collegehockeynews.com/reports/team/Bowling-Green/11,11,False,False,https://www.collegehockeynews.com/box/final/20251129/prn/bgs/,https://www.collegehockeynews.com/box/metrics.php?gd=110978,,college_hockey_news,https://www.collegehockeynews.com/schedules/team/Princeton/45/20252026,ECAC,CCHA
2025-26,Princeton,2025-12-05,Fri,W,5,1,False,True,False,Union,https://www.collegehockeynews.com/reports/team/Union/54,54,True,False,https://www.collegehockeynews.com/box/final/20251205/prn/uni/,https://www.collegehockeynews.com/box/metrics.php?gd=111106,,college_hockey_news,https://www.collegehockeynews.com/schedules/team/Princeton/45/20252026,ECAC,ECAC
2025-26,Princeton,2025-12-06,Sat,W,4,0,False,True,False,RPI,https://www.collegehockeynews.com/reports/team/RPI/48,48,True,False,https://www.collegehockeynews.com/box/final/20251206/prn/ren/,https://www.collegehockeynews.com/box/metrics.php?gd=111081,,college_hockey_news,https://www.collegehockeynews.com/schedules/team/Princeton/45/20252026,ECAC,ECAC
2025-26,Princeton,2025-12-28,Sun,W,5,4,True,False,False,Brown,https://www.collegehockeynews.com/reports/team/Brown/12,12,False,True,https://www.collegehockeynews.com/box/final/20251228/brn/prn/,https://www.collegehockeynews.com/box/metrics.php?gd=111230,,college_hockey_news,https://www.collegehockeynews.com/schedules/team/Princeton/45/20252026,ECAC,ECAC
2025-26,Princeton,2026-01-02,Fri,W,5,4,True,False,False,Dartmouth,https://www.collegehockeynews.com/reports/team/Dartmouth/19,19,True,False,https://www.collegehockeynews.com/box/final/20260102/dar/prn/,https://www.collegehockeynews.com/box/metrics.php?gd=111231,,college_hockey_news,https://www.collegehockeynews.com/schedules/team/Princeton/45/20252026,ECAC,ECAC
2025-26,Princeton,2026-01-03,Sat,W,3,2,True,False,False,Harvard,https://www.collegehockeynews.com/reports/team/Harvard/22,22,True,False,https://www.collegehockeynews.com/box/final/20260103/har/prn/,https://www.collegehockeynews.com/box/metrics.php?gd=111217,,college_hockey_news,https://www.collegehockeynews.com/schedules/team/Princeton/45/20252026,ECAC,ECAC
2025-26,Princeton,2026-01-09,Fri,W,5,2,True,False,False,RPI,https://www.collegehockeynews.com/reports/team/RPI/48,48,True,False,https://www.collegehockeynews.com/box/final/20260109/ren/prn/,https://www.collegehockeynews.com/box/metrics.php?gd=111083,,college_hockey_news,https://www.collegehockeynews.com/schedules/team/Princeton/45/20252026,ECAC,ECAC
2025-26,Princeton,2026-01-10,Sat,L,2,4,True,False,False,Union,https://www.collegehockeynews.com/reports/team/Union/54,54,True,False,https://www.collegehockeynews.com/box/final/20260110/uni/prn/,https://www.collegehockeynews.com/box/metrics.php?gd=111110,,college_hockey_news,https://www.collegehockeynews.com/schedules/team/Princeton/45/20252026,ECAC,ECAC
2025-26,Princeton,2026-01-16,Fri,L,1,2,False,True,False,Cornell,https://www.collegehockeynews.com/reports/team/Cornell/18,18,True,False,https://www.collegehockeynews.com/box/final/20260116/prn/cor/,https://www.collegehockeynews.com/box/metrics.php?gd=111032,,college_hockey_news,https://www.collegehockeynews.com/schedules/team/Princeton/45/20252026,ECAC,ECAC
2025-26,Princeton,2026-01-17,Sat,L,0,2,False,True,False,Colgate,https://www.collegehockeynews.com/reports/team/Colgate/15,15,True,False,https://www.collegehockeynews.com/box/final/20260117/prn/clg/,https://www.collegehockeynews.com/box/metrics.php?gd=111232,,college_hockey_news,https://www.collegehockeynews.com/schedules/team/Princeton/45/20252026,ECAC,ECAC
2025-26,Princeton,2026-01-23,Fri,L,1,4,False,True,False,Bentley,https://www.collegehockeynews.com/reports/team/Bentley/8,8,False,False,https://www.collegehockeynews.com/box/final/20260123/prn/ben/,https://www.collegehockeynews.com/box/metrics.php?gd=110953,,college_hockey_news,https://www.collegehockeynews.com/schedules/team/Princeton/45/20252026,ECAC,Atlantic Hockey
2025-26,Princeton,2026-01-24,Sat,T,2,2,False,True,False,Bentley,https://www.collegehockeynews.com/reports/team/Bentley/8,8,False,True,https://www.collegehockeynews.com/box/final/20260124/prn/ben/,https://www.collegehockeynews.com/box/metrics.php?gd=110954,,college_hockey_news,https://www.collegehockeynews.com/schedules/team/Princeton/45/20252026,ECAC,Atlantic Hockey
2025-26,Princeton,2026-01-30,Fri,W,3,1,False,True,False,Clarkson,https://www.collegehockeynews.com/reports/team/Clarkson/14,14,True,False,https://www.collegehockeynews.com/box/final/20260130/prn/clk/,https://www.collegehockeynews.com/box/metrics.php?gd=110465,,college_hockey_news,https://www.collegehockeynews.com/schedules/team/Princeton/45/20252026,ECAC,ECAC
2025-26,Princeton,2026-01-31,Sat,L,2,6,False,True,False,St. Lawrence,https://www.collegehockeynews.com/reports/team/St-Lawrence/53,53,True,False,https://www.collegehockeynews.com/box/final/20260131/prn/stl/,https://www.collegehockeynews.com/box/metrics.php?gd=111174,,college_hockey_news,https://www.collegehockeynews.com/schedules/team/Princeton/45/20252026,ECAC,ECAC
2025-26,Princeton,2026-02-06,Fri,W,3,1,True,False,False,Yale,https://www.collegehockeynews.com/reports/team/Yale/59,59,True,False,https://www.collegehockeynews.com/box/final/20260206/yal/prn/,https://www.collegehockeynews.com/box/metrics.php?gd=111233,,college_hockey_news,https://www.collegehockeynews.com/schedules/team/Princeton/45/20252026,ECAC,ECAC
2025-26,Princeton,2026-02-07,Sat,W,5,3,True,False,False,Brown,https://www.collegehockeynews.com/reports/team/Brown/12,12,True,False,https://www.collegehockeynews.com/box/final/20260207/brn/prn/,https://www.collegehockeynews.com/box/metrics.php?gd=111234,,college_hockey_news,https://www.collegehockeynews.com/schedules/team/Princeton/45/20252026,ECAC,ECAC
2025-26,Princeton,2026-02-14,Sat,L,1,4,False,True,False,Quinnipiac,https://www.collegehockeynews.com/reports/team/Quinnipiac/47,47,True,False,https://www.collegehockeynews.com/box/final/20260214/prn/qui/,https://www.collegehockeynews.com/box/metrics.php?gd=111068,,college_hockey_news,https://www.collegehockeynews.com/schedules/team/Princeton/45/20252026,ECAC,ECAC
2025-26,Princeton,2026-02-15,Sun,L,1,4,True,False,False,Quinnipiac,https://www.collegehockeynews.com/reports/team/Quinnipiac/47,47,True,False,https://www.collegehockeynews.com/box/final/20260215/qui/prn/,https://www.collegehockeynews.com/box/metrics.php?gd=111069,,college_hockey_news,https://www.collegehockeynews.com/schedules/team/Princeton/45/20252026,ECAC,ECAC
2025-26,Princeton,2026-02-20,Fri,T-SOL,1,1,True,False,False,Colgate,https://www.collegehockeynews.com/reports/team/Colgate/15,15,True,True,https://www.collegehockeynews.com/box/final/20260220/clg/prn/,https://www.collegehockeynews.com/box/metrics.php?gd=111235,,college_hockey_news,https://www.collegehockeynews.com/schedules/team/Princeton/45/20252026,ECAC,ECAC
2025-26,Princeton,2026-02-21,Sat,W,4,2,True,False,False,Cornell,https://www.collegehockeynews.com/reports/team/Cornell/18,18,True,False,https://www.collegehockeynews.com/box/final/20260221/cor/prn/,https://www.collegehockeynews.com/box/metrics.php?gd=111043,,college_hockey_news,https://www.collegehockeynews.com/schedules/team/Princeton/45/20252026,ECAC,ECAC
2025-26,Princeton,2026-02-27,Fri,L,3,5,False,True,False,Harvard,https://www.collegehockeynews.com/reports/team/Harvard/22,22,True,False,https://www.collegehockeynews.com/box/final/20260227/prn/har/,https://www.collegehockeynews.com/box/metrics.php?gd=111223,,college_hockey_news,https://www.collegehockeynews.com/schedules/team/Princeton/45/20252026,ECAC,ECAC
2025-26,Princeton,2026-02-28,Sat,T-SOW,2,2,False,True,False,Dartmouth,https://www.collegehockeynews.com/reports/team/Dartmouth/19,19,True,True,https://www.collegehockeynews.com/box/final/20260228/prn/dar/,https://www.collegehockeynews.com/box/metrics.php?gd=111236,,college_hockey_news,https://www.collegehockeynews.com/schedules/team/Princeton/45/20252026,ECAC,ECAC
2025-26,Princeton,2026-03-13,Fri,W,5,2,True,False,False,Union,https://www.collegehockeynews.com/reports/team/Union/54,54,False,False,https://www.collegehockeynews.com/box/final/20260313/uni/prn/,https://www.collegehockeynews.com/box/metrics.php?gd=112989,ECAC Tournament ECAC Quarterfinal,college_hockey_news,https://www.collegehockeynews.com/schedules/team/Princeton/45/20252026,ECAC,ECAC
2025-26,Princeton,2026-03-14,Sat,W,5,2,True,False,False,Union,https://www.collegehockeynews.com/reports/team/Union/54,54,False,False,https://www.collegehockeynews.com/box/final/20260314/uni/prn/,https://www.collegehockeynews.com/box/metrics.php?gd=112990,ECAC Tournament ECAC Quarterfinal,college_hockey_news,https://www.collegehockeynews.com/schedules/team/Princeton/45/20252026,ECAC,ECAC
2025-26,Princeton,2026-03-20,Fri,W,3,2,False,False,True,Cornell,https://www.collegehockeynews.com/reports/team/Cornell/18,18,False,False,https://www.collegehockeynews.com/box/final/20260320/prn/cor/,https://www.collegehockeynews.com/box/metrics.php?gd=112930,"ECAC Tournament ECAC Semifinal – 1980 Rink Herb Brooks Arena, Lake Placid, N.Y.",college_hockey_news,https://www.collegehockeynews.com/schedules/team/Princeton/45/20252026,ECAC,ECAC
2025-26,Princeton,2026-03-21,Sat,L,1,2,False,False,True,Dartmouth,https://www.collegehockeynews.com/reports/team/Dartmouth/19,19,False,True,https://www.collegehockeynews.com/box/final/20260321/prn/dar/,https://www.collegehockeynews.com/box/metrics.php?gd=112931,"ECAC Tournament ECAC Championship – 1980 Rink Herb Brooks Arena, Lake Placid, N.Y.",college_hockey_news,https://www.collegehockeynews.com/schedules/team/Princeton/45/20252026,ECAC,ECAC
2025-26,Quinnipiac,2025-10-03,Fri,W,4,3,False,True,False,Boston College,https://www.collegehockeynews.com/reports/team/Boston-College/9,9,False,False,https://www.collegehockeynews.com/box/final/20251003/qui/bc_/,https://www.collegehockeynews.com/box/metrics.php?gd=111045,,college_hockey_news,https://www.collegehockeynews.com/schedules/team/Quinnipiac/47/20252026,ECAC,Hockey East
2025-26,Quinnipiac,2025-10-10,Fri,L,1,2,False,False,True,Alaska,https://www.collegehockeynews.com/reports/team/Alaska/4,4,False,False,https://www.collegehockeynews.com/box/final/20251010/akf/qui/,https://www.collegehockeynews.com/box/metrics.php?gd=110370,"Ice Breaker – Mullett Arena, Tempe, Ariz.",college_hockey_news,https://www.collegehockeynews.com/schedules/team/Quinnipiac/47/20252026,ECAC,Independent
2025-26,Quinnipiac,2025-10-11,Sat,W,7,2,False,False,True,Notre Dame,https://www.collegehockeynews.com/reports/team/Notre-Dame/43,43,False,False,https://www.collegehockeynews.com/box/final/20251011/ndm/qui/,https://www.collegehockeynews.com/box/metrics.php?gd=111243,"Ice Breaker – Mullett Arena, Tempe, Ariz.",college_hockey_news,https://www.collegehockeynews.com/schedules/team/Quinnipiac/47/20252026,ECAC,Big Ten
2025-26,Quinnipiac,2025-10-17,Fri,T,4,4,True,False,False,Maine,https://www.collegehockeynews.com/reports/team/Maine/25,25,False,True,https://www.collegehockeynews.com/box/final/20251017/mne/qui/,https://www.collegehockeynews.com/box/metrics.php?gd=111047,,college_hockey_news,https://www.collegehockeynews.com/schedules/team/Quinnipiac/47/20252026,ECAC,Hockey East
2025-26,Quinnipiac,2025-10-18,Sat,W,4,0,True,False,False,Maine,https://www.collegehockeynews.com/reports/team/Maine/25,25,False,False,https://www.collegehockeynews.com/box/final/20251018/mne/qui/,https://www.collegehockeynews.com/box/metrics.php?gd=111048,,college_hockey_news,https://www.collegehockeynews.com/schedules/team/Quinnipiac/47/20252026,ECAC,Hockey East
2025-26,Quinnipiac,2025-10-21,Tue,W,4,1,False,True,False,Holy Cross,https://www.collegehockeynews.com/reports/team/Holy-Cross/23,23,False,False,https://www.collegehockeynews.com/box/final/20251021/qui/hcr/,https://www.collegehockeynews.com/box/metrics.php?gd=110902,,college_hockey_news,https://www.collegehockeynews.com/schedules/team/Quinnipiac/47/20252026,ECAC,Atlantic Hockey
2025-26,Quinnipiac,2025-10-24,Fri,L,1,4,False,True,False,Merrimack,https://www.collegehockeynews.com/reports/team/Merrimack/29,29,False,False,https://www.collegehockeynews.com/box/final/20251024/qui/mer/,https://www.collegehockeynews.com/box/metrics.php?gd=111049,,college_hockey_news,https://www.collegehockeynews.com/schedules/team/Quinnipiac/47/20252026,ECAC,Hockey East
2025-26,Quinnipiac,2025-10-25,Sat,W,2,0,False,True,False,New Hampshire,https://www.collegehockeynews.com/reports/team/New-Hampshire/38,38,False,False,https://www.collegehockeynews.com/box/final/20251025/qui/unh/,https://www.collegehockeynews.com/box/metrics.php?gd=111050,,college_hockey_news,https://www.collegehockeynews.com/schedules/team/Quinnipiac/47/20252026,ECAC,Hockey East
2025-26,Quinnipiac,2025-11-04,Tue,T,2,2,True,False,False,Alaska,https://www.collegehockeynews.com/reports/team/Alaska/4,4,False,True,https://www.collegehockeynews.com/box/final/20251104/akf/qui/,https://www.collegehockeynews.com/box/metrics.php?gd=111051,,college_hockey_news,https://www.collegehockeynews.com/schedules/team/Quinnipiac/47/20252026,ECAC,Independent
2025-26,Quinnipiac,2025-11-07,Fri,L,2,4,False,True,False,Yale,https://www.collegehockeynews.com/reports/team/Yale/59,59,True,False,https://www.collegehockeynews.com/box/final/20251107/qui/yal/,https://www.collegehockeynews.com/box/metrics.php?gd=111052,,college_hockey_news,https://www.collegehockeynews.com/schedules/team/Quinnipiac/47/20252026,ECAC,ECAC
2025-26,Quinnipiac,2025-11-08,Sat,W,4,3,False,True,False,Brown,https://www.collegehockeynews.com/reports/team/Brown/12,12,True,True,https://www.collegehockeynews.com/box/final/20251108/qui/brn/,https://www.collegehockeynews.com/box/metrics.php?gd=111053,,college_hockey_news,https://www.collegehockeynews.com/schedules/team/Quinnipiac/47/20252026,ECAC,ECAC
2025-26,Quinnipiac,2025-11-15,Sat,W,6,2,True,False,False,Boston University,https://www.collegehockeynews.com/reports/team/Boston-University/10,10,False,False,https://www.collegehockeynews.com/box/final/20251115/bu_/qui/,https://www.collegehockeynews.com/box/metrics.php?gd=111054,,college_hockey_news,https://www.collegehockeynews.com/schedules/team/Quinnipiac/47/20252026,ECAC,Hockey East
2025-26,Quinnipiac,2025-11-21,Fri,W,4,1,True,False,False,Clarkson,https://www.collegehockeynews.com/reports/team/Clarkson/14,14,True,False,https://www.collegehockeynews.com/box/final/20251121/clk/qui/,https://www.collegehockeynews.com/box/metrics.php?gd=110448,,college_hockey_news,https://www.collegehockeynews.com/schedules/team/Quinnipiac/47/20252026,ECAC,ECAC
2025-26,Quinnipiac,2025-11-22,Sat,W,4,2,True,False,False,St. Lawrence,https://www.collegehockeynews.com/reports/team/St-Lawrence/53,53,True,False,https://www.collegehockeynews.com/box/final/20251122/stl/qui/,https://www.collegehockeynews.com/box/metrics.php?gd=111055,,college_hockey_news,https://www.collegehockeynews.com/schedules/team/Quinnipiac/47/20252026,ECAC,ECAC
2025-26,Quinnipiac,2025-11-26,Wed,W,7,6,True,False,False,Holy Cross,https://www.collegehockeynews.com/reports/team/Holy-Cross/23,23,False,True,https://www.collegehockeynews.com/box/final/20251126/hcr/qui/,https://www.collegehockeynews.com/box/metrics.php?gd=110911,,college_hockey_news,https://www.collegehockeynews.com/schedules/team/Quinnipiac/47/20252026,ECAC,Atlantic Hockey
2025-26,Quinnipiac,2025-11-29,Sat,W,3,2,True,False,False,Stonehill,https://www.collegehockeynews.com/reports/team/Stonehill/422,422,False,False,https://www.collegehockeynews.com/box/final/20251129/stn/qui/,https://www.collegehockeynews.com/box/metrics.php?gd=111056,,college_hockey_news,https://www.collegehockeynews.com/schedules/team/Quinnipiac/47/20252026,ECAC,Independent
2025-26,Quinnipiac,2025-12-05,Fri,W,5,1,False,True,False,RPI,https://www.collegehockeynews.com/reports/team/RPI/48,48,True,False,https://www.collegehockeynews.com/box/final/20251205/qui/ren/,https://www.collegehockeynews.com/box/metrics.php?gd=111057,,college_hockey_news,https://www.collegehockeynews.com/schedules/team/Quinnipiac/47/20252026,ECAC,ECAC
2025-26,Quinnipiac,2025-12-06,Sat,L,0,4,False,True,False,Union,https://www.collegehockeynews.com/reports/team/Union/54,54,True,False,https://www.collegehockeynews.com/box/final/20251206/qui/uni/,https://www.collegehockeynews.com/box/metrics.php?gd=111058,,college_hockey_news,https://www.collegehockeynews.com/schedules/team/Quinnipiac/47/20252026,ECAC,ECAC
2025-26,Quinnipiac,2026-01-02,Fri,W,9,1,True,False,False,Harvard,https://www.collegehockeynews.com/reports/team/Harvard/22,22,True,False,https://www.collegehockeynews.com/box/final/20260102/har/qui/,https://www.collegehockeynews.com/box/metrics.php?gd=111060,,college_hockey_news,https://www.collegehockeynews.com/schedules/team/Quinnipiac/47/20252026,ECAC,ECAC
2025-26,Quinnipiac,2026-01-03,Sat,W,5,3,True,False,False,Dartmouth,https://www.collegehockeynews.com/reports/team/Dartmouth/19,19,True,False,https://www.collegehockeynews.com/box/final/20260103/dar/qui/,https://www.collegehockeynews.com/box/metrics.php?gd=111061,,college_hockey_news,https://www.collegehockeynews.com/schedules/team/Quinnipiac/47/20252026,ECAC,ECAC
2025-26,Quinnipiac,2026-01-09,Fri,W,7,2,True,False,False,Union,https://www.collegehockeynews.com/reports/team/Union/54,54,True,False,https://www.collegehockeynews.com/box/final/20260109/uni/qui/,https://www.collegehockeynews.com/box/metrics.php?gd=111062,,college_hockey_news,https://www.collegehockeynews.com/schedules/team/Quinnipiac/47/20252026,ECAC,ECAC
2025-26,Quinnipiac,2026-01-10,Sat,W,4,3,True,False,False,RPI,https://www.collegehockeynews.com/reports/team/RPI/48,48,True,True,https://www.collegehockeynews.com/box/final/20260110/ren/qui/,https://www.collegehockeynews.com/box/metrics.php?gd=111063,,college_hockey_news,https://www.collegehockeynews.com/schedules/team/Quinnipiac/47/20252026,ECAC,ECAC
2025-26,Quinnipiac,2026-01-16,Fri,W,5,1,False,True,False,Colgate,https://www.collegehockeynews.com/reports/team/Colgate/15,15,True,False,https://www.collegehockeynews.com/box/final/20260116/qui/clg/,https://www.collegehockeynews.com/box/metrics.php?gd=111064,,college_hockey_news,https://www.collegehockeynews.com/schedules/team/Quinnipiac/47/20252026,ECAC,ECAC
2025-26,Quinnipiac,2026-01-17,Sat,W,4,1,False,True,False,Cornell,https://www.collegehockeynews.com/reports/team/Cornell/18,18,True,False,https://www.collegehockeynews.com/box/final/20260117/qui/cor/,https://www.collegehockeynews.com/box/metrics.php?gd=111033,,college_hockey_news,https://www.collegehockeynews.com/schedules/team/Quinnipiac/47/20252026,ECAC,ECAC
2025-26,Quinnipiac,2026-01-23,Fri,W,5,1,False,False,True,Sacred Heart,https://www.collegehockeynews.com/reports/team/Sacred-Heart/51,51,False,False,https://www.collegehockeynews.com/box/final/20260123/qui/sac/,https://www.collegehockeynews.com/box/metrics.php?gd=110995,"Connecticut Ice Tournament – Ingalls Rink, New Haven, Conn.",college_hockey_news,https://www.collegehockeynews.com/schedules/team/Quinnipiac/47/20252026,ECAC,Atlantic Hockey
2025-26,Quinnipiac,2026-01-24,Sat,L,2,4,False,False,True,Connecticut,https://www.collegehockeynews.com/reports/team/Connecticut/17,17,False,False,https://www.collegehockeynews.com/box/final/20260124/con/qui/,https://www.collegehockeynews.com/box/metrics.php?gd=111263,"Connecticut Ice Tournament – Ingalls Rink, New Haven, Conn.",college_hockey_news,https://www.collegehockeynews.com/schedules/team/Quinnipiac/47/20252026,ECAC,Hockey East
2025-26,Quinnipiac,2026-01-30,Fri,W,7,0,False,True,False,St. Lawrence,https://www.collegehockeynews.com/reports/team/St-Lawrence/53,53,True,False,https://www.collegehockeynews.com/box/final/20260130/qui/stl/,https://www.collegehockeynews.com/box/metrics.php?gd=111065,,college_hockey_news,https://www.collegehockeynews.com/schedules/team/Quinnipiac/47/20252026,ECAC,ECAC
2025-26,Quinnipiac,2026-01-31,Sat,T-SOL,3,3,False,True,False,Clarkson,https://www.collegehockeynews.com/reports/team/Clarkson/14,14,True,True,https://www.collegehockeynews.com/box/final/20260131/qui/clk/,https://www.collegehockeynews.com/box/metrics.php?gd=110466,,college_hockey_news,https://www.collegehockeynews.com/schedules/team/Quinnipiac/47/20252026,ECAC,ECAC
2025-26,Quinnipiac,2026-02-06,Fri,W,9,1,True,False,False,Brown,https://www.collegehockeynews.com/reports/team/Brown/12,12,True,False,https://www.collegehockeynews.com/box/final/20260206/brn/qui/,https://www.collegehockeynews.com/box/metrics.php?gd=111066,,college_hockey_news,https://www.collegehockeynews.com/schedules/team/Quinnipiac/47/20252026,ECAC,ECAC
2025-26,Quinnipiac,2026-02-07,Sat,W,8,0,True,False,False,Yale,https://www.collegehockeynews.com/reports/team/Yale/59,59,True,False,https://www.collegehockeynews.com/box/final/20260207/yal/qui/,https://www.collegehockeynews.com/box/metrics.php?gd=111067,,college_hockey_news,https://www.collegehockeynews.com/schedules/team/Quinnipiac/47/20252026,ECAC,ECAC
2025-26,Quinnipiac,2026-02-14,Sat,W,4,1,True,False,False,Princeton,https://www.collegehockeynews.com/reports/team/Princeton/45,45,True,False,https://www.collegehockeynews.com/box/final/20260214/prn/qui/,https://www.collegehockeynews.com/box/metrics.php?gd=111068,,college_hockey_news,https://www.collegehockeynews.com/schedules/team/Quinnipiac/47/20252026,ECAC,ECAC
2025-26,Quinnipiac,2026-02-15,Sun,W,4,1,False,True,False,Princeton,https://www.collegehockeynews.com/reports/team/Princeton/45,45,True,False,https://www.collegehockeynews.com/box/final/20260215/qui/prn/,https://www.collegehockeynews.com/box/metrics.php?gd=111069,,college_hockey_news,https://www.collegehockeynews.com/schedules/team/Quinnipiac/47/20252026,ECAC,ECAC
2025-26,Quinnipiac,2026-02-20,Fri,L,1,6,True,False,False,Cornell,https://www.collegehockeynews.com/reports/team/Cornell/18,18,True,False,https://www.collegehockeynews.com/box/final/20260220/cor/qui/,https://www.collegehockeynews.com/box/metrics.php?gd=111042,,college_hockey_news,https://www.collegehockeynews.com/schedules/team/Quinnipiac/47/20252026,ECAC,ECAC
2025-26,Quinnipiac,2026-02-21,Sat,W,5,2,True,False,False,Colgate,https://www.collegehockeynews.com/reports/team/Colgate/15,15,True,False,https://www.collegehockeynews.com/box/final/20260221/clg/qui/,https://www.collegehockeynews.com/box/metrics.php?gd=111070,,college_hockey_news,https://www.collegehockeynews.com/schedules/team/Quinnipiac/47/20252026,ECAC,ECAC
2025-26,Quinnipiac,2026-02-27,Fri,L,4,7,False,True,False,Dartmouth,https://www.collegehockeynews.com/reports/team/Dartmouth/19,19,True,False,https://www.collegehockeynews.com/box/final/20260227/qui/dar/,https://www.collegehockeynews.com/box/metrics.php?gd=111071,,college_hockey_news,https://www.collegehockeynews.com/schedules/team/Quinnipiac/47/20252026,ECAC,ECAC
2025-26,Quinnipiac,2026-02-28,Sat,W,4,1,False,True,False,Harvard,https://www.collegehockeynews.com/reports/team/Harvard/22,22,True,False,https://www.collegehockeynews.com/box/final/20260228/qui/har/,https://www.collegehockeynews.com/box/metrics.php?gd=111072,,college_hockey_news,https://www.collegehockeynews.com/schedules/team/Quinnipiac/47/20252026,ECAC,ECAC
2025-26,Quinnipiac,2026-03-13,Fri,L,0,3,True,False,False,Clarkson,https://www.collegehockeynews.com/reports/team/Clarkson/14,14,False,False,https://www.collegehockeynews.com/box/final/20260313/clk/qui/,https://www.collegehockeynews.com/box/metrics.php?gd=112983,ECAC Tournament ECAC Quarterfinal,college_hockey_news,https://www.collegehockeynews.com/schedules/team/Quinnipiac/47/20252026,ECAC,ECAC
2025-26,Quinnipiac,2026-03-14,Sat,L,3,4,True,False,False,Clarkson,https://www.collegehockeynews.com/reports/team/Clarkson/14,14,False,False,https://www.collegehockeynews.com/box/final/20260314/clk/qui/,https://www.collegehockeynews.com/box/metrics.php?gd=112984,ECAC Tournament ECAC Quarterfinal,college_hockey_news,https://www.collegehockeynews.com/schedules/team/Quinnipiac/47/20252026,ECAC,ECAC
2025-26,Quinnipiac,2026-03-26,Thu,W,5,2,False,False,True,Providence,https://www.collegehockeynews.com/reports/team/Providence/46,46,False,False,https://www.collegehockeynews.com/box/final/20260326/qui/prv/,https://www.collegehockeynews.com/box/metrics.php?gd=112919,"NCAA Tournament Sioux Falls Regional – Denny Sanford Premier Center, Sioux Falls, S.D.",college_hockey_news,https://www.collegehockeynews.com/schedules/team/Quinnipiac/47/20252026,ECAC,Hockey East
2025-26,Quinnipiac,2026-03-28,Sat,L,0,5,False,False,True,North Dakota,https://www.collegehockeynews.com/reports/team/North-Dakota/40,40,False,False,https://www.collegehockeynews.com/box/final/20260328/qui/ndk/,https://www.collegehockeynews.com/box/metrics.php?gd=112920,"NCAA Tournament Sioux Falls Regional Final – Denny Sanford Premier Center, Sioux Falls, S.D.",college_hockey_news,https://www.collegehockeynews.com/schedules/team/Quinnipiac/47/20252026,ECAC,NCHC
2025-26,RPI,2025-10-10,Fri,L,3,5,True,False,False,Miami,https://www.collegehockeynews.com/reports/team/Miami/30,30,False,False,https://www.collegehockeynews.com/box/final/20251010/mia/ren/,https://www.collegehockeynews.com/box/metrics.php?gd=110574,,college_hockey_news,https://www.collegehockeynews.com/schedules/team/RPI/48/20252026,ECAC,NCHC
2025-26,RPI,2025-10-11,Sat,L,0,5,True,False,False,Miami,https://www.collegehockeynews.com/reports/team/Miami/30,30,False,False,https://www.collegehockeynews.com/box/final/20251011/mia/ren/,https://www.collegehockeynews.com/box/metrics.php?gd=110575,,college_hockey_news,https://www.collegehockeynews.com/schedules/team/RPI/48/20252026,ECAC,NCHC
2025-26,RPI,2025-10-17,Fri,L,1,5,True,False,False,Boston College,https://www.collegehockeynews.com/reports/team/Boston-College/9,9,False,False,https://www.collegehockeynews.com/box/final/20251017/bc_/ren/,https://www.collegehockeynews.com/box/metrics.php?gd=111074,,college_hockey_news,https://www.collegehockeynews.com/schedules/team/RPI/48/20252026,ECAC,Hockey East
2025-26,RPI,2025-10-18,Sat,L,1,5,True,False,False,Providence,https://www.collegehockeynews.com/reports/team/Providence/46,46,False,False,https://www.collegehockeynews.com/box/final/20251018/prv/ren/,https://www.collegehockeynews.com/box/metrics.php?gd=111075,,college_hockey_news,https://www.collegehockeynews.com/schedules/team/RPI/48/20252026,ECAC,Hockey East
2025-26,RPI,2025-10-24,Fri,L,2,4,False,True,False,Minnesota State,https://www.collegehockeynews.com/reports/team/Minnesota-State/35,35,False,False,https://www.collegehockeynews.com/box/final/20251024/ren/mns/,https://www.collegehockeynews.com/box/metrics.php?gd=110598,,college_hockey_news,https://www.collegehockeynews.com/schedules/team/RPI/48/20252026,ECAC,CCHA
2025-26,RPI,2025-10-25,Sat,L,1,2,False,True,False,Minnesota State,https://www.collegehockeynews.com/reports/team/Minnesota-State/35,35,False,False,https://www.collegehockeynews.com/box/final/20251025/ren/mns/,https://www.collegehockeynews.com/box/metrics.php?gd=110599,,college_hockey_news,https://www.collegehockeynews.com/schedules/team/RPI/48/20252026,ECAC,CCHA
2025-26,RPI,2025-10-31,Fri,W,5,2,False,True,False,Union,https://www.collegehockeynews.com/reports/team/Union/54,54,True,False,https://www.collegehockeynews.com/box/final/20251031/ren/uni/,https://www.collegehockeynews.com/box/metrics.php?gd=111076,,college_hockey_news,https://www.collegehockeynews.com/schedules/team/RPI/48/20252026,ECAC,ECAC
2025-26,RPI,2025-11-01,Sat,L,0,3,True,False,False,Union,https://www.collegehockeynews.com/reports/team/Union/54,54,True,False,https://www.collegehockeynews.com/box/final/20251101/uni/ren/,https://www.collegehockeynews.com/box/metrics.php?gd=111077,,college_hockey_news,https://www.collegehockeynews.com/schedules/team/RPI/48/20252026,ECAC,ECAC
2025-26,RPI,2025-11-07,Fri,L,3,4,True,False,False,St. Lawrence,https://www.collegehockeynews.com/reports/team/St-Lawrence/53,53,True,False,https://www.collegehockeynews.com/box/final/20251107/stl/ren/,https://www.collegehockeynews.com/box/metrics.php?gd=111078,,college_hockey_news,https://www.collegehockeynews.com/schedules/team/RPI/48/20252026,ECAC,ECAC
2025-26,RPI,2025-11-08,Sat,W,5,1,True,False,False,Clarkson,https://www.collegehockeynews.com/reports/team/Clarkson/14,14,True,False,https://www.collegehockeynews.com/box/final/20251108/clk/ren/,https://www.collegehockeynews.com/box/metrics.php?gd=110445,,college_hockey_news,https://www.collegehockeynews.com/schedules/team/RPI/48/20252026,ECAC,ECAC
2025-26,RPI,2025-11-14,Fri,L,3,6,True,False,False,New Hampshire,https://www.collegehockeynews.com/reports/team/New-Hampshire/38,38,False,False,https://www.collegehockeynews.com/box/final/20251114/unh/ren/,https://www.collegehockeynews.com/box/metrics.php?gd=111079,,college_hockey_news,https://www.collegehockeynews.com/schedules/team/RPI/48/20252026,ECAC,Hockey East
2025-26,RPI,2025-11-15,Sat,W,2,0,True,False,False,Mass.-Lowell,https://www.collegehockeynews.com/reports/team/Mass-Lowell/26,26,False,False,https://www.collegehockeynews.com/box/final/20251115/uml/ren/,https://www.collegehockeynews.com/box/metrics.php?gd=110839,,college_hockey_news,https://www.collegehockeynews.com/schedules/team/RPI/48/20252026,ECAC,Hockey East
2025-26,RPI,2025-11-21,Fri,L,1,2,False,True,False,Colgate,https://www.collegehockeynews.com/reports/team/Colgate/15,15,True,False,https://www.collegehockeynews.com/box/final/20251121/ren/clg/,https://www.collegehockeynews.com/box/metrics.php?gd=111080,,college_hockey_news,https://www.collegehockeynews.com/schedules/team/RPI/48/20252026,ECAC,ECAC
2025-26,RPI,2025-11-22,Sat,L,1,6,False,True,False,Cornell,https://www.collegehockeynews.com/reports/team/Cornell/18,18,True,False,https://www.collegehockeynews.com/box/final/20251122/ren/cor/,https://www.collegehockeynews.com/box/metrics.php?gd=111027,,college_hockey_news,https://www.collegehockeynews.com/schedules/team/RPI/48/20252026,ECAC,ECAC
2025-26,RPI,2025-11-28,Fri,W,4,1,False,True,False,Niagara,https://www.collegehockeynews.com/reports/team/Niagara/39,39,False,False,https://www.collegehockeynews.com/box/final/20251128/ren/nia/,https://www.collegehockeynews.com/box/metrics.php?gd=110963,,college_hockey_news,https://www.collegehockeynews.com/schedules/team/RPI/48/20252026,ECAC,Atlantic Hockey
2025-26,RPI,2025-11-29,Sat,W,3,2,False,True,False,Niagara,https://www.collegehockeynews.com/reports/team/Niagara/39,39,False,False,https://www.collegehockeynews.com/box/final/20251129/ren/nia/,https://www.collegehockeynews.com/box/metrics.php?gd=110964,,college_hockey_news,https://www.collegehockeynews.com/schedules/team/RPI/48/20252026,ECAC,Atlantic Hockey
2025-26,RPI,2025-12-05,Fri,L,1,5,True,False,False,Quinnipiac,https://www.collegehockeynews.com/reports/team/Quinnipiac/47,47,True,False,https://www.collegehockeynews.com/box/final/20251205/qui/ren/,https://www.collegehockeynews.com/box/metrics.php?gd=111057,,college_hockey_news,https://www.collegehockeynews.com/schedules/team/RPI/48/20252026,ECAC,ECAC
2025-26,RPI,2025-12-06,Sat,L,0,4,True,False,False,Princeton,https://www.collegehockeynews.com/reports/team/Princeton/45,45,True,False,https://www.collegehockeynews.com/box/final/20251206/prn/ren/,https://www.collegehockeynews.com/box/metrics.php?gd=111081,,college_hockey_news,https://www.collegehockeynews.com/schedules/team/RPI/48/20252026,ECAC,ECAC
2025-26,RPI,2026-01-03,Sat,L,0,3,False,True,False,Vermont,https://www.collegehockeynews.com/reports/team/Vermont/55,55,False,False,https://www.collegehockeynews.com/box/final/20260103/ren/ver/,https://www.collegehockeynews.com/box/metrics.php?gd=111082,,college_hockey_news,https://www.collegehockeynews.com/schedules/team/RPI/48/20252026,ECAC,Hockey East
2025-26,RPI,2026-01-09,Fri,L,2,5,False,True,False,Princeton,https://www.collegehockeynews.com/reports/team/Princeton/45,45,True,False,https://www.collegehockeynews.com/box/final/20260109/ren/prn/,https://www.collegehockeynews.com/box/metrics.php?gd=111083,,college_hockey_news,https://www.collegehockeynews.com/schedules/team/RPI/48/20252026,ECAC,ECAC
2025-26,RPI,2026-01-10,Sat,L,3,4,False,True,False,Quinnipiac,https://www.collegehockeynews.com/reports/team/Quinnipiac/47,47,True,True,https://www.collegehockeynews.com/box/final/20260110/ren/qui/,https://www.collegehockeynews.com/box/metrics.php?gd=111063,,college_hockey_news,https://www.collegehockeynews.com/schedules/team/RPI/48/20252026,ECAC,ECAC
2025-26,RPI,2026-01-16,Fri,L,3,8,True,False,False,Yale,https://www.collegehockeynews.com/reports/team/Yale/59,59,True,False,https://www.collegehockeynews.com/box/final/20260116/yal/ren/,https://www.collegehockeynews.com/box/metrics.php?gd=111084,,college_hockey_news,https://www.collegehockeynews.com/schedules/team/RPI/48/20252026,ECAC,ECAC
2025-26,RPI,2026-01-17,Sat,W,4,1,True,False,False,Brown,https://www.collegehockeynews.com/reports/team/Brown/12,12,True,False,https://www.collegehockeynews.com/box/final/20260117/brn/ren/,https://www.collegehockeynews.com/box/metrics.php?gd=111085,,college_hockey_news,https://www.collegehockeynews.com/schedules/team/RPI/48/20252026,ECAC,ECAC
2025-26,RPI,2026-01-24,Sat,L,4,5,False,False,True,Union,https://www.collegehockeynews.com/reports/team/Union/54,54,False,True,https://www.collegehockeynews.com/box/final/20260124/ren/uni/,https://www.collegehockeynews.com/box/metrics.php?gd=111086,"Mayors Cup – MVP Arena, Albany, N.Y.",college_hockey_news,https://www.collegehockeynews.com/schedules/team/RPI/48/20252026,ECAC,ECAC
2025-26,RPI,2026-01-30,Fri,L,1,3,False,True,False,Harvard,https://www.collegehockeynews.com/reports/team/Harvard/22,22,True,False,https://www.collegehockeynews.com/box/final/20260130/ren/har/,https://www.collegehockeynews.com/box/metrics.php?gd=111087,,college_hockey_news,https://www.collegehockeynews.com/schedules/team/RPI/48/20252026,ECAC,ECAC
2025-26,RPI,2026-01-31,Sat,L,1,3,False,True,False,Dartmouth,https://www.collegehockeynews.com/reports/team/Dartmouth/19,19,True,False,https://www.collegehockeynews.com/box/final/20260131/ren/dar/,https://www.collegehockeynews.com/box/metrics.php?gd=111088,,college_hockey_news,https://www.collegehockeynews.com/schedules/team/RPI/48/20252026,ECAC,ECAC
2025-26,RPI,2026-02-06,Fri,W,4,3,False,True,False,Clarkson,https://www.collegehockeynews.com/reports/team/Clarkson/14,14,True,False,https://www.collegehockeynews.com/box/final/20260206/ren/clk/,https://www.collegehockeynews.com/box/metrics.php?gd=110467,,college_hockey_news,https://www.collegehockeynews.com/schedules/team/RPI/48/20252026,ECAC,ECAC
2025-26,RPI,2026-02-07,Sat,L,3,7,False,True,False,St. Lawrence,https://www.collegehockeynews.com/reports/team/St-Lawrence/53,53,True,False,https://www.collegehockeynews.com/box/final/20260207/ren/stl/,https://www.collegehockeynews.com/box/metrics.php?gd=111089,,college_hockey_news,https://www.collegehockeynews.com/schedules/team/RPI/48/20252026,ECAC,ECAC
2025-26,RPI,2026-02-13,Fri,T-SOL,1,1,True,False,False,Cornell,https://www.collegehockeynews.com/reports/team/Cornell/18,18,True,True,https://www.collegehockeynews.com/box/final/20260213/cor/ren/,https://www.collegehockeynews.com/box/metrics.php?gd=111040,,college_hockey_news,https://www.collegehockeynews.com/schedules/team/RPI/48/20252026,ECAC,ECAC
2025-26,RPI,2026-02-14,Sat,W,6,1,True,False,False,Colgate,https://www.collegehockeynews.com/reports/team/Colgate/15,15,True,False,https://www.collegehockeynews.com/box/final/20260214/clg/ren/,https://www.collegehockeynews.com/box/metrics.php?gd=111090,,college_hockey_news,https://www.collegehockeynews.com/schedules/team/RPI/48/20252026,ECAC,ECAC
2025-26,RPI,2026-02-20,Fri,L,1,3,True,False,False,Dartmouth,https://www.collegehockeynews.com/reports/team/Dartmouth/19,19,True,False,https://www.collegehockeynews.com/box/final/20260220/dar/ren/,https://www.collegehockeynews.com/box/metrics.php?gd=111091,,college_hockey_news,https://www.collegehockeynews.com/schedules/team/RPI/48/20252026,ECAC,ECAC
2025-26,RPI,2026-02-21,Sat,W,3,1,True,False,False,Harvard,https://www.collegehockeynews.com/reports/team/Harvard/22,22,True,False,https://www.collegehockeynews.com/box/final/20260221/har/ren/,https://www.collegehockeynews.com/box/metrics.php?gd=111092,,college_hockey_news,https://www.collegehockeynews.com/schedules/team/RPI/48/20252026,ECAC,ECAC
2025-26,RPI,2026-02-27,Fri,W,3,1,False,True,False,Brown,https://www.collegehockeynews.com/reports/team/Brown/12,12,True,False,https://www.collegehockeynews.com/box/final/20260227/ren/brn/,https://www.collegehockeynews.com/box/metrics.php?gd=111093,,college_hockey_news,https://www.collegehockeynews.com/schedules/team/RPI/48/20252026,ECAC,ECAC
2025-26,RPI,2026-02-28,Sat,W,4,2,False,True,False,Yale,https://www.collegehockeynews.com/reports/team/Yale/59,59,True,False,https://www.collegehockeynews.com/box/final/20260228/ren/yal/,https://www.collegehockeynews.com/box/metrics.php?gd=111094,,college_hockey_news,https://www.collegehockeynews.com/schedules/team/RPI/48/20252026,ECAC,ECAC
2025-26,RPI,2026-03-06,Fri,L,1,2,False,True,False,Clarkson,https://www.collegehockeynews.com/reports/team/Clarkson/14,14,False,False,https://www.collegehockeynews.com/box/final/20260306/ren/clk/,https://www.collegehockeynews.com/box/metrics.php?gd=112949,"ECAC Tournament ECAC First Round – Cheel Arena, Potsdam, N.Y.",college_hockey_news,https://www.collegehockeynews.com/schedules/team/RPI/48/20252026,ECAC,ECAC
2025-26,St. Lawrence,2025-10-04,Sat,L,2,5,False,True,False,Niagara,https://www.collegehockeynews.com/reports/team/Niagara/39,39,False,False,https://www.collegehockeynews.com/box/final/20251004/stl/nia/,https://www.collegehockeynews.com/box/metrics.php?gd=110957,,college_hockey_news,https://www.collegehockeynews.com/schedules/team/St-Lawrence/53/20252026,ECAC,Atlantic Hockey
2025-26,St. Lawrence,2025-10-05,Sun,L,2,4,False,True,False,Canisius,https://www.collegehockeynews.com/reports/team/Canisius/13,13,False,False,https://www.collegehockeynews.com/box/final/20251005/stl/cns/,https://www.collegehockeynews.com/box/metrics.php?gd=110754,,college_hockey_news,https://www.collegehockeynews.com/schedules/team/St-Lawrence/53/20252026,ECAC,Atlantic Hockey
2025-26,St. Lawrence,2025-10-10,Fri,L,1,2,False,True,False,Vermont,https://www.collegehockeynews.com/reports/team/Vermont/55,55,False,False,https://www.collegehockeynews.com/box/final/20251010/stl/ver/,https://www.collegehockeynews.com/box/metrics.php?gd=111158,,college_hockey_news,https://www.collegehockeynews.com/schedules/team/St-Lawrence/53/20252026,ECAC,Hockey East
2025-26,St. Lawrence,2025-10-12,Sun,W,5,2,True,False,False,Vermont,https://www.collegehockeynews.com/reports/team/Vermont/55,55,False,False,https://www.collegehockeynews.com/box/final/20251012/ver/stl/,https://www.collegehockeynews.com/box/metrics.php?gd=111159,,college_hockey_news,https://www.collegehockeynews.com/schedules/team/St-Lawrence/53/20252026,ECAC,Hockey East
2025-26,St. Lawrence,2025-10-16,Thu,L,2,8,False,True,False,Notre Dame,https://www.collegehockeynews.com/reports/team/Notre-Dame/43,43,False,False,https://www.collegehockeynews.com/box/final/20251016/stl/ndm/,https://www.collegehockeynews.com/box/metrics.php?gd=111160,,college_hockey_news,https://www.collegehockeynews.com/schedules/team/St-Lawrence/53/20252026,ECAC,Big Ten
2025-26,St. Lawrence,2025-10-17,Fri,L,0,3,False,True,False,Notre Dame,https://www.collegehockeynews.com/reports/team/Notre-Dame/43,43,False,False,https://www.collegehockeynews.com/box/final/20251017/stl/ndm/,https://www.collegehockeynews.com/box/metrics.php?gd=111161,,college_hockey_news,https://www.collegehockeynews.com/schedules/team/St-Lawrence/53/20252026,ECAC,Big Ten
2025-26,St. Lawrence,2025-10-31,Fri,T,3,3,True,False,False,Lake Superior,https://www.collegehockeynews.com/reports/team/Lake-Superior/24,24,False,True,https://www.collegehockeynews.com/box/final/20251031/lss/stl/,https://www.collegehockeynews.com/box/metrics.php?gd=111157,,college_hockey_news,https://www.collegehockeynews.com/schedules/team/St-Lawrence/53/20252026,ECAC,CCHA
2025-26,St. Lawrence,2025-11-01,Sat,L,0,3,True,False,False,Michigan Tech,https://www.collegehockeynews.com/reports/team/Michigan-Tech/33,33,False,False,https://www.collegehockeynews.com/box/final/20251101/mtu/stl/,https://www.collegehockeynews.com/box/metrics.php?gd=111017,,college_hockey_news,https://www.collegehockeynews.com/schedules/team/St-Lawrence/53/20252026,ECAC,CCHA
2025-26,St. Lawrence,2025-11-07,Fri,W,4,3,False,True,False,RPI,https://www.collegehockeynews.com/reports/team/RPI/48,48,True,False,https://www.collegehockeynews.com/box/final/20251107/stl/ren/,https://www.collegehockeynews.com/box/metrics.php?gd=111078,,college_hockey_news,https://www.collegehockeynews.com/schedules/team/St-Lawrence/53/20252026,ECAC,ECAC
2025-26,St. Lawrence,2025-11-08,Sat,L,2,5,False,True,False,Union,https://www.collegehockeynews.com/reports/team/Union/54,54,True,False,https://www.collegehockeynews.com/box/final/20251108/stl/uni/,https://www.collegehockeynews.com/box/metrics.php?gd=111103,,college_hockey_news,https://www.collegehockeynews.com/schedules/team/St-Lawrence/53/20252026,ECAC,ECAC
2025-26,St. Lawrence,2025-11-14,Fri,L,1,6,True,False,False,Dartmouth,https://www.collegehockeynews.com/reports/team/Dartmouth/19,19,True,False,https://www.collegehockeynews.com/box/final/20251114/dar/stl/,https://www.collegehockeynews.com/box/metrics.php?gd=111163,,college_hockey_news,https://www.collegehockeynews.com/schedules/team/St-Lawrence/53/20252026,ECAC,ECAC
2025-26,St. Lawrence,2025-11-15,Sat,L,3,4,True,False,False,Harvard,https://www.collegehockeynews.com/reports/team/Harvard/22,22,True,False,https://www.collegehockeynews.com/box/final/20251115/har/stl/,https://www.collegehockeynews.com/box/metrics.php?gd=111164,,college_hockey_news,https://www.collegehockeynews.com/schedules/team/St-Lawrence/53/20252026,ECAC,ECAC
2025-26,St. Lawrence,2025-11-21,Fri,L,4,7,False,True,False,Princeton,https://www.collegehockeynews.com/reports/team/Princeton/45,45,True,False,https://www.collegehockeynews.com/box/final/20251121/stl/prn/,https://www.collegehockeynews.com/box/metrics.php?gd=111165,,college_hockey_news,https://www.collegehockeynews.com/schedules/team/St-Lawrence/53/20252026,ECAC,ECAC
2025-26,St. Lawrence,2025-11-22,Sat,L,2,4,False,True,False,Quinnipiac,https://www.collegehockeynews.com/reports/team/Quinnipiac/47,47,True,False,https://www.collegehockeynews.com/box/final/20251122/stl/qui/,https://www.collegehockeynews.com/box/metrics.php?gd=111055,,college_hockey_news,https://www.collegehockeynews.com/schedules/team/St-Lawrence/53/20252026,ECAC,ECAC
2025-26,St. Lawrence,2025-11-28,Fri,L,0,2,False,False,True,Alaska,https://www.collegehockeynews.com/reports/team/Alaska/4,4,False,False,https://www.collegehockeynews.com/box/final/20251128/akf/stl/,https://www.collegehockeynews.com/box/metrics.php?gd=110450,"Adirondack Winter Invitational – 1980 Rink Herb Brooks Arena, Lake Placid, N.Y.",college_hockey_news,https://www.collegehockeynews.com/schedules/team/St-Lawrence/53/20252026,ECAC,Independent
2025-26,St. Lawrence,2025-11-29,Sat,L,3,7,False,False,True,Mass.-Lowell,https://www.collegehockeynews.com/reports/team/Mass-Lowell/26,26,False,False,https://www.collegehockeynews.com/box/final/20251129/uml/stl/,https://www.collegehockeynews.com/box/metrics.php?gd=110453,"Adirondack Winter Invitational – 1980 Rink Herb Brooks Arena, Lake Placid, N.Y.",college_hockey_news,https://www.collegehockeynews.com/schedules/team/St-Lawrence/53/20252026,ECAC,Hockey East
2025-26,St. Lawrence,2025-12-05,Fri,L,2,4,True,False,False,Colgate,https://www.collegehockeynews.com/reports/team/Colgate/15,15,True,False,https://www.collegehockeynews.com/box/final/20251205/clg/stl/,https://www.collegehockeynews.com/box/metrics.php?gd=111166,,college_hockey_news,https://www.collegehockeynews.com/schedules/team/St-Lawrence/53/20252026,ECAC,ECAC
2025-26,St. Lawrence,2025-12-06,Sat,L,2,7,True,False,False,Cornell,https://www.collegehockeynews.com/reports/team/Cornell/18,18,True,False,https://www.collegehockeynews.com/box/final/20251206/cor/stl/,https://www.collegehockeynews.com/box/metrics.php?gd=111029,,college_hockey_news,https://www.collegehockeynews.com/schedules/team/St-Lawrence/53/20252026,ECAC,ECAC
2025-26,St. Lawrence,2026-01-02,Fri,L,2,6,True,False,False,Stonehill,https://www.collegehockeynews.com/reports/team/Stonehill/422,422,False,False,https://www.collegehockeynews.com/box/final/20260102/stn/stl/,https://www.collegehockeynews.com/box/metrics.php?gd=111168,,college_hockey_news,https://www.collegehockeynews.com/schedules/team/St-Lawrence/53/20252026,ECAC,Independent
2025-26,St. Lawrence,2026-01-03,Sat,T,3,3,True,False,False,Stonehill,https://www.collegehockeynews.com/reports/team/Stonehill/422,422,False,True,https://www.collegehockeynews.com/box/final/20260103/stn/stl/,https://www.collegehockeynews.com/box/metrics.php?gd=111169,,college_hockey_news,https://www.collegehockeynews.com/schedules/team/St-Lawrence/53/20252026,ECAC,Independent
2025-26,St. Lawrence,2026-01-09,Fri,L,1,8,False,True,False,Yale,https://www.collegehockeynews.com/reports/team/Yale/59,59,True,False,https://www.collegehockeynews.com/box/final/20260109/stl/yal/,https://www.collegehockeynews.com/box/metrics.php?gd=111170,,college_hockey_news,https://www.collegehockeynews.com/schedules/team/St-Lawrence/53/20252026,ECAC,ECAC
2025-26,St. Lawrence,2026-01-10,Sat,L,1,4,False,True,False,Brown,https://www.collegehockeynews.com/reports/team/Brown/12,12,True,False,https://www.collegehockeynews.com/box/final/20260110/stl/brn/,https://www.collegehockeynews.com/box/metrics.php?gd=111171,,college_hockey_news,https://www.collegehockeynews.com/schedules/team/St-Lawrence/53/20252026,ECAC,ECAC
2025-26,St. Lawrence,2026-01-16,Fri,L,1,5,False,True,False,Harvard,https://www.collegehockeynews.com/reports/team/Harvard/22,22,True,False,https://www.collegehockeynews.com/box/final/20260116/stl/har/,https://www.collegehockeynews.com/box/metrics.php?gd=111172,,college_hockey_news,https://www.collegehockeynews.com/schedules/team/St-Lawrence/53/20252026,ECAC,ECAC
2025-26,St. Lawrence,2026-01-17,Sat,L,0,4,False,True,False,Dartmouth,https://www.collegehockeynews.com/reports/team/Dartmouth/19,19,True,False,https://www.collegehockeynews.com/box/final/20260117/stl/dar/,https://www.collegehockeynews.com/box/metrics.php?gd=111173,,college_hockey_news,https://www.collegehockeynews.com/schedules/team/St-Lawrence/53/20252026,ECAC,ECAC
2025-26,St. Lawrence,2026-01-23,Fri,T-SOW,5,5,False,True,False,Clarkson,https://www.collegehockeynews.com/reports/team/Clarkson/14,14,True,True,https://www.collegehockeynews.com/box/final/20260123/stl/clk/,https://www.collegehockeynews.com/box/metrics.php?gd=110463,,college_hockey_news,https://www.collegehockeynews.com/schedules/team/St-Lawrence/53/20252026,ECAC,ECAC
2025-26,St. Lawrence,2026-01-24,Sat,W,5,2,True,False,False,Clarkson,https://www.collegehockeynews.com/reports/team/Clarkson/14,14,True,False,https://www.collegehockeynews.com/box/final/20260124/clk/stl/,https://www.collegehockeynews.com/box/metrics.php?gd=110464,,college_hockey_news,https://www.collegehockeynews.com/schedules/team/St-Lawrence/53/20252026,ECAC,ECAC
2025-26,St. Lawrence,2026-01-30,Fri,L,0,7,True,False,False,Quinnipiac,https://www.collegehockeynews.com/reports/team/Quinnipiac/47,47,True,False,https://www.collegehockeynews.com/box/final/20260130/qui/stl/,https://www.collegehockeynews.com/box/metrics.php?gd=111065,,college_hockey_news,https://www.collegehockeynews.com/schedules/team/St-Lawrence/53/20252026,ECAC,ECAC
2025-26,St. Lawrence,2026-01-31,Sat,W,6,2,True,False,False,Princeton,https://www.collegehockeynews.com/reports/team/Princeton/45,45,True,False,https://www.collegehockeynews.com/box/final/20260131/prn/stl/,https://www.collegehockeynews.com/box/metrics.php?gd=111174,,college_hockey_news,https://www.collegehockeynews.com/schedules/team/St-Lawrence/53/20252026,ECAC,ECAC
2025-26,St. Lawrence,2026-02-06,Fri,L,1,4,True,False,False,Union,https://www.collegehockeynews.com/reports/team/Union/54,54,True,False,https://www.collegehockeynews.com/box/final/20260206/uni/stl/,https://www.collegehockeynews.com/box/metrics.php?gd=111115,,college_hockey_news,https://www.collegehockeynews.com/schedules/team/St-Lawrence/53/20252026,ECAC,ECAC
2025-26,St. Lawrence,2026-02-07,Sat,W,7,3,True,False,False,RPI,https://www.collegehockeynews.com/reports/team/RPI/48,48,True,False,https://www.collegehockeynews.com/box/final/20260207/ren/stl/,https://www.collegehockeynews.com/box/metrics.php?gd=111089,,college_hockey_news,https://www.collegehockeynews.com/schedules/team/St-Lawrence/53/20252026,ECAC,ECAC
2025-26,St. Lawrence,2026-02-20,Fri,W,3,1,True,False,False,Brown,https://www.collegehockeynews.com/reports/team/Brown/12,12,True,False,https://www.collegehockeynews.com/box/final/20260220/brn/stl/,https://www.collegehockeynews.com/box/metrics.php?gd=111175,,college_hockey_news,https://www.collegehockeynews.com/schedules/team/St-Lawrence/53/20252026,ECAC,ECAC
2025-26,St. Lawrence,2026-02-21,Sat,W,5,2,True,False,False,Yale,https://www.collegehockeynews.com/reports/team/Yale/59,59,True,False,https://www.collegehockeynews.com/box/final/20260221/yal/stl/,https://www.collegehockeynews.com/box/metrics.php?gd=111176,,college_hockey_news,https://www.collegehockeynews.com/schedules/team/St-Lawrence/53/20252026,ECAC,ECAC
2025-26,St. Lawrence,2026-02-27,Fri,L,1,5,False,True,False,Cornell,https://www.collegehockeynews.com/reports/team/Cornell/18,18,True,False,https://www.collegehockeynews.com/box/final/20260227/stl/cor/,https://www.collegehockeynews.com/box/metrics.php?gd=111044,,college_hockey_news,https://www.collegehockeynews.com/schedules/team/St-Lawrence/53/20252026,ECAC,ECAC
2025-26,St. Lawrence,2026-02-28,Sat,L,3,7,False,True,False,Colgate,https://www.collegehockeynews.com/reports/team/Colgate/15,15,True,False,https://www.collegehockeynews.com/box/final/20260228/stl/clg/,https://www.collegehockeynews.com/box/metrics.php?gd=111177,,college_hockey_news,https://www.collegehockeynews.com/schedules/team/St-Lawrence/53/20252026,ECAC,ECAC
2025-26,St. Lawrence,2026-03-06,Fri,L,3,4,False,True,False,Harvard,https://www.collegehockeynews.com/reports/team/Harvard/22,22,False,True,https://www.collegehockeynews.com/box/final/20260306/stl/har/,https://www.collegehockeynews.com/box/metrics.php?gd=112947,"ECAC Tournament ECAC First Round – Bright-Landry Hockey Center, Allston, Mass.",college_hockey_news,https://www.collegehockeynews.com/schedules/team/St-Lawrence/53/20252026,ECAC,ECAC
2025-26,Union,2025-10-04,Sat,T,1,1,True,False,False,Army,https://www.collegehockeynews.com/reports/team/Army/6,6,False,True,https://www.collegehockeynews.com/box/final/20251004/arm/uni/,https://www.collegehockeynews.com/box/metrics.php?gd=110801,,college_hockey_news,https://www.collegehockeynews.com/schedules/team/Union/54/20252026,ECAC,Atlantic Hockey
2025-26,Union,2025-10-10,Fri,W,5,2,False,True,False,Mercyhurst,https://www.collegehockeynews.com/reports/team/Mercyhurst/28,28,False,False,https://www.collegehockeynews.com/box/final/20251010/uni/mrc/,https://www.collegehockeynews.com/box/metrics.php?gd=111101,,college_hockey_news,https://www.collegehockeynews.com/schedules/team/Union/54/20252026,ECAC,Atlantic Hockey
2025-26,Union,2025-10-11,Sat,W,5,3,False,True,False,Mercyhurst,https://www.collegehockeynews.com/reports/team/Mercyhurst/28,28,False,False,https://www.collegehockeynews.com/box/final/20251011/uni/mrc/,https://www.collegehockeynews.com/box/metrics.php?gd=111102,,college_hockey_news,https://www.collegehockeynews.com/schedules/team/Union/54/20252026,ECAC,Atlantic Hockey
2025-26,Union,2025-10-17,Fri,W,3,2,True,False,False,Niagara,https://www.collegehockeynews.com/reports/team/Niagara/39,39,False,False,https://www.collegehockeynews.com/box/final/20251017/nia/uni/,https://www.collegehockeynews.com/box/metrics.php?gd=110960,,college_hockey_news,https://www.collegehockeynews.com/schedules/team/Union/54/20252026,ECAC,Atlantic Hockey
2025-26,Union,2025-10-18,Sat,W,6,0,True,False,False,Niagara,https://www.collegehockeynews.com/reports/team/Niagara/39,39,False,False,https://www.collegehockeynews.com/box/final/20251018/nia/uni/,https://www.collegehockeynews.com/box/metrics.php?gd=110961,,college_hockey_news,https://www.collegehockeynews.com/schedules/team/Union/54/20252026,ECAC,Atlantic Hockey
2025-26,Union,2025-10-31,Fri,L,2,5,True,False,False,RPI,https://www.collegehockeynews.com/reports/team/RPI/48,48,True,False,https://www.collegehockeynews.com/box/final/20251031/ren/uni/,https://www.collegehockeynews.com/box/metrics.php?gd=111076,,college_hockey_news,https://www.collegehockeynews.com/schedules/team/Union/54/20252026,ECAC,ECAC
2025-26,Union,2025-11-01,Sat,W,3,0,False,True,False,RPI,https://www.collegehockeynews.com/reports/team/RPI/48,48,True,False,https://www.collegehockeynews.com/box/final/20251101/uni/ren/,https://www.collegehockeynews.com/box/metrics.php?gd=111077,,college_hockey_news,https://www.collegehockeynews.com/schedules/team/Union/54/20252026,ECAC,ECAC
2025-26,Union,2025-11-07,Fri,L,1,5,True,False,False,Clarkson,https://www.collegehockeynews.com/reports/team/Clarkson/14,14,True,False,https://www.collegehockeynews.com/box/final/20251107/clk/uni/,https://www.collegehockeynews.com/box/metrics.php?gd=110444,,college_hockey_news,https://www.collegehockeynews.com/schedules/team/Union/54/20252026,ECAC,ECAC
2025-26,Union,2025-11-08,Sat,W,5,2,True,False,False,St. Lawrence,https://www.collegehockeynews.com/reports/team/St-Lawrence/53,53,True,False,https://www.collegehockeynews.com/box/final/20251108/stl/uni/,https://www.collegehockeynews.com/box/metrics.php?gd=111103,,college_hockey_news,https://www.collegehockeynews.com/schedules/team/Union/54/20252026,ECAC,ECAC
2025-26,Union,2025-11-14,Fri,W,7,1,True,False,False,Mass.-Lowell,https://www.collegehockeynews.com/reports/team/Mass-Lowell/26,26,False,False,https://www.collegehockeynews.com/box/final/20251114/uml/uni/,https://www.collegehockeynews.com/box/metrics.php?gd=110838,,college_hockey_news,https://www.collegehockeynews.com/schedules/team/Union/54/20252026,ECAC,Hockey East
2025-26,Union,2025-11-15,Sat,W,6,0,True,False,False,New Hampshire,https://www.collegehockeynews.com/reports/team/New-Hampshire/38,38,False,False,https://www.collegehockeynews.com/box/final/20251115/unh/uni/,https://www.collegehockeynews.com/box/metrics.php?gd=111104,,college_hockey_news,https://www.collegehockeynews.com/schedules/team/Union/54/20252026,ECAC,Hockey East
2025-26,Union,2025-11-21,Fri,L,1,2,False,True,False,Cornell,https://www.collegehockeynews.com/reports/team/Cornell/18,18,True,False,https://www.collegehockeynews.com/box/final/20251121/uni/cor/,https://www.collegehockeynews.com/box/metrics.php?gd=111026,,college_hockey_news,https://www.collegehockeynews.com/schedules/team/Union/54/20252026,ECAC,ECAC
2025-26,Union,2025-11-22,Sat,T-SOW,4,4,False,True,False,Colgate,https://www.collegehockeynews.com/reports/team/Colgate/15,15,True,True,https://www.collegehockeynews.com/box/final/20251122/uni/clg/,https://www.collegehockeynews.com/box/metrics.php?gd=111105,,college_hockey_news,https://www.collegehockeynews.com/schedules/team/Union/54/20252026,ECAC,ECAC
2025-26,Union,2025-11-28,Fri,W,8,1,False,False,True,Sacred Heart,https://www.collegehockeynews.com/reports/team/Sacred-Heart/51,51,False,False,https://www.collegehockeynews.com/box/final/20251128/sac/uni/,https://www.collegehockeynews.com/box/metrics.php?gd=110583,"Friendship Four – SSE Arena, Belfast, N. Ireland",college_hockey_news,https://www.collegehockeynews.com/schedules/team/Union/54/20252026,ECAC,Atlantic Hockey
2025-26,Union,2025-11-29,Sat,L,2,3,False,False,True,Miami,https://www.collegehockeynews.com/reports/team/Miami/30,30,False,False,https://www.collegehockeynews.com/box/final/20251129/uni/mia/,https://www.collegehockeynews.com/box/metrics.php?gd=111248,"Friendship Four – SSE Arena, Belfast, N. Ireland",college_hockey_news,https://www.collegehockeynews.com/schedules/team/Union/54/20252026,ECAC,NCHC
2025-26,Union,2025-12-05,Fri,L,1,5,True,False,False,Princeton,https://www.collegehockeynews.com/reports/team/Princeton/45,45,True,False,https://www.collegehockeynews.com/box/final/20251205/prn/uni/,https://www.collegehockeynews.com/box/metrics.php?gd=111106,,college_hockey_news,https://www.collegehockeynews.com/schedules/team/Union/54/20252026,ECAC,ECAC
2025-26,Union,2025-12-06,Sat,W,4,0,True,False,False,Quinnipiac,https://www.collegehockeynews.com/reports/team/Quinnipiac/47,47,True,False,https://www.collegehockeynews.com/box/final/20251206/qui/uni/,https://www.collegehockeynews.com/box/metrics.php?gd=111058,,college_hockey_news,https://www.collegehockeynews.com/schedules/team/Union/54/20252026,ECAC,ECAC
2025-26,Union,2025-12-12,Fri,W,5,1,True,False,False,Alaska,https://www.collegehockeynews.com/reports/team/Alaska/4,4,False,False,https://www.collegehockeynews.com/box/final/20251212/akf/uni/,https://www.collegehockeynews.com/box/metrics.php?gd=111107,,college_hockey_news,https://www.collegehockeynews.com/schedules/team/Union/54/20252026,ECAC,Independent
2025-26,Union,2025-12-13,Sat,W,3,2,True,False,False,Alaska,https://www.collegehockeynews.com/reports/team/Alaska/4,4,False,False,https://www.collegehockeynews.com/box/final/20251213/akf/uni/,https://www.collegehockeynews.com/box/metrics.php?gd=111108,,college_hockey_news,https://www.collegehockeynews.com/schedules/team/Union/54/20252026,ECAC,Independent
2025-26,Union,2026-01-09,Fri,L,2,7,False,True,False,Quinnipiac,https://www.collegehockeynews.com/reports/team/Quinnipiac/47,47,True,False,https://www.collegehockeynews.com/box/final/20260109/uni/qui/,https://www.collegehockeynews.com/box/metrics.php?gd=111062,,college_hockey_news,https://www.collegehockeynews.com/schedules/team/Union/54/20252026,ECAC,ECAC
2025-26,Union,2026-01-10,Sat,W,4,2,False,True,False,Princeton,https://www.collegehockeynews.com/reports/team/Princeton/45,45,True,False,https://www.collegehockeynews.com/box/final/20260110/uni/prn/,https://www.collegehockeynews.com/box/metrics.php?gd=111110,,college_hockey_news,https://www.collegehockeynews.com/schedules/team/Union/54/20252026,ECAC,ECAC
2025-26,Union,2026-01-16,Fri,W,4,0,True,False,False,Brown,https://www.collegehockeynews.com/reports/team/Brown/12,12,True,False,https://www.collegehockeynews.com/box/final/20260116/brn/uni/,https://www.collegehockeynews.com/box/metrics.php?gd=111111,,college_hockey_news,https://www.collegehockeynews.com/schedules/team/Union/54/20252026,ECAC,ECAC
2025-26,Union,2026-01-17,Sat,L,1,4,True,False,False,Yale,https://www.collegehockeynews.com/reports/team/Yale/59,59,True,False,https://www.collegehockeynews.com/box/final/20260117/yal/uni/,https://www.collegehockeynews.com/box/metrics.php?gd=111112,,college_hockey_news,https://www.collegehockeynews.com/schedules/team/Union/54/20252026,ECAC,ECAC
2025-26,Union,2026-01-19,Mon,L,0,4,False,True,False,Harvard,https://www.collegehockeynews.com/reports/team/Harvard/22,22,True,False,https://www.collegehockeynews.com/box/final/20260119/uni/har/,https://www.collegehockeynews.com/box/metrics.php?gd=111113,,college_hockey_news,https://www.collegehockeynews.com/schedules/team/Union/54/20252026,ECAC,ECAC
2025-26,Union,2026-01-24,Sat,W,5,4,False,False,True,RPI,https://www.collegehockeynews.com/reports/team/RPI/48,48,False,True,https://www.collegehockeynews.com/box/final/20260124/ren/uni/,https://www.collegehockeynews.com/box/metrics.php?gd=111086,"Mayors Cup – MVP Arena, Albany, N.Y.",college_hockey_news,https://www.collegehockeynews.com/schedules/team/Union/54/20252026,ECAC,ECAC
2025-26,Union,2026-01-30,Fri,L,2,4,False,True,False,Dartmouth,https://www.collegehockeynews.com/reports/team/Dartmouth/19,19,True,False,https://www.collegehockeynews.com/box/final/20260130/uni/dar/,https://www.collegehockeynews.com/box/metrics.php?gd=111114,,college_hockey_news,https://www.collegehockeynews.com/schedules/team/Union/54/20252026,ECAC,ECAC
2025-26,Union,2026-02-06,Fri,W,4,1,False,True,False,St. Lawrence,https://www.collegehockeynews.com/reports/team/St-Lawrence/53,53,True,False,https://www.collegehockeynews.com/box/final/20260206/uni/stl/,https://www.collegehockeynews.com/box/metrics.php?gd=111115,,college_hockey_news,https://www.collegehockeynews.com/schedules/team/Union/54/20252026,ECAC,ECAC
2025-26,Union,2026-02-07,Sat,L,7,8,False,True,False,Clarkson,https://www.collegehockeynews.com/reports/team/Clarkson/14,14,True,True,https://www.collegehockeynews.com/box/final/20260207/uni/clk/,https://www.collegehockeynews.com/box/metrics.php?gd=110468,,college_hockey_news,https://www.collegehockeynews.com/schedules/team/Union/54/20252026,ECAC,ECAC
2025-26,Union,2026-02-13,Fri,W,7,6,True,False,False,Colgate,https://www.collegehockeynews.com/reports/team/Colgate/15,15,True,False,https://www.collegehockeynews.com/box/final/20260213/clg/uni/,https://www.collegehockeynews.com/box/metrics.php?gd=111116,,college_hockey_news,https://www.collegehockeynews.com/schedules/team/Union/54/20252026,ECAC,ECAC
2025-26,Union,2026-02-14,Sat,W,4,1,True,False,False,Cornell,https://www.collegehockeynews.com/reports/team/Cornell/18,18,True,False,https://www.collegehockeynews.com/box/final/20260214/cor/uni/,https://www.collegehockeynews.com/box/metrics.php?gd=111041,,college_hockey_news,https://www.collegehockeynews.com/schedules/team/Union/54/20252026,ECAC,ECAC
2025-26,Union,2026-02-20,Fri,W,4,1,True,False,False,Harvard,https://www.collegehockeynews.com/reports/team/Harvard/22,22,True,False,https://www.collegehockeynews.com/box/final/20260220/har/uni/,https://www.collegehockeynews.com/box/metrics.php?gd=111117,,college_hockey_news,https://www.collegehockeynews.com/schedules/team/Union/54/20252026,ECAC,ECAC
2025-26,Union,2026-02-21,Sat,T-SOL,3,3,True,False,False,Dartmouth,https://www.collegehockeynews.com/reports/team/Dartmouth/19,19,True,True,https://www.collegehockeynews.com/box/final/20260221/dar/uni/,https://www.collegehockeynews.com/box/metrics.php?gd=111118,,college_hockey_news,https://www.collegehockeynews.com/schedules/team/Union/54/20252026,ECAC,ECAC
2025-26,Union,2026-02-27,Fri,W,5,4,False,True,False,Yale,https://www.collegehockeynews.com/reports/team/Yale/59,59,True,True,https://www.collegehockeynews.com/box/final/20260227/uni/yal/,https://www.collegehockeynews.com/box/metrics.php?gd=111119,,college_hockey_news,https://www.collegehockeynews.com/schedules/team/Union/54/20252026,ECAC,ECAC
2025-26,Union,2026-02-28,Sat,W,3,0,False,True,False,Brown,https://www.collegehockeynews.com/reports/team/Brown/12,12,True,False,https://www.collegehockeynews.com/box/final/20260228/uni/brn/,https://www.collegehockeynews.com/box/metrics.php?gd=111120,,college_hockey_news,https://www.collegehockeynews.com/schedules/team/Union/54/20252026,ECAC,ECAC
2025-26,Union,2026-03-07,Sat,W,9,0,True,False,False,Brown,https://www.collegehockeynews.com/reports/team/Brown/12,12,False,False,https://www.collegehockeynews.com/box/final/20260307/brn/uni/,https://www.collegehockeynews.com/box/metrics.php?gd=112946,ECAC Tournament ECAC First Round,college_hockey_news,https://www.collegehockeynews.com/schedules/team/Union/54/20252026,ECAC,ECAC
2025-26,Union,2026-03-13,Fri,L,2,5,False,True,False,Princeton,https://www.collegehockeynews.com/reports/team/Princeton/45,45,False,False,https://www.collegehockeynews.com/box/final/20260313/uni/prn/,https://www.collegehockeynews.com/box/metrics.php?gd=112989,"ECAC Tournament ECAC Quarterfinal – Hobey Baker Rink, Princeton, N.J.",college_hockey_news,https://www.collegehockeynews.com/schedules/team/Union/54/20252026,ECAC,ECAC
2025-26,Union,2026-03-14,Sat,L,2,5,False,True,False,Princeton,https://www.collegehockeynews.com/reports/team/Princeton/45,45,False,False,https://www.collegehockeynews.com/box/final/20260314/uni/prn/,https://www.collegehockeynews.com/box/metrics.php?gd=112990,"ECAC Tournament ECAC Quarterfinal – Hobey Baker Rink, Princeton, N.J.",college_hockey_news,https://www.collegehockeynews.com/schedules/team/Union/54/20252026,ECAC,ECAC
2025-26,Yale,2025-11-02,Sun,L,1,6,False,True,False,Dartmouth,https://www.collegehockeynews.com/reports/team/Dartmouth/19,19,False,False,https://www.collegehockeynews.com/box/final/20251102/yal/dar/,https://www.collegehockeynews.com/box/metrics.php?gd=111397,,college_hockey_news,https://www.collegehockeynews.com/schedules/team/Yale/59/20252026,ECAC,ECAC
2025-26,Yale,2025-11-07,Fri,W,4,2,True,False,False,Quinnipiac,https://www.collegehockeynews.com/reports/team/Quinnipiac/47,47,True,False,https://www.collegehockeynews.com/box/final/20251107/qui/yal/,https://www.collegehockeynews.com/box/metrics.php?gd=111052,,college_hockey_news,https://www.collegehockeynews.com/schedules/team/Yale/59/20252026,ECAC,ECAC
2025-26,Yale,2025-11-08,Sat,W,2,1,True,False,False,Princeton,https://www.collegehockeynews.com/reports/team/Princeton/45,45,True,True,https://www.collegehockeynews.com/box/final/20251108/prn/yal/,https://www.collegehockeynews.com/box/metrics.php?gd=111228,,college_hockey_news,https://www.collegehockeynews.com/schedules/team/Yale/59/20252026,ECAC,ECAC
2025-26,Yale,2025-11-14,Fri,L,3,4,False,True,False,Colgate,https://www.collegehockeynews.com/reports/team/Colgate/15,15,True,True,https://www.collegehockeynews.com/box/final/20251114/yal/clg/,https://www.collegehockeynews.com/box/metrics.php?gd=111375,,college_hockey_news,https://www.collegehockeynews.com/schedules/team/Yale/59/20252026,ECAC,ECAC
2025-26,Yale,2025-11-15,Sat,L,2,5,False,True,False,Cornell,https://www.collegehockeynews.com/reports/team/Cornell/18,18,True,False,https://www.collegehockeynews.com/box/final/20251115/yal/cor/,https://www.collegehockeynews.com/box/metrics.php?gd=111025,,college_hockey_news,https://www.collegehockeynews.com/schedules/team/Yale/59/20252026,ECAC,ECAC
2025-26,Yale,2025-11-21,Fri,L,2,4,False,True,False,Brown,https://www.collegehockeynews.com/reports/team/Brown/12,12,True,False,https://www.collegehockeynews.com/box/final/20251121/yal/brn/,https://www.collegehockeynews.com/box/metrics.php?gd=111506,,college_hockey_news,https://www.collegehockeynews.com/schedules/team/Yale/59/20252026,ECAC,ECAC
2025-26,Yale,2025-11-22,Sat,W,3,1,True,False,False,Brown,https://www.collegehockeynews.com/reports/team/Brown/12,12,True,False,https://www.collegehockeynews.com/box/final/20251122/brn/yal/,https://www.collegehockeynews.com/box/metrics.php?gd=111507,,college_hockey_news,https://www.collegehockeynews.com/schedules/team/Yale/59/20252026,ECAC,ECAC
2025-26,Yale,2025-11-28,Fri,W,2,1,True,False,False,Omaha,https://www.collegehockeynews.com/reports/team/Omaha/37,37,False,False,https://www.collegehockeynews.com/box/final/20251128/uno/yal/,https://www.collegehockeynews.com/box/metrics.php?gd=110706,,college_hockey_news,https://www.collegehockeynews.com/schedules/team/Yale/59/20252026,ECAC,NCHC
2025-26,Yale,2025-11-29,Sat,L,1,3,True,False,False,Omaha,https://www.collegehockeynews.com/reports/team/Omaha/37,37,False,False,https://www.collegehockeynews.com/box/final/20251129/uno/yal/,https://www.collegehockeynews.com/box/metrics.php?gd=110707,,college_hockey_news,https://www.collegehockeynews.com/schedules/team/Yale/59/20252026,ECAC,NCHC
2025-26,Yale,2025-12-05,Fri,L,2,3,False,True,False,Harvard,https://www.collegehockeynews.com/reports/team/Harvard/22,22,True,False,https://www.collegehockeynews.com/box/final/20251205/yal/har/,https://www.collegehockeynews.com/box/metrics.php?gd=111215,,college_hockey_news,https://www.collegehockeynews.com/schedules/team/Yale/59/20252026,ECAC,ECAC
2025-26,Yale,2025-12-06,Sat,L,1,6,False,True,False,Dartmouth,https://www.collegehockeynews.com/reports/team/Dartmouth/19,19,True,False,https://www.collegehockeynews.com/box/final/20251206/yal/dar/,https://www.collegehockeynews.com/box/metrics.php?gd=111400,,college_hockey_news,https://www.collegehockeynews.com/schedules/team/Yale/59/20252026,ECAC,ECAC
2025-26,Yale,2025-12-12,Fri,L,1,4,False,True,False,Merrimack,https://www.collegehockeynews.com/reports/team/Merrimack/29,29,False,False,https://www.collegehockeynews.com/box/final/20251212/yal/mer/,https://www.collegehockeynews.com/box/metrics.php?gd=111508,,college_hockey_news,https://www.collegehockeynews.com/schedules/team/Yale/59/20252026,ECAC,Hockey East
2025-26,Yale,2026-01-02,Fri,L,2,6,False,False,True,St. Cloud State,https://www.collegehockeynews.com/reports/team/St-Cloud-State/52,52,False,False,https://www.collegehockeynews.com/box/final/20260102/stc/yal/,https://www.collegehockeynews.com/box/metrics.php?gd=110614,"Cactus Cup – Acrisure Arena, Palm Springs, Calif.",college_hockey_news,https://www.collegehockeynews.com/schedules/team/Yale/59/20252026,ECAC,NCHC
2025-26,Yale,2026-01-03,Sat,L,3,4,False,False,True,Minnesota State,https://www.collegehockeynews.com/reports/team/Minnesota-State/35,35,False,False,https://www.collegehockeynews.com/box/final/20260103/yal/mns/,https://www.collegehockeynews.com/box/metrics.php?gd=111253,"Cactus Cup – Acrisure Arena, Palm Springs, Calif.",college_hockey_news,https://www.collegehockeynews.com/schedules/team/Yale/59/20252026,ECAC,CCHA
2025-26,Yale,2026-01-09,Fri,W,8,1,True,False,False,St. Lawrence,https://www.collegehockeynews.com/reports/team/St-Lawrence/53,53,True,False,https://www.collegehockeynews.com/box/final/20260109/stl/yal/,https://www.collegehockeynews.com/box/metrics.php?gd=111170,,college_hockey_news,https://www.collegehockeynews.com/schedules/team/Yale/59/20252026,ECAC,ECAC
2025-26,Yale,2026-01-10,Sat,L,2,3,True,False,False,Clarkson,https://www.collegehockeynews.com/reports/team/Clarkson/14,14,True,False,https://www.collegehockeynews.com/box/final/20260110/clk/yal/,https://www.collegehockeynews.com/box/metrics.php?gd=110460,,college_hockey_news,https://www.collegehockeynews.com/schedules/team/Yale/59/20252026,ECAC,ECAC
2025-26,Yale,2026-01-16,Fri,W,8,3,False,True,False,RPI,https://www.collegehockeynews.com/reports/team/RPI/48,48,True,False,https://www.collegehockeynews.com/box/final/20260116/yal/ren/,https://www.collegehockeynews.com/box/metrics.php?gd=111084,,college_hockey_news,https://www.collegehockeynews.com/schedules/team/Yale/59/20252026,ECAC,ECAC
2025-26,Yale,2026-01-17,Sat,W,4,1,False,True,False,Union,https://www.collegehockeynews.com/reports/team/Union/54,54,True,False,https://www.collegehockeynews.com/box/final/20260117/yal/uni/,https://www.collegehockeynews.com/box/metrics.php?gd=111112,,college_hockey_news,https://www.collegehockeynews.com/schedules/team/Yale/59/20252026,ECAC,ECAC
2025-26,Yale,2026-01-23,Fri,L,2,5,True,False,False,Connecticut,https://www.collegehockeynews.com/reports/team/Connecticut/17,17,False,False,https://www.collegehockeynews.com/box/final/20260123/con/yal/,https://www.collegehockeynews.com/box/metrics.php?gd=110994,Connecticut Ice Tournament,college_hockey_news,https://www.collegehockeynews.com/schedules/team/Yale/59/20252026,ECAC,Hockey East
2025-26,Yale,2026-01-24,Sat,L,2,3,True,False,False,Sacred Heart,https://www.collegehockeynews.com/reports/team/Sacred-Heart/51,51,False,False,https://www.collegehockeynews.com/box/final/20260124/sac/yal/,https://www.collegehockeynews.com/box/metrics.php?gd=111261,Connecticut Ice Tournament,college_hockey_news,https://www.collegehockeynews.com/schedules/team/Yale/59/20252026,ECAC,Atlantic Hockey
2025-26,Yale,2026-01-30,Fri,L,2,5,True,False,False,Cornell,https://www.collegehockeynews.com/reports/team/Cornell/18,18,True,False,https://www.collegehockeynews.com/box/final/20260130/cor/yal/,https://www.collegehockeynews.com/box/metrics.php?gd=111036,,college_hockey_news,https://www.collegehockeynews.com/schedules/team/Yale/59/20252026,ECAC,ECAC
2025-26,Yale,2026-01-31,Sat,L,3,6,True,False,False,Colgate,https://www.collegehockeynews.com/reports/team/Colgate/15,15,True,False,https://www.collegehockeynews.com/box/final/20260131/clg/yal/,https://www.collegehockeynews.com/box/metrics.php?gd=111379,,college_hockey_news,https://www.collegehockeynews.com/schedules/team/Yale/59/20252026,ECAC,ECAC
2025-26,Yale,2026-02-06,Fri,L,1,3,False,True,False,Princeton,https://www.collegehockeynews.com/reports/team/Princeton/45,45,True,False,https://www.collegehockeynews.com/box/final/20260206/yal/prn/,https://www.collegehockeynews.com/box/metrics.php?gd=111233,,college_hockey_news,https://www.collegehockeynews.com/schedules/team/Yale/59/20252026,ECAC,ECAC
2025-26,Yale,2026-02-07,Sat,L,0,8,False,True,False,Quinnipiac,https://www.collegehockeynews.com/reports/team/Quinnipiac/47,47,True,False,https://www.collegehockeynews.com/box/final/20260207/yal/qui/,https://www.collegehockeynews.com/box/metrics.php?gd=111067,,college_hockey_news,https://www.collegehockeynews.com/schedules/team/Yale/59/20252026,ECAC,ECAC
2025-26,Yale,2026-02-13,Fri,T-SOL,4,4,True,False,False,Dartmouth,https://www.collegehockeynews.com/reports/team/Dartmouth/19,19,True,True,https://www.collegehockeynews.com/box/final/20260213/dar/yal/,https://www.collegehockeynews.com/box/metrics.php?gd=111401,,college_hockey_news,https://www.collegehockeynews.com/schedules/team/Yale/59/20252026,ECAC,ECAC
2025-26,Yale,2026-02-14,Sat,W,3,2,True,False,False,Harvard,https://www.collegehockeynews.com/reports/team/Harvard/22,22,True,True,https://www.collegehockeynews.com/box/final/20260214/har/yal/,https://www.collegehockeynews.com/box/metrics.php?gd=111222,,college_hockey_news,https://www.collegehockeynews.com/schedules/team/Yale/59/20252026,ECAC,ECAC
2025-26,Yale,2026-02-20,Fri,L,1,4,False,True,False,Clarkson,https://www.collegehockeynews.com/reports/team/Clarkson/14,14,True,False,https://www.collegehockeynews.com/box/final/20260220/yal/clk/,https://www.collegehockeynews.com/box/metrics.php?gd=110469,,college_hockey_news,https://www.collegehockeynews.com/schedules/team/Yale/59/20252026,ECAC,ECAC
2025-26,Yale,2026-02-21,Sat,L,2,5,False,True,False,St. Lawrence,https://www.collegehockeynews.com/reports/team/St-Lawrence/53,53,True,False,https://www.collegehockeynews.com/box/final/20260221/yal/stl/,https://www.collegehockeynews.com/box/metrics.php?gd=111176,,college_hockey_news,https://www.collegehockeynews.com/schedules/team/Yale/59/20252026,ECAC,ECAC
2025-26,Yale,2026-02-27,Fri,L,4,5,True,False,False,Union,https://www.collegehockeynews.com/reports/team/Union/54,54,True,True,https://www.collegehockeynews.com/box/final/20260227/uni/yal/,https://www.collegehockeynews.com/box/metrics.php?gd=111119,,college_hockey_news,https://www.collegehockeynews.com/schedules/team/Yale/59/20252026,ECAC,ECAC
2025-26,Yale,2026-02-28,Sat,L,2,4,True,False,False,RPI,https://www.collegehockeynews.com/reports/team/RPI/48,48,True,False,https://www.collegehockeynews.com/box/final/20260228/ren/yal/,https://www.collegehockeynews.com/box/metrics.php?gd=111094,,college_hockey_news,https://www.collegehockeynews.com/schedules/team/Yale/59/20252026,ECAC,ECAC
2025-26,Yale,2026-03-07,Sat,L,2,3,False,True,False,Colgate,https://www.collegehockeynews.com/reports/team/Colgate/15,15,False,False,https://www.collegehockeynews.com/box/final/20260307/yal/clg/,https://www.collegehockeynews.com/box/metrics.php?gd=112948,"ECAC Tournament ECAC First Round – Class of 1965 Arena, Hamilton, N.Y.",college_hockey_news,https://www.collegehockeynews.com/schedules/team/Yale/59/20252026,ECAC,ECAC
2025-26,Boston College,2025-10-03,Fri,L,3,4,True,False,False,Quinnipiac,https://www.collegehockeynews.com/reports/team/Quinnipiac/47,47,False,False,https://www.collegehockeynews.com/box/final/20251003/qui/bc_/,https://www.collegehockeynews.com/box/metrics.php?gd=111045,,college_hockey_news,https://www.collegehockeynews.com/schedules/team/Boston-College/9/20252026,Hockey East,ECAC
2025-26,Boston College,2025-10-09,Thu,W,3,1,False,True,False,Minnesota,https://www.collegehockeynews.com/reports/team/Minnesota/34,34,False,False,https://www.collegehockeynews.com/box/final/20251009/bc_/min/,https://www.collegehockeynews.com/box/metrics.php?gd=110990,,college_hockey_news,https://www.collegehockeynews.com/schedules/team/Boston-College/9/20252026,Hockey East,Big Ten
2025-26,Boston College,2025-10-10,Fri,T,2,2,False,True,False,Minnesota,https://www.collegehockeynews.com/reports/team/Minnesota/34,34,False,True,https://www.collegehockeynews.com/box/final/20251010/bc_/min/,https://www.collegehockeynews.com/box/metrics.php?gd=110991,,college_hockey_news,https://www.collegehockeynews.com/schedules/team/Boston-College/9/20252026,Hockey East,Big Ten
2025-26,Boston College,2025-10-17,Fri,W,5,1,False,True,False,RPI,https://www.collegehockeynews.com/reports/team/RPI/48,48,False,False,https://www.collegehockeynews.com/box/final/20251017/bc_/ren/,https://www.collegehockeynews.com/box/metrics.php?gd=111074,,college_hockey_news,https://www.collegehockeynews.com/schedules/team/Boston-College/9/20252026,Hockey East,ECAC
2025-26,Boston College,2025-10-24,Fri,L,3,7,True,False,False,Denver,https://www.collegehockeynews.com/reports/team/Denver/20,20,False,False,https://www.collegehockeynews.com/box/final/20251024/den/bc_/,https://www.collegehockeynews.com/box/metrics.php?gd=110520,,college_hockey_news,https://www.collegehockeynews.com/schedules/team/Boston-College/9/20252026,Hockey East,NCHC
2025-26,Boston College,2025-10-30,Thu,L,1,4,True,False,False,Northeastern,https://www.collegehockeynews.com/reports/team/Northeastern/41,41,True,False,https://www.collegehockeynews.com/box/final/20251030/noe/bc_/,https://www.collegehockeynews.com/box/metrics.php?gd=111271,,college_hockey_news,https://www.collegehockeynews.com/schedules/team/Boston-College/9/20252026,Hockey East,Hockey East
2025-26,Boston College,2025-10-31,Fri,L,0,3,False,True,False,Northeastern,https://www.collegehockeynews.com/reports/team/Northeastern/41,41,True,False,https://www.collegehockeynews.com/box/final/20251031/bc_/noe/,https://www.collegehockeynews.com/box/metrics.php?gd=111272,,college_hockey_news,https://www.collegehockeynews.com/schedules/team/Boston-College/9/20252026,Hockey East,Hockey East
2025-26,Boston College,2025-11-07,Fri,W,2,1,False,True,False,Vermont,https://www.collegehockeynews.com/reports/team/Vermont/55,55,True,False,https://www.collegehockeynews.com/box/final/20251107/bc_/ver/,https://www.collegehockeynews.com/box/metrics.php?gd=111274,,college_hockey_news,https://www.collegehockeynews.com/schedules/team/Boston-College/9/20252026,Hockey East,Hockey East
2025-26,Boston College,2025-11-08,Sat,W,5,0,False,True,False,Vermont,https://www.collegehockeynews.com/reports/team/Vermont/55,55,True,False,https://www.collegehockeynews.com/box/final/20251108/bc_/ver/,https://www.collegehockeynews.com/box/metrics.php?gd=111275,,college_hockey_news,https://www.collegehockeynews.com/schedules/team/Boston-College/9/20252026,Hockey East,Hockey East
2025-26,Boston College,2025-11-14,Fri,W,7,3,True,False,False,Massachusetts,https://www.collegehockeynews.com/reports/team/Massachusetts/27,27,True,False,https://www.collegehockeynews.com/box/final/20251114/uma/bc_/,https://www.collegehockeynews.com/box/metrics.php?gd=110550,,college_hockey_news,https://www.collegehockeynews.com/schedules/team/Boston-College/9/20252026,Hockey East,Hockey East
2025-26,Boston College,2025-11-15,Sat,W,4,0,False,True,False,Massachusetts,https://www.collegehockeynews.com/reports/team/Massachusetts/27,27,True,False,https://www.collegehockeynews.com/box/final/20251115/bc_/uma/,https://www.collegehockeynews.com/box/metrics.php?gd=110551,,college_hockey_news,https://www.collegehockeynews.com/schedules/team/Boston-College/9/20252026,Hockey East,Hockey East
2025-26,Boston College,2025-11-21,Fri,W,7,3,True,False,False,Maine,https://www.collegehockeynews.com/reports/team/Maine/25,25,True,False,https://www.collegehockeynews.com/box/final/20251121/mne/bc_/,https://www.collegehockeynews.com/box/metrics.php?gd=111286,,college_hockey_news,https://www.collegehockeynews.com/schedules/team/Boston-College/9/20252026,Hockey East,Hockey East
2025-26,Boston College,2025-11-22,Sat,L,0,3,True,False,False,Maine,https://www.collegehockeynews.com/reports/team/Maine/25,25,True,False,https://www.collegehockeynews.com/box/final/20251122/mne/bc_/,https://www.collegehockeynews.com/box/metrics.php?gd=111287,,college_hockey_news,https://www.collegehockeynews.com/schedules/team/Boston-College/9/20252026,Hockey East,Hockey East
2025-26,Boston College,2025-11-28,Fri,W,5,3,True,False,False,Notre Dame,https://www.collegehockeynews.com/reports/team/Notre-Dame/43,43,False,False,https://www.collegehockeynews.com/box/final/20251128/ndm/bc_/,https://www.collegehockeynews.com/box/metrics.php?gd=111207,,college_hockey_news,https://www.collegehockeynews.com/schedules/team/Boston-College/9/20252026,Hockey East,Big Ten
2025-26,Boston College,2025-12-05,Fri,W,3,1,False,True,False,Mass.-Lowell,https://www.collegehockeynews.com/reports/team/Mass-Lowell/26,26,True,False,https://www.collegehockeynews.com/box/final/20251205/bc_/uml/,https://www.collegehockeynews.com/box/metrics.php?gd=110840,,college_hockey_news,https://www.collegehockeynews.com/schedules/team/Boston-College/9/20252026,Hockey East,Hockey East
2025-26,Boston College,2025-12-06,Sat,W,3,1,True,False,False,Mass.-Lowell,https://www.collegehockeynews.com/reports/team/Mass-Lowell/26,26,True,False,https://www.collegehockeynews.com/box/final/20251206/uml/bc_/,https://www.collegehockeynews.com/box/metrics.php?gd=110841,,college_hockey_news,https://www.collegehockeynews.com/schedules/team/Boston-College/9/20252026,Hockey East,Hockey East
2025-26,Boston College,2025-12-28,Sun,L,3,5,False,False,True,Western Michigan,https://www.collegehockeynews.com/reports/team/Western-Michigan/57,57,False,False,https://www.collegehockeynews.com/box/final/20251228/bc_/wmu/,https://www.collegehockeynews.com/box/metrics.php?gd=110639,"Holiday Face-Off – Fiserv Forum, Milwaukee, Wis.",college_hockey_news,https://www.collegehockeynews.com/schedules/team/Boston-College/9/20252026,Hockey East,NCHC
2025-26,Boston College,2025-12-29,Mon,W,4,3,False,False,True,Lake Superior,https://www.collegehockeynews.com/reports/team/Lake-Superior/24,24,False,False,https://www.collegehockeynews.com/box/final/20251229/bc_/lss/,https://www.collegehockeynews.com/box/metrics.php?gd=111258,"Holiday Face-Off – Fiserv Forum, Milwaukee, Wis.",college_hockey_news,https://www.collegehockeynews.com/schedules/team/Boston-College/9/20252026,Hockey East,CCHA
2025-26,Boston College,2026-01-16,Fri,L,3,4,True,False,False,Providence,https://www.collegehockeynews.com/reports/team/Providence/46,46,True,True,https://www.collegehockeynews.com/box/final/20260116/prv/bc_/,https://www.collegehockeynews.com/box/metrics.php?gd=111301,,college_hockey_news,https://www.collegehockeynews.com/schedules/team/Boston-College/9/20252026,Hockey East,Hockey East
2025-26,Boston College,2026-01-17,Sat,L,3,4,False,True,False,Providence,https://www.collegehockeynews.com/reports/team/Providence/46,46,True,False,https://www.collegehockeynews.com/box/final/20260117/bc_/prv/,https://www.collegehockeynews.com/box/metrics.php?gd=111302,,college_hockey_news,https://www.collegehockeynews.com/schedules/team/Boston-College/9/20252026,Hockey East,Hockey East
2025-26,Boston College,2026-01-23,Fri,W,5,2,True,False,False,New Hampshire,https://www.collegehockeynews.com/reports/team/New-Hampshire/38,38,True,False,https://www.collegehockeynews.com/box/final/20260123/unh/bc_/,https://www.collegehockeynews.com/box/metrics.php?gd=111193,,college_hockey_news,https://www.collegehockeynews.com/schedules/team/Boston-College/9/20252026,Hockey East,Hockey East
2025-26,Boston College,2026-01-24,Sat,W,3,0,False,True,False,New Hampshire,https://www.collegehockeynews.com/reports/team/New-Hampshire/38,38,True,False,https://www.collegehockeynews.com/box/final/20260124/bc_/unh/,https://www.collegehockeynews.com/box/metrics.php?gd=111194,,college_hockey_news,https://www.collegehockeynews.com/schedules/team/Boston-College/9/20252026,Hockey East,Hockey East
2025-26,Boston College,2026-01-30,Fri,W,4,1,False,True,False,Boston University,https://www.collegehockeynews.com/reports/team/Boston-University/10,10,True,False,https://www.collegehockeynews.com/box/final/20260130/bc_/bu_/,https://www.collegehockeynews.com/box/metrics.php?gd=111143,,college_hockey_news,https://www.collegehockeynews.com/schedules/team/Boston-College/9/20252026,Hockey East,Hockey East
2025-26,Boston College,2026-02-02,Mon,W,5,1,False,False,True,Harvard,https://www.collegehockeynews.com/reports/team/Harvard/22,22,False,False,https://www.collegehockeynews.com/box/final/20260202/bc_/har/,https://www.collegehockeynews.com/box/metrics.php?gd=111145,"Beanpot – TD Garden, Boston, Mass.",college_hockey_news,https://www.collegehockeynews.com/schedules/team/Boston-College/9/20252026,Hockey East,ECAC
2025-26,Boston College,2026-02-06,Fri,L,1,6,True,False,False,Vermont,https://www.collegehockeynews.com/reports/team/Vermont/55,55,True,False,https://www.collegehockeynews.com/box/final/20260206/ver/bc_/,https://www.collegehockeynews.com/box/metrics.php?gd=111310,,college_hockey_news,https://www.collegehockeynews.com/schedules/team/Boston-College/9/20252026,Hockey East,Hockey East
2025-26,Boston College,2026-02-09,Mon,W,6,2,False,False,True,Boston University,https://www.collegehockeynews.com/reports/team/Boston-University/10,10,False,False,https://www.collegehockeynews.com/box/final/20260209/bc_/bu_/,https://www.collegehockeynews.com/box/metrics.php?gd=111266,"Beanpot – TD Garden, Boston, Mass.",college_hockey_news,https://www.collegehockeynews.com/schedules/team/Boston-College/9/20252026,Hockey East,Hockey East
2025-26,Boston College,2026-02-13,Fri,L,2,4,False,True,False,Merrimack,https://www.collegehockeynews.com/reports/team/Merrimack/29,29,True,False,https://www.collegehockeynews.com/box/final/20260213/bc_/mer/,https://www.collegehockeynews.com/box/metrics.php?gd=111313,,college_hockey_news,https://www.collegehockeynews.com/schedules/team/Boston-College/9/20252026,Hockey East,Hockey East
2025-26,Boston College,2026-02-14,Sat,W,4,2,True,False,False,Merrimack,https://www.collegehockeynews.com/reports/team/Merrimack/29,29,True,False,https://www.collegehockeynews.com/box/final/20260214/mer/bc_/,https://www.collegehockeynews.com/box/metrics.php?gd=111314,,college_hockey_news,https://www.collegehockeynews.com/schedules/team/Boston-College/9/20252026,Hockey East,Hockey East
2025-26,Boston College,2026-02-20,Fri,W,5,2,True,False,False,Connecticut,https://www.collegehockeynews.com/reports/team/Connecticut/17,17,True,False,https://www.collegehockeynews.com/box/final/20260220/con/bc_/,https://www.collegehockeynews.com/box/metrics.php?gd=111319,,college_hockey_news,https://www.collegehockeynews.com/schedules/team/Boston-College/9/20252026,Hockey East,Hockey East
2025-26,Boston College,2026-02-21,Sat,W,2,1,False,True,False,Connecticut,https://www.collegehockeynews.com/reports/team/Connecticut/17,17,True,True,https://www.collegehockeynews.com/box/final/20260221/bc_/con/,https://www.collegehockeynews.com/box/metrics.php?gd=111320,,college_hockey_news,https://www.collegehockeynews.com/schedules/team/Boston-College/9/20252026,Hockey East,Hockey East
2025-26,Boston College,2026-02-27,Fri,L,1,3,False,True,False,Boston University,https://www.collegehockeynews.com/reports/team/Boston-University/10,10,True,False,https://www.collegehockeynews.com/box/final/20260227/bc_/bu_/,https://www.collegehockeynews.com/box/metrics.php?gd=111149,,college_hockey_news,https://www.collegehockeynews.com/schedules/team/Boston-College/9/20252026,Hockey East,Hockey East
2025-26,Boston College,2026-02-28,Sat,L,1,5,True,False,False,Boston University,https://www.collegehockeynews.com/reports/team/Boston-University/10,10,True,False,https://www.collegehockeynews.com/box/final/20260228/bu_/bc_/,https://www.collegehockeynews.com/box/metrics.php?gd=111150,,college_hockey_news,https://www.collegehockeynews.com/schedules/team/Boston-College/9/20252026,Hockey East,Hockey East
2025-26,Boston College,2026-03-05,Thu,L,1,2,False,True,False,Massachusetts,https://www.collegehockeynews.com/reports/team/Massachusetts/27,27,True,False,https://www.collegehockeynews.com/box/final/20260305/bc_/uma/,https://www.collegehockeynews.com/box/metrics.php?gd=110570,,college_hockey_news,https://www.collegehockeynews.com/schedules/team/Boston-College/9/20252026,Hockey East,Hockey East
2025-26,Boston College,2026-03-07,Sat,L,2,4,True,False,False,Northeastern,https://www.collegehockeynews.com/reports/team/Northeastern/41,41,True,False,https://www.collegehockeynews.com/box/final/20260307/noe/bc_/,https://www.collegehockeynews.com/box/metrics.php?gd=111329,,college_hockey_news,https://www.collegehockeynews.com/schedules/team/Boston-College/9/20252026,Hockey East,Hockey East
2025-26,Boston College,2026-03-13,Fri,W,5,0,True,False,False,Maine,https://www.collegehockeynews.com/reports/team/Maine/25,25,False,False,https://www.collegehockeynews.com/box/final/20260313/mne/bc_/,https://www.collegehockeynews.com/box/metrics.php?gd=112998,HEA Tournament Hockey East Quarterfinal,college_hockey_news,https://www.collegehockeynews.com/schedules/team/Boston-College/9/20252026,Hockey East,Hockey East
2025-26,Boston College,2026-03-20,Fri,L,3,4,False,False,True,Connecticut,https://www.collegehockeynews.com/reports/team/Connecticut/17,17,False,True,https://www.collegehockeynews.com/box/final/20260320/bc_/con/,https://www.collegehockeynews.com/box/metrics.php?gd=112933,"HEA Tournament Hockey East Semifinal – TD Garden, Boston, Mass.",college_hockey_news,https://www.collegehockeynews.com/schedules/team/Boston-College/9/20252026,Hockey East,Hockey East
2025-26,Boston University,2025-10-04,Sat,W,4,2,True,False,False,Long Island,https://www.collegehockeynews.com/reports/team/Long-Island/62,62,False,False,https://www.collegehockeynews.com/box/final/20251004/liu/bu_/,https://www.collegehockeynews.com/box/metrics.php?gd=111123,,college_hockey_news,https://www.collegehockeynews.com/schedules/team/Boston-University/10/20252026,Hockey East,Independent
2025-26,Boston University,2025-10-10,Fri,W,6,2,True,False,False,Colgate,https://www.collegehockeynews.com/reports/team/Colgate/15,15,False,False,https://www.collegehockeynews.com/box/final/20251010/clg/bu_/,https://www.collegehockeynews.com/box/metrics.php?gd=111124,,college_hockey_news,https://www.collegehockeynews.com/schedules/team/Boston-University/10/20252026,Hockey East,ECAC
2025-26,Boston University,2025-10-11,Sat,T,2,2,True,False,False,Colgate,https://www.collegehockeynews.com/reports/team/Colgate/15,15,False,True,https://www.collegehockeynews.com/box/final/20251011/clg/bu_/,https://www.collegehockeynews.com/box/metrics.php?gd=111125,,college_hockey_news,https://www.collegehockeynews.com/schedules/team/Boston-University/10/20252026,Hockey East,ECAC
2025-26,Boston University,2025-10-17,Fri,L,2,4,True,False,False,Michigan State,https://www.collegehockeynews.com/reports/team/Michigan-State/32,32,False,False,https://www.collegehockeynews.com/box/final/20251017/msu/bu_/,https://www.collegehockeynews.com/box/metrics.php?gd=111126,,college_hockey_news,https://www.collegehockeynews.com/schedules/team/Boston-University/10/20252026,Hockey East,Big Ten
2025-26,Boston University,2025-10-18,Sat,L,3,4,True,False,False,Michigan State,https://www.collegehockeynews.com/reports/team/Michigan-State/32,32,False,True,https://www.collegehockeynews.com/box/final/20251018/msu/bu_/,https://www.collegehockeynews.com/box/metrics.php?gd=111127,,college_hockey_news,https://www.collegehockeynews.com/schedules/team/Boston-University/10/20252026,Hockey East,Big Ten
2025-26,Boston University,2025-10-24,Fri,L,4,8,True,False,False,Connecticut,https://www.collegehockeynews.com/reports/team/Connecticut/17,17,True,False,https://www.collegehockeynews.com/box/final/20251024/con/bu_/,https://www.collegehockeynews.com/box/metrics.php?gd=111128,,college_hockey_news,https://www.collegehockeynews.com/schedules/team/Boston-University/10/20252026,Hockey East,Hockey East
2025-26,Boston University,2025-10-25,Sat,W,3,1,False,True,False,Connecticut,https://www.collegehockeynews.com/reports/team/Connecticut/17,17,True,False,https://www.collegehockeynews.com/box/final/20251025/bu_/con/,https://www.collegehockeynews.com/box/metrics.php?gd=111129,,college_hockey_news,https://www.collegehockeynews.com/schedules/team/Boston-University/10/20252026,Hockey East,Hockey East
2025-26,Boston University,2025-10-31,Fri,L,4,5,False,True,False,Maine,https://www.collegehockeynews.com/reports/team/Maine/25,25,True,True,https://www.collegehockeynews.com/box/final/20251031/bu_/mne/,https://www.collegehockeynews.com/box/metrics.php?gd=111130,,college_hockey_news,https://www.collegehockeynews.com/schedules/team/Boston-University/10/20252026,Hockey East,Hockey East
2025-26,Boston University,2025-11-01,Sat,L,5,8,False,True,False,Maine,https://www.collegehockeynews.com/reports/team/Maine/25,25,True,False,https://www.collegehockeynews.com/box/final/20251101/bu_/mne/,https://www.collegehockeynews.com/box/metrics.php?gd=111131,,college_hockey_news,https://www.collegehockeynews.com/schedules/team/Boston-University/10/20252026,Hockey East,Hockey East
2025-26,Boston University,2025-11-07,Fri,W,3,2,True,False,False,Merrimack,https://www.collegehockeynews.com/reports/team/Merrimack/29,29,True,True,https://www.collegehockeynews.com/box/final/20251107/mer/bu_/,https://www.collegehockeynews.com/box/metrics.php?gd=111132,,college_hockey_news,https://www.collegehockeynews.com/schedules/team/Boston-University/10/20252026,Hockey East,Hockey East
2025-26,Boston University,2025-11-08,Sat,W,5,4,False,True,False,Merrimack,https://www.collegehockeynews.com/reports/team/Merrimack/29,29,True,False,https://www.collegehockeynews.com/box/final/20251108/bu_/mer/,https://www.collegehockeynews.com/box/metrics.php?gd=111133,,college_hockey_news,https://www.collegehockeynews.com/schedules/team/Boston-University/10/20252026,Hockey East,Hockey East
2025-26,Boston University,2025-11-15,Sat,L,2,6,False,True,False,Quinnipiac,https://www.collegehockeynews.com/reports/team/Quinnipiac/47,47,False,False,https://www.collegehockeynews.com/box/final/20251115/bu_/qui/,https://www.collegehockeynews.com/box/metrics.php?gd=111054,,college_hockey_news,https://www.collegehockeynews.com/schedules/team/Boston-University/10/20252026,Hockey East,ECAC
2025-26,Boston University,2025-11-21,Fri,L,2,3,False,True,False,Northeastern,https://www.collegehockeynews.com/reports/team/Northeastern/41,41,True,False,https://www.collegehockeynews.com/box/final/20251121/bu_/noe/,https://www.collegehockeynews.com/box/metrics.php?gd=111134,,college_hockey_news,https://www.collegehockeynews.com/schedules/team/Boston-University/10/20252026,Hockey East,Hockey East
2025-26,Boston University,2025-11-22,Sat,W,4,3,True,False,False,Northeastern,https://www.collegehockeynews.com/reports/team/Northeastern/41,41,True,True,https://www.collegehockeynews.com/box/final/20251122/noe/bu_/,https://www.collegehockeynews.com/box/metrics.php?gd=111135,,college_hockey_news,https://www.collegehockeynews.com/schedules/team/Boston-University/10/20252026,Hockey East,Hockey East
2025-26,Boston University,2025-11-29,Sat,W,2,1,False,False,True,Cornell,https://www.collegehockeynews.com/reports/team/Cornell/18,18,False,False,https://www.collegehockeynews.com/box/final/20251129/bu_/cor/,https://www.collegehockeynews.com/box/metrics.php?gd=111028,"Red Hot Hockey – Madison Square Garden, New York, N.Y.",college_hockey_news,https://www.collegehockeynews.com/schedules/team/Boston-University/10/20252026,Hockey East,ECAC
2025-26,Boston University,2025-12-05,Fri,W,2,1,True,False,False,Vermont,https://www.collegehockeynews.com/reports/team/Vermont/55,55,True,False,https://www.collegehockeynews.com/box/final/20251205/ver/bu_/,https://www.collegehockeynews.com/box/metrics.php?gd=111136,,college_hockey_news,https://www.collegehockeynews.com/schedules/team/Boston-University/10/20252026,Hockey East,Hockey East
2025-26,Boston University,2025-12-06,Sat,L,2,3,True,False,False,Vermont,https://www.collegehockeynews.com/reports/team/Vermont/55,55,True,False,https://www.collegehockeynews.com/box/final/20251206/ver/bu_/,https://www.collegehockeynews.com/box/metrics.php?gd=111137,,college_hockey_news,https://www.collegehockeynews.com/schedules/team/Boston-University/10/20252026,Hockey East,Hockey East
2025-26,Boston University,2025-12-13,Sat,W,4,3,False,True,False,Northeastern,https://www.collegehockeynews.com/reports/team/Northeastern/41,41,True,False,https://www.collegehockeynews.com/box/final/20251213/bu_/noe/,https://www.collegehockeynews.com/box/metrics.php?gd=111138,,college_hockey_news,https://www.collegehockeynews.com/schedules/team/Boston-University/10/20252026,Hockey East,Hockey East
2025-26,Boston University,2026-01-09,Fri,W,1,0,False,True,False,Massachusetts,https://www.collegehockeynews.com/reports/team/Massachusetts/27,27,True,False,https://www.collegehockeynews.com/box/final/20260109/bu_/uma/,https://www.collegehockeynews.com/box/metrics.php?gd=110556,,college_hockey_news,https://www.collegehockeynews.com/schedules/team/Boston-University/10/20252026,Hockey East,Hockey East
2025-26,Boston University,2026-01-10,Sat,L,0,2,True,False,False,Massachusetts,https://www.collegehockeynews.com/reports/team/Massachusetts/27,27,True,False,https://www.collegehockeynews.com/box/final/20260110/uma/bu_/,https://www.collegehockeynews.com/box/metrics.php?gd=110557,,college_hockey_news,https://www.collegehockeynews.com/schedules/team/Boston-University/10/20252026,Hockey East,Hockey East
2025-26,Boston University,2026-01-12,Mon,W,4,1,False,True,False,Harvard,https://www.collegehockeynews.com/reports/team/Harvard/22,22,False,False,https://www.collegehockeynews.com/box/final/20260112/bu_/har/,https://www.collegehockeynews.com/box/metrics.php?gd=111140,,college_hockey_news,https://www.collegehockeynews.com/schedules/team/Boston-University/10/20252026,Hockey East,ECAC
2025-26,Boston University,2026-01-16,Fri,L,3,4,True,False,False,Mass.-Lowell,https://www.collegehockeynews.com/reports/team/Mass-Lowell/26,26,True,True,https://www.collegehockeynews.com/box/final/20260116/uml/bu_/,https://www.collegehockeynews.com/box/metrics.php?gd=110846,,college_hockey_news,https://www.collegehockeynews.com/schedules/team/Boston-University/10/20252026,Hockey East,Hockey East
2025-26,Boston University,2026-01-17,Sat,W,3,0,False,True,False,Mass.-Lowell,https://www.collegehockeynews.com/reports/team/Mass-Lowell/26,26,True,False,https://www.collegehockeynews.com/box/final/20260117/bu_/uml/,https://www.collegehockeynews.com/box/metrics.php?gd=110847,,college_hockey_news,https://www.collegehockeynews.com/schedules/team/Boston-University/10/20252026,Hockey East,Hockey East
2025-26,Boston University,2026-01-23,Fri,L,3,4,False,True,False,Providence,https://www.collegehockeynews.com/reports/team/Providence/46,46,True,False,https://www.collegehockeynews.com/box/final/20260123/bu_/prv/,https://www.collegehockeynews.com/box/metrics.php?gd=111141,,college_hockey_news,https://www.collegehockeynews.com/schedules/team/Boston-University/10/20252026,Hockey East,Hockey East
2025-26,Boston University,2026-01-24,Sat,L,0,4,True,False,False,Providence,https://www.collegehockeynews.com/reports/team/Providence/46,46,True,False,https://www.collegehockeynews.com/box/final/20260124/prv/bu_/,https://www.collegehockeynews.com/box/metrics.php?gd=111142,,college_hockey_news,https://www.collegehockeynews.com/schedules/team/Boston-University/10/20252026,Hockey East,Hockey East
2025-26,Boston University,2026-01-30,Fri,L,1,4,True,False,False,Boston College,https://www.collegehockeynews.com/reports/team/Boston-College/9,9,True,False,https://www.collegehockeynews.com/box/final/20260130/bc_/bu_/,https://www.collegehockeynews.com/box/metrics.php?gd=111143,,college_hockey_news,https://www.collegehockeynews.com/schedules/team/Boston-University/10/20252026,Hockey East,Hockey East
2025-26,Boston University,2026-02-02,Mon,T,2,2,False,False,True,Northeastern,https://www.collegehockeynews.com/reports/team/Northeastern/41,41,False,True,https://www.collegehockeynews.com/box/final/20260202/bu_/noe/,https://www.collegehockeynews.com/box/metrics.php?gd=111144,"Beanpot – TD Garden, Boston, Mass.",college_hockey_news,https://www.collegehockeynews.com/schedules/team/Boston-University/10/20252026,Hockey East,Hockey East
2025-26,Boston University,2026-02-06,Fri,W,3,2,True,False,False,Maine,https://www.collegehockeynews.com/reports/team/Maine/25,25,True,True,https://www.collegehockeynews.com/box/final/20260206/mne/bu_/,https://www.collegehockeynews.com/box/metrics.php?gd=111146,,college_hockey_news,https://www.collegehockeynews.com/schedules/team/Boston-University/10/20252026,Hockey East,Hockey East
2025-26,Boston University,2026-02-09,Mon,L,2,6,False,False,True,Boston College,https://www.collegehockeynews.com/reports/team/Boston-College/9,9,False,False,https://www.collegehockeynews.com/box/final/20260209/bc_/bu_/,https://www.collegehockeynews.com/box/metrics.php?gd=111266,"Beanpot – TD Garden, Boston, Mass.",college_hockey_news,https://www.collegehockeynews.com/schedules/team/Boston-University/10/20252026,Hockey East,Hockey East
2025-26,Boston University,2026-02-13,Fri,L,1,4,False,True,False,New Hampshire,https://www.collegehockeynews.com/reports/team/New-Hampshire/38,38,True,False,https://www.collegehockeynews.com/box/final/20260213/bu_/unh/,https://www.collegehockeynews.com/box/metrics.php?gd=111147,,college_hockey_news,https://www.collegehockeynews.com/schedules/team/Boston-University/10/20252026,Hockey East,Hockey East
2025-26,Boston University,2026-02-14,Sat,W,5,3,True,False,False,New Hampshire,https://www.collegehockeynews.com/reports/team/New-Hampshire/38,38,True,False,https://www.collegehockeynews.com/box/final/20260214/unh/bu_/,https://www.collegehockeynews.com/box/metrics.php?gd=111148,,college_hockey_news,https://www.collegehockeynews.com/schedules/team/Boston-University/10/20252026,Hockey East,Hockey East
2025-26,Boston University,2026-02-27,Fri,W,3,1,True,False,False,Boston College,https://www.collegehockeynews.com/reports/team/Boston-College/9,9,True,False,https://www.collegehockeynews.com/box/final/20260227/bc_/bu_/,https://www.collegehockeynews.com/box/metrics.php?gd=111149,,college_hockey_news,https://www.collegehockeynews.com/schedules/team/Boston-University/10/20252026,Hockey East,Hockey East
2025-26,Boston University,2026-02-28,Sat,W,5,1,False,True,False,Boston College,https://www.collegehockeynews.com/reports/team/Boston-College/9,9,True,False,https://www.collegehockeynews.com/box/final/20260228/bu_/bc_/,https://www.collegehockeynews.com/box/metrics.php?gd=111150,,college_hockey_news,https://www.collegehockeynews.com/schedules/team/Boston-University/10/20252026,Hockey East,Hockey East
2025-26,Boston University,2026-03-07,Sat,L,3,4,False,True,False,Mass.-Lowell,https://www.collegehockeynews.com/reports/team/Mass-Lowell/26,26,True,False,https://www.collegehockeynews.com/box/final/20260307/bu_/uml/,https://www.collegehockeynews.com/box/metrics.php?gd=110855,,college_hockey_news,https://www.collegehockeynews.com/schedules/team/Boston-University/10/20252026,Hockey East,Hockey East
2025-26,Boston University,2026-03-11,Wed,W,4,1,True,False,False,Vermont,https://www.collegehockeynews.com/reports/team/Vermont/55,55,False,False,https://www.collegehockeynews.com/box/final/20260311/ver/bu_/,https://www.collegehockeynews.com/box/metrics.php?gd=112991,HEA Tournament Hockey East First Round,college_hockey_news,https://www.collegehockeynews.com/schedules/team/Boston-University/10/20252026,Hockey East,Hockey East
2025-26,Boston University,2026-03-14,Sat,L,3,5,False,True,False,Connecticut,https://www.collegehockeynews.com/reports/team/Connecticut/17,17,False,False,https://www.collegehockeynews.com/box/final/20260314/bu_/con/,https://www.collegehockeynews.com/box/metrics.php?gd=112997,"HEA Tournament Hockey East Quarterfinal – Toscano Forum, Storrs, Conn.",college_hockey_news,https://www.collegehockeynews.com/schedules/team/Boston-University/10/20252026,Hockey East,Hockey East
2025-26,Connecticut,2025-10-03,Fri,L,2,4,False,True,False,Colorado College,https://www.collegehockeynews.com/reports/team/Colorado-College/16,16,False,False,https://www.collegehockeynews.com/box/final/20251003/con/cc_/,https://www.collegehockeynews.com/box/metrics.php?gd=111095,,college_hockey_news,https://www.collegehockeynews.com/schedules/team/Connecticut/17/20252026,Hockey East,NCHC
2025-26,Connecticut,2025-10-04,Sat,W,5,1,False,True,False,Colorado College,https://www.collegehockeynews.com/reports/team/Colorado-College/16,16,False,False,https://www.collegehockeynews.com/box/final/20251004/con/cc_/,https://www.collegehockeynews.com/box/metrics.php?gd=111096,,college_hockey_news,https://www.collegehockeynews.com/schedules/team/Connecticut/17/20252026,Hockey East,NCHC
2025-26,Connecticut,2025-10-17,Fri,W,3,2,True,False,False,Ohio State,https://www.collegehockeynews.com/reports/team/Ohio-State/44,44,False,False,https://www.collegehockeynews.com/box/final/20251017/osu/con/,https://www.collegehockeynews.com/box/metrics.php?gd=111121,,college_hockey_news,https://www.collegehockeynews.com/schedules/team/Connecticut/17/20252026,Hockey East,Big Ten
2025-26,Connecticut,2025-10-18,Sat,L,2,4,True,False,False,Ohio State,https://www.collegehockeynews.com/reports/team/Ohio-State/44,44,False,False,https://www.collegehockeynews.com/box/final/20251018/osu/con/,https://www.collegehockeynews.com/box/metrics.php?gd=111122,"at PeoplesBank Arena, Hartford, Conn.",college_hockey_news,https://www.collegehockeynews.com/schedules/team/Connecticut/17/20252026,Hockey East,Big Ten
2025-26,Connecticut,2025-10-24,Fri,W,8,4,False,True,False,Boston University,https://www.collegehockeynews.com/reports/team/Boston-University/10,10,True,False,https://www.collegehockeynews.com/box/final/20251024/con/bu_/,https://www.collegehockeynews.com/box/metrics.php?gd=111128,,college_hockey_news,https://www.collegehockeynews.com/schedules/team/Connecticut/17/20252026,Hockey East,Hockey East
2025-26,Connecticut,2025-10-25,Sat,L,1,3,True,False,False,Boston University,https://www.collegehockeynews.com/reports/team/Boston-University/10,10,True,False,https://www.collegehockeynews.com/box/final/20251025/bu_/con/,https://www.collegehockeynews.com/box/metrics.php?gd=111129,,college_hockey_news,https://www.collegehockeynews.com/schedules/team/Connecticut/17/20252026,Hockey East,Hockey East
2025-26,Connecticut,2025-10-31,Fri,T,1,1,True,False,False,Harvard,https://www.collegehockeynews.com/reports/team/Harvard/22,22,False,True,https://www.collegehockeynews.com/box/final/20251031/har/con/,https://www.collegehockeynews.com/box/metrics.php?gd=111211,,college_hockey_news,https://www.collegehockeynews.com/schedules/team/Connecticut/17/20252026,Hockey East,ECAC
2025-26,Connecticut,2025-11-01,Sat,W,5,1,True,False,False,Merrimack,https://www.collegehockeynews.com/reports/team/Merrimack/29,29,True,False,https://www.collegehockeynews.com/box/final/20251101/mer/con/,https://www.collegehockeynews.com/box/metrics.php?gd=111273,,college_hockey_news,https://www.collegehockeynews.com/schedules/team/Connecticut/17/20252026,Hockey East,Hockey East
2025-26,Connecticut,2025-11-07,Fri,L,1,4,True,False,False,Providence,https://www.collegehockeynews.com/reports/team/Providence/46,46,True,False,https://www.collegehockeynews.com/box/final/20251107/prv/con/,https://www.collegehockeynews.com/box/metrics.php?gd=111276,,college_hockey_news,https://www.collegehockeynews.com/schedules/team/Connecticut/17/20252026,Hockey East,Hockey East
2025-26,Connecticut,2025-11-08,Sat,T-SOW,2,2,False,True,False,Providence,https://www.collegehockeynews.com/reports/team/Providence/46,46,True,True,https://www.collegehockeynews.com/box/final/20251108/con/prv/,https://www.collegehockeynews.com/box/metrics.php?gd=111277,,college_hockey_news,https://www.collegehockeynews.com/schedules/team/Connecticut/17/20252026,Hockey East,Hockey East
2025-26,Connecticut,2025-11-14,Fri,W,4,2,True,False,False,Northeastern,https://www.collegehockeynews.com/reports/team/Northeastern/41,41,True,False,https://www.collegehockeynews.com/box/final/20251114/noe/con/,https://www.collegehockeynews.com/box/metrics.php?gd=111280,,college_hockey_news,https://www.collegehockeynews.com/schedules/team/Connecticut/17/20252026,Hockey East,Hockey East
2025-26,Connecticut,2025-11-15,Sat,W,4,3,False,True,False,Northeastern,https://www.collegehockeynews.com/reports/team/Northeastern/41,41,True,True,https://www.collegehockeynews.com/box/final/20251115/con/noe/,https://www.collegehockeynews.com/box/metrics.php?gd=111281,,college_hockey_news,https://www.collegehockeynews.com/schedules/team/Connecticut/17/20252026,Hockey East,Hockey East
2025-26,Connecticut,2025-11-21,Fri,W,4,1,False,True,False,New Hampshire,https://www.collegehockeynews.com/reports/team/New-Hampshire/38,38,True,False,https://www.collegehockeynews.com/box/final/20251121/con/unh/,https://www.collegehockeynews.com/box/metrics.php?gd=111184,,college_hockey_news,https://www.collegehockeynews.com/schedules/team/Connecticut/17/20252026,Hockey East,Hockey East
2025-26,Connecticut,2025-11-22,Sat,L,3,4,True,False,False,New Hampshire,https://www.collegehockeynews.com/reports/team/New-Hampshire/38,38,True,False,https://www.collegehockeynews.com/box/final/20251122/unh/con/,https://www.collegehockeynews.com/box/metrics.php?gd=111185,,college_hockey_news,https://www.collegehockeynews.com/schedules/team/Connecticut/17/20252026,Hockey East,Hockey East
2025-26,Connecticut,2025-11-25,Tue,T,3,3,True,False,False,Stonehill,https://www.collegehockeynews.com/reports/team/Stonehill/422,422,False,True,https://www.collegehockeynews.com/box/final/20251125/stn/con/,https://www.collegehockeynews.com/box/metrics.php?gd=111288,"at PeoplesBank Arena, Hartford, Conn.",college_hockey_news,https://www.collegehockeynews.com/schedules/team/Connecticut/17/20252026,Hockey East,Independent
2025-26,Connecticut,2025-12-05,Fri,W,3,0,False,True,False,Merrimack,https://www.collegehockeynews.com/reports/team/Merrimack/29,29,True,False,https://www.collegehockeynews.com/box/final/20251205/con/mer/,https://www.collegehockeynews.com/box/metrics.php?gd=111290,,college_hockey_news,https://www.collegehockeynews.com/schedules/team/Connecticut/17/20252026,Hockey East,Hockey East
2025-26,Connecticut,2025-12-06,Sat,W,5,2,True,False,False,Merrimack,https://www.collegehockeynews.com/reports/team/Merrimack/29,29,True,False,https://www.collegehockeynews.com/box/final/20251206/mer/con/,https://www.collegehockeynews.com/box/metrics.php?gd=111291,,college_hockey_news,https://www.collegehockeynews.com/schedules/team/Connecticut/17/20252026,Hockey East,Hockey East
2025-26,Connecticut,2025-12-31,Wed,W,4,1,True,False,False,Long Island,https://www.collegehockeynews.com/reports/team/Long-Island/62,62,False,False,https://www.collegehockeynews.com/box/final/20251231/liu/con/,https://www.collegehockeynews.com/box/metrics.php?gd=111295,,college_hockey_news,https://www.collegehockeynews.com/schedules/team/Connecticut/17/20252026,Hockey East,Independent
2025-26,Connecticut,2026-01-03,Sat,W,3,1,False,True,False,Long Island,https://www.collegehockeynews.com/reports/team/Long-Island/62,62,False,False,https://www.collegehockeynews.com/box/final/20260103/con/liu/,https://www.collegehockeynews.com/box/metrics.php?gd=111296,,college_hockey_news,https://www.collegehockeynews.com/schedules/team/Connecticut/17/20252026,Hockey East,Independent
2025-26,Connecticut,2026-01-09,Fri,L,3,5,True,False,False,Mass.-Lowell,https://www.collegehockeynews.com/reports/team/Mass-Lowell/26,26,True,False,https://www.collegehockeynews.com/box/final/20260109/uml/con/,https://www.collegehockeynews.com/box/metrics.php?gd=110844,"at PeoplesBank Arena, Hartford, Conn.",college_hockey_news,https://www.collegehockeynews.com/schedules/team/Connecticut/17/20252026,Hockey East,Hockey East
2025-26,Connecticut,2026-01-10,Sat,W,5,1,False,True,False,Mass.-Lowell,https://www.collegehockeynews.com/reports/team/Mass-Lowell/26,26,True,False,https://www.collegehockeynews.com/box/final/20260110/con/uml/,https://www.collegehockeynews.com/box/metrics.php?gd=110845,,college_hockey_news,https://www.collegehockeynews.com/schedules/team/Connecticut/17/20252026,Hockey East,Hockey East
2025-26,Connecticut,2026-01-16,Fri,W,4,1,True,False,False,Vermont,https://www.collegehockeynews.com/reports/team/Vermont/55,55,True,False,https://www.collegehockeynews.com/box/final/20260116/ver/con/,https://www.collegehockeynews.com/box/metrics.php?gd=111303,,college_hockey_news,https://www.collegehockeynews.com/schedules/team/Connecticut/17/20252026,Hockey East,Hockey East
2025-26,Connecticut,2026-01-17,Sat,L,2,4,True,False,False,Vermont,https://www.collegehockeynews.com/reports/team/Vermont/55,55,True,False,https://www.collegehockeynews.com/box/final/20260117/ver/con/,https://www.collegehockeynews.com/box/metrics.php?gd=111304,,college_hockey_news,https://www.collegehockeynews.com/schedules/team/Connecticut/17/20252026,Hockey East,Hockey East
2025-26,Connecticut,2026-01-23,Fri,W,5,2,False,True,False,Yale,https://www.collegehockeynews.com/reports/team/Yale/59,59,False,False,https://www.collegehockeynews.com/box/final/20260123/con/yal/,https://www.collegehockeynews.com/box/metrics.php?gd=110994,"Connecticut Ice Tournament – Ingalls Rink, New Haven, Conn.",college_hockey_news,https://www.collegehockeynews.com/schedules/team/Connecticut/17/20252026,Hockey East,ECAC
2025-26,Connecticut,2026-01-24,Sat,W,4,2,False,False,True,Quinnipiac,https://www.collegehockeynews.com/reports/team/Quinnipiac/47,47,False,False,https://www.collegehockeynews.com/box/final/20260124/con/qui/,https://www.collegehockeynews.com/box/metrics.php?gd=111263,"Connecticut Ice Tournament – Ingalls Rink, New Haven, Conn.",college_hockey_news,https://www.collegehockeynews.com/schedules/team/Connecticut/17/20252026,Hockey East,ECAC
2025-26,Connecticut,2026-02-06,Fri,W,2,0,False,True,False,Northeastern,https://www.collegehockeynews.com/reports/team/Northeastern/41,41,True,False,https://www.collegehockeynews.com/box/final/20260206/con/noe/,https://www.collegehockeynews.com/box/metrics.php?gd=111311,,college_hockey_news,https://www.collegehockeynews.com/schedules/team/Connecticut/17/20252026,Hockey East,Hockey East
2025-26,Connecticut,2026-02-13,Fri,W,2,0,False,True,False,Maine,https://www.collegehockeynews.com/reports/team/Maine/25,25,True,False,https://www.collegehockeynews.com/box/final/20260213/con/mne/,https://www.collegehockeynews.com/box/metrics.php?gd=111315,,college_hockey_news,https://www.collegehockeynews.com/schedules/team/Connecticut/17/20252026,Hockey East,Hockey East
2025-26,Connecticut,2026-02-14,Sat,T-SOW,3,3,False,True,False,Maine,https://www.collegehockeynews.com/reports/team/Maine/25,25,True,True,https://www.collegehockeynews.com/box/final/20260214/con/mne/,https://www.collegehockeynews.com/box/metrics.php?gd=111316,,college_hockey_news,https://www.collegehockeynews.com/schedules/team/Connecticut/17/20252026,Hockey East,Hockey East
2025-26,Connecticut,2026-02-20,Fri,L,2,5,False,True,False,Boston College,https://www.collegehockeynews.com/reports/team/Boston-College/9,9,True,False,https://www.collegehockeynews.com/box/final/20260220/con/bc_/,https://www.collegehockeynews.com/box/metrics.php?gd=111319,,college_hockey_news,https://www.collegehockeynews.com/schedules/team/Connecticut/17/20252026,Hockey East,Hockey East
2025-26,Connecticut,2026-02-21,Sat,L,1,2,True,False,False,Boston College,https://www.collegehockeynews.com/reports/team/Boston-College/9,9,True,True,https://www.collegehockeynews.com/box/final/20260221/bc_/con/,https://www.collegehockeynews.com/box/metrics.php?gd=111320,"at PeoplesBank Arena, Hartford, Conn.",college_hockey_news,https://www.collegehockeynews.com/schedules/team/Connecticut/17/20252026,Hockey East,Hockey East
2025-26,Connecticut,2026-02-27,Fri,L,1,5,True,False,False,Massachusetts,https://www.collegehockeynews.com/reports/team/Massachusetts/27,27,True,False,https://www.collegehockeynews.com/box/final/20260227/uma/con/,https://www.collegehockeynews.com/box/metrics.php?gd=110568,,college_hockey_news,https://www.collegehockeynews.com/schedules/team/Connecticut/17/20252026,Hockey East,Hockey East
2025-26,Connecticut,2026-02-28,Sat,T-SOL,3,3,False,True,False,Massachusetts,https://www.collegehockeynews.com/reports/team/Massachusetts/27,27,True,True,https://www.collegehockeynews.com/box/final/20260228/con/uma/,https://www.collegehockeynews.com/box/metrics.php?gd=110569,,college_hockey_news,https://www.collegehockeynews.com/schedules/team/Connecticut/17/20252026,Hockey East,Hockey East
2025-26,Connecticut,2026-03-05,Thu,W,4,1,True,False,False,New Hampshire,https://www.collegehockeynews.com/reports/team/New-Hampshire/38,38,True,False,https://www.collegehockeynews.com/box/final/20260305/unh/con/,https://www.collegehockeynews.com/box/metrics.php?gd=111200,,college_hockey_news,https://www.collegehockeynews.com/schedules/team/Connecticut/17/20252026,Hockey East,Hockey East
2025-26,Connecticut,2026-03-07,Sat,L,1,3,False,True,False,Providence,https://www.collegehockeynews.com/reports/team/Providence/46,46,True,False,https://www.collegehockeynews.com/box/final/20260307/con/prv/,https://www.collegehockeynews.com/box/metrics.php?gd=111330,,college_hockey_news,https://www.collegehockeynews.com/schedules/team/Connecticut/17/20252026,Hockey East,Hockey East
2025-26,Connecticut,2026-03-14,Sat,W,5,3,True,False,False,Boston University,https://www.collegehockeynews.com/reports/team/Boston-University/10,10,False,False,https://www.collegehockeynews.com/box/final/20260314/bu_/con/,https://www.collegehockeynews.com/box/metrics.php?gd=112997,HEA Tournament Hockey East Quarterfinal,college_hockey_news,https://www.collegehockeynews.com/schedules/team/Connecticut/17/20252026,Hockey East,Hockey East
2025-26,Connecticut,2026-03-20,Fri,W,4,3,False,False,True,Boston College,https://www.collegehockeynews.com/reports/team/Boston-College/9,9,False,True,https://www.collegehockeynews.com/box/final/20260320/bc_/con/,https://www.collegehockeynews.com/box/metrics.php?gd=112933,"HEA Tournament Hockey East Semifinal – TD Garden, Boston, Mass.",college_hockey_news,https://www.collegehockeynews.com/schedules/team/Connecticut/17/20252026,Hockey East,Hockey East
2025-26,Connecticut,2026-03-21,Sat,L,1,2,False,False,True,Merrimack,https://www.collegehockeynews.com/reports/team/Merrimack/29,29,False,False,https://www.collegehockeynews.com/box/final/20260321/mer/con/,https://www.collegehockeynews.com/box/metrics.php?gd=112934,"HEA Tournament Hockey East Championship – TD Garden, Boston, Mass.",college_hockey_news,https://www.collegehockeynews.com/schedules/team/Connecticut/17/20252026,Hockey East,Hockey East
2025-26,Connecticut,2026-03-26,Thu,L,1,2,False,False,True,Michigan State,https://www.collegehockeynews.com/reports/team/Michigan-State/32,32,False,False,https://www.collegehockeynews.com/box/final/20260326/con/msu/,https://www.collegehockeynews.com/box/metrics.php?gd=112921,"NCAA Tournament Worcester Regional – DCU Center, Worcester, Mass.",college_hockey_news,https://www.collegehockeynews.com/schedules/team/Connecticut/17/20252026,Hockey East,Big Ten
2025-26,Maine,2025-10-10,Fri,W,5,2,True,False,False,Holy Cross,https://www.collegehockeynews.com/reports/team/Holy-Cross/23,23,False,False,https://www.collegehockeynews.com/box/final/20251010/hcr/mne/,https://www.collegehockeynews.com/box/metrics.php?gd=110899,,college_hockey_news,https://www.collegehockeynews.com/schedules/team/Maine/25/20252026,Hockey East,Atlantic Hockey
2025-26,Maine,2025-10-11,Sat,W,6,0,True,False,False,Holy Cross,https://www.collegehockeynews.com/reports/team/Holy-Cross/23,23,False,False,https://www.collegehockeynews.com/box/final/20251011/hcr/mne/,https://www.collegehockeynews.com/box/metrics.php?gd=110900,,college_hockey_news,https://www.collegehockeynews.com/schedules/team/Maine/25/20252026,Hockey East,Atlantic Hockey
2025-26,Maine,2025-10-17,Fri,T,4,4,False,True,False,Quinnipiac,https://www.collegehockeynews.com/reports/team/Quinnipiac/47,47,False,True,https://www.collegehockeynews.com/box/final/20251017/mne/qui/,https://www.collegehockeynews.com/box/metrics.php?gd=111047,,college_hockey_news,https://www.collegehockeynews.com/schedules/team/Maine/25/20252026,Hockey East,ECAC
2025-26,Maine,2025-10-18,Sat,L,0,4,False,True,False,Quinnipiac,https://www.collegehockeynews.com/reports/team/Quinnipiac/47,47,False,False,https://www.collegehockeynews.com/box/final/20251018/mne/qui/,https://www.collegehockeynews.com/box/metrics.php?gd=111048,,college_hockey_news,https://www.collegehockeynews.com/schedules/team/Maine/25/20252026,Hockey East,ECAC
2025-26,Maine,2025-10-24,Fri,L,2,3,True,False,False,Colgate,https://www.collegehockeynews.com/reports/team/Colgate/15,15,False,False,https://www.collegehockeynews.com/box/final/20251024/clg/mne/,https://www.collegehockeynews.com/box/metrics.php?gd=111269,,college_hockey_news,https://www.collegehockeynews.com/schedules/team/Maine/25/20252026,Hockey East,ECAC
2025-26,Maine,2025-10-25,Sat,W,3,2,True,False,False,Colgate,https://www.collegehockeynews.com/reports/team/Colgate/15,15,False,True,https://www.collegehockeynews.com/box/final/20251025/clg/mne/,https://www.collegehockeynews.com/box/metrics.php?gd=111270,,college_hockey_news,https://www.collegehockeynews.com/schedules/team/Maine/25/20252026,Hockey East,ECAC
2025-26,Maine,2025-10-31,Fri,W,5,4,True,False,False,Boston University,https://www.collegehockeynews.com/reports/team/Boston-University/10,10,True,True,https://www.collegehockeynews.com/box/final/20251031/bu_/mne/,https://www.collegehockeynews.com/box/metrics.php?gd=111130,,college_hockey_news,https://www.collegehockeynews.com/schedules/team/Maine/25/20252026,Hockey East,Hockey East
2025-26,Maine,2025-11-01,Sat,W,8,5,True,False,False,Boston University,https://www.collegehockeynews.com/reports/team/Boston-University/10,10,True,False,https://www.collegehockeynews.com/box/final/20251101/bu_/mne/,https://www.collegehockeynews.com/box/metrics.php?gd=111131,,college_hockey_news,https://www.collegehockeynews.com/schedules/team/Maine/25/20252026,Hockey East,Hockey East
2025-26,Maine,2025-11-06,Thu,W,6,2,False,True,False,Massachusetts,https://www.collegehockeynews.com/reports/team/Massachusetts/27,27,True,False,https://www.collegehockeynews.com/box/final/20251106/mne/uma/,https://www.collegehockeynews.com/box/metrics.php?gd=110548,,college_hockey_news,https://www.collegehockeynews.com/schedules/team/Maine/25/20252026,Hockey East,Hockey East
2025-26,Maine,2025-11-07,Fri,L,0,4,False,True,False,Massachusetts,https://www.collegehockeynews.com/reports/team/Massachusetts/27,27,True,False,https://www.collegehockeynews.com/box/final/20251107/mne/uma/,https://www.collegehockeynews.com/box/metrics.php?gd=110549,,college_hockey_news,https://www.collegehockeynews.com/schedules/team/Maine/25/20252026,Hockey East,Hockey East
2025-26,Maine,2025-11-14,Fri,W,7,0,True,False,False,Vermont,https://www.collegehockeynews.com/reports/team/Vermont/55,55,True,False,https://www.collegehockeynews.com/box/final/20251114/ver/mne/,https://www.collegehockeynews.com/box/metrics.php?gd=111282,,college_hockey_news,https://www.collegehockeynews.com/schedules/team/Maine/25/20252026,Hockey East,Hockey East
2025-26,Maine,2025-11-15,Sat,L,1,2,True,False,False,Vermont,https://www.collegehockeynews.com/reports/team/Vermont/55,55,True,False,https://www.collegehockeynews.com/box/final/20251115/ver/mne/,https://www.collegehockeynews.com/box/metrics.php?gd=111283,,college_hockey_news,https://www.collegehockeynews.com/schedules/team/Maine/25/20252026,Hockey East,Hockey East
2025-26,Maine,2025-11-21,Fri,L,3,7,False,True,False,Boston College,https://www.collegehockeynews.com/reports/team/Boston-College/9,9,True,False,https://www.collegehockeynews.com/box/final/20251121/mne/bc_/,https://www.collegehockeynews.com/box/metrics.php?gd=111286,,college_hockey_news,https://www.collegehockeynews.com/schedules/team/Maine/25/20252026,Hockey East,Hockey East
2025-26,Maine,2025-11-22,Sat,W,3,0,False,True,False,Boston College,https://www.collegehockeynews.com/reports/team/Boston-College/9,9,True,False,https://www.collegehockeynews.com/box/final/20251122/mne/bc_/,https://www.collegehockeynews.com/box/metrics.php?gd=111287,,college_hockey_news,https://www.collegehockeynews.com/schedules/team/Maine/25/20252026,Hockey East,Hockey East
2025-26,Maine,2025-12-05,Fri,L,0,1,True,False,False,New Hampshire,https://www.collegehockeynews.com/reports/team/New-Hampshire/38,38,True,False,https://www.collegehockeynews.com/box/final/20251205/unh/mne/,https://www.collegehockeynews.com/box/metrics.php?gd=111186,,college_hockey_news,https://www.collegehockeynews.com/schedules/team/Maine/25/20252026,Hockey East,Hockey East
2025-26,Maine,2025-12-06,Sat,L,2,3,True,False,False,New Hampshire,https://www.collegehockeynews.com/reports/team/New-Hampshire/38,38,True,False,https://www.collegehockeynews.com/box/final/20251206/unh/mne/,https://www.collegehockeynews.com/box/metrics.php?gd=111187,,college_hockey_news,https://www.collegehockeynews.com/schedules/team/Maine/25/20252026,Hockey East,Hockey East
2025-26,Maine,2025-12-10,Wed,W,5,4,True,False,False,Mass.-Lowell,https://www.collegehockeynews.com/reports/team/Mass-Lowell/26,26,True,True,https://www.collegehockeynews.com/box/final/20251210/uml/mne/,https://www.collegehockeynews.com/box/metrics.php?gd=110842,"at Cross Insurance Arena, Portland, Maine",college_hockey_news,https://www.collegehockeynews.com/schedules/team/Maine/25/20252026,Hockey East,Hockey East
2025-26,Maine,2025-12-13,Sat,W,5,0,True,False,False,Lindenwood,https://www.collegehockeynews.com/reports/team/Lindenwood/433,433,False,False,https://www.collegehockeynews.com/box/final/20251213/lin/mne/,https://www.collegehockeynews.com/box/metrics.php?gd=111292,,college_hockey_news,https://www.collegehockeynews.com/schedules/team/Maine/25/20252026,Hockey East,Independent
2025-26,Maine,2025-12-14,Sun,W,7,2,True,False,False,Lindenwood,https://www.collegehockeynews.com/reports/team/Lindenwood/433,433,False,False,https://www.collegehockeynews.com/box/final/20251214/lin/mne/,https://www.collegehockeynews.com/box/metrics.php?gd=111293,,college_hockey_news,https://www.collegehockeynews.com/schedules/team/Maine/25/20252026,Hockey East,Independent
2025-26,Maine,2026-01-02,Fri,W,5,2,False,True,False,Denver,https://www.collegehockeynews.com/reports/team/Denver/20,20,False,False,https://www.collegehockeynews.com/box/final/20260102/mne/den/,https://www.collegehockeynews.com/box/metrics.php?gd=110531,,college_hockey_news,https://www.collegehockeynews.com/schedules/team/Maine/25/20252026,Hockey East,NCHC
2025-26,Maine,2026-01-03,Sat,T,3,3,False,True,False,Denver,https://www.collegehockeynews.com/reports/team/Denver/20,20,False,True,https://www.collegehockeynews.com/box/final/20260103/mne/den/,https://www.collegehockeynews.com/box/metrics.php?gd=110532,,college_hockey_news,https://www.collegehockeynews.com/schedules/team/Maine/25/20252026,Hockey East,NCHC
2025-26,Maine,2026-01-09,Fri,L,1,6,False,True,False,Providence,https://www.collegehockeynews.com/reports/team/Providence/46,46,True,False,https://www.collegehockeynews.com/box/final/20260109/mne/prv/,https://www.collegehockeynews.com/box/metrics.php?gd=111297,,college_hockey_news,https://www.collegehockeynews.com/schedules/team/Maine/25/20252026,Hockey East,Hockey East
2025-26,Maine,2026-01-10,Sat,L,0,3,False,True,False,Providence,https://www.collegehockeynews.com/reports/team/Providence/46,46,True,False,https://www.collegehockeynews.com/box/final/20260110/mne/prv/,https://www.collegehockeynews.com/box/metrics.php?gd=111298,,college_hockey_news,https://www.collegehockeynews.com/schedules/team/Maine/25/20252026,Hockey East,Hockey East
2025-26,Maine,2026-01-23,Fri,W,2,0,False,True,False,Mass.-Lowell,https://www.collegehockeynews.com/reports/team/Mass-Lowell/26,26,True,False,https://www.collegehockeynews.com/box/final/20260123/mne/uml/,https://www.collegehockeynews.com/box/metrics.php?gd=110848,,college_hockey_news,https://www.collegehockeynews.com/schedules/team/Maine/25/20252026,Hockey East,Hockey East
2025-26,Maine,2026-01-24,Sat,W,6,5,False,True,False,Mass.-Lowell,https://www.collegehockeynews.com/reports/team/Mass-Lowell/26,26,True,True,https://www.collegehockeynews.com/box/final/20260124/mne/uml/,https://www.collegehockeynews.com/box/metrics.php?gd=110849,,college_hockey_news,https://www.collegehockeynews.com/schedules/team/Maine/25/20252026,Hockey East,Hockey East
2025-26,Maine,2026-01-31,Sat,L,2,3,True,False,False,Providence,https://www.collegehockeynews.com/reports/team/Providence/46,46,True,True,https://www.collegehockeynews.com/box/final/20260131/prv/mne/,https://www.collegehockeynews.com/box/metrics.php?gd=111309,,college_hockey_news,https://www.collegehockeynews.com/schedules/team/Maine/25/20252026,Hockey East,Hockey East
2025-26,Maine,2026-02-06,Fri,L,2,3,False,True,False,Boston University,https://www.collegehockeynews.com/reports/team/Boston-University/10,10,True,True,https://www.collegehockeynews.com/box/final/20260206/mne/bu_/,https://www.collegehockeynews.com/box/metrics.php?gd=111146,,college_hockey_news,https://www.collegehockeynews.com/schedules/team/Maine/25/20252026,Hockey East,Hockey East
2025-26,Maine,2026-02-13,Fri,L,0,2,True,False,False,Connecticut,https://www.collegehockeynews.com/reports/team/Connecticut/17,17,True,False,https://www.collegehockeynews.com/box/final/20260213/con/mne/,https://www.collegehockeynews.com/box/metrics.php?gd=111315,,college_hockey_news,https://www.collegehockeynews.com/schedules/team/Maine/25/20252026,Hockey East,Hockey East
2025-26,Maine,2026-02-14,Sat,T-SOL,3,3,True,False,False,Connecticut,https://www.collegehockeynews.com/reports/team/Connecticut/17,17,True,True,https://www.collegehockeynews.com/box/final/20260214/con/mne/,https://www.collegehockeynews.com/box/metrics.php?gd=111316,,college_hockey_news,https://www.collegehockeynews.com/schedules/team/Maine/25/20252026,Hockey East,Hockey East
2025-26,Maine,2026-02-20,Fri,W,5,3,True,False,False,Merrimack,https://www.collegehockeynews.com/reports/team/Merrimack/29,29,True,False,https://www.collegehockeynews.com/box/final/20260220/mer/mne/,https://www.collegehockeynews.com/box/metrics.php?gd=111321,,college_hockey_news,https://www.collegehockeynews.com/schedules/team/Maine/25/20252026,Hockey East,Hockey East
2025-26,Maine,2026-02-21,Sat,W,5,2,True,False,False,Merrimack,https://www.collegehockeynews.com/reports/team/Merrimack/29,29,True,False,https://www.collegehockeynews.com/box/final/20260221/mer/mne/,https://www.collegehockeynews.com/box/metrics.php?gd=111322,,college_hockey_news,https://www.collegehockeynews.com/schedules/team/Maine/25/20252026,Hockey East,Hockey East
2025-26,Maine,2026-02-27,Fri,W,4,0,True,False,False,Northeastern,https://www.collegehockeynews.com/reports/team/Northeastern/41,41,True,False,https://www.collegehockeynews.com/box/final/20260227/noe/mne/,https://www.collegehockeynews.com/box/metrics.php?gd=111325,"at Cross Insurance Arena, Portland, Maine",college_hockey_news,https://www.collegehockeynews.com/schedules/team/Maine/25/20252026,Hockey East,Hockey East
2025-26,Maine,2026-02-28,Sat,W,3,2,False,True,False,Northeastern,https://www.collegehockeynews.com/reports/team/Northeastern/41,41,True,False,https://www.collegehockeynews.com/box/final/20260228/mne/noe/,https://www.collegehockeynews.com/box/metrics.php?gd=111326,,college_hockey_news,https://www.collegehockeynews.com/schedules/team/Maine/25/20252026,Hockey East,Hockey East
2025-26,Maine,2026-03-07,Sat,L,3,5,False,True,False,Vermont,https://www.collegehockeynews.com/reports/team/Vermont/55,55,True,False,https://www.collegehockeynews.com/box/final/20260307/mne/ver/,https://www.collegehockeynews.com/box/metrics.php?gd=111331,,college_hockey_news,https://www.collegehockeynews.com/schedules/team/Maine/25/20252026,Hockey East,Hockey East
2025-26,Maine,2026-03-13,Fri,L,0,5,False,True,False,Boston College,https://www.collegehockeynews.com/reports/team/Boston-College/9,9,False,False,https://www.collegehockeynews.com/box/final/20260313/mne/bc_/,https://www.collegehockeynews.com/box/metrics.php?gd=112998,"HEA Tournament Hockey East Quarterfinal – Conte Forum (Kelley Rink), Chestnut Hill, Mass.",college_hockey_news,https://www.collegehockeynews.com/schedules/team/Maine/25/20252026,Hockey East,Hockey East
2025-26,Mass.-Lowell,2025-10-03,Fri,W,4,0,True,False,False,Merrimack,https://www.collegehockeynews.com/reports/team/Merrimack/29,29,True,False,https://www.collegehockeynews.com/box/final/20251003/mer/uml/,https://www.collegehockeynews.com/box/metrics.php?gd=110830,,college_hockey_news,https://www.collegehockeynews.com/schedules/team/Mass-Lowell/26/20252026,Hockey East,Hockey East
2025-26,Mass.-Lowell,2025-10-10,Fri,L,1,4,False,True,False,Merrimack,https://www.collegehockeynews.com/reports/team/Merrimack/29,29,True,False,https://www.collegehockeynews.com/box/final/20251010/uml/mer/,https://www.collegehockeynews.com/box/metrics.php?gd=110831,,college_hockey_news,https://www.collegehockeynews.com/schedules/team/Mass-Lowell/26/20252026,Hockey East,Hockey East
2025-26,Mass.-Lowell,2025-10-17,Fri,L,1,2,True,False,False,Western Michigan,https://www.collegehockeynews.com/reports/team/Western-Michigan/57,57,False,False,https://www.collegehockeynews.com/box/final/20251017/wmu/uml/,https://www.collegehockeynews.com/box/metrics.php?gd=110631,,college_hockey_news,https://www.collegehockeynews.com/schedules/team/Mass-Lowell/26/20252026,Hockey East,NCHC
2025-26,Mass.-Lowell,2025-10-18,Sat,L,0,6,True,False,False,Western Michigan,https://www.collegehockeynews.com/reports/team/Western-Michigan/57,57,False,False,https://www.collegehockeynews.com/box/final/20251018/wmu/uml/,https://www.collegehockeynews.com/box/metrics.php?gd=110632,,college_hockey_news,https://www.collegehockeynews.com/schedules/team/Mass-Lowell/26/20252026,Hockey East,NCHC
2025-26,Mass.-Lowell,2025-10-24,Fri,W,4,0,False,True,False,Mercyhurst,https://www.collegehockeynews.com/reports/team/Mercyhurst/28,28,False,False,https://www.collegehockeynews.com/box/final/20251024/uml/mrc/,https://www.collegehockeynews.com/box/metrics.php?gd=110832,,college_hockey_news,https://www.collegehockeynews.com/schedules/team/Mass-Lowell/26/20252026,Hockey East,Atlantic Hockey
2025-26,Mass.-Lowell,2025-10-25,Sat,W,4,3,False,True,False,Mercyhurst,https://www.collegehockeynews.com/reports/team/Mercyhurst/28,28,False,False,https://www.collegehockeynews.com/box/final/20251025/uml/mrc/,https://www.collegehockeynews.com/box/metrics.php?gd=110833,,college_hockey_news,https://www.collegehockeynews.com/schedules/team/Mass-Lowell/26/20252026,Hockey East,Atlantic Hockey
2025-26,Mass.-Lowell,2025-10-31,Fri,L,2,5,False,True,False,Providence,https://www.collegehockeynews.com/reports/team/Providence/46,46,True,False,https://www.collegehockeynews.com/box/final/20251031/uml/prv/,https://www.collegehockeynews.com/box/metrics.php?gd=110834,,college_hockey_news,https://www.collegehockeynews.com/schedules/team/Mass-Lowell/26/20252026,Hockey East,Hockey East
2025-26,Mass.-Lowell,2025-11-01,Sat,W,5,1,True,False,False,Providence,https://www.collegehockeynews.com/reports/team/Providence/46,46,True,False,https://www.collegehockeynews.com/box/final/20251101/prv/uml/,https://www.collegehockeynews.com/box/metrics.php?gd=110835,,college_hockey_news,https://www.collegehockeynews.com/schedules/team/Mass-Lowell/26/20252026,Hockey East,Hockey East
2025-26,Mass.-Lowell,2025-11-07,Fri,L,0,2,True,False,False,New Hampshire,https://www.collegehockeynews.com/reports/team/New-Hampshire/38,38,True,False,https://www.collegehockeynews.com/box/final/20251107/unh/uml/,https://www.collegehockeynews.com/box/metrics.php?gd=110836,,college_hockey_news,https://www.collegehockeynews.com/schedules/team/Mass-Lowell/26/20252026,Hockey East,Hockey East
2025-26,Mass.-Lowell,2025-11-08,Sat,W,6,1,False,True,False,New Hampshire,https://www.collegehockeynews.com/reports/team/New-Hampshire/38,38,True,False,https://www.collegehockeynews.com/box/final/20251108/uml/unh/,https://www.collegehockeynews.com/box/metrics.php?gd=110837,,college_hockey_news,https://www.collegehockeynews.com/schedules/team/Mass-Lowell/26/20252026,Hockey East,Hockey East
2025-26,Mass.-Lowell,2025-11-14,Fri,L,1,7,False,True,False,Union,https://www.collegehockeynews.com/reports/team/Union/54,54,False,False,https://www.collegehockeynews.com/box/final/20251114/uml/uni/,https://www.collegehockeynews.com/box/metrics.php?gd=110838,,college_hockey_news,https://www.collegehockeynews.com/schedules/team/Mass-Lowell/26/20252026,Hockey East,ECAC
2025-26,Mass.-Lowell,2025-11-15,Sat,L,0,2,False,True,False,RPI,https://www.collegehockeynews.com/reports/team/RPI/48,48,False,False,https://www.collegehockeynews.com/box/final/20251115/uml/ren/,https://www.collegehockeynews.com/box/metrics.php?gd=110839,,college_hockey_news,https://www.collegehockeynews.com/schedules/team/Mass-Lowell/26/20252026,Hockey East,ECAC
2025-26,Mass.-Lowell,2025-11-28,Fri,L,0,2,False,False,True,Clarkson,https://www.collegehockeynews.com/reports/team/Clarkson/14,14,False,False,https://www.collegehockeynews.com/box/final/20251128/clk/uml/,https://www.collegehockeynews.com/box/metrics.php?gd=110451,"Adirondack Winter Invitational – 1980 Rink Herb Brooks Arena, Lake Placid, N.Y.",college_hockey_news,https://www.collegehockeynews.com/schedules/team/Mass-Lowell/26/20252026,Hockey East,ECAC
2025-26,Mass.-Lowell,2025-11-29,Sat,W,7,3,False,False,True,St. Lawrence,https://www.collegehockeynews.com/reports/team/St-Lawrence/53,53,False,False,https://www.collegehockeynews.com/box/final/20251129/uml/stl/,https://www.collegehockeynews.com/box/metrics.php?gd=110453,"Adirondack Winter Invitational – 1980 Rink Herb Brooks Arena, Lake Placid, N.Y.",college_hockey_news,https://www.collegehockeynews.com/schedules/team/Mass-Lowell/26/20252026,Hockey East,ECAC
2025-26,Mass.-Lowell,2025-12-05,Fri,L,1,3,True,False,False,Boston College,https://www.collegehockeynews.com/reports/team/Boston-College/9,9,True,False,https://www.collegehockeynews.com/box/final/20251205/bc_/uml/,https://www.collegehockeynews.com/box/metrics.php?gd=110840,,college_hockey_news,https://www.collegehockeynews.com/schedules/team/Mass-Lowell/26/20252026,Hockey East,Hockey East
2025-26,Mass.-Lowell,2025-12-06,Sat,L,1,3,False,True,False,Boston College,https://www.collegehockeynews.com/reports/team/Boston-College/9,9,True,False,https://www.collegehockeynews.com/box/final/20251206/uml/bc_/,https://www.collegehockeynews.com/box/metrics.php?gd=110841,,college_hockey_news,https://www.collegehockeynews.com/schedules/team/Mass-Lowell/26/20252026,Hockey East,Hockey East
2025-26,Mass.-Lowell,2025-12-10,Wed,L,4,5,False,True,False,Maine,https://www.collegehockeynews.com/reports/team/Maine/25,25,True,True,https://www.collegehockeynews.com/box/final/20251210/uml/mne/,https://www.collegehockeynews.com/box/metrics.php?gd=110842,,college_hockey_news,https://www.collegehockeynews.com/schedules/team/Mass-Lowell/26/20252026,Hockey East,Hockey East
2025-26,Mass.-Lowell,2026-01-02,Fri,W,3,1,False,False,True,Minnesota State,https://www.collegehockeynews.com/reports/team/Minnesota-State/35,35,False,False,https://www.collegehockeynews.com/box/final/20260102/uml/mns/,https://www.collegehockeynews.com/box/metrics.php?gd=110615,"Cactus Cup – Acrisure Arena, Palm Springs, Calif.",college_hockey_news,https://www.collegehockeynews.com/schedules/team/Mass-Lowell/26/20252026,Hockey East,CCHA
2025-26,Mass.-Lowell,2026-01-03,Sat,L,2,3,False,False,True,St. Cloud State,https://www.collegehockeynews.com/reports/team/St-Cloud-State/52,52,False,False,https://www.collegehockeynews.com/box/final/20260103/uml/stc/,https://www.collegehockeynews.com/box/metrics.php?gd=111254,"Cactus Cup – Acrisure Arena, Palm Springs, Calif.",college_hockey_news,https://www.collegehockeynews.com/schedules/team/Mass-Lowell/26/20252026,Hockey East,NCHC
2025-26,Mass.-Lowell,2026-01-09,Fri,W,5,3,False,True,False,Connecticut,https://www.collegehockeynews.com/reports/team/Connecticut/17,17,True,False,https://www.collegehockeynews.com/box/final/20260109/uml/con/,https://www.collegehockeynews.com/box/metrics.php?gd=110844,,college_hockey_news,https://www.collegehockeynews.com/schedules/team/Mass-Lowell/26/20252026,Hockey East,Hockey East
2025-26,Mass.-Lowell,2026-01-10,Sat,L,1,5,True,False,False,Connecticut,https://www.collegehockeynews.com/reports/team/Connecticut/17,17,True,False,https://www.collegehockeynews.com/box/final/20260110/con/uml/,https://www.collegehockeynews.com/box/metrics.php?gd=110845,,college_hockey_news,https://www.collegehockeynews.com/schedules/team/Mass-Lowell/26/20252026,Hockey East,Hockey East
2025-26,Mass.-Lowell,2026-01-16,Fri,W,4,3,False,True,False,Boston University,https://www.collegehockeynews.com/reports/team/Boston-University/10,10,True,True,https://www.collegehockeynews.com/box/final/20260116/uml/bu_/,https://www.collegehockeynews.com/box/metrics.php?gd=110846,,college_hockey_news,https://www.collegehockeynews.com/schedules/team/Mass-Lowell/26/20252026,Hockey East,Hockey East
2025-26,Mass.-Lowell,2026-01-17,Sat,L,0,3,True,False,False,Boston University,https://www.collegehockeynews.com/reports/team/Boston-University/10,10,True,False,https://www.collegehockeynews.com/box/final/20260117/bu_/uml/,https://www.collegehockeynews.com/box/metrics.php?gd=110847,,college_hockey_news,https://www.collegehockeynews.com/schedules/team/Mass-Lowell/26/20252026,Hockey East,Hockey East
2025-26,Mass.-Lowell,2026-01-23,Fri,L,0,2,True,False,False,Maine,https://www.collegehockeynews.com/reports/team/Maine/25,25,True,False,https://www.collegehockeynews.com/box/final/20260123/mne/uml/,https://www.collegehockeynews.com/box/metrics.php?gd=110848,,college_hockey_news,https://www.collegehockeynews.com/schedules/team/Mass-Lowell/26/20252026,Hockey East,Hockey East
2025-26,Mass.-Lowell,2026-01-24,Sat,L,5,6,True,False,False,Maine,https://www.collegehockeynews.com/reports/team/Maine/25,25,True,True,https://www.collegehockeynews.com/box/final/20260124/mne/uml/,https://www.collegehockeynews.com/box/metrics.php?gd=110849,,college_hockey_news,https://www.collegehockeynews.com/schedules/team/Mass-Lowell/26/20252026,Hockey East,Hockey East
2025-26,Mass.-Lowell,2026-02-01,Sun,L,4,6,True,False,False,Massachusetts,https://www.collegehockeynews.com/reports/team/Massachusetts/27,27,True,False,https://www.collegehockeynews.com/box/final/20260201/uma/uml/,https://www.collegehockeynews.com/box/metrics.php?gd=110563,,college_hockey_news,https://www.collegehockeynews.com/schedules/team/Mass-Lowell/26/20252026,Hockey East,Hockey East
2025-26,Mass.-Lowell,2026-02-06,Fri,W,3,1,True,False,False,Massachusetts,https://www.collegehockeynews.com/reports/team/Massachusetts/27,27,True,False,https://www.collegehockeynews.com/box/final/20260206/uma/uml/,https://www.collegehockeynews.com/box/metrics.php?gd=110564,,college_hockey_news,https://www.collegehockeynews.com/schedules/team/Mass-Lowell/26/20252026,Hockey East,Hockey East
2025-26,Mass.-Lowell,2026-02-07,Sat,L,2,5,False,True,False,Massachusetts,https://www.collegehockeynews.com/reports/team/Massachusetts/27,27,True,False,https://www.collegehockeynews.com/box/final/20260207/uml/uma/,https://www.collegehockeynews.com/box/metrics.php?gd=110565,,college_hockey_news,https://www.collegehockeynews.com/schedules/team/Mass-Lowell/26/20252026,Hockey East,Hockey East
2025-26,Mass.-Lowell,2026-02-13,Fri,W,4,2,False,True,False,Vermont,https://www.collegehockeynews.com/reports/team/Vermont/55,55,True,False,https://www.collegehockeynews.com/box/final/20260213/uml/ver/,https://www.collegehockeynews.com/box/metrics.php?gd=110850,,college_hockey_news,https://www.collegehockeynews.com/schedules/team/Mass-Lowell/26/20252026,Hockey East,Hockey East
2025-26,Mass.-Lowell,2026-02-14,Sat,W,5,2,False,True,False,Vermont,https://www.collegehockeynews.com/reports/team/Vermont/55,55,True,False,https://www.collegehockeynews.com/box/final/20260214/uml/ver/,https://www.collegehockeynews.com/box/metrics.php?gd=110851,,college_hockey_news,https://www.collegehockeynews.com/schedules/team/Mass-Lowell/26/20252026,Hockey East,Hockey East
2025-26,Mass.-Lowell,2026-02-20,Fri,L,0,2,True,False,False,Northeastern,https://www.collegehockeynews.com/reports/team/Northeastern/41,41,True,False,https://www.collegehockeynews.com/box/final/20260220/noe/uml/,https://www.collegehockeynews.com/box/metrics.php?gd=110852,,college_hockey_news,https://www.collegehockeynews.com/schedules/team/Mass-Lowell/26/20252026,Hockey East,Hockey East
2025-26,Mass.-Lowell,2026-02-21,Sat,L,2,8,True,False,False,Northeastern,https://www.collegehockeynews.com/reports/team/Northeastern/41,41,True,False,https://www.collegehockeynews.com/box/final/20260221/noe/uml/,https://www.collegehockeynews.com/box/metrics.php?gd=110853,,college_hockey_news,https://www.collegehockeynews.com/schedules/team/Mass-Lowell/26/20252026,Hockey East,Hockey East
2025-26,Mass.-Lowell,2026-03-05,Thu,L,3,5,False,True,False,Merrimack,https://www.collegehockeynews.com/reports/team/Merrimack/29,29,True,False,https://www.collegehockeynews.com/box/final/20260305/uml/mer/,https://www.collegehockeynews.com/box/metrics.php?gd=110854,,college_hockey_news,https://www.collegehockeynews.com/schedules/team/Mass-Lowell/26/20252026,Hockey East,Hockey East
2025-26,Mass.-Lowell,2026-03-07,Sat,W,4,3,True,False,False,Boston University,https://www.collegehockeynews.com/reports/team/Boston-University/10,10,True,False,https://www.collegehockeynews.com/box/final/20260307/bu_/uml/,https://www.collegehockeynews.com/box/metrics.php?gd=110855,,college_hockey_news,https://www.collegehockeynews.com/schedules/team/Mass-Lowell/26/20252026,Hockey East,Hockey East
2025-26,Mass.-Lowell,2026-03-11,Wed,L,3,5,False,True,False,Merrimack,https://www.collegehockeynews.com/reports/team/Merrimack/29,29,False,False,https://www.collegehockeynews.com/box/final/20260311/uml/mer/,https://www.collegehockeynews.com/box/metrics.php?gd=112993,"HEA Tournament Hockey East First Round – J. Thom Lawler Rink, North Andover, Mass.",college_hockey_news,https://www.collegehockeynews.com/schedules/team/Mass-Lowell/26/20252026,Hockey East,Hockey East
2025-26,Massachusetts,2025-10-04,Sat,W,5,3,True,False,False,Northern Michigan,https://www.collegehockeynews.com/reports/team/Northern-Michigan/42,42,False,False,https://www.collegehockeynews.com/box/final/20251004/nmu/uma/,https://www.collegehockeynews.com/box/metrics.php?gd=110539,,college_hockey_news,https://www.collegehockeynews.com/schedules/team/Massachusetts/27/20252026,Hockey East,CCHA
2025-26,Massachusetts,2025-10-05,Sun,W,4,1,True,False,False,Northern Michigan,https://www.collegehockeynews.com/reports/team/Northern-Michigan/42,42,False,False,https://www.collegehockeynews.com/box/final/20251005/nmu/uma/,https://www.collegehockeynews.com/box/metrics.php?gd=110540,,college_hockey_news,https://www.collegehockeynews.com/schedules/team/Massachusetts/27/20252026,Hockey East,CCHA
2025-26,Massachusetts,2025-10-10,Fri,W,4,1,False,True,False,Stonehill,https://www.collegehockeynews.com/reports/team/Stonehill/422,422,False,False,https://www.collegehockeynews.com/box/final/20251010/uma/stn/,https://www.collegehockeynews.com/box/metrics.php?gd=110541,,college_hockey_news,https://www.collegehockeynews.com/schedules/team/Massachusetts/27/20252026,Hockey East,Independent
2025-26,Massachusetts,2025-10-17,Fri,L,2,4,True,False,False,Northeastern,https://www.collegehockeynews.com/reports/team/Northeastern/41,41,True,False,https://www.collegehockeynews.com/box/final/20251017/noe/uma/,https://www.collegehockeynews.com/box/metrics.php?gd=110542,,college_hockey_news,https://www.collegehockeynews.com/schedules/team/Massachusetts/27/20252026,Hockey East,Hockey East
2025-26,Massachusetts,2025-10-18,Sat,W,5,4,True,False,False,Bentley,https://www.collegehockeynews.com/reports/team/Bentley/8,8,False,True,https://www.collegehockeynews.com/box/final/20251018/ben/uma/,https://www.collegehockeynews.com/box/metrics.php?gd=110543,,college_hockey_news,https://www.collegehockeynews.com/schedules/team/Massachusetts/27/20252026,Hockey East,Atlantic Hockey
2025-26,Massachusetts,2025-10-24,Fri,W,5,4,False,True,False,Omaha,https://www.collegehockeynews.com/reports/team/Omaha/37,37,False,False,https://www.collegehockeynews.com/box/final/20251024/uma/uno/,https://www.collegehockeynews.com/box/metrics.php?gd=110544,,college_hockey_news,https://www.collegehockeynews.com/schedules/team/Massachusetts/27/20252026,Hockey East,NCHC
2025-26,Massachusetts,2025-10-25,Sat,L,2,5,False,True,False,Omaha,https://www.collegehockeynews.com/reports/team/Omaha/37,37,False,False,https://www.collegehockeynews.com/box/final/20251025/uma/uno/,https://www.collegehockeynews.com/box/metrics.php?gd=110545,,college_hockey_news,https://www.collegehockeynews.com/schedules/team/Massachusetts/27/20252026,Hockey East,NCHC
2025-26,Massachusetts,2025-10-31,Fri,W,2,1,True,False,False,Cornell,https://www.collegehockeynews.com/reports/team/Cornell/18,18,False,False,https://www.collegehockeynews.com/box/final/20251031/cor/uma/,https://www.collegehockeynews.com/box/metrics.php?gd=110546,,college_hockey_news,https://www.collegehockeynews.com/schedules/team/Massachusetts/27/20252026,Hockey East,ECAC
2025-26,Massachusetts,2025-11-01,Sat,L,1,3,True,False,False,Cornell,https://www.collegehockeynews.com/reports/team/Cornell/18,18,False,False,https://www.collegehockeynews.com/box/final/20251101/cor/uma/,https://www.collegehockeynews.com/box/metrics.php?gd=110547,,college_hockey_news,https://www.collegehockeynews.com/schedules/team/Massachusetts/27/20252026,Hockey East,ECAC
2025-26,Massachusetts,2025-11-06,Thu,L,2,6,True,False,False,Maine,https://www.collegehockeynews.com/reports/team/Maine/25,25,True,False,https://www.collegehockeynews.com/box/final/20251106/mne/uma/,https://www.collegehockeynews.com/box/metrics.php?gd=110548,,college_hockey_news,https://www.collegehockeynews.com/schedules/team/Massachusetts/27/20252026,Hockey East,Hockey East
2025-26,Massachusetts,2025-11-07,Fri,W,4,0,True,False,False,Maine,https://www.collegehockeynews.com/reports/team/Maine/25,25,True,False,https://www.collegehockeynews.com/box/final/20251107/mne/uma/,https://www.collegehockeynews.com/box/metrics.php?gd=110549,,college_hockey_news,https://www.collegehockeynews.com/schedules/team/Massachusetts/27/20252026,Hockey East,Hockey East
2025-26,Massachusetts,2025-11-14,Fri,L,3,7,False,True,False,Boston College,https://www.collegehockeynews.com/reports/team/Boston-College/9,9,True,False,https://www.collegehockeynews.com/box/final/20251114/uma/bc_/,https://www.collegehockeynews.com/box/metrics.php?gd=110550,,college_hockey_news,https://www.collegehockeynews.com/schedules/team/Massachusetts/27/20252026,Hockey East,Hockey East
2025-26,Massachusetts,2025-11-15,Sat,L,0,4,True,False,False,Boston College,https://www.collegehockeynews.com/reports/team/Boston-College/9,9,True,False,https://www.collegehockeynews.com/box/final/20251115/bc_/uma/,https://www.collegehockeynews.com/box/metrics.php?gd=110551,,college_hockey_news,https://www.collegehockeynews.com/schedules/team/Massachusetts/27/20252026,Hockey East,Hockey East
2025-26,Massachusetts,2025-11-20,Thu,W,2,1,False,True,False,Providence,https://www.collegehockeynews.com/reports/team/Providence/46,46,True,True,https://www.collegehockeynews.com/box/final/20251120/uma/prv/,https://www.collegehockeynews.com/box/metrics.php?gd=110552,,college_hockey_news,https://www.collegehockeynews.com/schedules/team/Massachusetts/27/20252026,Hockey East,Hockey East
2025-26,Massachusetts,2025-11-22,Sat,L,1,5,True,False,False,Providence,https://www.collegehockeynews.com/reports/team/Providence/46,46,True,False,https://www.collegehockeynews.com/box/final/20251122/prv/uma/,https://www.collegehockeynews.com/box/metrics.php?gd=110553,,college_hockey_news,https://www.collegehockeynews.com/schedules/team/Massachusetts/27/20252026,Hockey East,Hockey East
2025-26,Massachusetts,2025-11-29,Sat,L,4,5,False,True,False,Army,https://www.collegehockeynews.com/reports/team/Army/6,6,False,False,https://www.collegehockeynews.com/box/final/20251129/uma/arm/,https://www.collegehockeynews.com/box/metrics.php?gd=110813,,college_hockey_news,https://www.collegehockeynews.com/schedules/team/Massachusetts/27/20252026,Hockey East,Atlantic Hockey
2025-26,Massachusetts,2025-12-06,Sat,L,2,3,False,True,False,Northeastern,https://www.collegehockeynews.com/reports/team/Northeastern/41,41,True,True,https://www.collegehockeynews.com/box/final/20251206/uma/noe/,https://www.collegehockeynews.com/box/metrics.php?gd=110554,,college_hockey_news,https://www.collegehockeynews.com/schedules/team/Massachusetts/27/20252026,Hockey East,Hockey East
2025-26,Massachusetts,2025-12-07,Sun,W,2,0,False,True,False,Northeastern,https://www.collegehockeynews.com/reports/team/Northeastern/41,41,False,False,https://www.collegehockeynews.com/box/final/20251207/uma/noe/,https://www.collegehockeynews.com/box/metrics.php?gd=110555,,college_hockey_news,https://www.collegehockeynews.com/schedules/team/Massachusetts/27/20252026,Hockey East,Hockey East
2025-26,Massachusetts,2026-01-09,Fri,L,0,1,True,False,False,Boston University,https://www.collegehockeynews.com/reports/team/Boston-University/10,10,True,False,https://www.collegehockeynews.com/box/final/20260109/bu_/uma/,https://www.collegehockeynews.com/box/metrics.php?gd=110556,,college_hockey_news,https://www.collegehockeynews.com/schedules/team/Massachusetts/27/20252026,Hockey East,Hockey East
2025-26,Massachusetts,2026-01-10,Sat,W,2,0,False,True,False,Boston University,https://www.collegehockeynews.com/reports/team/Boston-University/10,10,True,False,https://www.collegehockeynews.com/box/final/20260110/uma/bu_/,https://www.collegehockeynews.com/box/metrics.php?gd=110557,,college_hockey_news,https://www.collegehockeynews.com/schedules/team/Massachusetts/27/20252026,Hockey East,Hockey East
2025-26,Massachusetts,2026-01-16,Fri,W,4,2,False,True,False,Merrimack,https://www.collegehockeynews.com/reports/team/Merrimack/29,29,True,False,https://www.collegehockeynews.com/box/final/20260116/uma/mer/,https://www.collegehockeynews.com/box/metrics.php?gd=110558,,college_hockey_news,https://www.collegehockeynews.com/schedules/team/Massachusetts/27/20252026,Hockey East,Hockey East
2025-26,Massachusetts,2026-01-17,Sat,W,3,1,True,False,False,Merrimack,https://www.collegehockeynews.com/reports/team/Merrimack/29,29,True,False,https://www.collegehockeynews.com/box/final/20260117/mer/uma/,https://www.collegehockeynews.com/box/metrics.php?gd=110559,,college_hockey_news,https://www.collegehockeynews.com/schedules/team/Massachusetts/27/20252026,Hockey East,Hockey East
2025-26,Massachusetts,2026-01-23,Fri,W,4,0,False,True,False,Vermont,https://www.collegehockeynews.com/reports/team/Vermont/55,55,True,False,https://www.collegehockeynews.com/box/final/20260123/uma/ver/,https://www.collegehockeynews.com/box/metrics.php?gd=110560,,college_hockey_news,https://www.collegehockeynews.com/schedules/team/Massachusetts/27/20252026,Hockey East,Hockey East
2025-26,Massachusetts,2026-01-24,Sat,W,1,0,False,True,False,Vermont,https://www.collegehockeynews.com/reports/team/Vermont/55,55,True,False,https://www.collegehockeynews.com/box/final/20260124/uma/ver/,https://www.collegehockeynews.com/box/metrics.php?gd=110561,,college_hockey_news,https://www.collegehockeynews.com/schedules/team/Massachusetts/27/20252026,Hockey East,Hockey East
2025-26,Massachusetts,2026-01-30,Fri,W,3,2,True,False,False,Northeastern,https://www.collegehockeynews.com/reports/team/Northeastern/41,41,True,True,https://www.collegehockeynews.com/box/final/20260130/noe/uma/,https://www.collegehockeynews.com/box/metrics.php?gd=110562,,college_hockey_news,https://www.collegehockeynews.com/schedules/team/Massachusetts/27/20252026,Hockey East,Hockey East
2025-26,Massachusetts,2026-02-01,Sun,W,6,4,False,True,False,Mass.-Lowell,https://www.collegehockeynews.com/reports/team/Mass-Lowell/26,26,True,False,https://www.collegehockeynews.com/box/final/20260201/uma/uml/,https://www.collegehockeynews.com/box/metrics.php?gd=110563,,college_hockey_news,https://www.collegehockeynews.com/schedules/team/Massachusetts/27/20252026,Hockey East,Hockey East
2025-26,Massachusetts,2026-02-06,Fri,L,1,3,False,True,False,Mass.-Lowell,https://www.collegehockeynews.com/reports/team/Mass-Lowell/26,26,True,False,https://www.collegehockeynews.com/box/final/20260206/uma/uml/,https://www.collegehockeynews.com/box/metrics.php?gd=110564,,college_hockey_news,https://www.collegehockeynews.com/schedules/team/Massachusetts/27/20252026,Hockey East,Hockey East
2025-26,Massachusetts,2026-02-07,Sat,W,5,2,True,False,False,Mass.-Lowell,https://www.collegehockeynews.com/reports/team/Mass-Lowell/26,26,True,False,https://www.collegehockeynews.com/box/final/20260207/uml/uma/,https://www.collegehockeynews.com/box/metrics.php?gd=110565,,college_hockey_news,https://www.collegehockeynews.com/schedules/team/Massachusetts/27/20252026,Hockey East,Hockey East
2025-26,Massachusetts,2026-02-20,Fri,W,4,0,True,False,False,New Hampshire,https://www.collegehockeynews.com/reports/team/New-Hampshire/38,38,True,False,https://www.collegehockeynews.com/box/final/20260220/unh/uma/,https://www.collegehockeynews.com/box/metrics.php?gd=110566,,college_hockey_news,https://www.collegehockeynews.com/schedules/team/Massachusetts/27/20252026,Hockey East,Hockey East
2025-26,Massachusetts,2026-02-21,Sat,L,0,1,False,True,False,New Hampshire,https://www.collegehockeynews.com/reports/team/New-Hampshire/38,38,True,False,https://www.collegehockeynews.com/box/final/20260221/uma/unh/,https://www.collegehockeynews.com/box/metrics.php?gd=110567,,college_hockey_news,https://www.collegehockeynews.com/schedules/team/Massachusetts/27/20252026,Hockey East,Hockey East
2025-26,Massachusetts,2026-02-27,Fri,W,5,1,False,True,False,Connecticut,https://www.collegehockeynews.com/reports/team/Connecticut/17,17,True,False,https://www.collegehockeynews.com/box/final/20260227/uma/con/,https://www.collegehockeynews.com/box/metrics.php?gd=110568,,college_hockey_news,https://www.collegehockeynews.com/schedules/team/Massachusetts/27/20252026,Hockey East,Hockey East
2025-26,Massachusetts,2026-02-28,Sat,T-SOW,3,3,True,False,False,Connecticut,https://www.collegehockeynews.com/reports/team/Connecticut/17,17,True,True,https://www.collegehockeynews.com/box/final/20260228/con/uma/,https://www.collegehockeynews.com/box/metrics.php?gd=110569,,college_hockey_news,https://www.collegehockeynews.com/schedules/team/Massachusetts/27/20252026,Hockey East,Hockey East
2025-26,Massachusetts,2026-03-05,Thu,W,2,1,True,False,False,Boston College,https://www.collegehockeynews.com/reports/team/Boston-College/9,9,True,False,https://www.collegehockeynews.com/box/final/20260305/bc_/uma/,https://www.collegehockeynews.com/box/metrics.php?gd=110570,,college_hockey_news,https://www.collegehockeynews.com/schedules/team/Massachusetts/27/20252026,Hockey East,Hockey East
2025-26,Massachusetts,2026-03-07,Sat,W,4,2,False,True,False,New Hampshire,https://www.collegehockeynews.com/reports/team/New-Hampshire/38,38,True,False,https://www.collegehockeynews.com/box/final/20260307/uma/unh/,https://www.collegehockeynews.com/box/metrics.php?gd=110571,,college_hockey_news,https://www.collegehockeynews.com/schedules/team/Massachusetts/27/20252026,Hockey East,Hockey East
2025-26,Massachusetts,2026-03-14,Sat,W,4,1,True,False,False,Northeastern,https://www.collegehockeynews.com/reports/team/Northeastern/41,41,False,False,https://www.collegehockeynews.com/box/final/20260314/noe/uma/,https://www.collegehockeynews.com/box/metrics.php?gd=112996,HEA Tournament Hockey East Quarterfinal,college_hockey_news,https://www.collegehockeynews.com/schedules/team/Massachusetts/27/20252026,Hockey East,Hockey East
2025-26,Massachusetts,2026-03-20,Fri,L,0,2,False,False,True,Merrimack,https://www.collegehockeynews.com/reports/team/Merrimack/29,29,False,False,https://www.collegehockeynews.com/box/final/20260320/mer/uma/,https://www.collegehockeynews.com/box/metrics.php?gd=112932,"HEA Tournament Hockey East Semifinal – TD Garden, Boston, Mass.",college_hockey_news,https://www.collegehockeynews.com/schedules/team/Massachusetts/27/20252026,Hockey East,Hockey East
2025-26,Merrimack,2025-10-03,Fri,L,0,4,False,True,False,Mass.-Lowell,https://www.collegehockeynews.com/reports/team/Mass-Lowell/26,26,True,False,https://www.collegehockeynews.com/box/final/20251003/mer/uml/,https://www.collegehockeynews.com/box/metrics.php?gd=110830,,college_hockey_news,https://www.collegehockeynews.com/schedules/team/Merrimack/29/20252026,Hockey East,Hockey East
2025-26,Merrimack,2025-10-10,Fri,W,4,1,True,False,False,Mass.-Lowell,https://www.collegehockeynews.com/reports/team/Mass-Lowell/26,26,True,False,https://www.collegehockeynews.com/box/final/20251010/uml/mer/,https://www.collegehockeynews.com/box/metrics.php?gd=110831,,college_hockey_news,https://www.collegehockeynews.com/schedules/team/Merrimack/29/20252026,Hockey East,Hockey East
2025-26,Merrimack,2025-10-18,Sat,W,5,1,True,False,False,New Hampshire,https://www.collegehockeynews.com/reports/team/New-Hampshire/38,38,True,False,https://www.collegehockeynews.com/box/final/20251018/unh/mer/,https://www.collegehockeynews.com/box/metrics.php?gd=111180,,college_hockey_news,https://www.collegehockeynews.com/schedules/team/Merrimack/29/20252026,Hockey East,Hockey East
2025-26,Merrimack,2025-10-24,Fri,W,4,1,True,False,False,Quinnipiac,https://www.collegehockeynews.com/reports/team/Quinnipiac/47,47,False,False,https://www.collegehockeynews.com/box/final/20251024/qui/mer/,https://www.collegehockeynews.com/box/metrics.php?gd=111049,,college_hockey_news,https://www.collegehockeynews.com/schedules/team/Merrimack/29/20252026,Hockey East,ECAC
2025-26,Merrimack,2025-10-25,Sat,L,2,5,True,False,False,Long Island,https://www.collegehockeynews.com/reports/team/Long-Island/62,62,False,False,https://www.collegehockeynews.com/box/final/20251025/liu/mer/,https://www.collegehockeynews.com/box/metrics.php?gd=111381,,college_hockey_news,https://www.collegehockeynews.com/schedules/team/Merrimack/29/20252026,Hockey East,Independent
2025-26,Merrimack,2025-11-01,Sat,L,1,5,False,True,False,Connecticut,https://www.collegehockeynews.com/reports/team/Connecticut/17,17,True,False,https://www.collegehockeynews.com/box/final/20251101/mer/con/,https://www.collegehockeynews.com/box/metrics.php?gd=111273,,college_hockey_news,https://www.collegehockeynews.com/schedules/team/Merrimack/29/20252026,Hockey East,Hockey East
2025-26,Merrimack,2025-11-07,Fri,L,2,3,False,True,False,Boston University,https://www.collegehockeynews.com/reports/team/Boston-University/10,10,True,True,https://www.collegehockeynews.com/box/final/20251107/mer/bu_/,https://www.collegehockeynews.com/box/metrics.php?gd=111132,,college_hockey_news,https://www.collegehockeynews.com/schedules/team/Merrimack/29/20252026,Hockey East,Hockey East
2025-26,Merrimack,2025-11-08,Sat,L,4,5,True,False,False,Boston University,https://www.collegehockeynews.com/reports/team/Boston-University/10,10,True,False,https://www.collegehockeynews.com/box/final/20251108/bu_/mer/,https://www.collegehockeynews.com/box/metrics.php?gd=111133,,college_hockey_news,https://www.collegehockeynews.com/schedules/team/Merrimack/29/20252026,Hockey East,Hockey East
2025-26,Merrimack,2025-11-14,Fri,L,2,4,False,True,False,Providence,https://www.collegehockeynews.com/reports/team/Providence/46,46,True,False,https://www.collegehockeynews.com/box/final/20251114/mer/prv/,https://www.collegehockeynews.com/box/metrics.php?gd=111284,,college_hockey_news,https://www.collegehockeynews.com/schedules/team/Merrimack/29/20252026,Hockey East,Hockey East
2025-26,Merrimack,2025-11-15,Sat,W,3,2,True,False,False,Providence,https://www.collegehockeynews.com/reports/team/Providence/46,46,True,False,https://www.collegehockeynews.com/box/final/20251115/prv/mer/,https://www.collegehockeynews.com/box/metrics.php?gd=111285,,college_hockey_news,https://www.collegehockeynews.com/schedules/team/Merrimack/29/20252026,Hockey East,Hockey East
2025-26,Merrimack,2025-11-21,Fri,W,6,2,False,True,False,Long Island,https://www.collegehockeynews.com/reports/team/Long-Island/62,62,False,False,https://www.collegehockeynews.com/box/final/20251121/mer/liu/,https://www.collegehockeynews.com/box/metrics.php?gd=111385,,college_hockey_news,https://www.collegehockeynews.com/schedules/team/Merrimack/29/20252026,Hockey East,Independent
2025-26,Merrimack,2025-11-26,Wed,L,4,5,True,False,False,Notre Dame,https://www.collegehockeynews.com/reports/team/Notre-Dame/43,43,False,False,https://www.collegehockeynews.com/box/final/20251126/ndm/mer/,https://www.collegehockeynews.com/box/metrics.php?gd=111206,,college_hockey_news,https://www.collegehockeynews.com/schedules/team/Merrimack/29/20252026,Hockey East,Big Ten
2025-26,Merrimack,2025-11-29,Sat,L,0,1,False,True,False,Dartmouth,https://www.collegehockeynews.com/reports/team/Dartmouth/19,19,False,False,https://www.collegehockeynews.com/box/final/20251129/mer/dar/,https://www.collegehockeynews.com/box/metrics.php?gd=111398,,college_hockey_news,https://www.collegehockeynews.com/schedules/team/Merrimack/29/20252026,Hockey East,ECAC
2025-26,Merrimack,2025-12-05,Fri,L,0,3,True,False,False,Connecticut,https://www.collegehockeynews.com/reports/team/Connecticut/17,17,True,False,https://www.collegehockeynews.com/box/final/20251205/con/mer/,https://www.collegehockeynews.com/box/metrics.php?gd=111290,,college_hockey_news,https://www.collegehockeynews.com/schedules/team/Merrimack/29/20252026,Hockey East,Hockey East
2025-26,Merrimack,2025-12-06,Sat,L,2,5,False,True,False,Connecticut,https://www.collegehockeynews.com/reports/team/Connecticut/17,17,True,False,https://www.collegehockeynews.com/box/final/20251206/mer/con/,https://www.collegehockeynews.com/box/metrics.php?gd=111291,,college_hockey_news,https://www.collegehockeynews.com/schedules/team/Merrimack/29/20252026,Hockey East,Hockey East
2025-26,Merrimack,2025-12-12,Fri,W,4,1,True,False,False,Yale,https://www.collegehockeynews.com/reports/team/Yale/59,59,False,False,https://www.collegehockeynews.com/box/final/20251212/yal/mer/,https://www.collegehockeynews.com/box/metrics.php?gd=111508,,college_hockey_news,https://www.collegehockeynews.com/schedules/team/Merrimack/29/20252026,Hockey East,ECAC
2025-26,Merrimack,2025-12-13,Sat,W,4,2,True,False,False,Long Island,https://www.collegehockeynews.com/reports/team/Long-Island/62,62,False,False,https://www.collegehockeynews.com/box/final/20251213/liu/mer/,https://www.collegehockeynews.com/box/metrics.php?gd=111513,,college_hockey_news,https://www.collegehockeynews.com/schedules/team/Merrimack/29/20252026,Hockey East,Independent
2025-26,Merrimack,2025-12-29,Mon,W,5,4,False,True,False,Vermont,https://www.collegehockeynews.com/reports/team/Vermont/55,55,True,False,https://www.collegehockeynews.com/box/final/20251229/mer/ver/,https://www.collegehockeynews.com/box/metrics.php?gd=111411,,college_hockey_news,https://www.collegehockeynews.com/schedules/team/Merrimack/29/20252026,Hockey East,Hockey East
2025-26,Merrimack,2026-01-03,Sat,W,3,2,False,True,False,Brown,https://www.collegehockeynews.com/reports/team/Brown/12,12,False,False,https://www.collegehockeynews.com/box/final/20260103/mer/brn/,https://www.collegehockeynews.com/box/metrics.php?gd=111503,,college_hockey_news,https://www.collegehockeynews.com/schedules/team/Merrimack/29/20252026,Hockey East,ECAC
2025-26,Merrimack,2026-01-10,Sat,W,5,2,False,True,False,Holy Cross,https://www.collegehockeynews.com/reports/team/Holy-Cross/23,23,False,False,https://www.collegehockeynews.com/box/final/20260110/mer/hcr/,https://www.collegehockeynews.com/box/metrics.php?gd=110915,,college_hockey_news,https://www.collegehockeynews.com/schedules/team/Merrimack/29/20252026,Hockey East,Atlantic Hockey
2025-26,Merrimack,2026-01-16,Fri,L,2,4,True,False,False,Massachusetts,https://www.collegehockeynews.com/reports/team/Massachusetts/27,27,True,False,https://www.collegehockeynews.com/box/final/20260116/uma/mer/,https://www.collegehockeynews.com/box/metrics.php?gd=110558,,college_hockey_news,https://www.collegehockeynews.com/schedules/team/Merrimack/29/20252026,Hockey East,Hockey East
2025-26,Merrimack,2026-01-17,Sat,L,1,3,False,True,False,Massachusetts,https://www.collegehockeynews.com/reports/team/Massachusetts/27,27,True,False,https://www.collegehockeynews.com/box/final/20260117/mer/uma/,https://www.collegehockeynews.com/box/metrics.php?gd=110559,,college_hockey_news,https://www.collegehockeynews.com/schedules/team/Merrimack/29/20252026,Hockey East,Hockey East
2025-26,Merrimack,2026-01-22,Thu,W,4,1,True,False,False,Northeastern,https://www.collegehockeynews.com/reports/team/Northeastern/41,41,True,False,https://www.collegehockeynews.com/box/final/20260122/noe/mer/,https://www.collegehockeynews.com/box/metrics.php?gd=111306,,college_hockey_news,https://www.collegehockeynews.com/schedules/team/Merrimack/29/20252026,Hockey East,Hockey East
2025-26,Merrimack,2026-01-23,Fri,W,3,1,True,False,False,Northeastern,https://www.collegehockeynews.com/reports/team/Northeastern/41,41,True,False,https://www.collegehockeynews.com/box/final/20260123/noe/mer/,https://www.collegehockeynews.com/box/metrics.php?gd=111305,,college_hockey_news,https://www.collegehockeynews.com/schedules/team/Merrimack/29/20252026,Hockey East,Hockey East
2025-26,Merrimack,2026-01-30,Fri,W,2,1,True,False,False,New Hampshire,https://www.collegehockeynews.com/reports/team/New-Hampshire/38,38,True,False,https://www.collegehockeynews.com/box/final/20260130/unh/mer/,https://www.collegehockeynews.com/box/metrics.php?gd=111195,,college_hockey_news,https://www.collegehockeynews.com/schedules/team/Merrimack/29/20252026,Hockey East,Hockey East
2025-26,Merrimack,2026-01-31,Sat,T-SOL,3,3,False,True,False,New Hampshire,https://www.collegehockeynews.com/reports/team/New-Hampshire/38,38,True,True,https://www.collegehockeynews.com/box/final/20260131/mer/unh/,https://www.collegehockeynews.com/box/metrics.php?gd=111196,,college_hockey_news,https://www.collegehockeynews.com/schedules/team/Merrimack/29/20252026,Hockey East,Hockey East
2025-26,Merrimack,2026-02-03,Tue,W,9,5,False,True,False,Stonehill,https://www.collegehockeynews.com/reports/team/Stonehill/422,422,False,False,https://www.collegehockeynews.com/box/final/20260203/mer/stn/,https://www.collegehockeynews.com/box/metrics.php?gd=111407,,college_hockey_news,https://www.collegehockeynews.com/schedules/team/Merrimack/29/20252026,Hockey East,Independent
2025-26,Merrimack,2026-02-13,Fri,W,4,2,True,False,False,Boston College,https://www.collegehockeynews.com/reports/team/Boston-College/9,9,True,False,https://www.collegehockeynews.com/box/final/20260213/bc_/mer/,https://www.collegehockeynews.com/box/metrics.php?gd=111313,,college_hockey_news,https://www.collegehockeynews.com/schedules/team/Merrimack/29/20252026,Hockey East,Hockey East
2025-26,Merrimack,2026-02-14,Sat,L,2,4,False,True,False,Boston College,https://www.collegehockeynews.com/reports/team/Boston-College/9,9,True,False,https://www.collegehockeynews.com/box/final/20260214/mer/bc_/,https://www.collegehockeynews.com/box/metrics.php?gd=111314,,college_hockey_news,https://www.collegehockeynews.com/schedules/team/Merrimack/29/20252026,Hockey East,Hockey East
2025-26,Merrimack,2026-02-20,Fri,L,3,5,False,True,False,Maine,https://www.collegehockeynews.com/reports/team/Maine/25,25,True,False,https://www.collegehockeynews.com/box/final/20260220/mer/mne/,https://www.collegehockeynews.com/box/metrics.php?gd=111321,,college_hockey_news,https://www.collegehockeynews.com/schedules/team/Merrimack/29/20252026,Hockey East,Hockey East
2025-26,Merrimack,2026-02-21,Sat,L,2,5,False,True,False,Maine,https://www.collegehockeynews.com/reports/team/Maine/25,25,True,False,https://www.collegehockeynews.com/box/final/20260221/mer/mne/,https://www.collegehockeynews.com/box/metrics.php?gd=111322,,college_hockey_news,https://www.collegehockeynews.com/schedules/team/Merrimack/29/20252026,Hockey East,Hockey East
2025-26,Merrimack,2026-02-27,Fri,W,5,2,True,False,False,Vermont,https://www.collegehockeynews.com/reports/team/Vermont/55,55,True,False,https://www.collegehockeynews.com/box/final/20260227/ver/mer/,https://www.collegehockeynews.com/box/metrics.php?gd=111327,,college_hockey_news,https://www.collegehockeynews.com/schedules/team/Merrimack/29/20252026,Hockey East,Hockey East
2025-26,Merrimack,2026-02-28,Sat,T-SOW,4,4,True,False,False,Vermont,https://www.collegehockeynews.com/reports/team/Vermont/55,55,True,True,https://www.collegehockeynews.com/box/final/20260228/ver/mer/,https://www.collegehockeynews.com/box/metrics.php?gd=111328,,college_hockey_news,https://www.collegehockeynews.com/schedules/team/Merrimack/29/20252026,Hockey East,Hockey East
2025-26,Merrimack,2026-03-05,Thu,W,5,3,True,False,False,Mass.-Lowell,https://www.collegehockeynews.com/reports/team/Mass-Lowell/26,26,True,False,https://www.collegehockeynews.com/box/final/20260305/uml/mer/,https://www.collegehockeynews.com/box/metrics.php?gd=110854,,college_hockey_news,https://www.collegehockeynews.com/schedules/team/Merrimack/29/20252026,Hockey East,Hockey East
2025-26,Merrimack,2026-03-11,Wed,W,5,3,True,False,False,Mass.-Lowell,https://www.collegehockeynews.com/reports/team/Mass-Lowell/26,26,False,False,https://www.collegehockeynews.com/box/final/20260311/uml/mer/,https://www.collegehockeynews.com/box/metrics.php?gd=112993,HEA Tournament Hockey East First Round,college_hockey_news,https://www.collegehockeynews.com/schedules/team/Merrimack/29/20252026,Hockey East,Hockey East
2025-26,Merrimack,2026-03-14,Sat,W,3,2,False,True,False,Providence,https://www.collegehockeynews.com/reports/team/Providence/46,46,False,True,https://www.collegehockeynews.com/box/final/20260314/mer/prv/,https://www.collegehockeynews.com/box/metrics.php?gd=112995,"HEA Tournament Hockey East Quarterfinal – Schneider Arena, Providence, R.I.",college_hockey_news,https://www.collegehockeynews.com/schedules/team/Merrimack/29/20252026,Hockey East,Hockey East
2025-26,Merrimack,2026-03-20,Fri,W,2,0,False,False,True,Massachusetts,https://www.collegehockeynews.com/reports/team/Massachusetts/27,27,False,False,https://www.collegehockeynews.com/box/final/20260320/mer/uma/,https://www.collegehockeynews.com/box/metrics.php?gd=112932,"HEA Tournament Hockey East Semifinal – TD Garden, Boston, Mass.",college_hockey_news,https://www.collegehockeynews.com/schedules/team/Merrimack/29/20252026,Hockey East,Hockey East
2025-26,Merrimack,2026-03-21,Sat,W,2,1,False,False,True,Connecticut,https://www.collegehockeynews.com/reports/team/Connecticut/17,17,False,False,https://www.collegehockeynews.com/box/final/20260321/mer/con/,https://www.collegehockeynews.com/box/metrics.php?gd=112934,"HEA Tournament Hockey East Championship – TD Garden, Boston, Mass.",college_hockey_news,https://www.collegehockeynews.com/schedules/team/Merrimack/29/20252026,Hockey East,Hockey East
2025-26,Merrimack,2026-03-26,Thu,L,0,3,False,False,True,North Dakota,https://www.collegehockeynews.com/reports/team/North-Dakota/40,40,False,False,https://www.collegehockeynews.com/box/final/20260326/mer/ndk/,https://www.collegehockeynews.com/box/metrics.php?gd=112918,"NCAA Tournament Sioux Falls Regional – Denny Sanford Premier Center, Sioux Falls, S.D.",college_hockey_news,https://www.collegehockeynews.com/schedules/team/Merrimack/29/20252026,Hockey East,NCHC
2025-26,New Hampshire,2025-10-09,Thu,W,4,3,False,True,False,Michigan State,https://www.collegehockeynews.com/reports/team/Michigan-State/32,32,False,False,https://www.collegehockeynews.com/box/final/20251009/unh/msu/,https://www.collegehockeynews.com/box/metrics.php?gd=111178,,college_hockey_news,https://www.collegehockeynews.com/schedules/team/New-Hampshire/38/20252026,Hockey East,Big Ten
2025-26,New Hampshire,2025-10-10,Fri,L,0,2,False,True,False,Michigan State,https://www.collegehockeynews.com/reports/team/Michigan-State/32,32,False,False,https://www.collegehockeynews.com/box/final/20251010/unh/msu/,https://www.collegehockeynews.com/box/metrics.php?gd=111179,,college_hockey_news,https://www.collegehockeynews.com/schedules/team/New-Hampshire/38/20252026,Hockey East,Big Ten
2025-26,New Hampshire,2025-10-18,Sat,L,1,5,False,True,False,Merrimack,https://www.collegehockeynews.com/reports/team/Merrimack/29,29,True,False,https://www.collegehockeynews.com/box/final/20251018/unh/mer/,https://www.collegehockeynews.com/box/metrics.php?gd=111180,,college_hockey_news,https://www.collegehockeynews.com/schedules/team/New-Hampshire/38/20252026,Hockey East,Hockey East
2025-26,New Hampshire,2025-10-24,Fri,W,3,2,True,False,False,Long Island,https://www.collegehockeynews.com/reports/team/Long-Island/62,62,False,True,https://www.collegehockeynews.com/box/final/20251024/liu/unh/,https://www.collegehockeynews.com/box/metrics.php?gd=111181,,college_hockey_news,https://www.collegehockeynews.com/schedules/team/New-Hampshire/38/20252026,Hockey East,Independent
2025-26,New Hampshire,2025-10-25,Sat,L,0,2,True,False,False,Quinnipiac,https://www.collegehockeynews.com/reports/team/Quinnipiac/47,47,False,False,https://www.collegehockeynews.com/box/final/20251025/qui/unh/,https://www.collegehockeynews.com/box/metrics.php?gd=111050,,college_hockey_news,https://www.collegehockeynews.com/schedules/team/New-Hampshire/38/20252026,Hockey East,ECAC
2025-26,New Hampshire,2025-10-31,Fri,W,4,2,True,False,False,Vermont,https://www.collegehockeynews.com/reports/team/Vermont/55,55,True,False,https://www.collegehockeynews.com/box/final/20251031/ver/unh/,https://www.collegehockeynews.com/box/metrics.php?gd=111182,,college_hockey_news,https://www.collegehockeynews.com/schedules/team/New-Hampshire/38/20252026,Hockey East,Hockey East
2025-26,New Hampshire,2025-11-01,Sat,L,1,2,True,False,False,Vermont,https://www.collegehockeynews.com/reports/team/Vermont/55,55,True,False,https://www.collegehockeynews.com/box/final/20251101/ver/unh/,https://www.collegehockeynews.com/box/metrics.php?gd=111183,,college_hockey_news,https://www.collegehockeynews.com/schedules/team/New-Hampshire/38/20252026,Hockey East,Hockey East
2025-26,New Hampshire,2025-11-07,Fri,W,2,0,False,True,False,Mass.-Lowell,https://www.collegehockeynews.com/reports/team/Mass-Lowell/26,26,True,False,https://www.collegehockeynews.com/box/final/20251107/unh/uml/,https://www.collegehockeynews.com/box/metrics.php?gd=110836,,college_hockey_news,https://www.collegehockeynews.com/schedules/team/New-Hampshire/38/20252026,Hockey East,Hockey East
2025-26,New Hampshire,2025-11-08,Sat,L,1,6,True,False,False,Mass.-Lowell,https://www.collegehockeynews.com/reports/team/Mass-Lowell/26,26,True,False,https://www.collegehockeynews.com/box/final/20251108/uml/unh/,https://www.collegehockeynews.com/box/metrics.php?gd=110837,,college_hockey_news,https://www.collegehockeynews.com/schedules/team/New-Hampshire/38/20252026,Hockey East,Hockey East
2025-26,New Hampshire,2025-11-14,Fri,W,6,3,False,True,False,RPI,https://www.collegehockeynews.com/reports/team/RPI/48,48,False,False,https://www.collegehockeynews.com/box/final/20251114/unh/ren/,https://www.collegehockeynews.com/box/metrics.php?gd=111079,,college_hockey_news,https://www.collegehockeynews.com/schedules/team/New-Hampshire/38/20252026,Hockey East,ECAC
2025-26,New Hampshire,2025-11-15,Sat,L,0,6,False,True,False,Union,https://www.collegehockeynews.com/reports/team/Union/54,54,False,False,https://www.collegehockeynews.com/box/final/20251115/unh/uni/,https://www.collegehockeynews.com/box/metrics.php?gd=111104,,college_hockey_news,https://www.collegehockeynews.com/schedules/team/New-Hampshire/38/20252026,Hockey East,ECAC
2025-26,New Hampshire,2025-11-21,Fri,L,1,4,True,False,False,Connecticut,https://www.collegehockeynews.com/reports/team/Connecticut/17,17,True,False,https://www.collegehockeynews.com/box/final/20251121/con/unh/,https://www.collegehockeynews.com/box/metrics.php?gd=111184,,college_hockey_news,https://www.collegehockeynews.com/schedules/team/New-Hampshire/38/20252026,Hockey East,Hockey East
2025-26,New Hampshire,2025-11-22,Sat,W,4,3,False,True,False,Connecticut,https://www.collegehockeynews.com/reports/team/Connecticut/17,17,True,False,https://www.collegehockeynews.com/box/final/20251122/unh/con/,https://www.collegehockeynews.com/box/metrics.php?gd=111185,,college_hockey_news,https://www.collegehockeynews.com/schedules/team/New-Hampshire/38/20252026,Hockey East,Hockey East
2025-26,New Hampshire,2025-11-29,Sat,W,3,0,False,True,False,Bentley,https://www.collegehockeynews.com/reports/team/Bentley/8,8,False,False,https://www.collegehockeynews.com/box/final/20251129/unh/ben/,https://www.collegehockeynews.com/box/metrics.php?gd=110948,,college_hockey_news,https://www.collegehockeynews.com/schedules/team/New-Hampshire/38/20252026,Hockey East,Atlantic Hockey
2025-26,New Hampshire,2025-12-05,Fri,W,1,0,False,True,False,Maine,https://www.collegehockeynews.com/reports/team/Maine/25,25,True,False,https://www.collegehockeynews.com/box/final/20251205/unh/mne/,https://www.collegehockeynews.com/box/metrics.php?gd=111186,,college_hockey_news,https://www.collegehockeynews.com/schedules/team/New-Hampshire/38/20252026,Hockey East,Hockey East
2025-26,New Hampshire,2025-12-06,Sat,W,3,2,False,True,False,Maine,https://www.collegehockeynews.com/reports/team/Maine/25,25,True,False,https://www.collegehockeynews.com/box/final/20251206/unh/mne/,https://www.collegehockeynews.com/box/metrics.php?gd=111187,,college_hockey_news,https://www.collegehockeynews.com/schedules/team/New-Hampshire/38/20252026,Hockey East,Hockey East
2025-26,New Hampshire,2025-12-14,Sun,W,3,2,True,False,False,Dartmouth,https://www.collegehockeynews.com/reports/team/Dartmouth/19,19,False,True,https://www.collegehockeynews.com/box/final/20251214/dar/unh/,https://www.collegehockeynews.com/box/metrics.php?gd=111188,,college_hockey_news,https://www.collegehockeynews.com/schedules/team/New-Hampshire/38/20252026,Hockey East,ECAC
2025-26,New Hampshire,2026-01-03,Sat,L,2,3,True,False,False,Colgate,https://www.collegehockeynews.com/reports/team/Colgate/15,15,False,False,https://www.collegehockeynews.com/box/final/20260103/clg/unh/,https://www.collegehockeynews.com/box/metrics.php?gd=111189,,college_hockey_news,https://www.collegehockeynews.com/schedules/team/New-Hampshire/38/20252026,Hockey East,ECAC
2025-26,New Hampshire,2026-01-04,Sun,W,3,2,True,False,False,Colgate,https://www.collegehockeynews.com/reports/team/Colgate/15,15,False,False,https://www.collegehockeynews.com/box/final/20260104/clg/unh/,https://www.collegehockeynews.com/box/metrics.php?gd=111190,,college_hockey_news,https://www.collegehockeynews.com/schedules/team/New-Hampshire/38/20252026,Hockey East,ECAC
2025-26,New Hampshire,2026-01-16,Fri,L,0,4,True,False,False,Northeastern,https://www.collegehockeynews.com/reports/team/Northeastern/41,41,True,False,https://www.collegehockeynews.com/box/final/20260116/noe/unh/,https://www.collegehockeynews.com/box/metrics.php?gd=111191,,college_hockey_news,https://www.collegehockeynews.com/schedules/team/New-Hampshire/38/20252026,Hockey East,Hockey East
2025-26,New Hampshire,2026-01-18,Sun,L,2,5,False,True,False,Northeastern,https://www.collegehockeynews.com/reports/team/Northeastern/41,41,True,False,https://www.collegehockeynews.com/box/final/20260118/unh/noe/,https://www.collegehockeynews.com/box/metrics.php?gd=111192,,college_hockey_news,https://www.collegehockeynews.com/schedules/team/New-Hampshire/38/20252026,Hockey East,Hockey East
2025-26,New Hampshire,2026-01-23,Fri,L,2,5,False,True,False,Boston College,https://www.collegehockeynews.com/reports/team/Boston-College/9,9,True,False,https://www.collegehockeynews.com/box/final/20260123/unh/bc_/,https://www.collegehockeynews.com/box/metrics.php?gd=111193,,college_hockey_news,https://www.collegehockeynews.com/schedules/team/New-Hampshire/38/20252026,Hockey East,Hockey East
2025-26,New Hampshire,2026-01-24,Sat,L,0,3,True,False,False,Boston College,https://www.collegehockeynews.com/reports/team/Boston-College/9,9,True,False,https://www.collegehockeynews.com/box/final/20260124/bc_/unh/,https://www.collegehockeynews.com/box/metrics.php?gd=111194,,college_hockey_news,https://www.collegehockeynews.com/schedules/team/New-Hampshire/38/20252026,Hockey East,Hockey East
2025-26,New Hampshire,2026-01-30,Fri,L,1,2,False,True,False,Merrimack,https://www.collegehockeynews.com/reports/team/Merrimack/29,29,True,False,https://www.collegehockeynews.com/box/final/20260130/unh/mer/,https://www.collegehockeynews.com/box/metrics.php?gd=111195,,college_hockey_news,https://www.collegehockeynews.com/schedules/team/New-Hampshire/38/20252026,Hockey East,Hockey East
2025-26,New Hampshire,2026-01-31,Sat,T-SOW,3,3,True,False,False,Merrimack,https://www.collegehockeynews.com/reports/team/Merrimack/29,29,True,True,https://www.collegehockeynews.com/box/final/20260131/mer/unh/,https://www.collegehockeynews.com/box/metrics.php?gd=111196,,college_hockey_news,https://www.collegehockeynews.com/schedules/team/New-Hampshire/38/20252026,Hockey East,Hockey East
2025-26,New Hampshire,2026-02-06,Fri,L,1,6,True,False,False,Providence,https://www.collegehockeynews.com/reports/team/Providence/46,46,True,False,https://www.collegehockeynews.com/box/final/20260206/prv/unh/,https://www.collegehockeynews.com/box/metrics.php?gd=111197,,college_hockey_news,https://www.collegehockeynews.com/schedules/team/New-Hampshire/38/20252026,Hockey East,Hockey East
2025-26,New Hampshire,2026-02-13,Fri,W,4,1,True,False,False,Boston University,https://www.collegehockeynews.com/reports/team/Boston-University/10,10,True,False,https://www.collegehockeynews.com/box/final/20260213/bu_/unh/,https://www.collegehockeynews.com/box/metrics.php?gd=111147,,college_hockey_news,https://www.collegehockeynews.com/schedules/team/New-Hampshire/38/20252026,Hockey East,Hockey East
2025-26,New Hampshire,2026-02-14,Sat,L,3,5,False,True,False,Boston University,https://www.collegehockeynews.com/reports/team/Boston-University/10,10,True,False,https://www.collegehockeynews.com/box/final/20260214/unh/bu_/,https://www.collegehockeynews.com/box/metrics.php?gd=111148,,college_hockey_news,https://www.collegehockeynews.com/schedules/team/New-Hampshire/38/20252026,Hockey East,Hockey East
2025-26,New Hampshire,2026-02-20,Fri,L,0,4,False,True,False,Massachusetts,https://www.collegehockeynews.com/reports/team/Massachusetts/27,27,True,False,https://www.collegehockeynews.com/box/final/20260220/unh/uma/,https://www.collegehockeynews.com/box/metrics.php?gd=110566,,college_hockey_news,https://www.collegehockeynews.com/schedules/team/New-Hampshire/38/20252026,Hockey East,Hockey East
2025-26,New Hampshire,2026-02-21,Sat,W,1,0,True,False,False,Massachusetts,https://www.collegehockeynews.com/reports/team/Massachusetts/27,27,True,False,https://www.collegehockeynews.com/box/final/20260221/uma/unh/,https://www.collegehockeynews.com/box/metrics.php?gd=110567,,college_hockey_news,https://www.collegehockeynews.com/schedules/team/New-Hampshire/38/20252026,Hockey East,Hockey East
2025-26,New Hampshire,2026-02-27,Fri,W,1,0,False,True,False,Providence,https://www.collegehockeynews.com/reports/team/Providence/46,46,True,False,https://www.collegehockeynews.com/box/final/20260227/unh/prv/,https://www.collegehockeynews.com/box/metrics.php?gd=111198,,college_hockey_news,https://www.collegehockeynews.com/schedules/team/New-Hampshire/38/20252026,Hockey East,Hockey East
2025-26,New Hampshire,2026-02-28,Sat,L,2,3,True,False,False,Providence,https://www.collegehockeynews.com/reports/team/Providence/46,46,True,False,https://www.collegehockeynews.com/box/final/20260228/prv/unh/,https://www.collegehockeynews.com/box/metrics.php?gd=111199,,college_hockey_news,https://www.collegehockeynews.com/schedules/team/New-Hampshire/38/20252026,Hockey East,Hockey East
2025-26,New Hampshire,2026-03-05,Thu,L,1,4,False,True,False,Connecticut,https://www.collegehockeynews.com/reports/team/Connecticut/17,17,True,False,https://www.collegehockeynews.com/box/final/20260305/unh/con/,https://www.collegehockeynews.com/box/metrics.php?gd=111200,,college_hockey_news,https://www.collegehockeynews.com/schedules/team/New-Hampshire/38/20252026,Hockey East,Hockey East
2025-26,New Hampshire,2026-03-07,Sat,L,2,4,True,False,False,Massachusetts,https://www.collegehockeynews.com/reports/team/Massachusetts/27,27,True,False,https://www.collegehockeynews.com/box/final/20260307/uma/unh/,https://www.collegehockeynews.com/box/metrics.php?gd=110571,,college_hockey_news,https://www.collegehockeynews.com/schedules/team/New-Hampshire/38/20252026,Hockey East,Hockey East
2025-26,New Hampshire,2026-03-11,Wed,L,3,7,False,True,False,Northeastern,https://www.collegehockeynews.com/reports/team/Northeastern/41,41,False,False,https://www.collegehockeynews.com/box/final/20260311/unh/noe/,https://www.collegehockeynews.com/box/metrics.php?gd=112992,"HEA Tournament Hockey East First Round – Conte Forum (Kelley Rink), Chestnut Hill, Mass.",college_hockey_news,https://www.collegehockeynews.com/schedules/team/New-Hampshire/38/20252026,Hockey East,Hockey East
2025-26,Northeastern,2025-10-04,Sat,W,6,4,True,False,False,Holy Cross,https://www.collegehockeynews.com/reports/team/Holy-Cross/23,23,False,False,https://www.collegehockeynews.com/box/final/20251004/hcr/noe/,https://www.collegehockeynews.com/box/metrics.php?gd=110898,,college_hockey_news,https://www.collegehockeynews.com/schedules/team/Northeastern/41/20252026,Hockey East,Atlantic Hockey
2025-26,Northeastern,2025-10-10,Fri,L,1,2,True,False,False,Army,https://www.collegehockeynews.com/reports/team/Army/6,6,False,False,https://www.collegehockeynews.com/box/final/20251010/arm/noe/,https://www.collegehockeynews.com/box/metrics.php?gd=110802,,college_hockey_news,https://www.collegehockeynews.com/schedules/team/Northeastern/41/20252026,Hockey East,Atlantic Hockey
2025-26,Northeastern,2025-10-17,Fri,W,4,2,False,True,False,Massachusetts,https://www.collegehockeynews.com/reports/team/Massachusetts/27,27,True,False,https://www.collegehockeynews.com/box/final/20251017/noe/uma/,https://www.collegehockeynews.com/box/metrics.php?gd=110542,,college_hockey_news,https://www.collegehockeynews.com/schedules/team/Northeastern/41/20252026,Hockey East,Hockey East
2025-26,Northeastern,2025-10-25,Sat,W,1,0,True,False,False,Denver,https://www.collegehockeynews.com/reports/team/Denver/20,20,False,False,https://www.collegehockeynews.com/box/final/20251025/den/noe/,https://www.collegehockeynews.com/box/metrics.php?gd=110521,,college_hockey_news,https://www.collegehockeynews.com/schedules/team/Northeastern/41/20252026,Hockey East,NCHC
2025-26,Northeastern,2025-10-30,Thu,W,4,1,False,True,False,Boston College,https://www.collegehockeynews.com/reports/team/Boston-College/9,9,True,False,https://www.collegehockeynews.com/box/final/20251030/noe/bc_/,https://www.collegehockeynews.com/box/metrics.php?gd=111271,,college_hockey_news,https://www.collegehockeynews.com/schedules/team/Northeastern/41/20252026,Hockey East,Hockey East
2025-26,Northeastern,2025-10-31,Fri,W,3,0,True,False,False,Boston College,https://www.collegehockeynews.com/reports/team/Boston-College/9,9,True,False,https://www.collegehockeynews.com/box/final/20251031/bc_/noe/,https://www.collegehockeynews.com/box/metrics.php?gd=111272,,college_hockey_news,https://www.collegehockeynews.com/schedules/team/Northeastern/41/20252026,Hockey East,Hockey East
2025-26,Northeastern,2025-11-07,Fri,W,2,0,True,False,False,Stonehill,https://www.collegehockeynews.com/reports/team/Stonehill/422,422,False,False,https://www.collegehockeynews.com/box/final/20251107/stn/noe/,https://www.collegehockeynews.com/box/metrics.php?gd=111278,,college_hockey_news,https://www.collegehockeynews.com/schedules/team/Northeastern/41/20252026,Hockey East,Independent
2025-26,Northeastern,2025-11-08,Sat,W,4,2,True,False,False,Stonehill,https://www.collegehockeynews.com/reports/team/Stonehill/422,422,False,False,https://www.collegehockeynews.com/box/final/20251108/stn/noe/,https://www.collegehockeynews.com/box/metrics.php?gd=111279,,college_hockey_news,https://www.collegehockeynews.com/schedules/team/Northeastern/41/20252026,Hockey East,Independent
2025-26,Northeastern,2025-11-14,Fri,L,2,4,False,True,False,Connecticut,https://www.collegehockeynews.com/reports/team/Connecticut/17,17,True,False,https://www.collegehockeynews.com/box/final/20251114/noe/con/,https://www.collegehockeynews.com/box/metrics.php?gd=111280,,college_hockey_news,https://www.collegehockeynews.com/schedules/team/Northeastern/41/20252026,Hockey East,Hockey East
2025-26,Northeastern,2025-11-15,Sat,L,3,4,True,False,False,Connecticut,https://www.collegehockeynews.com/reports/team/Connecticut/17,17,True,True,https://www.collegehockeynews.com/box/final/20251115/con/noe/,https://www.collegehockeynews.com/box/metrics.php?gd=111281,,college_hockey_news,https://www.collegehockeynews.com/schedules/team/Northeastern/41/20252026,Hockey East,Hockey East
2025-26,Northeastern,2025-11-21,Fri,W,3,2,True,False,False,Boston University,https://www.collegehockeynews.com/reports/team/Boston-University/10,10,True,False,https://www.collegehockeynews.com/box/final/20251121/bu_/noe/,https://www.collegehockeynews.com/box/metrics.php?gd=111134,,college_hockey_news,https://www.collegehockeynews.com/schedules/team/Northeastern/41/20252026,Hockey East,Hockey East
2025-26,Northeastern,2025-11-22,Sat,L,3,4,False,True,False,Boston University,https://www.collegehockeynews.com/reports/team/Boston-University/10,10,True,True,https://www.collegehockeynews.com/box/final/20251122/noe/bu_/,https://www.collegehockeynews.com/box/metrics.php?gd=111135,,college_hockey_news,https://www.collegehockeynews.com/schedules/team/Northeastern/41/20252026,Hockey East,Hockey East
2025-26,Northeastern,2025-11-29,Sat,W,4,1,True,False,False,Brown,https://www.collegehockeynews.com/reports/team/Brown/12,12,False,False,https://www.collegehockeynews.com/box/final/20251129/brn/noe/,https://www.collegehockeynews.com/box/metrics.php?gd=111504,,college_hockey_news,https://www.collegehockeynews.com/schedules/team/Northeastern/41/20252026,Hockey East,ECAC
2025-26,Northeastern,2025-12-06,Sat,W,3,2,True,False,False,Massachusetts,https://www.collegehockeynews.com/reports/team/Massachusetts/27,27,True,True,https://www.collegehockeynews.com/box/final/20251206/uma/noe/,https://www.collegehockeynews.com/box/metrics.php?gd=110554,,college_hockey_news,https://www.collegehockeynews.com/schedules/team/Northeastern/41/20252026,Hockey East,Hockey East
2025-26,Northeastern,2025-12-07,Sun,L,0,2,True,False,False,Massachusetts,https://www.collegehockeynews.com/reports/team/Massachusetts/27,27,False,False,https://www.collegehockeynews.com/box/final/20251207/uma/noe/,https://www.collegehockeynews.com/box/metrics.php?gd=110555,,college_hockey_news,https://www.collegehockeynews.com/schedules/team/Northeastern/41/20252026,Hockey East,Hockey East
2025-26,Northeastern,2025-12-13,Sat,L,3,4,True,False,False,Boston University,https://www.collegehockeynews.com/reports/team/Boston-University/10,10,True,False,https://www.collegehockeynews.com/box/final/20251213/bu_/noe/,https://www.collegehockeynews.com/box/metrics.php?gd=111138,,college_hockey_news,https://www.collegehockeynews.com/schedules/team/Northeastern/41/20252026,Hockey East,Hockey East
2025-26,Northeastern,2026-01-02,Fri,L,2,5,False,True,False,Army,https://www.collegehockeynews.com/reports/team/Army/6,6,False,False,https://www.collegehockeynews.com/box/final/20260102/noe/arm/,https://www.collegehockeynews.com/box/metrics.php?gd=110819,,college_hockey_news,https://www.collegehockeynews.com/schedules/team/Northeastern/41/20252026,Hockey East,Atlantic Hockey
2025-26,Northeastern,2026-01-09,Fri,L,2,3,False,True,False,Vermont,https://www.collegehockeynews.com/reports/team/Vermont/55,55,True,False,https://www.collegehockeynews.com/box/final/20260109/noe/ver/,https://www.collegehockeynews.com/box/metrics.php?gd=111299,,college_hockey_news,https://www.collegehockeynews.com/schedules/team/Northeastern/41/20252026,Hockey East,Hockey East
2025-26,Northeastern,2026-01-10,Sat,L,3,5,False,True,False,Vermont,https://www.collegehockeynews.com/reports/team/Vermont/55,55,True,False,https://www.collegehockeynews.com/box/final/20260110/noe/ver/,https://www.collegehockeynews.com/box/metrics.php?gd=111300,,college_hockey_news,https://www.collegehockeynews.com/schedules/team/Northeastern/41/20252026,Hockey East,Hockey East
2025-26,Northeastern,2026-01-16,Fri,W,4,0,False,True,False,New Hampshire,https://www.collegehockeynews.com/reports/team/New-Hampshire/38,38,True,False,https://www.collegehockeynews.com/box/final/20260116/noe/unh/,https://www.collegehockeynews.com/box/metrics.php?gd=111191,,college_hockey_news,https://www.collegehockeynews.com/schedules/team/Northeastern/41/20252026,Hockey East,Hockey East
2025-26,Northeastern,2026-01-18,Sun,W,5,2,True,False,False,New Hampshire,https://www.collegehockeynews.com/reports/team/New-Hampshire/38,38,True,False,https://www.collegehockeynews.com/box/final/20260118/unh/noe/,https://www.collegehockeynews.com/box/metrics.php?gd=111192,"at Walter Brown Arena, Boston, Mass.",college_hockey_news,https://www.collegehockeynews.com/schedules/team/Northeastern/41/20252026,Hockey East,Hockey East
2025-26,Northeastern,2026-01-22,Thu,L,1,4,False,True,False,Merrimack,https://www.collegehockeynews.com/reports/team/Merrimack/29,29,True,False,https://www.collegehockeynews.com/box/final/20260122/noe/mer/,https://www.collegehockeynews.com/box/metrics.php?gd=111306,,college_hockey_news,https://www.collegehockeynews.com/schedules/team/Northeastern/41/20252026,Hockey East,Hockey East
2025-26,Northeastern,2026-01-23,Fri,L,1,3,False,True,False,Merrimack,https://www.collegehockeynews.com/reports/team/Merrimack/29,29,True,False,https://www.collegehockeynews.com/box/final/20260123/noe/mer/,https://www.collegehockeynews.com/box/metrics.php?gd=111305,,college_hockey_news,https://www.collegehockeynews.com/schedules/team/Northeastern/41/20252026,Hockey East,Hockey East
2025-26,Northeastern,2026-01-30,Fri,L,2,3,False,True,False,Massachusetts,https://www.collegehockeynews.com/reports/team/Massachusetts/27,27,True,True,https://www.collegehockeynews.com/box/final/20260130/noe/uma/,https://www.collegehockeynews.com/box/metrics.php?gd=110562,,college_hockey_news,https://www.collegehockeynews.com/schedules/team/Northeastern/41/20252026,Hockey East,Hockey East
2025-26,Northeastern,2026-02-02,Mon,T,2,2,False,False,True,Boston University,https://www.collegehockeynews.com/reports/team/Boston-University/10,10,False,True,https://www.collegehockeynews.com/box/final/20260202/bu_/noe/,https://www.collegehockeynews.com/box/metrics.php?gd=111144,"Beanpot – TD Garden, Boston, Mass.",college_hockey_news,https://www.collegehockeynews.com/schedules/team/Northeastern/41/20252026,Hockey East,Hockey East
2025-26,Northeastern,2026-02-06,Fri,L,0,2,True,False,False,Connecticut,https://www.collegehockeynews.com/reports/team/Connecticut/17,17,True,False,https://www.collegehockeynews.com/box/final/20260206/con/noe/,https://www.collegehockeynews.com/box/metrics.php?gd=111311,"at Bentley Arena, Waltham, Mass.",college_hockey_news,https://www.collegehockeynews.com/schedules/team/Northeastern/41/20252026,Hockey East,Hockey East
2025-26,Northeastern,2026-02-09,Mon,L,1,4,False,False,True,Harvard,https://www.collegehockeynews.com/reports/team/Harvard/22,22,False,False,https://www.collegehockeynews.com/box/final/20260209/har/noe/,https://www.collegehockeynews.com/box/metrics.php?gd=111268,"Beanpot – TD Garden, Boston, Mass.",college_hockey_news,https://www.collegehockeynews.com/schedules/team/Northeastern/41/20252026,Hockey East,ECAC
2025-26,Northeastern,2026-02-13,Fri,W,4,2,False,True,False,Providence,https://www.collegehockeynews.com/reports/team/Providence/46,46,True,False,https://www.collegehockeynews.com/box/final/20260213/noe/prv/,https://www.collegehockeynews.com/box/metrics.php?gd=111317,,college_hockey_news,https://www.collegehockeynews.com/schedules/team/Northeastern/41/20252026,Hockey East,Hockey East
2025-26,Northeastern,2026-02-14,Sat,L,1,4,False,True,False,Providence,https://www.collegehockeynews.com/reports/team/Providence/46,46,True,False,https://www.collegehockeynews.com/box/final/20260214/noe/prv/,https://www.collegehockeynews.com/box/metrics.php?gd=111318,,college_hockey_news,https://www.collegehockeynews.com/schedules/team/Northeastern/41/20252026,Hockey East,Hockey East
2025-26,Northeastern,2026-02-20,Fri,W,2,0,False,True,False,Mass.-Lowell,https://www.collegehockeynews.com/reports/team/Mass-Lowell/26,26,True,False,https://www.collegehockeynews.com/box/final/20260220/noe/uml/,https://www.collegehockeynews.com/box/metrics.php?gd=110852,,college_hockey_news,https://www.collegehockeynews.com/schedules/team/Northeastern/41/20252026,Hockey East,Hockey East
2025-26,Northeastern,2026-02-21,Sat,W,8,2,False,True,False,Mass.-Lowell,https://www.collegehockeynews.com/reports/team/Mass-Lowell/26,26,True,False,https://www.collegehockeynews.com/box/final/20260221/noe/uml/,https://www.collegehockeynews.com/box/metrics.php?gd=110853,,college_hockey_news,https://www.collegehockeynews.com/schedules/team/Northeastern/41/20252026,Hockey East,Hockey East
2025-26,Northeastern,2026-02-27,Fri,L,0,4,False,True,False,Maine,https://www.collegehockeynews.com/reports/team/Maine/25,25,True,False,https://www.collegehockeynews.com/box/final/20260227/noe/mne/,https://www.collegehockeynews.com/box/metrics.php?gd=111325,,college_hockey_news,https://www.collegehockeynews.com/schedules/team/Northeastern/41/20252026,Hockey East,Hockey East
2025-26,Northeastern,2026-02-28,Sat,L,2,3,True,False,False,Maine,https://www.collegehockeynews.com/reports/team/Maine/25,25,True,False,https://www.collegehockeynews.com/box/final/20260228/mne/noe/,https://www.collegehockeynews.com/box/metrics.php?gd=111326,"at Tsongas Center, Lowell, Mass.",college_hockey_news,https://www.collegehockeynews.com/schedules/team/Northeastern/41/20252026,Hockey East,Hockey East
2025-26,Northeastern,2026-03-07,Sat,W,4,2,False,True,False,Boston College,https://www.collegehockeynews.com/reports/team/Boston-College/9,9,True,False,https://www.collegehockeynews.com/box/final/20260307/noe/bc_/,https://www.collegehockeynews.com/box/metrics.php?gd=111329,,college_hockey_news,https://www.collegehockeynews.com/schedules/team/Northeastern/41/20252026,Hockey East,Hockey East
2025-26,Northeastern,2026-03-11,Wed,W,7,3,True,False,False,New Hampshire,https://www.collegehockeynews.com/reports/team/New-Hampshire/38,38,False,False,https://www.collegehockeynews.com/box/final/20260311/unh/noe/,https://www.collegehockeynews.com/box/metrics.php?gd=112992,"HEA Tournament Hockey East First Round – Conte Forum (Kelley Rink), Chestnut Hill, Mass.",college_hockey_news,https://www.collegehockeynews.com/schedules/team/Northeastern/41/20252026,Hockey East,Hockey East
2025-26,Northeastern,2026-03-14,Sat,L,1,4,False,True,False,Massachusetts,https://www.collegehockeynews.com/reports/team/Massachusetts/27,27,False,False,https://www.collegehockeynews.com/box/final/20260314/noe/uma/,https://www.collegehockeynews.com/box/metrics.php?gd=112996,"HEA Tournament Hockey East Quarterfinal – William D. Mullins Center, Amherst, Mass.",college_hockey_news,https://www.collegehockeynews.com/schedules/team/Northeastern/41/20252026,Hockey East,Hockey East
2025-26,Providence,2025-10-10,Fri,L,1,5,True,False,False,Michigan,https://www.collegehockeynews.com/reports/team/Michigan/31,31,False,False,https://www.collegehockeynews.com/box/final/20251010/mic/prv/,https://www.collegehockeynews.com/box/metrics.php?gd=110699,,college_hockey_news,https://www.collegehockeynews.com/schedules/team/Providence/46/20252026,Hockey East,Big Ten
2025-26,Providence,2025-10-11,Sat,L,1,3,True,False,False,Michigan,https://www.collegehockeynews.com/reports/team/Michigan/31,31,False,False,https://www.collegehockeynews.com/box/final/20251011/mic/prv/,https://www.collegehockeynews.com/box/metrics.php?gd=110700,,college_hockey_news,https://www.collegehockeynews.com/schedules/team/Providence/46/20252026,Hockey East,Big Ten
2025-26,Providence,2025-10-18,Sat,W,5,1,False,True,False,RPI,https://www.collegehockeynews.com/reports/team/RPI/48,48,False,False,https://www.collegehockeynews.com/box/final/20251018/prv/ren/,https://www.collegehockeynews.com/box/metrics.php?gd=111075,,college_hockey_news,https://www.collegehockeynews.com/schedules/team/Providence/46/20252026,Hockey East,ECAC
2025-26,Providence,2025-10-24,Fri,T,2,2,False,True,False,St. Thomas,https://www.collegehockeynews.com/reports/team/St-Thomas/63,63,False,True,https://www.collegehockeynews.com/box/final/20251024/prv/stt/,https://www.collegehockeynews.com/box/metrics.php?gd=110648,,college_hockey_news,https://www.collegehockeynews.com/schedules/team/Providence/46/20252026,Hockey East,CCHA
2025-26,Providence,2025-10-25,Sat,W,7,4,False,True,False,St. Thomas,https://www.collegehockeynews.com/reports/team/St-Thomas/63,63,False,False,https://www.collegehockeynews.com/box/final/20251025/prv/stt/,https://www.collegehockeynews.com/box/metrics.php?gd=110649,,college_hockey_news,https://www.collegehockeynews.com/schedules/team/Providence/46/20252026,Hockey East,CCHA
2025-26,Providence,2025-10-31,Fri,W,5,2,True,False,False,Mass.-Lowell,https://www.collegehockeynews.com/reports/team/Mass-Lowell/26,26,True,False,https://www.collegehockeynews.com/box/final/20251031/uml/prv/,https://www.collegehockeynews.com/box/metrics.php?gd=110834,,college_hockey_news,https://www.collegehockeynews.com/schedules/team/Providence/46/20252026,Hockey East,Hockey East
2025-26,Providence,2025-11-01,Sat,L,1,5,False,True,False,Mass.-Lowell,https://www.collegehockeynews.com/reports/team/Mass-Lowell/26,26,True,False,https://www.collegehockeynews.com/box/final/20251101/prv/uml/,https://www.collegehockeynews.com/box/metrics.php?gd=110835,,college_hockey_news,https://www.collegehockeynews.com/schedules/team/Providence/46/20252026,Hockey East,Hockey East
2025-26,Providence,2025-11-07,Fri,W,4,1,False,True,False,Connecticut,https://www.collegehockeynews.com/reports/team/Connecticut/17,17,True,False,https://www.collegehockeynews.com/box/final/20251107/prv/con/,https://www.collegehockeynews.com/box/metrics.php?gd=111276,,college_hockey_news,https://www.collegehockeynews.com/schedules/team/Providence/46/20252026,Hockey East,Hockey East
2025-26,Providence,2025-11-08,Sat,T-SOL,2,2,True,False,False,Connecticut,https://www.collegehockeynews.com/reports/team/Connecticut/17,17,True,True,https://www.collegehockeynews.com/box/final/20251108/con/prv/,https://www.collegehockeynews.com/box/metrics.php?gd=111277,,college_hockey_news,https://www.collegehockeynews.com/schedules/team/Providence/46/20252026,Hockey East,Hockey East
2025-26,Providence,2025-11-14,Fri,W,4,2,True,False,False,Merrimack,https://www.collegehockeynews.com/reports/team/Merrimack/29,29,True,False,https://www.collegehockeynews.com/box/final/20251114/mer/prv/,https://www.collegehockeynews.com/box/metrics.php?gd=111284,,college_hockey_news,https://www.collegehockeynews.com/schedules/team/Providence/46/20252026,Hockey East,Hockey East
2025-26,Providence,2025-11-15,Sat,L,2,3,False,True,False,Merrimack,https://www.collegehockeynews.com/reports/team/Merrimack/29,29,True,False,https://www.collegehockeynews.com/box/final/20251115/prv/mer/,https://www.collegehockeynews.com/box/metrics.php?gd=111285,,college_hockey_news,https://www.collegehockeynews.com/schedules/team/Providence/46/20252026,Hockey East,Hockey East
2025-26,Providence,2025-11-20,Thu,L,1,2,True,False,False,Massachusetts,https://www.collegehockeynews.com/reports/team/Massachusetts/27,27,True,True,https://www.collegehockeynews.com/box/final/20251120/uma/prv/,https://www.collegehockeynews.com/box/metrics.php?gd=110552,,college_hockey_news,https://www.collegehockeynews.com/schedules/team/Providence/46/20252026,Hockey East,Hockey East
2025-26,Providence,2025-11-22,Sat,W,5,1,False,True,False,Massachusetts,https://www.collegehockeynews.com/reports/team/Massachusetts/27,27,True,False,https://www.collegehockeynews.com/box/final/20251122/prv/uma/,https://www.collegehockeynews.com/box/metrics.php?gd=110553,,college_hockey_news,https://www.collegehockeynews.com/schedules/team/Providence/46/20252026,Hockey East,Hockey East
2025-26,Providence,2025-11-28,Fri,L,2,3,False,True,False,Colorado College,https://www.collegehockeynews.com/reports/team/Colorado-College/16,16,False,False,https://www.collegehockeynews.com/box/final/20251128/prv/cc_/,https://www.collegehockeynews.com/box/metrics.php?gd=111097,,college_hockey_news,https://www.collegehockeynews.com/schedules/team/Providence/46/20252026,Hockey East,NCHC
2025-26,Providence,2025-11-29,Sat,W,2,1,False,True,False,Colorado College,https://www.collegehockeynews.com/reports/team/Colorado-College/16,16,False,False,https://www.collegehockeynews.com/box/final/20251129/prv/cc_/,https://www.collegehockeynews.com/box/metrics.php?gd=111098,,college_hockey_news,https://www.collegehockeynews.com/schedules/team/Providence/46/20252026,Hockey East,NCHC
2025-26,Providence,2025-12-09,Tue,W,4,2,False,True,False,Brown,https://www.collegehockeynews.com/reports/team/Brown/12,12,False,False,https://www.collegehockeynews.com/box/final/20251209/prv/brn/,https://www.collegehockeynews.com/box/metrics.php?gd=111413,,college_hockey_news,https://www.collegehockeynews.com/schedules/team/Providence/46/20252026,Hockey East,ECAC
2025-26,Providence,2026-01-02,Fri,W,5,2,True,False,False,Alaska,https://www.collegehockeynews.com/reports/team/Alaska/4,4,False,False,https://www.collegehockeynews.com/box/final/20260102/akf/prv/,https://www.collegehockeynews.com/box/metrics.php?gd=111338,,college_hockey_news,https://www.collegehockeynews.com/schedules/team/Providence/46/20252026,Hockey East,Independent
2025-26,Providence,2026-01-03,Sat,L,1,5,True,False,False,Alaska,https://www.collegehockeynews.com/reports/team/Alaska/4,4,False,False,https://www.collegehockeynews.com/box/final/20260103/akf/prv/,https://www.collegehockeynews.com/box/metrics.php?gd=111339,,college_hockey_news,https://www.collegehockeynews.com/schedules/team/Providence/46/20252026,Hockey East,Independent
2025-26,Providence,2026-01-09,Fri,W,6,1,True,False,False,Maine,https://www.collegehockeynews.com/reports/team/Maine/25,25,True,False,https://www.collegehockeynews.com/box/final/20260109/mne/prv/,https://www.collegehockeynews.com/box/metrics.php?gd=111297,,college_hockey_news,https://www.collegehockeynews.com/schedules/team/Providence/46/20252026,Hockey East,Hockey East
2025-26,Providence,2026-01-10,Sat,W,3,0,True,False,False,Maine,https://www.collegehockeynews.com/reports/team/Maine/25,25,True,False,https://www.collegehockeynews.com/box/final/20260110/mne/prv/,https://www.collegehockeynews.com/box/metrics.php?gd=111298,,college_hockey_news,https://www.collegehockeynews.com/schedules/team/Providence/46/20252026,Hockey East,Hockey East
2025-26,Providence,2026-01-16,Fri,W,4,3,False,True,False,Boston College,https://www.collegehockeynews.com/reports/team/Boston-College/9,9,True,True,https://www.collegehockeynews.com/box/final/20260116/prv/bc_/,https://www.collegehockeynews.com/box/metrics.php?gd=111301,,college_hockey_news,https://www.collegehockeynews.com/schedules/team/Providence/46/20252026,Hockey East,Hockey East
2025-26,Providence,2026-01-17,Sat,W,4,3,True,False,False,Boston College,https://www.collegehockeynews.com/reports/team/Boston-College/9,9,True,False,https://www.collegehockeynews.com/box/final/20260117/bc_/prv/,https://www.collegehockeynews.com/box/metrics.php?gd=111302,,college_hockey_news,https://www.collegehockeynews.com/schedules/team/Providence/46/20252026,Hockey East,Hockey East
2025-26,Providence,2026-01-23,Fri,W,4,3,True,False,False,Boston University,https://www.collegehockeynews.com/reports/team/Boston-University/10,10,True,False,https://www.collegehockeynews.com/box/final/20260123/bu_/prv/,https://www.collegehockeynews.com/box/metrics.php?gd=111141,,college_hockey_news,https://www.collegehockeynews.com/schedules/team/Providence/46/20252026,Hockey East,Hockey East
2025-26,Providence,2026-01-24,Sat,W,4,0,False,True,False,Boston University,https://www.collegehockeynews.com/reports/team/Boston-University/10,10,True,False,https://www.collegehockeynews.com/box/final/20260124/prv/bu_/,https://www.collegehockeynews.com/box/metrics.php?gd=111142,,college_hockey_news,https://www.collegehockeynews.com/schedules/team/Providence/46/20252026,Hockey East,Hockey East
2025-26,Providence,2026-01-31,Sat,W,3,2,False,True,False,Maine,https://www.collegehockeynews.com/reports/team/Maine/25,25,True,True,https://www.collegehockeynews.com/box/final/20260131/prv/mne/,https://www.collegehockeynews.com/box/metrics.php?gd=111309,,college_hockey_news,https://www.collegehockeynews.com/schedules/team/Providence/46/20252026,Hockey East,Hockey East
2025-26,Providence,2026-02-06,Fri,W,6,1,False,True,False,New Hampshire,https://www.collegehockeynews.com/reports/team/New-Hampshire/38,38,True,False,https://www.collegehockeynews.com/box/final/20260206/prv/unh/,https://www.collegehockeynews.com/box/metrics.php?gd=111197,,college_hockey_news,https://www.collegehockeynews.com/schedules/team/Providence/46/20252026,Hockey East,Hockey East
2025-26,Providence,2026-02-07,Sat,W,6,1,True,False,False,Vermont,https://www.collegehockeynews.com/reports/team/Vermont/55,55,True,False,https://www.collegehockeynews.com/box/final/20260207/ver/prv/,https://www.collegehockeynews.com/box/metrics.php?gd=111312,,college_hockey_news,https://www.collegehockeynews.com/schedules/team/Providence/46/20252026,Hockey East,Hockey East
2025-26,Providence,2026-02-13,Fri,L,2,4,True,False,False,Northeastern,https://www.collegehockeynews.com/reports/team/Northeastern/41,41,True,False,https://www.collegehockeynews.com/box/final/20260213/noe/prv/,https://www.collegehockeynews.com/box/metrics.php?gd=111317,,college_hockey_news,https://www.collegehockeynews.com/schedules/team/Providence/46/20252026,Hockey East,Hockey East
2025-26,Providence,2026-02-14,Sat,W,4,1,True,False,False,Northeastern,https://www.collegehockeynews.com/reports/team/Northeastern/41,41,True,False,https://www.collegehockeynews.com/box/final/20260214/noe/prv/,https://www.collegehockeynews.com/box/metrics.php?gd=111318,,college_hockey_news,https://www.collegehockeynews.com/schedules/team/Providence/46/20252026,Hockey East,Hockey East
2025-26,Providence,2026-02-20,Fri,W,5,2,False,True,False,Vermont,https://www.collegehockeynews.com/reports/team/Vermont/55,55,True,False,https://www.collegehockeynews.com/box/final/20260220/prv/ver/,https://www.collegehockeynews.com/box/metrics.php?gd=111323,,college_hockey_news,https://www.collegehockeynews.com/schedules/team/Providence/46/20252026,Hockey East,Hockey East
2025-26,Providence,2026-02-21,Sat,W,5,3,False,True,False,Vermont,https://www.collegehockeynews.com/reports/team/Vermont/55,55,True,False,https://www.collegehockeynews.com/box/final/20260221/prv/ver/,https://www.collegehockeynews.com/box/metrics.php?gd=111324,,college_hockey_news,https://www.collegehockeynews.com/schedules/team/Providence/46/20252026,Hockey East,Hockey East
2025-26,Providence,2026-02-27,Fri,L,0,1,True,False,False,New Hampshire,https://www.collegehockeynews.com/reports/team/New-Hampshire/38,38,True,False,https://www.collegehockeynews.com/box/final/20260227/unh/prv/,https://www.collegehockeynews.com/box/metrics.php?gd=111198,,college_hockey_news,https://www.collegehockeynews.com/schedules/team/Providence/46/20252026,Hockey East,Hockey East
2025-26,Providence,2026-02-28,Sat,W,3,2,False,True,False,New Hampshire,https://www.collegehockeynews.com/reports/team/New-Hampshire/38,38,True,False,https://www.collegehockeynews.com/box/final/20260228/prv/unh/,https://www.collegehockeynews.com/box/metrics.php?gd=111199,,college_hockey_news,https://www.collegehockeynews.com/schedules/team/Providence/46/20252026,Hockey East,Hockey East
2025-26,Providence,2026-03-07,Sat,W,3,1,True,False,False,Connecticut,https://www.collegehockeynews.com/reports/team/Connecticut/17,17,True,False,https://www.collegehockeynews.com/box/final/20260307/con/prv/,https://www.collegehockeynews.com/box/metrics.php?gd=111330,,college_hockey_news,https://www.collegehockeynews.com/schedules/team/Providence/46/20252026,Hockey East,Hockey East
2025-26,Providence,2026-03-14,Sat,L,2,3,True,False,False,Merrimack,https://www.collegehockeynews.com/reports/team/Merrimack/29,29,False,True,https://www.collegehockeynews.com/box/final/20260314/mer/prv/,https://www.collegehockeynews.com/box/metrics.php?gd=112995,HEA Tournament Hockey East Quarterfinal,college_hockey_news,https://www.collegehockeynews.com/schedules/team/Providence/46/20252026,Hockey East,Hockey East
2025-26,Providence,2026-03-26,Thu,L,2,5,False,False,True,Quinnipiac,https://www.collegehockeynews.com/reports/team/Quinnipiac/47,47,False,False,https://www.collegehockeynews.com/box/final/20260326/qui/prv/,https://www.collegehockeynews.com/box/metrics.php?gd=112919,"NCAA Tournament Sioux Falls Regional – Denny Sanford Premier Center, Sioux Falls, S.D.",college_hockey_news,https://www.collegehockeynews.com/schedules/team/Providence/46/20252026,Hockey East,ECAC
2025-26,Vermont,2025-10-10,Fri,W,2,1,True,False,False,St. Lawrence,https://www.collegehockeynews.com/reports/team/St-Lawrence/53,53,False,False,https://www.collegehockeynews.com/box/final/20251010/stl/ver/,https://www.collegehockeynews.com/box/metrics.php?gd=111158,,college_hockey_news,https://www.collegehockeynews.com/schedules/team/Vermont/55/20252026,Hockey East,ECAC
2025-26,Vermont,2025-10-12,Sun,L,2,5,False,True,False,St. Lawrence,https://www.collegehockeynews.com/reports/team/St-Lawrence/53,53,False,False,https://www.collegehockeynews.com/box/final/20251012/ver/stl/,https://www.collegehockeynews.com/box/metrics.php?gd=111159,,college_hockey_news,https://www.collegehockeynews.com/schedules/team/Vermont/55/20252026,Hockey East,ECAC
2025-26,Vermont,2025-10-17,Fri,W,2,1,False,True,False,St. Cloud State,https://www.collegehockeynews.com/reports/team/St-Cloud-State/52,52,False,True,https://www.collegehockeynews.com/box/final/20251017/ver/stc/,https://www.collegehockeynews.com/box/metrics.php?gd=110749,,college_hockey_news,https://www.collegehockeynews.com/schedules/team/Vermont/55/20252026,Hockey East,NCHC
2025-26,Vermont,2025-10-18,Sat,L,0,4,False,True,False,St. Cloud State,https://www.collegehockeynews.com/reports/team/St-Cloud-State/52,52,False,False,https://www.collegehockeynews.com/box/final/20251018/ver/stc/,https://www.collegehockeynews.com/box/metrics.php?gd=110750,,college_hockey_news,https://www.collegehockeynews.com/schedules/team/Vermont/55/20252026,Hockey East,NCHC
2025-26,Vermont,2025-10-31,Fri,L,2,4,False,True,False,New Hampshire,https://www.collegehockeynews.com/reports/team/New-Hampshire/38,38,True,False,https://www.collegehockeynews.com/box/final/20251031/ver/unh/,https://www.collegehockeynews.com/box/metrics.php?gd=111182,,college_hockey_news,https://www.collegehockeynews.com/schedules/team/Vermont/55/20252026,Hockey East,Hockey East
2025-26,Vermont,2025-11-01,Sat,W,2,1,False,True,False,New Hampshire,https://www.collegehockeynews.com/reports/team/New-Hampshire/38,38,True,False,https://www.collegehockeynews.com/box/final/20251101/ver/unh/,https://www.collegehockeynews.com/box/metrics.php?gd=111183,,college_hockey_news,https://www.collegehockeynews.com/schedules/team/Vermont/55/20252026,Hockey East,Hockey East
2025-26,Vermont,2025-11-07,Fri,L,1,2,True,False,False,Boston College,https://www.collegehockeynews.com/reports/team/Boston-College/9,9,True,False,https://www.collegehockeynews.com/box/final/20251107/bc_/ver/,https://www.collegehockeynews.com/box/metrics.php?gd=111274,,college_hockey_news,https://www.collegehockeynews.com/schedules/team/Vermont/55/20252026,Hockey East,Hockey East
2025-26,Vermont,2025-11-08,Sat,L,0,5,True,False,False,Boston College,https://www.collegehockeynews.com/reports/team/Boston-College/9,9,True,False,https://www.collegehockeynews.com/box/final/20251108/bc_/ver/,https://www.collegehockeynews.com/box/metrics.php?gd=111275,,college_hockey_news,https://www.collegehockeynews.com/schedules/team/Vermont/55/20252026,Hockey East,Hockey East
2025-26,Vermont,2025-11-14,Fri,L,0,7,False,True,False,Maine,https://www.collegehockeynews.com/reports/team/Maine/25,25,True,False,https://www.collegehockeynews.com/box/final/20251114/ver/mne/,https://www.collegehockeynews.com/box/metrics.php?gd=111282,,college_hockey_news,https://www.collegehockeynews.com/schedules/team/Vermont/55/20252026,Hockey East,Hockey East
2025-26,Vermont,2025-11-15,Sat,W,2,1,False,True,False,Maine,https://www.collegehockeynews.com/reports/team/Maine/25,25,True,False,https://www.collegehockeynews.com/box/final/20251115/ver/mne/,https://www.collegehockeynews.com/box/metrics.php?gd=111283,,college_hockey_news,https://www.collegehockeynews.com/schedules/team/Vermont/55/20252026,Hockey East,Hockey East
2025-26,Vermont,2025-11-22,Sat,L,1,5,True,False,False,Harvard,https://www.collegehockeynews.com/reports/team/Harvard/22,22,False,False,https://www.collegehockeynews.com/box/final/20251122/har/ver/,https://www.collegehockeynews.com/box/metrics.php?gd=111214,,college_hockey_news,https://www.collegehockeynews.com/schedules/team/Vermont/55/20252026,Hockey East,ECAC
2025-26,Vermont,2025-11-28,Fri,L,2,7,False,True,False,Dartmouth,https://www.collegehockeynews.com/reports/team/Dartmouth/19,19,False,False,https://www.collegehockeynews.com/box/final/20251128/ver/dar/,https://www.collegehockeynews.com/box/metrics.php?gd=111289,,college_hockey_news,https://www.collegehockeynews.com/schedules/team/Vermont/55/20252026,Hockey East,ECAC
2025-26,Vermont,2025-12-05,Fri,L,1,2,False,True,False,Boston University,https://www.collegehockeynews.com/reports/team/Boston-University/10,10,True,False,https://www.collegehockeynews.com/box/final/20251205/ver/bu_/,https://www.collegehockeynews.com/box/metrics.php?gd=111136,,college_hockey_news,https://www.collegehockeynews.com/schedules/team/Vermont/55/20252026,Hockey East,Hockey East
2025-26,Vermont,2025-12-06,Sat,W,3,2,False,True,False,Boston University,https://www.collegehockeynews.com/reports/team/Boston-University/10,10,True,False,https://www.collegehockeynews.com/box/final/20251206/ver/bu_/,https://www.collegehockeynews.com/box/metrics.php?gd=111137,,college_hockey_news,https://www.collegehockeynews.com/schedules/team/Vermont/55/20252026,Hockey East,Hockey East
2025-26,Vermont,2025-12-13,Sat,L,0,3,True,False,False,Army,https://www.collegehockeynews.com/reports/team/Army/6,6,False,False,https://www.collegehockeynews.com/box/final/20251213/arm/ver/,https://www.collegehockeynews.com/box/metrics.php?gd=110817,,college_hockey_news,https://www.collegehockeynews.com/schedules/team/Vermont/55/20252026,Hockey East,Atlantic Hockey
2025-26,Vermont,2025-12-29,Mon,L,4,5,True,False,False,Merrimack,https://www.collegehockeynews.com/reports/team/Merrimack/29,29,True,False,https://www.collegehockeynews.com/box/final/20251229/mer/ver/,https://www.collegehockeynews.com/box/metrics.php?gd=111411,,college_hockey_news,https://www.collegehockeynews.com/schedules/team/Vermont/55/20252026,Hockey East,Hockey East
2025-26,Vermont,2026-01-03,Sat,W,3,0,True,False,False,RPI,https://www.collegehockeynews.com/reports/team/RPI/48,48,False,False,https://www.collegehockeynews.com/box/final/20260103/ren/ver/,https://www.collegehockeynews.com/box/metrics.php?gd=111082,,college_hockey_news,https://www.collegehockeynews.com/schedules/team/Vermont/55/20252026,Hockey East,ECAC
2025-26,Vermont,2026-01-09,Fri,W,3,2,True,False,False,Northeastern,https://www.collegehockeynews.com/reports/team/Northeastern/41,41,True,False,https://www.collegehockeynews.com/box/final/20260109/noe/ver/,https://www.collegehockeynews.com/box/metrics.php?gd=111299,,college_hockey_news,https://www.collegehockeynews.com/schedules/team/Vermont/55/20252026,Hockey East,Hockey East
2025-26,Vermont,2026-01-10,Sat,W,5,3,True,False,False,Northeastern,https://www.collegehockeynews.com/reports/team/Northeastern/41,41,True,False,https://www.collegehockeynews.com/box/final/20260110/noe/ver/,https://www.collegehockeynews.com/box/metrics.php?gd=111300,,college_hockey_news,https://www.collegehockeynews.com/schedules/team/Vermont/55/20252026,Hockey East,Hockey East
2025-26,Vermont,2026-01-16,Fri,L,1,4,False,True,False,Connecticut,https://www.collegehockeynews.com/reports/team/Connecticut/17,17,True,False,https://www.collegehockeynews.com/box/final/20260116/ver/con/,https://www.collegehockeynews.com/box/metrics.php?gd=111303,,college_hockey_news,https://www.collegehockeynews.com/schedules/team/Vermont/55/20252026,Hockey East,Hockey East
2025-26,Vermont,2026-01-17,Sat,W,4,2,False,True,False,Connecticut,https://www.collegehockeynews.com/reports/team/Connecticut/17,17,True,False,https://www.collegehockeynews.com/box/final/20260117/ver/con/,https://www.collegehockeynews.com/box/metrics.php?gd=111304,,college_hockey_news,https://www.collegehockeynews.com/schedules/team/Vermont/55/20252026,Hockey East,Hockey East
2025-26,Vermont,2026-01-23,Fri,L,0,4,True,False,False,Massachusetts,https://www.collegehockeynews.com/reports/team/Massachusetts/27,27,True,False,https://www.collegehockeynews.com/box/final/20260123/uma/ver/,https://www.collegehockeynews.com/box/metrics.php?gd=110560,,college_hockey_news,https://www.collegehockeynews.com/schedules/team/Vermont/55/20252026,Hockey East,Hockey East
2025-26,Vermont,2026-01-24,Sat,L,0,1,True,False,False,Massachusetts,https://www.collegehockeynews.com/reports/team/Massachusetts/27,27,True,False,https://www.collegehockeynews.com/box/final/20260124/uma/ver/,https://www.collegehockeynews.com/box/metrics.php?gd=110561,,college_hockey_news,https://www.collegehockeynews.com/schedules/team/Vermont/55/20252026,Hockey East,Hockey East
2025-26,Vermont,2026-01-30,Fri,W,3,2,True,False,False,Stonehill,https://www.collegehockeynews.com/reports/team/Stonehill/422,422,False,True,https://www.collegehockeynews.com/box/final/20260130/stn/ver/,https://www.collegehockeynews.com/box/metrics.php?gd=111307,,college_hockey_news,https://www.collegehockeynews.com/schedules/team/Vermont/55/20252026,Hockey East,Independent
2025-26,Vermont,2026-01-31,Sat,W,2,0,True,False,False,Stonehill,https://www.collegehockeynews.com/reports/team/Stonehill/422,422,False,False,https://www.collegehockeynews.com/box/final/20260131/stn/ver/,https://www.collegehockeynews.com/box/metrics.php?gd=111308,,college_hockey_news,https://www.collegehockeynews.com/schedules/team/Vermont/55/20252026,Hockey East,Independent
2025-26,Vermont,2026-02-06,Fri,W,6,1,False,True,False,Boston College,https://www.collegehockeynews.com/reports/team/Boston-College/9,9,True,False,https://www.collegehockeynews.com/box/final/20260206/ver/bc_/,https://www.collegehockeynews.com/box/metrics.php?gd=111310,,college_hockey_news,https://www.collegehockeynews.com/schedules/team/Vermont/55/20252026,Hockey East,Hockey East
2025-26,Vermont,2026-02-07,Sat,L,1,6,False,True,False,Providence,https://www.collegehockeynews.com/reports/team/Providence/46,46,True,False,https://www.collegehockeynews.com/box/final/20260207/ver/prv/,https://www.collegehockeynews.com/box/metrics.php?gd=111312,,college_hockey_news,https://www.collegehockeynews.com/schedules/team/Vermont/55/20252026,Hockey East,Hockey East
2025-26,Vermont,2026-02-13,Fri,L,2,4,True,False,False,Mass.-Lowell,https://www.collegehockeynews.com/reports/team/Mass-Lowell/26,26,True,False,https://www.collegehockeynews.com/box/final/20260213/uml/ver/,https://www.collegehockeynews.com/box/metrics.php?gd=110850,,college_hockey_news,https://www.collegehockeynews.com/schedules/team/Vermont/55/20252026,Hockey East,Hockey East
2025-26,Vermont,2026-02-14,Sat,L,2,5,True,False,False,Mass.-Lowell,https://www.collegehockeynews.com/reports/team/Mass-Lowell/26,26,True,False,https://www.collegehockeynews.com/box/final/20260214/uml/ver/,https://www.collegehockeynews.com/box/metrics.php?gd=110851,,college_hockey_news,https://www.collegehockeynews.com/schedules/team/Vermont/55/20252026,Hockey East,Hockey East
2025-26,Vermont,2026-02-20,Fri,L,2,5,True,False,False,Providence,https://www.collegehockeynews.com/reports/team/Providence/46,46,True,False,https://www.collegehockeynews.com/box/final/20260220/prv/ver/,https://www.collegehockeynews.com/box/metrics.php?gd=111323,,college_hockey_news,https://www.collegehockeynews.com/schedules/team/Vermont/55/20252026,Hockey East,Hockey East
2025-26,Vermont,2026-02-21,Sat,L,3,5,True,False,False,Providence,https://www.collegehockeynews.com/reports/team/Providence/46,46,True,False,https://www.collegehockeynews.com/box/final/20260221/prv/ver/,https://www.collegehockeynews.com/box/metrics.php?gd=111324,,college_hockey_news,https://www.collegehockeynews.com/schedules/team/Vermont/55/20252026,Hockey East,Hockey East
2025-26,Vermont,2026-02-27,Fri,L,2,5,False,True,False,Merrimack,https://www.collegehockeynews.com/reports/team/Merrimack/29,29,True,False,https://www.collegehockeynews.com/box/final/20260227/ver/mer/,https://www.collegehockeynews.com/box/metrics.php?gd=111327,,college_hockey_news,https://www.collegehockeynews.com/schedules/team/Vermont/55/20252026,Hockey East,Hockey East
2025-26,Vermont,2026-02-28,Sat,T-SOL,4,4,False,True,False,Merrimack,https://www.collegehockeynews.com/reports/team/Merrimack/29,29,True,True,https://www.collegehockeynews.com/box/final/20260228/ver/mer/,https://www.collegehockeynews.com/box/metrics.php?gd=111328,,college_hockey_news,https://www.collegehockeynews.com/schedules/team/Vermont/55/20252026,Hockey East,Hockey East
2025-26,Vermont,2026-03-07,Sat,W,5,3,True,False,False,Maine,https://www.collegehockeynews.com/reports/team/Maine/25,25,True,False,https://www.collegehockeynews.com/box/final/20260307/mne/ver/,https://www.collegehockeynews.com/box/metrics.php?gd=111331,,college_hockey_news,https://www.collegehockeynews.com/schedules/team/Vermont/55/20252026,Hockey East,Hockey East
2025-26,Vermont,2026-03-11,Wed,L,1,4,False,True,False,Boston University,https://www.collegehockeynews.com/reports/team/Boston-University/10,10,False,False,https://www.collegehockeynews.com/box/final/20260311/ver/bu_/,https://www.collegehockeynews.com/box/metrics.php?gd=112991,"HEA Tournament Hockey East First Round – Agganis Arena, Boston, Mass.",college_hockey_news,https://www.collegehockeynews.com/schedules/team/Vermont/55/20252026,Hockey East,Hockey East
2025-26,Arizona State,2025-10-03,Fri,L,3,6,True,False,False,Penn State,https://www.collegehockeynews.com/reports/team/Penn-State/60,60,False,False,https://www.collegehockeynews.com/box/final/20251003/psu/asu/,https://www.collegehockeynews.com/box/metrics.php?gd=110368,,college_hockey_news,https://www.collegehockeynews.com/schedules/team/Arizona-State/61/20252026,NCHC,Big Ten
2025-26,Arizona State,2025-10-04,Sat,L,2,4,True,False,False,Penn State,https://www.collegehockeynews.com/reports/team/Penn-State/60,60,False,False,https://www.collegehockeynews.com/box/final/20251004/psu/asu/,https://www.collegehockeynews.com/box/metrics.php?gd=110369,,college_hockey_news,https://www.collegehockeynews.com/schedules/team/Arizona-State/61/20252026,NCHC,Big Ten
2025-26,Arizona State,2025-10-10,Fri,W,5,3,True,False,False,Notre Dame,https://www.collegehockeynews.com/reports/team/Notre-Dame/43,43,False,False,https://www.collegehockeynews.com/box/final/20251010/ndm/asu/,https://www.collegehockeynews.com/box/metrics.php?gd=110371,Ice Breaker,college_hockey_news,https://www.collegehockeynews.com/schedules/team/Arizona-State/61/20252026,NCHC,Big Ten
2025-26,Arizona State,2025-10-11,Sat,W,5,2,True,False,False,Alaska,https://www.collegehockeynews.com/reports/team/Alaska/4,4,False,False,https://www.collegehockeynews.com/box/final/20251011/akf/asu/,https://www.collegehockeynews.com/box/metrics.php?gd=111241,Ice Breaker,college_hockey_news,https://www.collegehockeynews.com/schedules/team/Arizona-State/61/20252026,NCHC,Independent
2025-26,Arizona State,2025-10-17,Fri,L,2,4,False,True,False,Augustana,https://www.collegehockeynews.com/reports/team/Augustana/64,64,False,False,https://www.collegehockeynews.com/box/final/20251017/asu/aug/,https://www.collegehockeynews.com/box/metrics.php?gd=110372,,college_hockey_news,https://www.collegehockeynews.com/schedules/team/Arizona-State/61/20252026,NCHC,CCHA
2025-26,Arizona State,2025-10-18,Sat,L,2,5,False,True,False,Augustana,https://www.collegehockeynews.com/reports/team/Augustana/64,64,False,False,https://www.collegehockeynews.com/box/final/20251018/asu/aug/,https://www.collegehockeynews.com/box/metrics.php?gd=110373,,college_hockey_news,https://www.collegehockeynews.com/schedules/team/Arizona-State/61/20252026,NCHC,CCHA
2025-26,Arizona State,2025-10-31,Fri,W,4,1,False,True,False,Miami,https://www.collegehockeynews.com/reports/team/Miami/30,30,True,False,https://www.collegehockeynews.com/box/final/20251031/asu/mia/,https://www.collegehockeynews.com/box/metrics.php?gd=110374,,college_hockey_news,https://www.collegehockeynews.com/schedules/team/Arizona-State/61/20252026,NCHC,NCHC
2025-26,Arizona State,2025-11-01,Sat,L,2,5,False,True,False,Miami,https://www.collegehockeynews.com/reports/team/Miami/30,30,True,False,https://www.collegehockeynews.com/box/final/20251101/asu/mia/,https://www.collegehockeynews.com/box/metrics.php?gd=110375,,college_hockey_news,https://www.collegehockeynews.com/schedules/team/Arizona-State/61/20252026,NCHC,NCHC
2025-26,Arizona State,2025-11-07,Fri,T-SOW,3,3,True,False,False,Colorado College,https://www.collegehockeynews.com/reports/team/Colorado-College/16,16,True,True,https://www.collegehockeynews.com/box/final/20251107/cc_/asu/,https://www.collegehockeynews.com/box/metrics.php?gd=110376,,college_hockey_news,https://www.collegehockeynews.com/schedules/team/Arizona-State/61/20252026,NCHC,NCHC
2025-26,Arizona State,2025-11-08,Sat,L,1,3,True,False,False,Colorado College,https://www.collegehockeynews.com/reports/team/Colorado-College/16,16,True,False,https://www.collegehockeynews.com/box/final/20251108/cc_/asu/,https://www.collegehockeynews.com/box/metrics.php?gd=110377,,college_hockey_news,https://www.collegehockeynews.com/schedules/team/Arizona-State/61/20252026,NCHC,NCHC
2025-26,Arizona State,2025-11-14,Fri,L,2,5,False,True,False,North Dakota,https://www.collegehockeynews.com/reports/team/North-Dakota/40,40,True,False,https://www.collegehockeynews.com/box/final/20251114/asu/ndk/,https://www.collegehockeynews.com/box/metrics.php?gd=110378,,college_hockey_news,https://www.collegehockeynews.com/schedules/team/Arizona-State/61/20252026,NCHC,NCHC
2025-26,Arizona State,2025-11-15,Sat,W,4,2,False,True,False,North Dakota,https://www.collegehockeynews.com/reports/team/North-Dakota/40,40,True,False,https://www.collegehockeynews.com/box/final/20251115/asu/ndk/,https://www.collegehockeynews.com/box/metrics.php?gd=110379,,college_hockey_news,https://www.collegehockeynews.com/schedules/team/Arizona-State/61/20252026,NCHC,NCHC
2025-26,Arizona State,2025-11-21,Fri,L,1,7,True,False,False,Denver,https://www.collegehockeynews.com/reports/team/Denver/20,20,True,False,https://www.collegehockeynews.com/box/final/20251121/den/asu/,https://www.collegehockeynews.com/box/metrics.php?gd=110380,,college_hockey_news,https://www.collegehockeynews.com/schedules/team/Arizona-State/61/20252026,NCHC,NCHC
2025-26,Arizona State,2025-11-22,Sat,W,3,2,True,False,False,Denver,https://www.collegehockeynews.com/reports/team/Denver/20,20,True,True,https://www.collegehockeynews.com/box/final/20251122/den/asu/,https://www.collegehockeynews.com/box/metrics.php?gd=110381,,college_hockey_news,https://www.collegehockeynews.com/schedules/team/Arizona-State/61/20252026,NCHC,NCHC
2025-26,Arizona State,2025-11-28,Fri,W,3,2,True,False,False,Ohio State,https://www.collegehockeynews.com/reports/team/Ohio-State/44,44,False,True,https://www.collegehockeynews.com/box/final/20251128/osu/asu/,https://www.collegehockeynews.com/box/metrics.php?gd=110382,,college_hockey_news,https://www.collegehockeynews.com/schedules/team/Arizona-State/61/20252026,NCHC,Big Ten
2025-26,Arizona State,2025-11-29,Sat,W,4,3,True,False,False,Ohio State,https://www.collegehockeynews.com/reports/team/Ohio-State/44,44,False,True,https://www.collegehockeynews.com/box/final/20251129/osu/asu/,https://www.collegehockeynews.com/box/metrics.php?gd=110383,,college_hockey_news,https://www.collegehockeynews.com/schedules/team/Arizona-State/61/20252026,NCHC,Big Ten
2025-26,Arizona State,2025-12-12,Fri,L,1,3,False,True,False,Minnesota-Duluth,https://www.collegehockeynews.com/reports/team/Minnesota-Duluth/36,36,True,False,https://www.collegehockeynews.com/box/final/20251212/asu/mnd/,https://www.collegehockeynews.com/box/metrics.php?gd=110384,,college_hockey_news,https://www.collegehockeynews.com/schedules/team/Arizona-State/61/20252026,NCHC,NCHC
2025-26,Arizona State,2025-12-13,Sat,W,6,3,False,True,False,Minnesota-Duluth,https://www.collegehockeynews.com/reports/team/Minnesota-Duluth/36,36,True,False,https://www.collegehockeynews.com/box/final/20251213/asu/mnd/,https://www.collegehockeynews.com/box/metrics.php?gd=110385,,college_hockey_news,https://www.collegehockeynews.com/schedules/team/Arizona-State/61/20252026,NCHC,NCHC
2025-26,Arizona State,2025-12-27,Sat,W,5,1,False,True,False,Dartmouth,https://www.collegehockeynews.com/reports/team/Dartmouth/19,19,False,False,https://www.collegehockeynews.com/box/final/20251227/asu/dar/,https://www.collegehockeynews.com/box/metrics.php?gd=110386,,college_hockey_news,https://www.collegehockeynews.com/schedules/team/Arizona-State/61/20252026,NCHC,ECAC
2025-26,Arizona State,2025-12-28,Sun,L,1,4,False,True,False,Dartmouth,https://www.collegehockeynews.com/reports/team/Dartmouth/19,19,False,False,https://www.collegehockeynews.com/box/final/20251228/asu/dar/,https://www.collegehockeynews.com/box/metrics.php?gd=110387,,college_hockey_news,https://www.collegehockeynews.com/schedules/team/Arizona-State/61/20252026,NCHC,ECAC
2025-26,Arizona State,2026-01-02,Fri,W,7,2,True,False,False,Alaska-Anchorage,https://www.collegehockeynews.com/reports/team/Alaska-Anchorage/3,3,False,False,https://www.collegehockeynews.com/box/final/20260102/aka/asu/,https://www.collegehockeynews.com/box/metrics.php?gd=110388,Desert Hockey Classic,college_hockey_news,https://www.collegehockeynews.com/schedules/team/Arizona-State/61/20252026,NCHC,Independent
2025-26,Arizona State,2026-01-03,Sat,W,5,2,True,False,False,Air Force,https://www.collegehockeynews.com/reports/team/Air-Force/1,1,False,False,https://www.collegehockeynews.com/box/final/20260103/afa/asu/,https://www.collegehockeynews.com/box/metrics.php?gd=111237,Desert Hockey Classic,college_hockey_news,https://www.collegehockeynews.com/schedules/team/Arizona-State/61/20252026,NCHC,Atlantic Hockey
2025-26,Arizona State,2026-01-09,Fri,L,1,2,True,False,False,Miami,https://www.collegehockeynews.com/reports/team/Miami/30,30,True,True,https://www.collegehockeynews.com/box/final/20260109/mia/asu/,https://www.collegehockeynews.com/box/metrics.php?gd=110392,,college_hockey_news,https://www.collegehockeynews.com/schedules/team/Arizona-State/61/20252026,NCHC,NCHC
2025-26,Arizona State,2026-01-10,Sat,W,1,0,True,False,False,Miami,https://www.collegehockeynews.com/reports/team/Miami/30,30,True,False,https://www.collegehockeynews.com/box/final/20260110/mia/asu/,https://www.collegehockeynews.com/box/metrics.php?gd=110393,,college_hockey_news,https://www.collegehockeynews.com/schedules/team/Arizona-State/61/20252026,NCHC,NCHC
2025-26,Arizona State,2026-01-23,Fri,L,4,7,True,False,False,North Dakota,https://www.collegehockeynews.com/reports/team/North-Dakota/40,40,True,False,https://www.collegehockeynews.com/box/final/20260123/ndk/asu/,https://www.collegehockeynews.com/box/metrics.php?gd=110394,,college_hockey_news,https://www.collegehockeynews.com/schedules/team/Arizona-State/61/20252026,NCHC,NCHC
2025-26,Arizona State,2026-01-24,Sat,L,3,5,True,False,False,North Dakota,https://www.collegehockeynews.com/reports/team/North-Dakota/40,40,True,False,https://www.collegehockeynews.com/box/final/20260124/ndk/asu/,https://www.collegehockeynews.com/box/metrics.php?gd=110395,,college_hockey_news,https://www.collegehockeynews.com/schedules/team/Arizona-State/61/20252026,NCHC,NCHC
2025-26,Arizona State,2026-01-30,Fri,W,6,5,False,True,False,Colorado College,https://www.collegehockeynews.com/reports/team/Colorado-College/16,16,True,True,https://www.collegehockeynews.com/box/final/20260130/asu/cc_/,https://www.collegehockeynews.com/box/metrics.php?gd=110396,,college_hockey_news,https://www.collegehockeynews.com/schedules/team/Arizona-State/61/20252026,NCHC,NCHC
2025-26,Arizona State,2026-01-31,Sat,L,1,4,False,True,False,Colorado College,https://www.collegehockeynews.com/reports/team/Colorado-College/16,16,True,False,https://www.collegehockeynews.com/box/final/20260131/asu/cc_/,https://www.collegehockeynews.com/box/metrics.php?gd=110397,,college_hockey_news,https://www.collegehockeynews.com/schedules/team/Arizona-State/61/20252026,NCHC,NCHC
2025-26,Arizona State,2026-02-06,Fri,L,1,4,True,False,False,St. Cloud State,https://www.collegehockeynews.com/reports/team/St-Cloud-State/52,52,True,False,https://www.collegehockeynews.com/box/final/20260206/stc/asu/,https://www.collegehockeynews.com/box/metrics.php?gd=110398,,college_hockey_news,https://www.collegehockeynews.com/schedules/team/Arizona-State/61/20252026,NCHC,NCHC
2025-26,Arizona State,2026-02-07,Sat,L,3,4,True,False,False,St. Cloud State,https://www.collegehockeynews.com/reports/team/St-Cloud-State/52,52,True,False,https://www.collegehockeynews.com/box/final/20260207/stc/asu/,https://www.collegehockeynews.com/box/metrics.php?gd=110399,,college_hockey_news,https://www.collegehockeynews.com/schedules/team/Arizona-State/61/20252026,NCHC,NCHC
2025-26,Arizona State,2026-02-13,Fri,L,2,6,False,True,False,Western Michigan,https://www.collegehockeynews.com/reports/team/Western-Michigan/57,57,True,False,https://www.collegehockeynews.com/box/final/20260213/asu/wmu/,https://www.collegehockeynews.com/box/metrics.php?gd=110400,,college_hockey_news,https://www.collegehockeynews.com/schedules/team/Arizona-State/61/20252026,NCHC,NCHC
2025-26,Arizona State,2026-02-14,Sat,L,2,7,False,True,False,Western Michigan,https://www.collegehockeynews.com/reports/team/Western-Michigan/57,57,True,False,https://www.collegehockeynews.com/box/final/20260214/asu/wmu/,https://www.collegehockeynews.com/box/metrics.php?gd=110401,,college_hockey_news,https://www.collegehockeynews.com/schedules/team/Arizona-State/61/20252026,NCHC,NCHC
2025-26,Arizona State,2026-02-20,Fri,L,2,4,True,False,False,Omaha,https://www.collegehockeynews.com/reports/team/Omaha/37,37,True,False,https://www.collegehockeynews.com/box/final/20260220/uno/asu/,https://www.collegehockeynews.com/box/metrics.php?gd=110402,,college_hockey_news,https://www.collegehockeynews.com/schedules/team/Arizona-State/61/20252026,NCHC,NCHC
2025-26,Arizona State,2026-02-21,Sat,W,6,3,True,False,False,Omaha,https://www.collegehockeynews.com/reports/team/Omaha/37,37,True,False,https://www.collegehockeynews.com/box/final/20260221/uno/asu/,https://www.collegehockeynews.com/box/metrics.php?gd=110403,,college_hockey_news,https://www.collegehockeynews.com/schedules/team/Arizona-State/61/20252026,NCHC,NCHC
2025-26,Arizona State,2026-02-27,Fri,L,2,5,False,True,False,Denver,https://www.collegehockeynews.com/reports/team/Denver/20,20,True,False,https://www.collegehockeynews.com/box/final/20260227/asu/den/,https://www.collegehockeynews.com/box/metrics.php?gd=110404,,college_hockey_news,https://www.collegehockeynews.com/schedules/team/Arizona-State/61/20252026,NCHC,NCHC
2025-26,Arizona State,2026-02-28,Sat,L,1,4,False,True,False,Denver,https://www.collegehockeynews.com/reports/team/Denver/20,20,True,False,https://www.collegehockeynews.com/box/final/20260228/asu/den/,https://www.collegehockeynews.com/box/metrics.php?gd=110405,,college_hockey_news,https://www.collegehockeynews.com/schedules/team/Arizona-State/61/20252026,NCHC,NCHC
2025-26,Colorado College,2025-10-03,Fri,W,4,2,True,False,False,Connecticut,https://www.collegehockeynews.com/reports/team/Connecticut/17,17,False,False,https://www.collegehockeynews.com/box/final/20251003/con/cc_/,https://www.collegehockeynews.com/box/metrics.php?gd=111095,,college_hockey_news,https://www.collegehockeynews.com/schedules/team/Colorado-College/16/20252026,NCHC,Hockey East
2025-26,Colorado College,2025-10-04,Sat,L,1,5,True,False,False,Connecticut,https://www.collegehockeynews.com/reports/team/Connecticut/17,17,False,False,https://www.collegehockeynews.com/box/final/20251004/con/cc_/,https://www.collegehockeynews.com/box/metrics.php?gd=111096,,college_hockey_news,https://www.collegehockeynews.com/schedules/team/Colorado-College/16/20252026,NCHC,Hockey East
2025-26,Colorado College,2025-10-10,Fri,W,5,2,True,False,False,Bentley,https://www.collegehockeynews.com/reports/team/Bentley/8,8,False,False,https://www.collegehockeynews.com/box/final/20251010/ben/cc_/,https://www.collegehockeynews.com/box/metrics.php?gd=110943,,college_hockey_news,https://www.collegehockeynews.com/schedules/team/Colorado-College/16/20252026,NCHC,Atlantic Hockey
2025-26,Colorado College,2025-10-11,Sat,W,4,2,False,True,False,Air Force,https://www.collegehockeynews.com/reports/team/Air-Force/1,1,False,False,https://www.collegehockeynews.com/box/final/20251011/cc_/afa/,https://www.collegehockeynews.com/box/metrics.php?gd=111008,,college_hockey_news,https://www.collegehockeynews.com/schedules/team/Colorado-College/16/20252026,NCHC,Atlantic Hockey
2025-26,Colorado College,2025-10-17,Fri,W,2,1,False,True,False,Northern Michigan,https://www.collegehockeynews.com/reports/team/Northern-Michigan/42,42,False,True,https://www.collegehockeynews.com/box/final/20251017/cc_/nmu/,https://www.collegehockeynews.com/box/metrics.php?gd=110858,,college_hockey_news,https://www.collegehockeynews.com/schedules/team/Colorado-College/16/20252026,NCHC,CCHA
2025-26,Colorado College,2025-10-18,Sat,W,5,2,False,True,False,Northern Michigan,https://www.collegehockeynews.com/reports/team/Northern-Michigan/42,42,False,False,https://www.collegehockeynews.com/box/final/20251018/cc_/nmu/,https://www.collegehockeynews.com/box/metrics.php?gd=110859,,college_hockey_news,https://www.collegehockeynews.com/schedules/team/Colorado-College/16/20252026,NCHC,CCHA
2025-26,Colorado College,2025-10-31,Fri,L,2,3,True,False,False,Omaha,https://www.collegehockeynews.com/reports/team/Omaha/37,37,True,False,https://www.collegehockeynews.com/box/final/20251031/uno/cc_/,https://www.collegehockeynews.com/box/metrics.php?gd=110501,,college_hockey_news,https://www.collegehockeynews.com/schedules/team/Colorado-College/16/20252026,NCHC,NCHC
2025-26,Colorado College,2025-11-01,Sat,L,4,5,True,False,False,Omaha,https://www.collegehockeynews.com/reports/team/Omaha/37,37,True,False,https://www.collegehockeynews.com/box/final/20251101/uno/cc_/,https://www.collegehockeynews.com/box/metrics.php?gd=110502,,college_hockey_news,https://www.collegehockeynews.com/schedules/team/Colorado-College/16/20252026,NCHC,NCHC
2025-26,Colorado College,2025-11-07,Fri,T-SOL,3,3,False,True,False,Arizona State,https://www.collegehockeynews.com/reports/team/Arizona-State/61,61,True,True,https://www.collegehockeynews.com/box/final/20251107/cc_/asu/,https://www.collegehockeynews.com/box/metrics.php?gd=110376,,college_hockey_news,https://www.collegehockeynews.com/schedules/team/Colorado-College/16/20252026,NCHC,NCHC
2025-26,Colorado College,2025-11-08,Sat,W,3,1,False,True,False,Arizona State,https://www.collegehockeynews.com/reports/team/Arizona-State/61,61,True,False,https://www.collegehockeynews.com/box/final/20251108/cc_/asu/,https://www.collegehockeynews.com/box/metrics.php?gd=110377,,college_hockey_news,https://www.collegehockeynews.com/schedules/team/Colorado-College/16/20252026,NCHC,NCHC
2025-26,Colorado College,2025-11-14,Fri,L,1,2,False,True,False,Denver,https://www.collegehockeynews.com/reports/team/Denver/20,20,True,True,https://www.collegehockeynews.com/box/final/20251114/cc_/den/,https://www.collegehockeynews.com/box/metrics.php?gd=110503,,college_hockey_news,https://www.collegehockeynews.com/schedules/team/Colorado-College/16/20252026,NCHC,NCHC
2025-26,Colorado College,2025-11-15,Sat,L,2,3,True,False,False,Denver,https://www.collegehockeynews.com/reports/team/Denver/20,20,True,False,https://www.collegehockeynews.com/box/final/20251115/den/cc_/,https://www.collegehockeynews.com/box/metrics.php?gd=110504,,college_hockey_news,https://www.collegehockeynews.com/schedules/team/Colorado-College/16/20252026,NCHC,NCHC
2025-26,Colorado College,2025-11-21,Fri,L,2,4,True,False,False,Minnesota-Duluth,https://www.collegehockeynews.com/reports/team/Minnesota-Duluth/36,36,True,False,https://www.collegehockeynews.com/box/final/20251121/mnd/cc_/,https://www.collegehockeynews.com/box/metrics.php?gd=110485,,college_hockey_news,https://www.collegehockeynews.com/schedules/team/Colorado-College/16/20252026,NCHC,NCHC
2025-26,Colorado College,2025-11-22,Sat,W,2,1,True,False,False,Minnesota-Duluth,https://www.collegehockeynews.com/reports/team/Minnesota-Duluth/36,36,True,True,https://www.collegehockeynews.com/box/final/20251122/mnd/cc_/,https://www.collegehockeynews.com/box/metrics.php?gd=110486,,college_hockey_news,https://www.collegehockeynews.com/schedules/team/Colorado-College/16/20252026,NCHC,NCHC
2025-26,Colorado College,2025-11-28,Fri,W,3,2,True,False,False,Providence,https://www.collegehockeynews.com/reports/team/Providence/46,46,False,False,https://www.collegehockeynews.com/box/final/20251128/prv/cc_/,https://www.collegehockeynews.com/box/metrics.php?gd=111097,,college_hockey_news,https://www.collegehockeynews.com/schedules/team/Colorado-College/16/20252026,NCHC,Hockey East
2025-26,Colorado College,2025-11-29,Sat,L,1,2,True,False,False,Providence,https://www.collegehockeynews.com/reports/team/Providence/46,46,False,False,https://www.collegehockeynews.com/box/final/20251129/prv/cc_/,https://www.collegehockeynews.com/box/metrics.php?gd=111098,,college_hockey_news,https://www.collegehockeynews.com/schedules/team/Colorado-College/16/20252026,NCHC,Hockey East
2025-26,Colorado College,2025-12-12,Fri,T-SOL,4,4,False,True,False,Miami,https://www.collegehockeynews.com/reports/team/Miami/30,30,True,True,https://www.collegehockeynews.com/box/final/20251212/cc_/mia/,https://www.collegehockeynews.com/box/metrics.php?gd=110505,,college_hockey_news,https://www.collegehockeynews.com/schedules/team/Colorado-College/16/20252026,NCHC,NCHC
2025-26,Colorado College,2025-12-13,Sat,T-SOW,3,3,False,True,False,Miami,https://www.collegehockeynews.com/reports/team/Miami/30,30,True,True,https://www.collegehockeynews.com/box/final/20251213/cc_/mia/,https://www.collegehockeynews.com/box/metrics.php?gd=110506,,college_hockey_news,https://www.collegehockeynews.com/schedules/team/Colorado-College/16/20252026,NCHC,NCHC
2025-26,Colorado College,2026-01-02,Fri,L,2,3,False,True,False,Augustana,https://www.collegehockeynews.com/reports/team/Augustana/64,64,False,False,https://www.collegehockeynews.com/box/final/20260102/cc_/aug/,https://www.collegehockeynews.com/box/metrics.php?gd=110685,,college_hockey_news,https://www.collegehockeynews.com/schedules/team/Colorado-College/16/20252026,NCHC,CCHA
2025-26,Colorado College,2026-01-03,Sat,L,2,4,False,True,False,Augustana,https://www.collegehockeynews.com/reports/team/Augustana/64,64,False,False,https://www.collegehockeynews.com/box/final/20260103/cc_/aug/,https://www.collegehockeynews.com/box/metrics.php?gd=110686,,college_hockey_news,https://www.collegehockeynews.com/schedules/team/Colorado-College/16/20252026,NCHC,CCHA
2025-26,Colorado College,2026-01-09,Fri,W,3,2,True,False,False,North Dakota,https://www.collegehockeynews.com/reports/team/North-Dakota/40,40,True,True,https://www.collegehockeynews.com/box/final/20260109/ndk/cc_/,https://www.collegehockeynews.com/box/metrics.php?gd=110425,,college_hockey_news,https://www.collegehockeynews.com/schedules/team/Colorado-College/16/20252026,NCHC,NCHC
2025-26,Colorado College,2026-01-10,Sat,L,2,5,True,False,False,North Dakota,https://www.collegehockeynews.com/reports/team/North-Dakota/40,40,True,False,https://www.collegehockeynews.com/box/final/20260110/ndk/cc_/,https://www.collegehockeynews.com/box/metrics.php?gd=110426,,college_hockey_news,https://www.collegehockeynews.com/schedules/team/Colorado-College/16/20252026,NCHC,NCHC
2025-26,Colorado College,2026-01-23,Fri,L,1,3,False,True,False,Omaha,https://www.collegehockeynews.com/reports/team/Omaha/37,37,True,False,https://www.collegehockeynews.com/box/final/20260123/cc_/uno/,https://www.collegehockeynews.com/box/metrics.php?gd=110507,,college_hockey_news,https://www.collegehockeynews.com/schedules/team/Colorado-College/16/20252026,NCHC,NCHC
2025-26,Colorado College,2026-01-24,Sat,W,3,1,False,True,False,Omaha,https://www.collegehockeynews.com/reports/team/Omaha/37,37,True,False,https://www.collegehockeynews.com/box/final/20260124/cc_/uno/,https://www.collegehockeynews.com/box/metrics.php?gd=110508,,college_hockey_news,https://www.collegehockeynews.com/schedules/team/Colorado-College/16/20252026,NCHC,NCHC
2025-26,Colorado College,2026-01-30,Fri,L,5,6,True,False,False,Arizona State,https://www.collegehockeynews.com/reports/team/Arizona-State/61,61,True,True,https://www.collegehockeynews.com/box/final/20260130/asu/cc_/,https://www.collegehockeynews.com/box/metrics.php?gd=110396,,college_hockey_news,https://www.collegehockeynews.com/schedules/team/Colorado-College/16/20252026,NCHC,NCHC
2025-26,Colorado College,2026-01-31,Sat,W,4,1,True,False,False,Arizona State,https://www.collegehockeynews.com/reports/team/Arizona-State/61,61,True,False,https://www.collegehockeynews.com/box/final/20260131/asu/cc_/,https://www.collegehockeynews.com/box/metrics.php?gd=110397,,college_hockey_news,https://www.collegehockeynews.com/schedules/team/Colorado-College/16/20252026,NCHC,NCHC
2025-26,Colorado College,2026-02-06,Fri,T-SOL,2,2,True,False,False,Denver,https://www.collegehockeynews.com/reports/team/Denver/20,20,True,True,https://www.collegehockeynews.com/box/final/20260206/den/cc_/,https://www.collegehockeynews.com/box/metrics.php?gd=110509,,college_hockey_news,https://www.collegehockeynews.com/schedules/team/Colorado-College/16/20252026,NCHC,NCHC
2025-26,Colorado College,2026-02-07,Sat,L,1,4,False,True,False,Denver,https://www.collegehockeynews.com/reports/team/Denver/20,20,True,False,https://www.collegehockeynews.com/box/final/20260207/cc_/den/,https://www.collegehockeynews.com/box/metrics.php?gd=110510,,college_hockey_news,https://www.collegehockeynews.com/schedules/team/Colorado-College/16/20252026,NCHC,NCHC
2025-26,Colorado College,2026-02-13,Fri,L,5,6,False,True,False,St. Cloud State,https://www.collegehockeynews.com/reports/team/St-Cloud-State/52,52,True,True,https://www.collegehockeynews.com/box/final/20260213/cc_/stc/,https://www.collegehockeynews.com/box/metrics.php?gd=110511,,college_hockey_news,https://www.collegehockeynews.com/schedules/team/Colorado-College/16/20252026,NCHC,NCHC
2025-26,Colorado College,2026-02-14,Sat,W,4,1,False,True,False,St. Cloud State,https://www.collegehockeynews.com/reports/team/St-Cloud-State/52,52,True,False,https://www.collegehockeynews.com/box/final/20260214/cc_/stc/,https://www.collegehockeynews.com/box/metrics.php?gd=110512,,college_hockey_news,https://www.collegehockeynews.com/schedules/team/Colorado-College/16/20252026,NCHC,NCHC
2025-26,Colorado College,2026-02-20,Fri,T-SOL,1,1,True,False,False,Western Michigan,https://www.collegehockeynews.com/reports/team/Western-Michigan/57,57,True,True,https://www.collegehockeynews.com/box/final/20260220/wmu/cc_/,https://www.collegehockeynews.com/box/metrics.php?gd=110513,,college_hockey_news,https://www.collegehockeynews.com/schedules/team/Colorado-College/16/20252026,NCHC,NCHC
2025-26,Colorado College,2026-02-21,Sat,L,0,2,True,False,False,Western Michigan,https://www.collegehockeynews.com/reports/team/Western-Michigan/57,57,True,False,https://www.collegehockeynews.com/box/final/20260221/wmu/cc_/,https://www.collegehockeynews.com/box/metrics.php?gd=110514,,college_hockey_news,https://www.collegehockeynews.com/schedules/team/Colorado-College/16/20252026,NCHC,NCHC
2025-26,Colorado College,2026-02-27,Fri,W,4,1,False,True,False,Minnesota-Duluth,https://www.collegehockeynews.com/reports/team/Minnesota-Duluth/36,36,True,False,https://www.collegehockeynews.com/box/final/20260227/cc_/mnd/,https://www.collegehockeynews.com/box/metrics.php?gd=110499,,college_hockey_news,https://www.collegehockeynews.com/schedules/team/Colorado-College/16/20252026,NCHC,NCHC
2025-26,Colorado College,2026-02-28,Sat,T-SOL,2,2,False,True,False,Minnesota-Duluth,https://www.collegehockeynews.com/reports/team/Minnesota-Duluth/36,36,True,True,https://www.collegehockeynews.com/box/final/20260228/cc_/mnd/,https://www.collegehockeynews.com/box/metrics.php?gd=110500,,college_hockey_news,https://www.collegehockeynews.com/schedules/team/Colorado-College/16/20252026,NCHC,NCHC
2025-26,Colorado College,2026-03-06,Fri,L,2,5,False,True,False,Western Michigan,https://www.collegehockeynews.com/reports/team/Western-Michigan/57,57,False,False,https://www.collegehockeynews.com/box/final/20260306/cc_/wmu/,https://www.collegehockeynews.com/box/metrics.php?gd=112956,"NCHC Tournament NCHC Quarterfinal – Lawson Ice Arena, Kalamazoo, Mich.",college_hockey_news,https://www.collegehockeynews.com/schedules/team/Colorado-College/16/20252026,NCHC,NCHC
2025-26,Colorado College,2026-03-07,Sat,L,1,2,False,True,False,Western Michigan,https://www.collegehockeynews.com/reports/team/Western-Michigan/57,57,False,True,https://www.collegehockeynews.com/box/final/20260307/cc_/wmu/,https://www.collegehockeynews.com/box/metrics.php?gd=112957,"NCHC Tournament NCHC Quarterfinal – Lawson Ice Arena, Kalamazoo, Mich.",college_hockey_news,https://www.collegehockeynews.com/schedules/team/Colorado-College/16/20252026,NCHC,NCHC
2025-26,Denver,2025-10-10,Fri,T,1,1,False,True,False,Air Force,https://www.collegehockeynews.com/reports/team/Air-Force/1,1,False,True,https://www.collegehockeynews.com/box/final/20251010/den/afa/,https://www.collegehockeynews.com/box/metrics.php?gd=110516,,college_hockey_news,https://www.collegehockeynews.com/schedules/team/Denver/20/20252026,NCHC,Atlantic Hockey
2025-26,Denver,2025-10-11,Sat,W,6,0,True,False,False,Bentley,https://www.collegehockeynews.com/reports/team/Bentley/8,8,False,False,https://www.collegehockeynews.com/box/final/20251011/ben/den/,https://www.collegehockeynews.com/box/metrics.php?gd=110517,,college_hockey_news,https://www.collegehockeynews.com/schedules/team/Denver/20/20252026,NCHC,Atlantic Hockey
2025-26,Denver,2025-10-17,Fri,L,3,4,False,True,False,Lindenwood,https://www.collegehockeynews.com/reports/team/Lindenwood/433,433,False,False,https://www.collegehockeynews.com/box/final/20251017/den/lin/,https://www.collegehockeynews.com/box/metrics.php?gd=110518,,college_hockey_news,https://www.collegehockeynews.com/schedules/team/Denver/20/20252026,NCHC,Independent
2025-26,Denver,2025-10-18,Sat,W,4,0,False,True,False,Lindenwood,https://www.collegehockeynews.com/reports/team/Lindenwood/433,433,False,False,https://www.collegehockeynews.com/box/final/20251018/den/lin/,https://www.collegehockeynews.com/box/metrics.php?gd=110519,,college_hockey_news,https://www.collegehockeynews.com/schedules/team/Denver/20/20252026,NCHC,Independent
2025-26,Denver,2025-10-24,Fri,W,7,3,False,True,False,Boston College,https://www.collegehockeynews.com/reports/team/Boston-College/9,9,False,False,https://www.collegehockeynews.com/box/final/20251024/den/bc_/,https://www.collegehockeynews.com/box/metrics.php?gd=110520,,college_hockey_news,https://www.collegehockeynews.com/schedules/team/Denver/20/20252026,NCHC,Hockey East
2025-26,Denver,2025-10-25,Sat,L,0,1,False,True,False,Northeastern,https://www.collegehockeynews.com/reports/team/Northeastern/41,41,False,False,https://www.collegehockeynews.com/box/final/20251025/den/noe/,https://www.collegehockeynews.com/box/metrics.php?gd=110521,,college_hockey_news,https://www.collegehockeynews.com/schedules/team/Denver/20/20252026,NCHC,Hockey East
2025-26,Denver,2025-10-31,Fri,L,3,4,True,False,False,Alaska-Anchorage,https://www.collegehockeynews.com/reports/team/Alaska-Anchorage/3,3,False,True,https://www.collegehockeynews.com/box/final/20251031/aka/den/,https://www.collegehockeynews.com/box/metrics.php?gd=110522,,college_hockey_news,https://www.collegehockeynews.com/schedules/team/Denver/20/20252026,NCHC,Independent
2025-26,Denver,2025-11-01,Sat,W,6,0,True,False,False,Alaska-Anchorage,https://www.collegehockeynews.com/reports/team/Alaska-Anchorage/3,3,False,False,https://www.collegehockeynews.com/box/final/20251101/aka/den/,https://www.collegehockeynews.com/box/metrics.php?gd=110523,,college_hockey_news,https://www.collegehockeynews.com/schedules/team/Denver/20/20252026,NCHC,Independent
2025-26,Denver,2025-11-07,Fri,W,3,1,False,True,False,Western Michigan,https://www.collegehockeynews.com/reports/team/Western-Michigan/57,57,True,False,https://www.collegehockeynews.com/box/final/20251107/den/wmu/,https://www.collegehockeynews.com/box/metrics.php?gd=110524,,college_hockey_news,https://www.collegehockeynews.com/schedules/team/Denver/20/20252026,NCHC,NCHC
2025-26,Denver,2025-11-08,Sat,W,6,3,False,True,False,Western Michigan,https://www.collegehockeynews.com/reports/team/Western-Michigan/57,57,True,False,https://www.collegehockeynews.com/box/final/20251108/den/wmu/,https://www.collegehockeynews.com/box/metrics.php?gd=110525,,college_hockey_news,https://www.collegehockeynews.com/schedules/team/Denver/20/20252026,NCHC,NCHC
2025-26,Denver,2025-11-14,Fri,W,2,1,True,False,False,Colorado College,https://www.collegehockeynews.com/reports/team/Colorado-College/16,16,True,True,https://www.collegehockeynews.com/box/final/20251114/cc_/den/,https://www.collegehockeynews.com/box/metrics.php?gd=110503,,college_hockey_news,https://www.collegehockeynews.com/schedules/team/Denver/20/20252026,NCHC,NCHC
2025-26,Denver,2025-11-15,Sat,W,3,2,False,True,False,Colorado College,https://www.collegehockeynews.com/reports/team/Colorado-College/16,16,True,False,https://www.collegehockeynews.com/box/final/20251115/den/cc_/,https://www.collegehockeynews.com/box/metrics.php?gd=110504,,college_hockey_news,https://www.collegehockeynews.com/schedules/team/Denver/20/20252026,NCHC,NCHC
2025-26,Denver,2025-11-21,Fri,W,7,1,False,True,False,Arizona State,https://www.collegehockeynews.com/reports/team/Arizona-State/61,61,True,False,https://www.collegehockeynews.com/box/final/20251121/den/asu/,https://www.collegehockeynews.com/box/metrics.php?gd=110380,,college_hockey_news,https://www.collegehockeynews.com/schedules/team/Denver/20/20252026,NCHC,NCHC
2025-26,Denver,2025-11-22,Sat,L,2,3,False,True,False,Arizona State,https://www.collegehockeynews.com/reports/team/Arizona-State/61,61,True,True,https://www.collegehockeynews.com/box/final/20251122/den/asu/,https://www.collegehockeynews.com/box/metrics.php?gd=110381,,college_hockey_news,https://www.collegehockeynews.com/schedules/team/Denver/20/20252026,NCHC,NCHC
2025-26,Denver,2025-11-29,Sat,L,5,6,True,False,False,Minnesota,https://www.collegehockeynews.com/reports/team/Minnesota/34,34,False,True,https://www.collegehockeynews.com/box/final/20251129/min/den/,https://www.collegehockeynews.com/box/metrics.php?gd=110526,"U.S. Hockey Hall of Fame Game – Ball Arena, Denver, Colo.",college_hockey_news,https://www.collegehockeynews.com/schedules/team/Denver/20/20252026,NCHC,Big Ten
2025-26,Denver,2025-12-05,Fri,W,4,0,True,False,False,Miami,https://www.collegehockeynews.com/reports/team/Miami/30,30,True,False,https://www.collegehockeynews.com/box/final/20251205/mia/den/,https://www.collegehockeynews.com/box/metrics.php?gd=110527,,college_hockey_news,https://www.collegehockeynews.com/schedules/team/Denver/20/20252026,NCHC,NCHC
2025-26,Denver,2025-12-06,Sat,W,5,2,True,False,False,Miami,https://www.collegehockeynews.com/reports/team/Miami/30,30,True,False,https://www.collegehockeynews.com/box/final/20251206/mia/den/,https://www.collegehockeynews.com/box/metrics.php?gd=110528,,college_hockey_news,https://www.collegehockeynews.com/schedules/team/Denver/20/20252026,NCHC,NCHC
2025-26,Denver,2025-12-12,Fri,W,5,1,False,True,False,St. Cloud State,https://www.collegehockeynews.com/reports/team/St-Cloud-State/52,52,True,False,https://www.collegehockeynews.com/box/final/20251212/den/stc/,https://www.collegehockeynews.com/box/metrics.php?gd=110529,,college_hockey_news,https://www.collegehockeynews.com/schedules/team/Denver/20/20252026,NCHC,NCHC
2025-26,Denver,2025-12-13,Sat,L,3,4,False,True,False,St. Cloud State,https://www.collegehockeynews.com/reports/team/St-Cloud-State/52,52,True,False,https://www.collegehockeynews.com/box/final/20251213/den/stc/,https://www.collegehockeynews.com/box/metrics.php?gd=110530,,college_hockey_news,https://www.collegehockeynews.com/schedules/team/Denver/20/20252026,NCHC,NCHC
2025-26,Denver,2026-01-02,Fri,L,2,5,True,False,False,Maine,https://www.collegehockeynews.com/reports/team/Maine/25,25,False,False,https://www.collegehockeynews.com/box/final/20260102/mne/den/,https://www.collegehockeynews.com/box/metrics.php?gd=110531,,college_hockey_news,https://www.collegehockeynews.com/schedules/team/Denver/20/20252026,NCHC,Hockey East
2025-26,Denver,2026-01-03,Sat,T,3,3,True,False,False,Maine,https://www.collegehockeynews.com/reports/team/Maine/25,25,False,True,https://www.collegehockeynews.com/box/final/20260103/mne/den/,https://www.collegehockeynews.com/box/metrics.php?gd=110532,,college_hockey_news,https://www.collegehockeynews.com/schedules/team/Denver/20/20252026,NCHC,Hockey East
2025-26,Denver,2026-01-09,Fri,L,1,4,True,False,False,Western Michigan,https://www.collegehockeynews.com/reports/team/Western-Michigan/57,57,True,False,https://www.collegehockeynews.com/box/final/20260109/wmu/den/,https://www.collegehockeynews.com/box/metrics.php?gd=110533,,college_hockey_news,https://www.collegehockeynews.com/schedules/team/Denver/20/20252026,NCHC,NCHC
2025-26,Denver,2026-01-10,Sat,L,2,6,True,False,False,Western Michigan,https://www.collegehockeynews.com/reports/team/Western-Michigan/57,57,True,False,https://www.collegehockeynews.com/box/final/20260110/wmu/den/,https://www.collegehockeynews.com/box/metrics.php?gd=110534,,college_hockey_news,https://www.collegehockeynews.com/schedules/team/Denver/20/20252026,NCHC,NCHC
2025-26,Denver,2026-01-16,Fri,L,0,5,False,True,False,North Dakota,https://www.collegehockeynews.com/reports/team/North-Dakota/40,40,True,False,https://www.collegehockeynews.com/box/final/20260116/den/ndk/,https://www.collegehockeynews.com/box/metrics.php?gd=110427,,college_hockey_news,https://www.collegehockeynews.com/schedules/team/Denver/20/20252026,NCHC,NCHC
2025-26,Denver,2026-01-17,Sat,W,3,2,False,True,False,North Dakota,https://www.collegehockeynews.com/reports/team/North-Dakota/40,40,True,False,https://www.collegehockeynews.com/box/final/20260117/den/ndk/,https://www.collegehockeynews.com/box/metrics.php?gd=110428,,college_hockey_news,https://www.collegehockeynews.com/schedules/team/Denver/20/20252026,NCHC,NCHC
2025-26,Denver,2026-01-23,Fri,L,2,4,True,False,False,St. Cloud State,https://www.collegehockeynews.com/reports/team/St-Cloud-State/52,52,True,False,https://www.collegehockeynews.com/box/final/20260123/stc/den/,https://www.collegehockeynews.com/box/metrics.php?gd=110535,,college_hockey_news,https://www.collegehockeynews.com/schedules/team/Denver/20/20252026,NCHC,NCHC
2025-26,Denver,2026-01-24,Sat,W,6,0,True,False,False,St. Cloud State,https://www.collegehockeynews.com/reports/team/St-Cloud-State/52,52,True,False,https://www.collegehockeynews.com/box/final/20260124/stc/den/,https://www.collegehockeynews.com/box/metrics.php?gd=110536,,college_hockey_news,https://www.collegehockeynews.com/schedules/team/Denver/20/20252026,NCHC,NCHC
2025-26,Denver,2026-01-30,Fri,W,4,3,True,False,False,Minnesota-Duluth,https://www.collegehockeynews.com/reports/team/Minnesota-Duluth/36,36,True,False,https://www.collegehockeynews.com/box/final/20260130/mnd/den/,https://www.collegehockeynews.com/box/metrics.php?gd=110495,,college_hockey_news,https://www.collegehockeynews.com/schedules/team/Denver/20/20252026,NCHC,NCHC
2025-26,Denver,2026-01-31,Sat,W,1,0,True,False,False,Minnesota-Duluth,https://www.collegehockeynews.com/reports/team/Minnesota-Duluth/36,36,True,True,https://www.collegehockeynews.com/box/final/20260131/mnd/den/,https://www.collegehockeynews.com/box/metrics.php?gd=110496,,college_hockey_news,https://www.collegehockeynews.com/schedules/team/Denver/20/20252026,NCHC,NCHC
2025-26,Denver,2026-02-06,Fri,T-SOW,2,2,False,True,False,Colorado College,https://www.collegehockeynews.com/reports/team/Colorado-College/16,16,True,True,https://www.collegehockeynews.com/box/final/20260206/den/cc_/,https://www.collegehockeynews.com/box/metrics.php?gd=110509,,college_hockey_news,https://www.collegehockeynews.com/schedules/team/Denver/20/20252026,NCHC,NCHC
2025-26,Denver,2026-02-07,Sat,W,4,1,True,False,False,Colorado College,https://www.collegehockeynews.com/reports/team/Colorado-College/16,16,True,False,https://www.collegehockeynews.com/box/final/20260207/cc_/den/,https://www.collegehockeynews.com/box/metrics.php?gd=110510,,college_hockey_news,https://www.collegehockeynews.com/schedules/team/Denver/20/20252026,NCHC,NCHC
2025-26,Denver,2026-02-13,Fri,W,5,2,False,True,False,Omaha,https://www.collegehockeynews.com/reports/team/Omaha/37,37,True,False,https://www.collegehockeynews.com/box/final/20260213/den/uno/,https://www.collegehockeynews.com/box/metrics.php?gd=110537,,college_hockey_news,https://www.collegehockeynews.com/schedules/team/Denver/20/20252026,NCHC,NCHC
2025-26,Denver,2026-02-14,Sat,W,3,1,False,True,False,Omaha,https://www.collegehockeynews.com/reports/team/Omaha/37,37,True,False,https://www.collegehockeynews.com/box/final/20260214/den/uno/,https://www.collegehockeynews.com/box/metrics.php?gd=110538,,college_hockey_news,https://www.collegehockeynews.com/schedules/team/Denver/20/20252026,NCHC,NCHC
2025-26,Denver,2026-02-27,Fri,W,5,2,True,False,False,Arizona State,https://www.collegehockeynews.com/reports/team/Arizona-State/61,61,True,False,https://www.collegehockeynews.com/box/final/20260227/asu/den/,https://www.collegehockeynews.com/box/metrics.php?gd=110404,,college_hockey_news,https://www.collegehockeynews.com/schedules/team/Denver/20/20252026,NCHC,NCHC
2025-26,Denver,2026-02-28,Sat,W,4,1,True,False,False,Arizona State,https://www.collegehockeynews.com/reports/team/Arizona-State/61,61,True,False,https://www.collegehockeynews.com/box/final/20260228/asu/den/,https://www.collegehockeynews.com/box/metrics.php?gd=110405,,college_hockey_news,https://www.collegehockeynews.com/schedules/team/Denver/20/20252026,NCHC,NCHC
2025-26,Denver,2026-03-06,Fri,W,3,0,True,False,False,Miami,https://www.collegehockeynews.com/reports/team/Miami/30,30,False,False,https://www.collegehockeynews.com/box/final/20260306/mia/den/,https://www.collegehockeynews.com/box/metrics.php?gd=112954,NCHC Tournament NCHC Quarterfinal,college_hockey_news,https://www.collegehockeynews.com/schedules/team/Denver/20/20252026,NCHC,NCHC
2025-26,Denver,2026-03-07,Sat,W,6,2,True,False,False,Miami,https://www.collegehockeynews.com/reports/team/Miami/30,30,False,False,https://www.collegehockeynews.com/box/final/20260307/mia/den/,https://www.collegehockeynews.com/box/metrics.php?gd=112955,NCHC Tournament NCHC Quarterfinal,college_hockey_news,https://www.collegehockeynews.com/schedules/team/Denver/20/20252026,NCHC,NCHC
2025-26,Denver,2026-03-14,Sat,W,2,1,True,False,False,Western Michigan,https://www.collegehockeynews.com/reports/team/Western-Michigan/57,57,False,True,https://www.collegehockeynews.com/box/final/20260314/wmu/den/,https://www.collegehockeynews.com/box/metrics.php?gd=113005,NCHC Tournament NCHC Semifinal,college_hockey_news,https://www.collegehockeynews.com/schedules/team/Denver/20/20252026,NCHC,NCHC
2025-26,Denver,2026-03-21,Sat,W,4,3,True,False,False,Minnesota-Duluth,https://www.collegehockeynews.com/reports/team/Minnesota-Duluth/36,36,False,True,https://www.collegehockeynews.com/box/final/20260321/mnd/den/,https://www.collegehockeynews.com/box/metrics.php?gd=112937,NCHC Tournament NCHC Championship,college_hockey_news,https://www.collegehockeynews.com/schedules/team/Denver/20/20252026,NCHC,NCHC
2025-26,Denver,2026-03-27,Fri,W,5,0,False,False,True,Cornell,https://www.collegehockeynews.com/reports/team/Cornell/18,18,False,False,https://www.collegehockeynews.com/box/final/20260327/cor/den/,https://www.collegehockeynews.com/box/metrics.php?gd=112916,"NCAA Tournament Loveland Regional – Blue Arena, Loveland, Colo.",college_hockey_news,https://www.collegehockeynews.com/schedules/team/Denver/20/20252026,NCHC,ECAC
2025-26,Denver,2026-03-29,Sun,W,6,2,False,False,True,Western Michigan,https://www.collegehockeynews.com/reports/team/Western-Michigan/57,57,False,False,https://www.collegehockeynews.com/box/final/20260329/den/wmu/,https://www.collegehockeynews.com/box/metrics.php?gd=112917,"NCAA Tournament Loveland Regional Final – Blue Arena, Loveland, Colo.",college_hockey_news,https://www.collegehockeynews.com/schedules/team/Denver/20/20252026,NCHC,NCHC
2025-26,Denver,2026-04-09,Thu,W,4,3,False,False,True,Michigan,https://www.collegehockeynews.com/reports/team/Michigan/31,31,False,True,https://www.collegehockeynews.com/box/final/20260409/den/mic/,https://www.collegehockeynews.com/box/metrics.php?gd=112925,"NCAA Tournament National Semifinal – T-Mobile Arena, Paradise, Nev.",college_hockey_news,https://www.collegehockeynews.com/schedules/team/Denver/20/20252026,NCHC,Big Ten
2025-26,Denver,2026-04-11,Sat,W,2,1,False,False,True,Wisconsin,https://www.collegehockeynews.com/reports/team/Wisconsin/58,58,False,False,https://www.collegehockeynews.com/box/final/20260411/wis/den/,https://www.collegehockeynews.com/box/metrics.php?gd=112926,"NCAA Tournament National Championship – T-Mobile Arena, Paradise, Nev.",college_hockey_news,https://www.collegehockeynews.com/schedules/team/Denver/20/20252026,NCHC,Big Ten
2025-26,Miami,2025-10-03,Fri,W,6,4,True,False,False,Ferris State,https://www.collegehockeynews.com/reports/team/Ferris-State/21,21,False,False,https://www.collegehockeynews.com/box/final/20251003/fsu/mia/,https://www.collegehockeynews.com/box/metrics.php?gd=110572,,college_hockey_news,https://www.collegehockeynews.com/schedules/team/Miami/30/20252026,NCHC,CCHA
2025-26,Miami,2025-10-04,Sat,W,3,1,True,False,False,Ferris State,https://www.collegehockeynews.com/reports/team/Ferris-State/21,21,False,False,https://www.collegehockeynews.com/box/final/20251004/fsu/mia/,https://www.collegehockeynews.com/box/metrics.php?gd=110573,,college_hockey_news,https://www.collegehockeynews.com/schedules/team/Miami/30/20252026,NCHC,CCHA
2025-26,Miami,2025-10-10,Fri,W,5,3,False,True,False,RPI,https://www.collegehockeynews.com/reports/team/RPI/48,48,False,False,https://www.collegehockeynews.com/box/final/20251010/mia/ren/,https://www.collegehockeynews.com/box/metrics.php?gd=110574,,college_hockey_news,https://www.collegehockeynews.com/schedules/team/Miami/30/20252026,NCHC,ECAC
2025-26,Miami,2025-10-11,Sat,W,5,0,False,True,False,RPI,https://www.collegehockeynews.com/reports/team/RPI/48,48,False,False,https://www.collegehockeynews.com/box/final/20251011/mia/ren/,https://www.collegehockeynews.com/box/metrics.php?gd=110575,,college_hockey_news,https://www.collegehockeynews.com/schedules/team/Miami/30/20252026,NCHC,ECAC
2025-26,Miami,2025-10-24,Fri,W,5,4,False,True,False,Lindenwood,https://www.collegehockeynews.com/reports/team/Lindenwood/433,433,False,True,https://www.collegehockeynews.com/box/final/20251024/mia/lin/,https://www.collegehockeynews.com/box/metrics.php?gd=110576,,college_hockey_news,https://www.collegehockeynews.com/schedules/team/Miami/30/20252026,NCHC,Independent
2025-26,Miami,2025-10-25,Sat,W,5,4,False,True,False,Lindenwood,https://www.collegehockeynews.com/reports/team/Lindenwood/433,433,False,True,https://www.collegehockeynews.com/box/final/20251025/mia/lin/,https://www.collegehockeynews.com/box/metrics.php?gd=110577,,college_hockey_news,https://www.collegehockeynews.com/schedules/team/Miami/30/20252026,NCHC,Independent
2025-26,Miami,2025-10-31,Fri,L,1,4,True,False,False,Arizona State,https://www.collegehockeynews.com/reports/team/Arizona-State/61,61,True,False,https://www.collegehockeynews.com/box/final/20251031/asu/mia/,https://www.collegehockeynews.com/box/metrics.php?gd=110374,,college_hockey_news,https://www.collegehockeynews.com/schedules/team/Miami/30/20252026,NCHC,NCHC
2025-26,Miami,2025-11-01,Sat,W,5,2,True,False,False,Arizona State,https://www.collegehockeynews.com/reports/team/Arizona-State/61,61,True,False,https://www.collegehockeynews.com/box/final/20251101/asu/mia/,https://www.collegehockeynews.com/box/metrics.php?gd=110375,,college_hockey_news,https://www.collegehockeynews.com/schedules/team/Miami/30/20252026,NCHC,NCHC
2025-26,Miami,2025-11-14,Fri,L,2,5,False,True,False,Western Michigan,https://www.collegehockeynews.com/reports/team/Western-Michigan/57,57,True,False,https://www.collegehockeynews.com/box/final/20251114/mia/wmu/,https://www.collegehockeynews.com/box/metrics.php?gd=110578,,college_hockey_news,https://www.collegehockeynews.com/schedules/team/Miami/30/20252026,NCHC,NCHC
2025-26,Miami,2025-11-15,Sat,L,2,6,False,True,False,Western Michigan,https://www.collegehockeynews.com/reports/team/Western-Michigan/57,57,True,False,https://www.collegehockeynews.com/box/final/20251115/mia/wmu/,https://www.collegehockeynews.com/box/metrics.php?gd=110579,,college_hockey_news,https://www.collegehockeynews.com/schedules/team/Miami/30/20252026,NCHC,NCHC
2025-26,Miami,2025-11-21,Fri,W,6,5,True,False,False,St. Cloud State,https://www.collegehockeynews.com/reports/team/St-Cloud-State/52,52,True,True,https://www.collegehockeynews.com/box/final/20251121/stc/mia/,https://www.collegehockeynews.com/box/metrics.php?gd=110580,,college_hockey_news,https://www.collegehockeynews.com/schedules/team/Miami/30/20252026,NCHC,NCHC
2025-26,Miami,2025-11-22,Sat,L,2,4,True,False,False,St. Cloud State,https://www.collegehockeynews.com/reports/team/St-Cloud-State/52,52,True,False,https://www.collegehockeynews.com/box/final/20251122/stc/mia/,https://www.collegehockeynews.com/box/metrics.php?gd=110581,,college_hockey_news,https://www.collegehockeynews.com/schedules/team/Miami/30/20252026,NCHC,NCHC
2025-26,Miami,2025-11-28,Fri,W,4,0,False,False,True,RIT,https://www.collegehockeynews.com/reports/team/RIT/49,49,False,False,https://www.collegehockeynews.com/box/final/20251128/mia/rit/,https://www.collegehockeynews.com/box/metrics.php?gd=110582,"Friendship Four – SSE Arena, Belfast, N. Ireland",college_hockey_news,https://www.collegehockeynews.com/schedules/team/Miami/30/20252026,NCHC,Atlantic Hockey
2025-26,Miami,2025-11-29,Sat,W,3,2,False,False,True,Union,https://www.collegehockeynews.com/reports/team/Union/54,54,False,False,https://www.collegehockeynews.com/box/final/20251129/uni/mia/,https://www.collegehockeynews.com/box/metrics.php?gd=111248,"Friendship Four – SSE Arena, Belfast, N. Ireland",college_hockey_news,https://www.collegehockeynews.com/schedules/team/Miami/30/20252026,NCHC,ECAC
2025-26,Miami,2025-12-05,Fri,L,0,4,False,True,False,Denver,https://www.collegehockeynews.com/reports/team/Denver/20,20,True,False,https://www.collegehockeynews.com/box/final/20251205/mia/den/,https://www.collegehockeynews.com/box/metrics.php?gd=110527,,college_hockey_news,https://www.collegehockeynews.com/schedules/team/Miami/30/20252026,NCHC,NCHC
2025-26,Miami,2025-12-06,Sat,L,2,5,False,True,False,Denver,https://www.collegehockeynews.com/reports/team/Denver/20,20,True,False,https://www.collegehockeynews.com/box/final/20251206/mia/den/,https://www.collegehockeynews.com/box/metrics.php?gd=110528,,college_hockey_news,https://www.collegehockeynews.com/schedules/team/Miami/30/20252026,NCHC,NCHC
2025-26,Miami,2025-12-12,Fri,T-SOW,4,4,True,False,False,Colorado College,https://www.collegehockeynews.com/reports/team/Colorado-College/16,16,True,True,https://www.collegehockeynews.com/box/final/20251212/cc_/mia/,https://www.collegehockeynews.com/box/metrics.php?gd=110505,,college_hockey_news,https://www.collegehockeynews.com/schedules/team/Miami/30/20252026,NCHC,NCHC
2025-26,Miami,2025-12-13,Sat,T-SOL,3,3,True,False,False,Colorado College,https://www.collegehockeynews.com/reports/team/Colorado-College/16,16,True,True,https://www.collegehockeynews.com/box/final/20251213/cc_/mia/,https://www.collegehockeynews.com/box/metrics.php?gd=110506,,college_hockey_news,https://www.collegehockeynews.com/schedules/team/Miami/30/20252026,NCHC,NCHC
2025-26,Miami,2025-12-28,Sun,L,2,5,False,False,True,Michigan Tech,https://www.collegehockeynews.com/reports/team/Michigan-Tech/33,33,False,False,https://www.collegehockeynews.com/box/final/20251228/mia/mtu/,https://www.collegehockeynews.com/box/metrics.php?gd=110584,"Great Lakes Invitational – Van Andel Arena, Grand Rapids, Mich.",college_hockey_news,https://www.collegehockeynews.com/schedules/team/Miami/30/20252026,NCHC,CCHA
2025-26,Miami,2025-12-29,Mon,W,4,2,False,False,True,Ferris State,https://www.collegehockeynews.com/reports/team/Ferris-State/21,21,False,False,https://www.collegehockeynews.com/box/final/20251229/mia/fsu/,https://www.collegehockeynews.com/box/metrics.php?gd=111251,"Great Lakes Invitational – Van Andel Arena, Grand Rapids, Mich.",college_hockey_news,https://www.collegehockeynews.com/schedules/team/Miami/30/20252026,NCHC,CCHA
2025-26,Miami,2026-01-09,Fri,W,2,1,False,True,False,Arizona State,https://www.collegehockeynews.com/reports/team/Arizona-State/61,61,True,True,https://www.collegehockeynews.com/box/final/20260109/mia/asu/,https://www.collegehockeynews.com/box/metrics.php?gd=110392,,college_hockey_news,https://www.collegehockeynews.com/schedules/team/Miami/30/20252026,NCHC,NCHC
2025-26,Miami,2026-01-10,Sat,L,0,1,False,True,False,Arizona State,https://www.collegehockeynews.com/reports/team/Arizona-State/61,61,True,False,https://www.collegehockeynews.com/box/final/20260110/mia/asu/,https://www.collegehockeynews.com/box/metrics.php?gd=110393,,college_hockey_news,https://www.collegehockeynews.com/schedules/team/Miami/30/20252026,NCHC,NCHC
2025-26,Miami,2026-01-16,Fri,W,3,0,True,False,False,Omaha,https://www.collegehockeynews.com/reports/team/Omaha/37,37,True,False,https://www.collegehockeynews.com/box/final/20260116/uno/mia/,https://www.collegehockeynews.com/box/metrics.php?gd=110586,,college_hockey_news,https://www.collegehockeynews.com/schedules/team/Miami/30/20252026,NCHC,NCHC
2025-26,Miami,2026-01-17,Sat,W,6,2,True,False,False,Omaha,https://www.collegehockeynews.com/reports/team/Omaha/37,37,True,False,https://www.collegehockeynews.com/box/final/20260117/uno/mia/,https://www.collegehockeynews.com/box/metrics.php?gd=110587,,college_hockey_news,https://www.collegehockeynews.com/schedules/team/Miami/30/20252026,NCHC,NCHC
2025-26,Miami,2026-01-30,Fri,W,2,1,False,True,False,St. Cloud State,https://www.collegehockeynews.com/reports/team/St-Cloud-State/52,52,True,False,https://www.collegehockeynews.com/box/final/20260130/mia/stc/,https://www.collegehockeynews.com/box/metrics.php?gd=110588,,college_hockey_news,https://www.collegehockeynews.com/schedules/team/Miami/30/20252026,NCHC,NCHC
2025-26,Miami,2026-01-31,Sat,W,3,1,False,True,False,St. Cloud State,https://www.collegehockeynews.com/reports/team/St-Cloud-State/52,52,True,False,https://www.collegehockeynews.com/box/final/20260131/mia/stc/,https://www.collegehockeynews.com/box/metrics.php?gd=110589,,college_hockey_news,https://www.collegehockeynews.com/schedules/team/Miami/30/20252026,NCHC,NCHC
2025-26,Miami,2026-02-06,Fri,W,3,2,True,False,False,Western Michigan,https://www.collegehockeynews.com/reports/team/Western-Michigan/57,57,True,True,https://www.collegehockeynews.com/box/final/20260206/wmu/mia/,https://www.collegehockeynews.com/box/metrics.php?gd=110590,,college_hockey_news,https://www.collegehockeynews.com/schedules/team/Miami/30/20252026,NCHC,NCHC
2025-26,Miami,2026-02-07,Sat,L,1,3,True,False,False,Western Michigan,https://www.collegehockeynews.com/reports/team/Western-Michigan/57,57,True,False,https://www.collegehockeynews.com/box/final/20260207/wmu/mia/,https://www.collegehockeynews.com/box/metrics.php?gd=110591,,college_hockey_news,https://www.collegehockeynews.com/schedules/team/Miami/30/20252026,NCHC,NCHC
2025-26,Miami,2026-02-13,Fri,L,0,1,False,True,False,North Dakota,https://www.collegehockeynews.com/reports/team/North-Dakota/40,40,True,False,https://www.collegehockeynews.com/box/final/20260213/mia/ndk/,https://www.collegehockeynews.com/box/metrics.php?gd=110431,,college_hockey_news,https://www.collegehockeynews.com/schedules/team/Miami/30/20252026,NCHC,NCHC
2025-26,Miami,2026-02-14,Sat,L,3,4,False,True,False,North Dakota,https://www.collegehockeynews.com/reports/team/North-Dakota/40,40,True,True,https://www.collegehockeynews.com/box/final/20260214/mia/ndk/,https://www.collegehockeynews.com/box/metrics.php?gd=110432,,college_hockey_news,https://www.collegehockeynews.com/schedules/team/Miami/30/20252026,NCHC,NCHC
2025-26,Miami,2026-02-20,Fri,L,2,5,True,False,False,Minnesota-Duluth,https://www.collegehockeynews.com/reports/team/Minnesota-Duluth/36,36,True,False,https://www.collegehockeynews.com/box/final/20260220/mnd/mia/,https://www.collegehockeynews.com/box/metrics.php?gd=110497,,college_hockey_news,https://www.collegehockeynews.com/schedules/team/Miami/30/20252026,NCHC,NCHC
2025-26,Miami,2026-02-21,Sat,L,1,4,True,False,False,Minnesota-Duluth,https://www.collegehockeynews.com/reports/team/Minnesota-Duluth/36,36,True,False,https://www.collegehockeynews.com/box/final/20260221/mnd/mia/,https://www.collegehockeynews.com/box/metrics.php?gd=110498,,college_hockey_news,https://www.collegehockeynews.com/schedules/team/Miami/30/20252026,NCHC,NCHC
2025-26,Miami,2026-02-27,Fri,L,3,5,False,True,False,Omaha,https://www.collegehockeynews.com/reports/team/Omaha/37,37,True,False,https://www.collegehockeynews.com/box/final/20260227/mia/uno/,https://www.collegehockeynews.com/box/metrics.php?gd=110592,,college_hockey_news,https://www.collegehockeynews.com/schedules/team/Miami/30/20252026,NCHC,NCHC
2025-26,Miami,2026-02-28,Sat,W,4,2,False,True,False,Omaha,https://www.collegehockeynews.com/reports/team/Omaha/37,37,True,False,https://www.collegehockeynews.com/box/final/20260228/mia/uno/,https://www.collegehockeynews.com/box/metrics.php?gd=110593,,college_hockey_news,https://www.collegehockeynews.com/schedules/team/Miami/30/20252026,NCHC,NCHC
2025-26,Miami,2026-03-06,Fri,L,0,3,False,True,False,Denver,https://www.collegehockeynews.com/reports/team/Denver/20,20,False,False,https://www.collegehockeynews.com/box/final/20260306/mia/den/,https://www.collegehockeynews.com/box/metrics.php?gd=112954,"NCHC Tournament NCHC Quarterfinal – Magness Arena, Denver, Colo.",college_hockey_news,https://www.collegehockeynews.com/schedules/team/Miami/30/20252026,NCHC,NCHC
2025-26,Miami,2026-03-07,Sat,L,2,6,False,True,False,Denver,https://www.collegehockeynews.com/reports/team/Denver/20,20,False,False,https://www.collegehockeynews.com/box/final/20260307/mia/den/,https://www.collegehockeynews.com/box/metrics.php?gd=112955,"NCHC Tournament NCHC Quarterfinal – Magness Arena, Denver, Colo.",college_hockey_news,https://www.collegehockeynews.com/schedules/team/Miami/30/20252026,NCHC,NCHC
2025-26,Minnesota-Duluth,2025-10-03,Fri,W,5,1,False,True,False,Alaska,https://www.collegehockeynews.com/reports/team/Alaska/4,4,False,False,https://www.collegehockeynews.com/box/final/20251003/mnd/akf/,https://www.collegehockeynews.com/box/metrics.php?gd=110473,,college_hockey_news,https://www.collegehockeynews.com/schedules/team/Minnesota-Duluth/36/20252026,NCHC,Independent
2025-26,Minnesota-Duluth,2025-10-04,Sat,W,4,1,False,True,False,Alaska,https://www.collegehockeynews.com/reports/team/Alaska/4,4,False,False,https://www.collegehockeynews.com/box/final/20251004/mnd/akf/,https://www.collegehockeynews.com/box/metrics.php?gd=110474,,college_hockey_news,https://www.collegehockeynews.com/schedules/team/Minnesota-Duluth/36/20252026,NCHC,Independent
2025-26,Minnesota-Duluth,2025-10-10,Fri,W,4,1,True,False,False,Augustana,https://www.collegehockeynews.com/reports/team/Augustana/64,64,False,False,https://www.collegehockeynews.com/box/final/20251010/aug/mnd/,https://www.collegehockeynews.com/box/metrics.php?gd=110475,,college_hockey_news,https://www.collegehockeynews.com/schedules/team/Minnesota-Duluth/36/20252026,NCHC,CCHA
2025-26,Minnesota-Duluth,2025-10-11,Sat,L,0,4,True,False,False,Augustana,https://www.collegehockeynews.com/reports/team/Augustana/64,64,False,False,https://www.collegehockeynews.com/box/final/20251011/aug/mnd/,https://www.collegehockeynews.com/box/metrics.php?gd=110476,,college_hockey_news,https://www.collegehockeynews.com/schedules/team/Minnesota-Duluth/36/20252026,NCHC,CCHA
2025-26,Minnesota-Duluth,2025-10-17,Fri,W,7,3,False,True,False,Bemidji State,https://www.collegehockeynews.com/reports/team/Bemidji-State/7,7,False,False,https://www.collegehockeynews.com/box/final/20251017/mnd/bmj/,https://www.collegehockeynews.com/box/metrics.php?gd=110477,,college_hockey_news,https://www.collegehockeynews.com/schedules/team/Minnesota-Duluth/36/20252026,NCHC,CCHA
2025-26,Minnesota-Duluth,2025-10-18,Sat,W,5,1,True,False,False,Bemidji State,https://www.collegehockeynews.com/reports/team/Bemidji-State/7,7,False,False,https://www.collegehockeynews.com/box/final/20251018/bmj/mnd/,https://www.collegehockeynews.com/box/metrics.php?gd=110478,,college_hockey_news,https://www.collegehockeynews.com/schedules/team/Minnesota-Duluth/36/20252026,NCHC,CCHA
2025-26,Minnesota-Duluth,2025-10-24,Fri,W,3,0,False,True,False,Minnesota,https://www.collegehockeynews.com/reports/team/Minnesota/34,34,False,False,https://www.collegehockeynews.com/box/final/20251024/mnd/min/,https://www.collegehockeynews.com/box/metrics.php?gd=110479,,college_hockey_news,https://www.collegehockeynews.com/schedules/team/Minnesota-Duluth/36/20252026,NCHC,Big Ten
2025-26,Minnesota-Duluth,2025-10-25,Sat,W,4,1,False,True,False,Minnesota,https://www.collegehockeynews.com/reports/team/Minnesota/34,34,False,False,https://www.collegehockeynews.com/box/final/20251025/mnd/min/,https://www.collegehockeynews.com/box/metrics.php?gd=110480,,college_hockey_news,https://www.collegehockeynews.com/schedules/team/Minnesota-Duluth/36/20252026,NCHC,Big Ten
2025-26,Minnesota-Duluth,2025-10-31,Fri,W,4,3,False,True,False,North Dakota,https://www.collegehockeynews.com/reports/team/North-Dakota/40,40,True,True,https://www.collegehockeynews.com/box/final/20251031/mnd/ndk/,https://www.collegehockeynews.com/box/metrics.php?gd=110412,,college_hockey_news,https://www.collegehockeynews.com/schedules/team/Minnesota-Duluth/36/20252026,NCHC,NCHC
2025-26,Minnesota-Duluth,2025-11-01,Sat,L,1,5,False,True,False,North Dakota,https://www.collegehockeynews.com/reports/team/North-Dakota/40,40,True,False,https://www.collegehockeynews.com/box/final/20251101/mnd/ndk/,https://www.collegehockeynews.com/box/metrics.php?gd=110413,,college_hockey_news,https://www.collegehockeynews.com/schedules/team/Minnesota-Duluth/36/20252026,NCHC,NCHC
2025-26,Minnesota-Duluth,2025-11-07,Fri,W,4,0,True,False,False,St. Cloud State,https://www.collegehockeynews.com/reports/team/St-Cloud-State/52,52,True,False,https://www.collegehockeynews.com/box/final/20251107/stc/mnd/,https://www.collegehockeynews.com/box/metrics.php?gd=110481,,college_hockey_news,https://www.collegehockeynews.com/schedules/team/Minnesota-Duluth/36/20252026,NCHC,NCHC
2025-26,Minnesota-Duluth,2025-11-08,Sat,W,3,2,True,False,False,St. Cloud State,https://www.collegehockeynews.com/reports/team/St-Cloud-State/52,52,True,True,https://www.collegehockeynews.com/box/final/20251108/stc/mnd/,https://www.collegehockeynews.com/box/metrics.php?gd=110482,,college_hockey_news,https://www.collegehockeynews.com/schedules/team/Minnesota-Duluth/36/20252026,NCHC,NCHC
2025-26,Minnesota-Duluth,2025-11-14,Fri,W,5,2,True,False,False,Omaha,https://www.collegehockeynews.com/reports/team/Omaha/37,37,True,False,https://www.collegehockeynews.com/box/final/20251114/uno/mnd/,https://www.collegehockeynews.com/box/metrics.php?gd=110483,,college_hockey_news,https://www.collegehockeynews.com/schedules/team/Minnesota-Duluth/36/20252026,NCHC,NCHC
2025-26,Minnesota-Duluth,2025-11-15,Sat,L,0,2,True,False,False,Omaha,https://www.collegehockeynews.com/reports/team/Omaha/37,37,True,False,https://www.collegehockeynews.com/box/final/20251115/uno/mnd/,https://www.collegehockeynews.com/box/metrics.php?gd=110484,,college_hockey_news,https://www.collegehockeynews.com/schedules/team/Minnesota-Duluth/36/20252026,NCHC,NCHC
2025-26,Minnesota-Duluth,2025-11-21,Fri,W,4,2,False,True,False,Colorado College,https://www.collegehockeynews.com/reports/team/Colorado-College/16,16,True,False,https://www.collegehockeynews.com/box/final/20251121/mnd/cc_/,https://www.collegehockeynews.com/box/metrics.php?gd=110485,,college_hockey_news,https://www.collegehockeynews.com/schedules/team/Minnesota-Duluth/36/20252026,NCHC,NCHC
2025-26,Minnesota-Duluth,2025-11-22,Sat,L,1,2,False,True,False,Colorado College,https://www.collegehockeynews.com/reports/team/Colorado-College/16,16,True,True,https://www.collegehockeynews.com/box/final/20251122/mnd/cc_/,https://www.collegehockeynews.com/box/metrics.php?gd=110486,,college_hockey_news,https://www.collegehockeynews.com/schedules/team/Minnesota-Duluth/36/20252026,NCHC,NCHC
2025-26,Minnesota-Duluth,2025-12-05,Fri,W,4,1,False,True,False,Western Michigan,https://www.collegehockeynews.com/reports/team/Western-Michigan/57,57,True,False,https://www.collegehockeynews.com/box/final/20251205/mnd/wmu/,https://www.collegehockeynews.com/box/metrics.php?gd=110487,,college_hockey_news,https://www.collegehockeynews.com/schedules/team/Minnesota-Duluth/36/20252026,NCHC,NCHC
2025-26,Minnesota-Duluth,2025-12-06,Sat,L,2,3,False,True,False,Western Michigan,https://www.collegehockeynews.com/reports/team/Western-Michigan/57,57,True,True,https://www.collegehockeynews.com/box/final/20251206/mnd/wmu/,https://www.collegehockeynews.com/box/metrics.php?gd=110488,,college_hockey_news,https://www.collegehockeynews.com/schedules/team/Minnesota-Duluth/36/20252026,NCHC,NCHC
2025-26,Minnesota-Duluth,2025-12-12,Fri,W,3,1,True,False,False,Arizona State,https://www.collegehockeynews.com/reports/team/Arizona-State/61,61,True,False,https://www.collegehockeynews.com/box/final/20251212/asu/mnd/,https://www.collegehockeynews.com/box/metrics.php?gd=110384,,college_hockey_news,https://www.collegehockeynews.com/schedules/team/Minnesota-Duluth/36/20252026,NCHC,NCHC
2025-26,Minnesota-Duluth,2025-12-13,Sat,L,3,6,True,False,False,Arizona State,https://www.collegehockeynews.com/reports/team/Arizona-State/61,61,True,False,https://www.collegehockeynews.com/box/final/20251213/asu/mnd/,https://www.collegehockeynews.com/box/metrics.php?gd=110385,,college_hockey_news,https://www.collegehockeynews.com/schedules/team/Minnesota-Duluth/36/20252026,NCHC,NCHC
2025-26,Minnesota-Duluth,2026-01-09,Fri,W,6,3,True,False,False,Lindenwood,https://www.collegehockeynews.com/reports/team/Lindenwood/433,433,False,False,https://www.collegehockeynews.com/box/final/20260109/lin/mnd/,https://www.collegehockeynews.com/box/metrics.php?gd=110489,,college_hockey_news,https://www.collegehockeynews.com/schedules/team/Minnesota-Duluth/36/20252026,NCHC,Independent
2025-26,Minnesota-Duluth,2026-01-10,Sat,W,8,4,True,False,False,Lindenwood,https://www.collegehockeynews.com/reports/team/Lindenwood/433,433,False,False,https://www.collegehockeynews.com/box/final/20260110/lin/mnd/,https://www.collegehockeynews.com/box/metrics.php?gd=110490,,college_hockey_news,https://www.collegehockeynews.com/schedules/team/Minnesota-Duluth/36/20252026,NCHC,Independent
2025-26,Minnesota-Duluth,2026-01-16,Fri,L,0,6,False,True,False,St. Cloud State,https://www.collegehockeynews.com/reports/team/St-Cloud-State/52,52,True,False,https://www.collegehockeynews.com/box/final/20260116/mnd/stc/,https://www.collegehockeynews.com/box/metrics.php?gd=110491,,college_hockey_news,https://www.collegehockeynews.com/schedules/team/Minnesota-Duluth/36/20252026,NCHC,NCHC
2025-26,Minnesota-Duluth,2026-01-17,Sat,W,5,3,False,True,False,St. Cloud State,https://www.collegehockeynews.com/reports/team/St-Cloud-State/52,52,True,False,https://www.collegehockeynews.com/box/final/20260117/mnd/stc/,https://www.collegehockeynews.com/box/metrics.php?gd=110492,,college_hockey_news,https://www.collegehockeynews.com/schedules/team/Minnesota-Duluth/36/20252026,NCHC,NCHC
2025-26,Minnesota-Duluth,2026-01-23,Fri,L,3,4,True,False,False,Western Michigan,https://www.collegehockeynews.com/reports/team/Western-Michigan/57,57,True,False,https://www.collegehockeynews.com/box/final/20260123/wmu/mnd/,https://www.collegehockeynews.com/box/metrics.php?gd=110493,,college_hockey_news,https://www.collegehockeynews.com/schedules/team/Minnesota-Duluth/36/20252026,NCHC,NCHC
2025-26,Minnesota-Duluth,2026-01-24,Sat,L,3,4,True,False,False,Western Michigan,https://www.collegehockeynews.com/reports/team/Western-Michigan/57,57,True,True,https://www.collegehockeynews.com/box/final/20260124/wmu/mnd/,https://www.collegehockeynews.com/box/metrics.php?gd=110494,,college_hockey_news,https://www.collegehockeynews.com/schedules/team/Minnesota-Duluth/36/20252026,NCHC,NCHC
2025-26,Minnesota-Duluth,2026-01-30,Fri,L,3,4,False,True,False,Denver,https://www.collegehockeynews.com/reports/team/Denver/20,20,True,False,https://www.collegehockeynews.com/box/final/20260130/mnd/den/,https://www.collegehockeynews.com/box/metrics.php?gd=110495,,college_hockey_news,https://www.collegehockeynews.com/schedules/team/Minnesota-Duluth/36/20252026,NCHC,NCHC
2025-26,Minnesota-Duluth,2026-01-31,Sat,L,0,1,False,True,False,Denver,https://www.collegehockeynews.com/reports/team/Denver/20,20,True,True,https://www.collegehockeynews.com/box/final/20260131/mnd/den/,https://www.collegehockeynews.com/box/metrics.php?gd=110496,,college_hockey_news,https://www.collegehockeynews.com/schedules/team/Minnesota-Duluth/36/20252026,NCHC,NCHC
2025-26,Minnesota-Duluth,2026-02-06,Fri,W,3,2,True,False,False,North Dakota,https://www.collegehockeynews.com/reports/team/North-Dakota/40,40,True,True,https://www.collegehockeynews.com/box/final/20260206/ndk/mnd/,https://www.collegehockeynews.com/box/metrics.php?gd=110429,,college_hockey_news,https://www.collegehockeynews.com/schedules/team/Minnesota-Duluth/36/20252026,NCHC,NCHC
2025-26,Minnesota-Duluth,2026-02-07,Sat,L,1,4,True,False,False,North Dakota,https://www.collegehockeynews.com/reports/team/North-Dakota/40,40,True,False,https://www.collegehockeynews.com/box/final/20260207/ndk/mnd/,https://www.collegehockeynews.com/box/metrics.php?gd=110430,,college_hockey_news,https://www.collegehockeynews.com/schedules/team/Minnesota-Duluth/36/20252026,NCHC,NCHC
2025-26,Minnesota-Duluth,2026-02-20,Fri,W,5,2,False,True,False,Miami,https://www.collegehockeynews.com/reports/team/Miami/30,30,True,False,https://www.collegehockeynews.com/box/final/20260220/mnd/mia/,https://www.collegehockeynews.com/box/metrics.php?gd=110497,,college_hockey_news,https://www.collegehockeynews.com/schedules/team/Minnesota-Duluth/36/20252026,NCHC,NCHC
2025-26,Minnesota-Duluth,2026-02-21,Sat,W,4,1,False,True,False,Miami,https://www.collegehockeynews.com/reports/team/Miami/30,30,True,False,https://www.collegehockeynews.com/box/final/20260221/mnd/mia/,https://www.collegehockeynews.com/box/metrics.php?gd=110498,,college_hockey_news,https://www.collegehockeynews.com/schedules/team/Minnesota-Duluth/36/20252026,NCHC,NCHC
2025-26,Minnesota-Duluth,2026-02-27,Fri,L,1,4,True,False,False,Colorado College,https://www.collegehockeynews.com/reports/team/Colorado-College/16,16,True,False,https://www.collegehockeynews.com/box/final/20260227/cc_/mnd/,https://www.collegehockeynews.com/box/metrics.php?gd=110499,,college_hockey_news,https://www.collegehockeynews.com/schedules/team/Minnesota-Duluth/36/20252026,NCHC,NCHC
2025-26,Minnesota-Duluth,2026-02-28,Sat,T-SOW,2,2,True,False,False,Colorado College,https://www.collegehockeynews.com/reports/team/Colorado-College/16,16,True,True,https://www.collegehockeynews.com/box/final/20260228/cc_/mnd/,https://www.collegehockeynews.com/box/metrics.php?gd=110500,,college_hockey_news,https://www.collegehockeynews.com/schedules/team/Minnesota-Duluth/36/20252026,NCHC,NCHC
2025-26,Minnesota-Duluth,2026-03-06,Fri,W,4,3,True,False,False,St. Cloud State,https://www.collegehockeynews.com/reports/team/St-Cloud-State/52,52,False,True,https://www.collegehockeynews.com/box/final/20260306/stc/mnd/,https://www.collegehockeynews.com/box/metrics.php?gd=112958,NCHC Tournament NCHC Quarterfinal,college_hockey_news,https://www.collegehockeynews.com/schedules/team/Minnesota-Duluth/36/20252026,NCHC,NCHC
2025-26,Minnesota-Duluth,2026-03-07,Sat,W,2,1,True,False,False,St. Cloud State,https://www.collegehockeynews.com/reports/team/St-Cloud-State/52,52,False,True,https://www.collegehockeynews.com/box/final/20260307/stc/mnd/,https://www.collegehockeynews.com/box/metrics.php?gd=112959,NCHC Tournament NCHC Quarterfinal,college_hockey_news,https://www.collegehockeynews.com/schedules/team/Minnesota-Duluth/36/20252026,NCHC,NCHC
2025-26,Minnesota-Duluth,2026-03-14,Sat,W,5,1,False,True,False,North Dakota,https://www.collegehockeynews.com/reports/team/North-Dakota/40,40,False,False,https://www.collegehockeynews.com/box/final/20260314/mnd/ndk/,https://www.collegehockeynews.com/box/metrics.php?gd=113004,"NCHC Tournament NCHC Semifinal – Ralph Engelstad Arena, Grand Forks, N.D.",college_hockey_news,https://www.collegehockeynews.com/schedules/team/Minnesota-Duluth/36/20252026,NCHC,NCHC
2025-26,Minnesota-Duluth,2026-03-21,Sat,L,3,4,False,True,False,Denver,https://www.collegehockeynews.com/reports/team/Denver/20,20,False,True,https://www.collegehockeynews.com/box/final/20260321/mnd/den/,https://www.collegehockeynews.com/box/metrics.php?gd=112937,"NCHC Tournament NCHC Championship – Magness Arena, Denver, Colo.",college_hockey_news,https://www.collegehockeynews.com/schedules/team/Minnesota-Duluth/36/20252026,NCHC,NCHC
2025-26,Minnesota-Duluth,2026-03-27,Fri,W,3,1,False,False,True,Penn State,https://www.collegehockeynews.com/reports/team/Penn-State/60,60,False,False,https://www.collegehockeynews.com/box/final/20260327/psu/mnd/,https://www.collegehockeynews.com/box/metrics.php?gd=112913,"NCAA Tournament Albany Regional – MVP Arena, Albany, N.Y.",college_hockey_news,https://www.collegehockeynews.com/schedules/team/Minnesota-Duluth/36/20252026,NCHC,Big Ten
2025-26,Minnesota-Duluth,2026-03-29,Sun,L,3,4,False,False,True,Michigan,https://www.collegehockeynews.com/reports/team/Michigan/31,31,False,False,https://www.collegehockeynews.com/box/final/20260329/mnd/mic/,https://www.collegehockeynews.com/box/metrics.php?gd=112914,"NCAA Tournament Albany Regional Final – MVP Arena, Albany, N.Y.",college_hockey_news,https://www.collegehockeynews.com/schedules/team/Minnesota-Duluth/36/20252026,NCHC,Big Ten
2025-26,North Dakota,2025-10-10,Fri,W,6,2,True,False,False,St. Thomas,https://www.collegehockeynews.com/reports/team/St-Thomas/63,63,False,False,https://www.collegehockeynews.com/box/final/20251010/stt/ndk/,https://www.collegehockeynews.com/box/metrics.php?gd=110407,,college_hockey_news,https://www.collegehockeynews.com/schedules/team/North-Dakota/40/20252026,NCHC,CCHA
2025-26,North Dakota,2025-10-12,Sun,W,5,2,False,True,False,St. Thomas,https://www.collegehockeynews.com/reports/team/St-Thomas/63,63,False,False,https://www.collegehockeynews.com/box/final/20251012/ndk/stt/,https://www.collegehockeynews.com/box/metrics.php?gd=110647,,college_hockey_news,https://www.collegehockeynews.com/schedules/team/North-Dakota/40/20252026,NCHC,CCHA
2025-26,North Dakota,2025-10-17,Fri,W,5,2,True,False,False,Minnesota,https://www.collegehockeynews.com/reports/team/Minnesota/34,34,False,False,https://www.collegehockeynews.com/box/final/20251017/min/ndk/,https://www.collegehockeynews.com/box/metrics.php?gd=110408,,college_hockey_news,https://www.collegehockeynews.com/schedules/team/North-Dakota/40/20252026,NCHC,Big Ten
2025-26,North Dakota,2025-10-18,Sat,L,1,5,True,False,False,Minnesota,https://www.collegehockeynews.com/reports/team/Minnesota/34,34,False,False,https://www.collegehockeynews.com/box/final/20251018/min/ndk/,https://www.collegehockeynews.com/box/metrics.php?gd=110409,,college_hockey_news,https://www.collegehockeynews.com/schedules/team/North-Dakota/40/20252026,NCHC,Big Ten
2025-26,North Dakota,2025-10-24,Fri,L,2,5,False,True,False,Clarkson,https://www.collegehockeynews.com/reports/team/Clarkson/14,14,False,False,https://www.collegehockeynews.com/box/final/20251024/ndk/clk/,https://www.collegehockeynews.com/box/metrics.php?gd=110410,,college_hockey_news,https://www.collegehockeynews.com/schedules/team/North-Dakota/40/20252026,NCHC,ECAC
2025-26,North Dakota,2025-10-25,Sat,W,1,0,False,True,False,Clarkson,https://www.collegehockeynews.com/reports/team/Clarkson/14,14,False,False,https://www.collegehockeynews.com/box/final/20251025/ndk/clk/,https://www.collegehockeynews.com/box/metrics.php?gd=110411,,college_hockey_news,https://www.collegehockeynews.com/schedules/team/North-Dakota/40/20252026,NCHC,ECAC
2025-26,North Dakota,2025-10-31,Fri,L,3,4,True,False,False,Minnesota-Duluth,https://www.collegehockeynews.com/reports/team/Minnesota-Duluth/36,36,True,True,https://www.collegehockeynews.com/box/final/20251031/mnd/ndk/,https://www.collegehockeynews.com/box/metrics.php?gd=110412,,college_hockey_news,https://www.collegehockeynews.com/schedules/team/North-Dakota/40/20252026,NCHC,NCHC
2025-26,North Dakota,2025-11-01,Sat,W,5,1,True,False,False,Minnesota-Duluth,https://www.collegehockeynews.com/reports/team/Minnesota-Duluth/36,36,True,False,https://www.collegehockeynews.com/box/final/20251101/mnd/ndk/,https://www.collegehockeynews.com/box/metrics.php?gd=110413,,college_hockey_news,https://www.collegehockeynews.com/schedules/team/North-Dakota/40/20252026,NCHC,NCHC
2025-26,North Dakota,2025-11-07,Fri,W,7,2,False,True,False,Omaha,https://www.collegehockeynews.com/reports/team/Omaha/37,37,True,False,https://www.collegehockeynews.com/box/final/20251107/ndk/uno/,https://www.collegehockeynews.com/box/metrics.php?gd=110414,,college_hockey_news,https://www.collegehockeynews.com/schedules/team/North-Dakota/40/20252026,NCHC,NCHC
2025-26,North Dakota,2025-11-08,Sat,W,4,1,False,True,False,Omaha,https://www.collegehockeynews.com/reports/team/Omaha/37,37,True,False,https://www.collegehockeynews.com/box/final/20251108/ndk/uno/,https://www.collegehockeynews.com/box/metrics.php?gd=110415,,college_hockey_news,https://www.collegehockeynews.com/schedules/team/North-Dakota/40/20252026,NCHC,NCHC
2025-26,North Dakota,2025-11-14,Fri,W,5,2,True,False,False,Arizona State,https://www.collegehockeynews.com/reports/team/Arizona-State/61,61,True,False,https://www.collegehockeynews.com/box/final/20251114/asu/ndk/,https://www.collegehockeynews.com/box/metrics.php?gd=110378,,college_hockey_news,https://www.collegehockeynews.com/schedules/team/North-Dakota/40/20252026,NCHC,NCHC
2025-26,North Dakota,2025-11-15,Sat,L,2,4,True,False,False,Arizona State,https://www.collegehockeynews.com/reports/team/Arizona-State/61,61,True,False,https://www.collegehockeynews.com/box/final/20251115/asu/ndk/,https://www.collegehockeynews.com/box/metrics.php?gd=110379,,college_hockey_news,https://www.collegehockeynews.com/schedules/team/North-Dakota/40/20252026,NCHC,NCHC
2025-26,North Dakota,2025-11-28,Fri,W,5,3,False,True,False,Bemidji State,https://www.collegehockeynews.com/reports/team/Bemidji-State/7,7,False,False,https://www.collegehockeynews.com/box/final/20251128/ndk/bmj/,https://www.collegehockeynews.com/box/metrics.php?gd=110417,,college_hockey_news,https://www.collegehockeynews.com/schedules/team/North-Dakota/40/20252026,NCHC,CCHA
2025-26,North Dakota,2025-11-29,Sat,W,2,1,True,False,False,Bemidji State,https://www.collegehockeynews.com/reports/team/Bemidji-State/7,7,False,True,https://www.collegehockeynews.com/box/final/20251129/bmj/ndk/,https://www.collegehockeynews.com/box/metrics.php?gd=110418,,college_hockey_news,https://www.collegehockeynews.com/schedules/team/North-Dakota/40/20252026,NCHC,CCHA
2025-26,North Dakota,2025-12-05,Fri,W,4,3,False,True,False,St. Cloud State,https://www.collegehockeynews.com/reports/team/St-Cloud-State/52,52,True,False,https://www.collegehockeynews.com/box/final/20251205/ndk/stc/,https://www.collegehockeynews.com/box/metrics.php?gd=110419,,college_hockey_news,https://www.collegehockeynews.com/schedules/team/North-Dakota/40/20252026,NCHC,NCHC
2025-26,North Dakota,2025-12-06,Sat,W,4,2,False,True,False,St. Cloud State,https://www.collegehockeynews.com/reports/team/St-Cloud-State/52,52,True,False,https://www.collegehockeynews.com/box/final/20251206/ndk/stc/,https://www.collegehockeynews.com/box/metrics.php?gd=110420,,college_hockey_news,https://www.collegehockeynews.com/schedules/team/North-Dakota/40/20252026,NCHC,NCHC
2025-26,North Dakota,2025-12-12,Fri,W,4,1,True,False,False,Omaha,https://www.collegehockeynews.com/reports/team/Omaha/37,37,True,False,https://www.collegehockeynews.com/box/final/20251212/uno/ndk/,https://www.collegehockeynews.com/box/metrics.php?gd=110421,,college_hockey_news,https://www.collegehockeynews.com/schedules/team/North-Dakota/40/20252026,NCHC,NCHC
2025-26,North Dakota,2025-12-13,Sat,W,3,1,True,False,False,Omaha,https://www.collegehockeynews.com/reports/team/Omaha/37,37,True,False,https://www.collegehockeynews.com/box/final/20251213/uno/ndk/,https://www.collegehockeynews.com/box/metrics.php?gd=110422,,college_hockey_news,https://www.collegehockeynews.com/schedules/team/North-Dakota/40/20252026,NCHC,NCHC
2025-26,North Dakota,2026-01-02,Fri,W,2,0,True,False,False,Mercyhurst,https://www.collegehockeynews.com/reports/team/Mercyhurst/28,28,False,False,https://www.collegehockeynews.com/box/final/20260102/mrc/ndk/,https://www.collegehockeynews.com/box/metrics.php?gd=110423,,college_hockey_news,https://www.collegehockeynews.com/schedules/team/North-Dakota/40/20252026,NCHC,Atlantic Hockey
2025-26,North Dakota,2026-01-03,Sat,W,6,1,True,False,False,Mercyhurst,https://www.collegehockeynews.com/reports/team/Mercyhurst/28,28,False,False,https://www.collegehockeynews.com/box/final/20260103/mrc/ndk/,https://www.collegehockeynews.com/box/metrics.php?gd=110424,,college_hockey_news,https://www.collegehockeynews.com/schedules/team/North-Dakota/40/20252026,NCHC,Atlantic Hockey
2025-26,North Dakota,2026-01-09,Fri,L,2,3,False,True,False,Colorado College,https://www.collegehockeynews.com/reports/team/Colorado-College/16,16,True,True,https://www.collegehockeynews.com/box/final/20260109/ndk/cc_/,https://www.collegehockeynews.com/box/metrics.php?gd=110425,,college_hockey_news,https://www.collegehockeynews.com/schedules/team/North-Dakota/40/20252026,NCHC,NCHC
2025-26,North Dakota,2026-01-10,Sat,W,5,2,False,True,False,Colorado College,https://www.collegehockeynews.com/reports/team/Colorado-College/16,16,True,False,https://www.collegehockeynews.com/box/final/20260110/ndk/cc_/,https://www.collegehockeynews.com/box/metrics.php?gd=110426,,college_hockey_news,https://www.collegehockeynews.com/schedules/team/North-Dakota/40/20252026,NCHC,NCHC
2025-26,North Dakota,2026-01-16,Fri,W,5,0,True,False,False,Denver,https://www.collegehockeynews.com/reports/team/Denver/20,20,True,False,https://www.collegehockeynews.com/box/final/20260116/den/ndk/,https://www.collegehockeynews.com/box/metrics.php?gd=110427,,college_hockey_news,https://www.collegehockeynews.com/schedules/team/North-Dakota/40/20252026,NCHC,NCHC
2025-26,North Dakota,2026-01-17,Sat,L,2,3,True,False,False,Denver,https://www.collegehockeynews.com/reports/team/Denver/20,20,True,False,https://www.collegehockeynews.com/box/final/20260117/den/ndk/,https://www.collegehockeynews.com/box/metrics.php?gd=110428,,college_hockey_news,https://www.collegehockeynews.com/schedules/team/North-Dakota/40/20252026,NCHC,NCHC
2025-26,North Dakota,2026-01-23,Fri,W,7,4,False,True,False,Arizona State,https://www.collegehockeynews.com/reports/team/Arizona-State/61,61,True,False,https://www.collegehockeynews.com/box/final/20260123/ndk/asu/,https://www.collegehockeynews.com/box/metrics.php?gd=110394,,college_hockey_news,https://www.collegehockeynews.com/schedules/team/North-Dakota/40/20252026,NCHC,NCHC
2025-26,North Dakota,2026-01-24,Sat,W,5,3,False,True,False,Arizona State,https://www.collegehockeynews.com/reports/team/Arizona-State/61,61,True,False,https://www.collegehockeynews.com/box/final/20260124/ndk/asu/,https://www.collegehockeynews.com/box/metrics.php?gd=110395,,college_hockey_news,https://www.collegehockeynews.com/schedules/team/North-Dakota/40/20252026,NCHC,NCHC
2025-26,North Dakota,2026-02-06,Fri,L,2,3,False,True,False,Minnesota-Duluth,https://www.collegehockeynews.com/reports/team/Minnesota-Duluth/36,36,True,True,https://www.collegehockeynews.com/box/final/20260206/ndk/mnd/,https://www.collegehockeynews.com/box/metrics.php?gd=110429,,college_hockey_news,https://www.collegehockeynews.com/schedules/team/North-Dakota/40/20252026,NCHC,NCHC
2025-26,North Dakota,2026-02-07,Sat,W,4,1,False,True,False,Minnesota-Duluth,https://www.collegehockeynews.com/reports/team/Minnesota-Duluth/36,36,True,False,https://www.collegehockeynews.com/box/final/20260207/ndk/mnd/,https://www.collegehockeynews.com/box/metrics.php?gd=110430,,college_hockey_news,https://www.collegehockeynews.com/schedules/team/North-Dakota/40/20252026,NCHC,NCHC
2025-26,North Dakota,2026-02-13,Fri,W,1,0,True,False,False,Miami,https://www.collegehockeynews.com/reports/team/Miami/30,30,True,False,https://www.collegehockeynews.com/box/final/20260213/mia/ndk/,https://www.collegehockeynews.com/box/metrics.php?gd=110431,,college_hockey_news,https://www.collegehockeynews.com/schedules/team/North-Dakota/40/20252026,NCHC,NCHC
2025-26,North Dakota,2026-02-14,Sat,W,4,3,True,False,False,Miami,https://www.collegehockeynews.com/reports/team/Miami/30,30,True,True,https://www.collegehockeynews.com/box/final/20260214/mia/ndk/,https://www.collegehockeynews.com/box/metrics.php?gd=110432,,college_hockey_news,https://www.collegehockeynews.com/schedules/team/North-Dakota/40/20252026,NCHC,NCHC
2025-26,North Dakota,2026-02-20,Fri,T-SOL,4,4,True,False,False,St. Cloud State,https://www.collegehockeynews.com/reports/team/St-Cloud-State/52,52,True,True,https://www.collegehockeynews.com/box/final/20260220/stc/ndk/,https://www.collegehockeynews.com/box/metrics.php?gd=110433,,college_hockey_news,https://www.collegehockeynews.com/schedules/team/North-Dakota/40/20252026,NCHC,NCHC
2025-26,North Dakota,2026-02-21,Sat,W,6,4,True,False,False,St. Cloud State,https://www.collegehockeynews.com/reports/team/St-Cloud-State/52,52,True,False,https://www.collegehockeynews.com/box/final/20260221/stc/ndk/,https://www.collegehockeynews.com/box/metrics.php?gd=110434,,college_hockey_news,https://www.collegehockeynews.com/schedules/team/North-Dakota/40/20252026,NCHC,NCHC
2025-26,North Dakota,2026-02-27,Fri,W,5,3,False,True,False,Western Michigan,https://www.collegehockeynews.com/reports/team/Western-Michigan/57,57,True,False,https://www.collegehockeynews.com/box/final/20260227/ndk/wmu/,https://www.collegehockeynews.com/box/metrics.php?gd=110435,,college_hockey_news,https://www.collegehockeynews.com/schedules/team/North-Dakota/40/20252026,NCHC,NCHC
2025-26,North Dakota,2026-02-28,Sat,L,3,4,False,True,False,Western Michigan,https://www.collegehockeynews.com/reports/team/Western-Michigan/57,57,True,True,https://www.collegehockeynews.com/box/final/20260228/ndk/wmu/,https://www.collegehockeynews.com/box/metrics.php?gd=110436,,college_hockey_news,https://www.collegehockeynews.com/schedules/team/North-Dakota/40/20252026,NCHC,NCHC
2025-26,North Dakota,2026-03-06,Fri,W,5,3,True,False,False,Omaha,https://www.collegehockeynews.com/reports/team/Omaha/37,37,False,False,https://www.collegehockeynews.com/box/final/20260306/uno/ndk/,https://www.collegehockeynews.com/box/metrics.php?gd=112952,NCHC Tournament NCHC Quarterfinal,college_hockey_news,https://www.collegehockeynews.com/schedules/team/North-Dakota/40/20252026,NCHC,NCHC
2025-26,North Dakota,2026-03-07,Sat,W,5,1,True,False,False,Omaha,https://www.collegehockeynews.com/reports/team/Omaha/37,37,False,False,https://www.collegehockeynews.com/box/final/20260307/uno/ndk/,https://www.collegehockeynews.com/box/metrics.php?gd=112953,NCHC Tournament NCHC Quarterfinal,college_hockey_news,https://www.collegehockeynews.com/schedules/team/North-Dakota/40/20252026,NCHC,NCHC
2025-26,North Dakota,2026-03-14,Sat,L,1,5,True,False,False,Minnesota-Duluth,https://www.collegehockeynews.com/reports/team/Minnesota-Duluth/36,36,False,False,https://www.collegehockeynews.com/box/final/20260314/mnd/ndk/,https://www.collegehockeynews.com/box/metrics.php?gd=113004,NCHC Tournament NCHC Semifinal,college_hockey_news,https://www.collegehockeynews.com/schedules/team/North-Dakota/40/20252026,NCHC,NCHC
2025-26,North Dakota,2026-03-26,Thu,W,3,0,False,False,True,Merrimack,https://www.collegehockeynews.com/reports/team/Merrimack/29,29,False,False,https://www.collegehockeynews.com/box/final/20260326/mer/ndk/,https://www.collegehockeynews.com/box/metrics.php?gd=112918,"NCAA Tournament Sioux Falls Regional – Denny Sanford Premier Center, Sioux Falls, S.D.",college_hockey_news,https://www.collegehockeynews.com/schedules/team/North-Dakota/40/20252026,NCHC,Hockey East
2025-26,North Dakota,2026-03-28,Sat,W,5,0,False,False,True,Quinnipiac,https://www.collegehockeynews.com/reports/team/Quinnipiac/47,47,False,False,https://www.collegehockeynews.com/box/final/20260328/qui/ndk/,https://www.collegehockeynews.com/box/metrics.php?gd=112920,"NCAA Tournament Sioux Falls Regional Final – Denny Sanford Premier Center, Sioux Falls, S.D.",college_hockey_news,https://www.collegehockeynews.com/schedules/team/North-Dakota/40/20252026,NCHC,ECAC
2025-26,North Dakota,2026-04-09,Thu,L,1,2,False,False,True,Wisconsin,https://www.collegehockeynews.com/reports/team/Wisconsin/58,58,False,False,https://www.collegehockeynews.com/box/final/20260409/wis/ndk/,https://www.collegehockeynews.com/box/metrics.php?gd=112924,"NCAA Tournament National Semifinal – T-Mobile Arena, Paradise, Nev.",college_hockey_news,https://www.collegehockeynews.com/schedules/team/North-Dakota/40/20252026,NCHC,Big Ten
2025-26,Omaha,2025-10-10,Fri,W,6,2,True,False,False,Minnesota State,https://www.collegehockeynews.com/reports/team/Minnesota-State/35,35,False,False,https://www.collegehockeynews.com/box/final/20251010/mns/uno/,https://www.collegehockeynews.com/box/metrics.php?gd=110594,,college_hockey_news,https://www.collegehockeynews.com/schedules/team/Omaha/37/20252026,NCHC,CCHA
2025-26,Omaha,2025-10-11,Sat,L,1,4,True,False,False,Minnesota State,https://www.collegehockeynews.com/reports/team/Minnesota-State/35,35,False,False,https://www.collegehockeynews.com/box/final/20251011/mns/uno/,https://www.collegehockeynews.com/box/metrics.php?gd=110595,,college_hockey_news,https://www.collegehockeynews.com/schedules/team/Omaha/37/20252026,NCHC,CCHA
2025-26,Omaha,2025-10-24,Fri,L,4,5,True,False,False,Massachusetts,https://www.collegehockeynews.com/reports/team/Massachusetts/27,27,False,False,https://www.collegehockeynews.com/box/final/20251024/uma/uno/,https://www.collegehockeynews.com/box/metrics.php?gd=110544,,college_hockey_news,https://www.collegehockeynews.com/schedules/team/Omaha/37/20252026,NCHC,Hockey East
2025-26,Omaha,2025-10-25,Sat,W,5,2,True,False,False,Massachusetts,https://www.collegehockeynews.com/reports/team/Massachusetts/27,27,False,False,https://www.collegehockeynews.com/box/final/20251025/uma/uno/,https://www.collegehockeynews.com/box/metrics.php?gd=110545,,college_hockey_news,https://www.collegehockeynews.com/schedules/team/Omaha/37/20252026,NCHC,Hockey East
2025-26,Omaha,2025-10-31,Fri,W,3,2,False,True,False,Colorado College,https://www.collegehockeynews.com/reports/team/Colorado-College/16,16,True,False,https://www.collegehockeynews.com/box/final/20251031/uno/cc_/,https://www.collegehockeynews.com/box/metrics.php?gd=110501,,college_hockey_news,https://www.collegehockeynews.com/schedules/team/Omaha/37/20252026,NCHC,NCHC
2025-26,Omaha,2025-11-01,Sat,W,5,4,False,True,False,Colorado College,https://www.collegehockeynews.com/reports/team/Colorado-College/16,16,True,False,https://www.collegehockeynews.com/box/final/20251101/uno/cc_/,https://www.collegehockeynews.com/box/metrics.php?gd=110502,,college_hockey_news,https://www.collegehockeynews.com/schedules/team/Omaha/37/20252026,NCHC,NCHC
2025-26,Omaha,2025-11-07,Fri,L,2,7,True,False,False,North Dakota,https://www.collegehockeynews.com/reports/team/North-Dakota/40,40,True,False,https://www.collegehockeynews.com/box/final/20251107/ndk/uno/,https://www.collegehockeynews.com/box/metrics.php?gd=110414,,college_hockey_news,https://www.collegehockeynews.com/schedules/team/Omaha/37/20252026,NCHC,NCHC
2025-26,Omaha,2025-11-08,Sat,L,1,4,True,False,False,North Dakota,https://www.collegehockeynews.com/reports/team/North-Dakota/40,40,True,False,https://www.collegehockeynews.com/box/final/20251108/ndk/uno/,https://www.collegehockeynews.com/box/metrics.php?gd=110415,,college_hockey_news,https://www.collegehockeynews.com/schedules/team/Omaha/37/20252026,NCHC,NCHC
2025-26,Omaha,2025-11-14,Fri,L,2,5,False,True,False,Minnesota-Duluth,https://www.collegehockeynews.com/reports/team/Minnesota-Duluth/36,36,True,False,https://www.collegehockeynews.com/box/final/20251114/uno/mnd/,https://www.collegehockeynews.com/box/metrics.php?gd=110483,,college_hockey_news,https://www.collegehockeynews.com/schedules/team/Omaha/37/20252026,NCHC,NCHC
2025-26,Omaha,2025-11-15,Sat,W,2,0,False,True,False,Minnesota-Duluth,https://www.collegehockeynews.com/reports/team/Minnesota-Duluth/36,36,True,False,https://www.collegehockeynews.com/box/final/20251115/uno/mnd/,https://www.collegehockeynews.com/box/metrics.php?gd=110484,,college_hockey_news,https://www.collegehockeynews.com/schedules/team/Omaha/37/20252026,NCHC,NCHC
2025-26,Omaha,2025-11-21,Fri,L,2,7,True,False,False,Western Michigan,https://www.collegehockeynews.com/reports/team/Western-Michigan/57,57,True,False,https://www.collegehockeynews.com/box/final/20251121/wmu/uno/,https://www.collegehockeynews.com/box/metrics.php?gd=110637,,college_hockey_news,https://www.collegehockeynews.com/schedules/team/Omaha/37/20252026,NCHC,NCHC
2025-26,Omaha,2025-11-22,Sat,L,2,4,True,False,False,Western Michigan,https://www.collegehockeynews.com/reports/team/Western-Michigan/57,57,True,False,https://www.collegehockeynews.com/box/final/20251122/wmu/uno/,https://www.collegehockeynews.com/box/metrics.php?gd=110638,,college_hockey_news,https://www.collegehockeynews.com/schedules/team/Omaha/37/20252026,NCHC,NCHC
2025-26,Omaha,2025-11-28,Fri,L,1,2,False,True,False,Yale,https://www.collegehockeynews.com/reports/team/Yale/59,59,False,False,https://www.collegehockeynews.com/box/final/20251128/uno/yal/,https://www.collegehockeynews.com/box/metrics.php?gd=110706,,college_hockey_news,https://www.collegehockeynews.com/schedules/team/Omaha/37/20252026,NCHC,ECAC
2025-26,Omaha,2025-11-29,Sat,W,3,1,False,True,False,Yale,https://www.collegehockeynews.com/reports/team/Yale/59,59,False,False,https://www.collegehockeynews.com/box/final/20251129/uno/yal/,https://www.collegehockeynews.com/box/metrics.php?gd=110707,,college_hockey_news,https://www.collegehockeynews.com/schedules/team/Omaha/37/20252026,NCHC,ECAC
2025-26,Omaha,2025-12-12,Fri,L,1,4,False,True,False,North Dakota,https://www.collegehockeynews.com/reports/team/North-Dakota/40,40,True,False,https://www.collegehockeynews.com/box/final/20251212/uno/ndk/,https://www.collegehockeynews.com/box/metrics.php?gd=110421,,college_hockey_news,https://www.collegehockeynews.com/schedules/team/Omaha/37/20252026,NCHC,NCHC
2025-26,Omaha,2025-12-13,Sat,L,1,3,False,True,False,North Dakota,https://www.collegehockeynews.com/reports/team/North-Dakota/40,40,True,False,https://www.collegehockeynews.com/box/final/20251213/uno/ndk/,https://www.collegehockeynews.com/box/metrics.php?gd=110422,,college_hockey_news,https://www.collegehockeynews.com/schedules/team/Omaha/37/20252026,NCHC,NCHC
2025-26,Omaha,2025-12-19,Fri,L,4,7,False,True,False,Augustana,https://www.collegehockeynews.com/reports/team/Augustana/64,64,False,False,https://www.collegehockeynews.com/box/final/20251219/uno/aug/,https://www.collegehockeynews.com/box/metrics.php?gd=110683,,college_hockey_news,https://www.collegehockeynews.com/schedules/team/Omaha/37/20252026,NCHC,CCHA
2025-26,Omaha,2025-12-20,Sat,W,4,1,False,True,False,Augustana,https://www.collegehockeynews.com/reports/team/Augustana/64,64,False,False,https://www.collegehockeynews.com/box/final/20251220/uno/aug/,https://www.collegehockeynews.com/box/metrics.php?gd=110684,,college_hockey_news,https://www.collegehockeynews.com/schedules/team/Omaha/37/20252026,NCHC,CCHA
2025-26,Omaha,2026-01-02,Fri,L,4,6,False,True,False,Cornell,https://www.collegehockeynews.com/reports/team/Cornell/18,18,False,False,https://www.collegehockeynews.com/box/final/20260102/uno/cor/,https://www.collegehockeynews.com/box/metrics.php?gd=110708,,college_hockey_news,https://www.collegehockeynews.com/schedules/team/Omaha/37/20252026,NCHC,ECAC
2025-26,Omaha,2026-01-03,Sat,L,2,3,False,True,False,Cornell,https://www.collegehockeynews.com/reports/team/Cornell/18,18,False,False,https://www.collegehockeynews.com/box/final/20260103/uno/cor/,https://www.collegehockeynews.com/box/metrics.php?gd=110709,,college_hockey_news,https://www.collegehockeynews.com/schedules/team/Omaha/37/20252026,NCHC,ECAC
2025-26,Omaha,2026-01-09,Fri,W,6,2,True,False,False,St. Cloud State,https://www.collegehockeynews.com/reports/team/St-Cloud-State/52,52,True,False,https://www.collegehockeynews.com/box/final/20260109/stc/uno/,https://www.collegehockeynews.com/box/metrics.php?gd=110710,,college_hockey_news,https://www.collegehockeynews.com/schedules/team/Omaha/37/20252026,NCHC,NCHC
2025-26,Omaha,2026-01-10,Sat,L,1,2,True,False,False,St. Cloud State,https://www.collegehockeynews.com/reports/team/St-Cloud-State/52,52,True,False,https://www.collegehockeynews.com/box/final/20260110/stc/uno/,https://www.collegehockeynews.com/box/metrics.php?gd=110711,,college_hockey_news,https://www.collegehockeynews.com/schedules/team/Omaha/37/20252026,NCHC,NCHC
2025-26,Omaha,2026-01-16,Fri,L,0,3,False,True,False,Miami,https://www.collegehockeynews.com/reports/team/Miami/30,30,True,False,https://www.collegehockeynews.com/box/final/20260116/uno/mia/,https://www.collegehockeynews.com/box/metrics.php?gd=110586,,college_hockey_news,https://www.collegehockeynews.com/schedules/team/Omaha/37/20252026,NCHC,NCHC
2025-26,Omaha,2026-01-17,Sat,L,2,6,False,True,False,Miami,https://www.collegehockeynews.com/reports/team/Miami/30,30,True,False,https://www.collegehockeynews.com/box/final/20260117/uno/mia/,https://www.collegehockeynews.com/box/metrics.php?gd=110587,,college_hockey_news,https://www.collegehockeynews.com/schedules/team/Omaha/37/20252026,NCHC,NCHC
2025-26,Omaha,2026-01-23,Fri,W,3,1,True,False,False,Colorado College,https://www.collegehockeynews.com/reports/team/Colorado-College/16,16,True,False,https://www.collegehockeynews.com/box/final/20260123/cc_/uno/,https://www.collegehockeynews.com/box/metrics.php?gd=110507,,college_hockey_news,https://www.collegehockeynews.com/schedules/team/Omaha/37/20252026,NCHC,NCHC
2025-26,Omaha,2026-01-24,Sat,L,1,3,True,False,False,Colorado College,https://www.collegehockeynews.com/reports/team/Colorado-College/16,16,True,False,https://www.collegehockeynews.com/box/final/20260124/cc_/uno/,https://www.collegehockeynews.com/box/metrics.php?gd=110508,,college_hockey_news,https://www.collegehockeynews.com/schedules/team/Omaha/37/20252026,NCHC,NCHC
2025-26,Omaha,2026-01-30,Fri,L,2,5,False,True,False,Western Michigan,https://www.collegehockeynews.com/reports/team/Western-Michigan/57,57,True,False,https://www.collegehockeynews.com/box/final/20260130/uno/wmu/,https://www.collegehockeynews.com/box/metrics.php?gd=110645,,college_hockey_news,https://www.collegehockeynews.com/schedules/team/Omaha/37/20252026,NCHC,NCHC
2025-26,Omaha,2026-01-31,Sat,W,4,1,False,True,False,Western Michigan,https://www.collegehockeynews.com/reports/team/Western-Michigan/57,57,True,False,https://www.collegehockeynews.com/box/final/20260131/uno/wmu/,https://www.collegehockeynews.com/box/metrics.php?gd=110646,,college_hockey_news,https://www.collegehockeynews.com/schedules/team/Omaha/37/20252026,NCHC,NCHC
2025-26,Omaha,2026-02-13,Fri,L,2,5,True,False,False,Denver,https://www.collegehockeynews.com/reports/team/Denver/20,20,True,False,https://www.collegehockeynews.com/box/final/20260213/den/uno/,https://www.collegehockeynews.com/box/metrics.php?gd=110537,,college_hockey_news,https://www.collegehockeynews.com/schedules/team/Omaha/37/20252026,NCHC,NCHC
2025-26,Omaha,2026-02-14,Sat,L,1,3,True,False,False,Denver,https://www.collegehockeynews.com/reports/team/Denver/20,20,True,False,https://www.collegehockeynews.com/box/final/20260214/den/uno/,https://www.collegehockeynews.com/box/metrics.php?gd=110538,,college_hockey_news,https://www.collegehockeynews.com/schedules/team/Omaha/37/20252026,NCHC,NCHC
2025-26,Omaha,2026-02-20,Fri,W,4,2,False,True,False,Arizona State,https://www.collegehockeynews.com/reports/team/Arizona-State/61,61,True,False,https://www.collegehockeynews.com/box/final/20260220/uno/asu/,https://www.collegehockeynews.com/box/metrics.php?gd=110402,,college_hockey_news,https://www.collegehockeynews.com/schedules/team/Omaha/37/20252026,NCHC,NCHC
2025-26,Omaha,2026-02-21,Sat,L,3,6,False,True,False,Arizona State,https://www.collegehockeynews.com/reports/team/Arizona-State/61,61,True,False,https://www.collegehockeynews.com/box/final/20260221/uno/asu/,https://www.collegehockeynews.com/box/metrics.php?gd=110403,,college_hockey_news,https://www.collegehockeynews.com/schedules/team/Omaha/37/20252026,NCHC,NCHC
2025-26,Omaha,2026-02-27,Fri,W,5,3,True,False,False,Miami,https://www.collegehockeynews.com/reports/team/Miami/30,30,True,False,https://www.collegehockeynews.com/box/final/20260227/mia/uno/,https://www.collegehockeynews.com/box/metrics.php?gd=110592,,college_hockey_news,https://www.collegehockeynews.com/schedules/team/Omaha/37/20252026,NCHC,NCHC
2025-26,Omaha,2026-02-28,Sat,L,2,4,True,False,False,Miami,https://www.collegehockeynews.com/reports/team/Miami/30,30,True,False,https://www.collegehockeynews.com/box/final/20260228/mia/uno/,https://www.collegehockeynews.com/box/metrics.php?gd=110593,,college_hockey_news,https://www.collegehockeynews.com/schedules/team/Omaha/37/20252026,NCHC,NCHC
2025-26,Omaha,2026-03-06,Fri,L,3,5,False,True,False,North Dakota,https://www.collegehockeynews.com/reports/team/North-Dakota/40,40,False,False,https://www.collegehockeynews.com/box/final/20260306/uno/ndk/,https://www.collegehockeynews.com/box/metrics.php?gd=112952,"NCHC Tournament NCHC Quarterfinal – Ralph Engelstad Arena, Grand Forks, N.D.",college_hockey_news,https://www.collegehockeynews.com/schedules/team/Omaha/37/20252026,NCHC,NCHC
2025-26,Omaha,2026-03-07,Sat,L,1,5,False,True,False,North Dakota,https://www.collegehockeynews.com/reports/team/North-Dakota/40,40,False,False,https://www.collegehockeynews.com/box/final/20260307/uno/ndk/,https://www.collegehockeynews.com/box/metrics.php?gd=112953,"NCHC Tournament NCHC Quarterfinal – Ralph Engelstad Arena, Grand Forks, N.D.",college_hockey_news,https://www.collegehockeynews.com/schedules/team/Omaha/37/20252026,NCHC,NCHC
2025-26,St. Cloud State,2025-10-04,Sat,L,3,4,True,False,False,St. Thomas,https://www.collegehockeynews.com/reports/team/St-Thomas/63,63,False,False,https://www.collegehockeynews.com/box/final/20251004/stt/stc/,https://www.collegehockeynews.com/box/metrics.php?gd=110746,,college_hockey_news,https://www.collegehockeynews.com/schedules/team/St-Cloud-State/52/20252026,NCHC,CCHA
2025-26,St. Cloud State,2025-10-10,Fri,W,3,2,False,True,False,Bemidji State,https://www.collegehockeynews.com/reports/team/Bemidji-State/7,7,False,False,https://www.collegehockeynews.com/box/final/20251010/stc/bmj/,https://www.collegehockeynews.com/box/metrics.php?gd=110747,,college_hockey_news,https://www.collegehockeynews.com/schedules/team/St-Cloud-State/52/20252026,NCHC,CCHA
2025-26,St. Cloud State,2025-10-11,Sat,W,4,2,True,False,False,Bemidji State,https://www.collegehockeynews.com/reports/team/Bemidji-State/7,7,False,False,https://www.collegehockeynews.com/box/final/20251011/bmj/stc/,https://www.collegehockeynews.com/box/metrics.php?gd=110748,,college_hockey_news,https://www.collegehockeynews.com/schedules/team/St-Cloud-State/52/20252026,NCHC,CCHA
2025-26,St. Cloud State,2025-10-17,Fri,L,1,2,True,False,False,Vermont,https://www.collegehockeynews.com/reports/team/Vermont/55,55,False,True,https://www.collegehockeynews.com/box/final/20251017/ver/stc/,https://www.collegehockeynews.com/box/metrics.php?gd=110749,,college_hockey_news,https://www.collegehockeynews.com/schedules/team/St-Cloud-State/52/20252026,NCHC,Hockey East
2025-26,St. Cloud State,2025-10-18,Sat,W,4,0,True,False,False,Vermont,https://www.collegehockeynews.com/reports/team/Vermont/55,55,False,False,https://www.collegehockeynews.com/box/final/20251018/ver/stc/,https://www.collegehockeynews.com/box/metrics.php?gd=110750,,college_hockey_news,https://www.collegehockeynews.com/schedules/team/St-Cloud-State/52/20252026,NCHC,Hockey East
2025-26,St. Cloud State,2025-10-24,Fri,W,5,2,True,False,False,Alaska-Anchorage,https://www.collegehockeynews.com/reports/team/Alaska-Anchorage/3,3,False,False,https://www.collegehockeynews.com/box/final/20251024/aka/stc/,https://www.collegehockeynews.com/box/metrics.php?gd=110751,,college_hockey_news,https://www.collegehockeynews.com/schedules/team/St-Cloud-State/52/20252026,NCHC,Independent
2025-26,St. Cloud State,2025-10-25,Sat,W,5,1,True,False,False,Alaska-Anchorage,https://www.collegehockeynews.com/reports/team/Alaska-Anchorage/3,3,False,False,https://www.collegehockeynews.com/box/final/20251025/aka/stc/,https://www.collegehockeynews.com/box/metrics.php?gd=110752,,college_hockey_news,https://www.collegehockeynews.com/schedules/team/St-Cloud-State/52/20252026,NCHC,Independent
2025-26,St. Cloud State,2025-10-31,Fri,L,5,6,True,False,False,Western Michigan,https://www.collegehockeynews.com/reports/team/Western-Michigan/57,57,True,False,https://www.collegehockeynews.com/box/final/20251031/wmu/stc/,https://www.collegehockeynews.com/box/metrics.php?gd=110635,,college_hockey_news,https://www.collegehockeynews.com/schedules/team/St-Cloud-State/52/20252026,NCHC,NCHC
2025-26,St. Cloud State,2025-11-01,Sat,W,5,1,True,False,False,Western Michigan,https://www.collegehockeynews.com/reports/team/Western-Michigan/57,57,True,False,https://www.collegehockeynews.com/box/final/20251101/wmu/stc/,https://www.collegehockeynews.com/box/metrics.php?gd=110636,,college_hockey_news,https://www.collegehockeynews.com/schedules/team/St-Cloud-State/52/20252026,NCHC,NCHC
2025-26,St. Cloud State,2025-11-07,Fri,L,0,4,False,True,False,Minnesota-Duluth,https://www.collegehockeynews.com/reports/team/Minnesota-Duluth/36,36,True,False,https://www.collegehockeynews.com/box/final/20251107/stc/mnd/,https://www.collegehockeynews.com/box/metrics.php?gd=110481,,college_hockey_news,https://www.collegehockeynews.com/schedules/team/St-Cloud-State/52/20252026,NCHC,NCHC
2025-26,St. Cloud State,2025-11-08,Sat,L,2,3,False,True,False,Minnesota-Duluth,https://www.collegehockeynews.com/reports/team/Minnesota-Duluth/36,36,True,True,https://www.collegehockeynews.com/box/final/20251108/stc/mnd/,https://www.collegehockeynews.com/box/metrics.php?gd=110482,,college_hockey_news,https://www.collegehockeynews.com/schedules/team/St-Cloud-State/52/20252026,NCHC,NCHC
2025-26,St. Cloud State,2025-11-11,Tue,L,1,3,False,True,False,St. Thomas,https://www.collegehockeynews.com/reports/team/St-Thomas/63,63,False,False,https://www.collegehockeynews.com/box/final/20251111/stc/stt/,https://www.collegehockeynews.com/box/metrics.php?gd=110753,,college_hockey_news,https://www.collegehockeynews.com/schedules/team/St-Cloud-State/52/20252026,NCHC,CCHA
2025-26,St. Cloud State,2025-11-21,Fri,L,5,6,False,True,False,Miami,https://www.collegehockeynews.com/reports/team/Miami/30,30,True,True,https://www.collegehockeynews.com/box/final/20251121/stc/mia/,https://www.collegehockeynews.com/box/metrics.php?gd=110580,,college_hockey_news,https://www.collegehockeynews.com/schedules/team/St-Cloud-State/52/20252026,NCHC,NCHC
2025-26,St. Cloud State,2025-11-22,Sat,W,4,2,False,True,False,Miami,https://www.collegehockeynews.com/reports/team/Miami/30,30,True,False,https://www.collegehockeynews.com/box/final/20251122/stc/mia/,https://www.collegehockeynews.com/box/metrics.php?gd=110581,,college_hockey_news,https://www.collegehockeynews.com/schedules/team/St-Cloud-State/52/20252026,NCHC,NCHC
2025-26,St. Cloud State,2025-12-05,Fri,L,3,4,True,False,False,North Dakota,https://www.collegehockeynews.com/reports/team/North-Dakota/40,40,True,False,https://www.collegehockeynews.com/box/final/20251205/ndk/stc/,https://www.collegehockeynews.com/box/metrics.php?gd=110419,,college_hockey_news,https://www.collegehockeynews.com/schedules/team/St-Cloud-State/52/20252026,NCHC,NCHC
2025-26,St. Cloud State,2025-12-06,Sat,L,2,4,True,False,False,North Dakota,https://www.collegehockeynews.com/reports/team/North-Dakota/40,40,True,False,https://www.collegehockeynews.com/box/final/20251206/ndk/stc/,https://www.collegehockeynews.com/box/metrics.php?gd=110420,,college_hockey_news,https://www.collegehockeynews.com/schedules/team/St-Cloud-State/52/20252026,NCHC,NCHC
2025-26,St. Cloud State,2025-12-12,Fri,L,1,5,True,False,False,Denver,https://www.collegehockeynews.com/reports/team/Denver/20,20,True,False,https://www.collegehockeynews.com/box/final/20251212/den/stc/,https://www.collegehockeynews.com/box/metrics.php?gd=110529,,college_hockey_news,https://www.collegehockeynews.com/schedules/team/St-Cloud-State/52/20252026,NCHC,NCHC
2025-26,St. Cloud State,2025-12-13,Sat,W,4,3,True,False,False,Denver,https://www.collegehockeynews.com/reports/team/Denver/20,20,True,False,https://www.collegehockeynews.com/box/final/20251213/den/stc/,https://www.collegehockeynews.com/box/metrics.php?gd=110530,,college_hockey_news,https://www.collegehockeynews.com/schedules/team/St-Cloud-State/52/20252026,NCHC,NCHC
2025-26,St. Cloud State,2026-01-02,Fri,W,6,2,False,False,True,Yale,https://www.collegehockeynews.com/reports/team/Yale/59,59,False,False,https://www.collegehockeynews.com/box/final/20260102/stc/yal/,https://www.collegehockeynews.com/box/metrics.php?gd=110614,"Cactus Cup – Acrisure Arena, Palm Springs, Calif.",college_hockey_news,https://www.collegehockeynews.com/schedules/team/St-Cloud-State/52/20252026,NCHC,ECAC
2025-26,St. Cloud State,2026-01-03,Sat,W,3,2,False,False,True,Mass.-Lowell,https://www.collegehockeynews.com/reports/team/Mass-Lowell/26,26,False,False,https://www.collegehockeynews.com/box/final/20260103/uml/stc/,https://www.collegehockeynews.com/box/metrics.php?gd=111254,"Cactus Cup – Acrisure Arena, Palm Springs, Calif.",college_hockey_news,https://www.collegehockeynews.com/schedules/team/St-Cloud-State/52/20252026,NCHC,Hockey East
2025-26,St. Cloud State,2026-01-09,Fri,L,2,6,False,True,False,Omaha,https://www.collegehockeynews.com/reports/team/Omaha/37,37,True,False,https://www.collegehockeynews.com/box/final/20260109/stc/uno/,https://www.collegehockeynews.com/box/metrics.php?gd=110710,,college_hockey_news,https://www.collegehockeynews.com/schedules/team/St-Cloud-State/52/20252026,NCHC,NCHC
2025-26,St. Cloud State,2026-01-10,Sat,W,2,1,False,True,False,Omaha,https://www.collegehockeynews.com/reports/team/Omaha/37,37,True,False,https://www.collegehockeynews.com/box/final/20260110/stc/uno/,https://www.collegehockeynews.com/box/metrics.php?gd=110711,,college_hockey_news,https://www.collegehockeynews.com/schedules/team/St-Cloud-State/52/20252026,NCHC,NCHC
2025-26,St. Cloud State,2026-01-16,Fri,W,6,0,True,False,False,Minnesota-Duluth,https://www.collegehockeynews.com/reports/team/Minnesota-Duluth/36,36,True,False,https://www.collegehockeynews.com/box/final/20260116/mnd/stc/,https://www.collegehockeynews.com/box/metrics.php?gd=110491,,college_hockey_news,https://www.collegehockeynews.com/schedules/team/St-Cloud-State/52/20252026,NCHC,NCHC
2025-26,St. Cloud State,2026-01-17,Sat,L,3,5,True,False,False,Minnesota-Duluth,https://www.collegehockeynews.com/reports/team/Minnesota-Duluth/36,36,True,False,https://www.collegehockeynews.com/box/final/20260117/mnd/stc/,https://www.collegehockeynews.com/box/metrics.php?gd=110492,,college_hockey_news,https://www.collegehockeynews.com/schedules/team/St-Cloud-State/52/20252026,NCHC,NCHC
2025-26,St. Cloud State,2026-01-23,Fri,W,4,2,False,True,False,Denver,https://www.collegehockeynews.com/reports/team/Denver/20,20,True,False,https://www.collegehockeynews.com/box/final/20260123/stc/den/,https://www.collegehockeynews.com/box/metrics.php?gd=110535,,college_hockey_news,https://www.collegehockeynews.com/schedules/team/St-Cloud-State/52/20252026,NCHC,NCHC
2025-26,St. Cloud State,2026-01-24,Sat,L,0,6,False,True,False,Denver,https://www.collegehockeynews.com/reports/team/Denver/20,20,True,False,https://www.collegehockeynews.com/box/final/20260124/stc/den/,https://www.collegehockeynews.com/box/metrics.php?gd=110536,,college_hockey_news,https://www.collegehockeynews.com/schedules/team/St-Cloud-State/52/20252026,NCHC,NCHC
2025-26,St. Cloud State,2026-01-30,Fri,L,1,2,True,False,False,Miami,https://www.collegehockeynews.com/reports/team/Miami/30,30,True,False,https://www.collegehockeynews.com/box/final/20260130/mia/stc/,https://www.collegehockeynews.com/box/metrics.php?gd=110588,,college_hockey_news,https://www.collegehockeynews.com/schedules/team/St-Cloud-State/52/20252026,NCHC,NCHC
2025-26,St. Cloud State,2026-01-31,Sat,L,1,3,True,False,False,Miami,https://www.collegehockeynews.com/reports/team/Miami/30,30,True,False,https://www.collegehockeynews.com/box/final/20260131/mia/stc/,https://www.collegehockeynews.com/box/metrics.php?gd=110589,,college_hockey_news,https://www.collegehockeynews.com/schedules/team/St-Cloud-State/52/20252026,NCHC,NCHC
2025-26,St. Cloud State,2026-02-06,Fri,W,4,1,False,True,False,Arizona State,https://www.collegehockeynews.com/reports/team/Arizona-State/61,61,True,False,https://www.collegehockeynews.com/box/final/20260206/stc/asu/,https://www.collegehockeynews.com/box/metrics.php?gd=110398,,college_hockey_news,https://www.collegehockeynews.com/schedules/team/St-Cloud-State/52/20252026,NCHC,NCHC
2025-26,St. Cloud State,2026-02-07,Sat,W,4,3,False,True,False,Arizona State,https://www.collegehockeynews.com/reports/team/Arizona-State/61,61,True,False,https://www.collegehockeynews.com/box/final/20260207/stc/asu/,https://www.collegehockeynews.com/box/metrics.php?gd=110399,,college_hockey_news,https://www.collegehockeynews.com/schedules/team/St-Cloud-State/52/20252026,NCHC,NCHC
2025-26,St. Cloud State,2026-02-13,Fri,W,6,5,True,False,False,Colorado College,https://www.collegehockeynews.com/reports/team/Colorado-College/16,16,True,True,https://www.collegehockeynews.com/box/final/20260213/cc_/stc/,https://www.collegehockeynews.com/box/metrics.php?gd=110511,,college_hockey_news,https://www.collegehockeynews.com/schedules/team/St-Cloud-State/52/20252026,NCHC,NCHC
2025-26,St. Cloud State,2026-02-14,Sat,L,1,4,True,False,False,Colorado College,https://www.collegehockeynews.com/reports/team/Colorado-College/16,16,True,False,https://www.collegehockeynews.com/box/final/20260214/cc_/stc/,https://www.collegehockeynews.com/box/metrics.php?gd=110512,,college_hockey_news,https://www.collegehockeynews.com/schedules/team/St-Cloud-State/52/20252026,NCHC,NCHC
2025-26,St. Cloud State,2026-02-20,Fri,T-SOW,4,4,False,True,False,North Dakota,https://www.collegehockeynews.com/reports/team/North-Dakota/40,40,True,True,https://www.collegehockeynews.com/box/final/20260220/stc/ndk/,https://www.collegehockeynews.com/box/metrics.php?gd=110433,,college_hockey_news,https://www.collegehockeynews.com/schedules/team/St-Cloud-State/52/20252026,NCHC,NCHC
2025-26,St. Cloud State,2026-02-21,Sat,L,4,6,False,True,False,North Dakota,https://www.collegehockeynews.com/reports/team/North-Dakota/40,40,True,False,https://www.collegehockeynews.com/box/final/20260221/stc/ndk/,https://www.collegehockeynews.com/box/metrics.php?gd=110434,,college_hockey_news,https://www.collegehockeynews.com/schedules/team/St-Cloud-State/52/20252026,NCHC,NCHC
2025-26,St. Cloud State,2026-03-06,Fri,L,3,4,False,True,False,Minnesota-Duluth,https://www.collegehockeynews.com/reports/team/Minnesota-Duluth/36,36,False,True,https://www.collegehockeynews.com/box/final/20260306/stc/mnd/,https://www.collegehockeynews.com/box/metrics.php?gd=112958,"NCHC Tournament NCHC Quarterfinal – AMSOIL Arena, Duluth, Minn.",college_hockey_news,https://www.collegehockeynews.com/schedules/team/St-Cloud-State/52/20252026,NCHC,NCHC
2025-26,St. Cloud State,2026-03-07,Sat,L,1,2,False,True,False,Minnesota-Duluth,https://www.collegehockeynews.com/reports/team/Minnesota-Duluth/36,36,False,True,https://www.collegehockeynews.com/box/final/20260307/stc/mnd/,https://www.collegehockeynews.com/box/metrics.php?gd=112959,"NCHC Tournament NCHC Quarterfinal – AMSOIL Arena, Duluth, Minn.",college_hockey_news,https://www.collegehockeynews.com/schedules/team/St-Cloud-State/52/20252026,NCHC,NCHC
2025-26,Western Michigan,2025-10-09,Thu,L,2,3,True,False,False,Ferris State,https://www.collegehockeynews.com/reports/team/Ferris-State/21,21,False,False,https://www.collegehockeynews.com/box/final/20251009/fsu/wmu/,https://www.collegehockeynews.com/box/metrics.php?gd=110629,,college_hockey_news,https://www.collegehockeynews.com/schedules/team/Western-Michigan/57/20252026,NCHC,CCHA
2025-26,Western Michigan,2025-10-10,Fri,W,6,4,False,True,False,Ferris State,https://www.collegehockeynews.com/reports/team/Ferris-State/21,21,False,False,https://www.collegehockeynews.com/box/final/20251010/wmu/fsu/,https://www.collegehockeynews.com/box/metrics.php?gd=110630,,college_hockey_news,https://www.collegehockeynews.com/schedules/team/Western-Michigan/57/20252026,NCHC,CCHA
2025-26,Western Michigan,2025-10-17,Fri,W,2,1,False,True,False,Mass.-Lowell,https://www.collegehockeynews.com/reports/team/Mass-Lowell/26,26,False,False,https://www.collegehockeynews.com/box/final/20251017/wmu/uml/,https://www.collegehockeynews.com/box/metrics.php?gd=110631,,college_hockey_news,https://www.collegehockeynews.com/schedules/team/Western-Michigan/57/20252026,NCHC,Hockey East
2025-26,Western Michigan,2025-10-18,Sat,W,6,0,False,True,False,Mass.-Lowell,https://www.collegehockeynews.com/reports/team/Mass-Lowell/26,26,False,False,https://www.collegehockeynews.com/box/final/20251018/wmu/uml/,https://www.collegehockeynews.com/box/metrics.php?gd=110632,,college_hockey_news,https://www.collegehockeynews.com/schedules/team/Western-Michigan/57/20252026,NCHC,Hockey East
2025-26,Western Michigan,2025-10-23,Thu,L,0,4,False,True,False,Michigan,https://www.collegehockeynews.com/reports/team/Michigan/31,31,False,False,https://www.collegehockeynews.com/box/final/20251023/wmu/mic/,https://www.collegehockeynews.com/box/metrics.php?gd=110633,,college_hockey_news,https://www.collegehockeynews.com/schedules/team/Western-Michigan/57/20252026,NCHC,Big Ten
2025-26,Western Michigan,2025-10-24,Fri,W,5,2,True,False,False,Michigan,https://www.collegehockeynews.com/reports/team/Michigan/31,31,False,False,https://www.collegehockeynews.com/box/final/20251024/mic/wmu/,https://www.collegehockeynews.com/box/metrics.php?gd=110634,,college_hockey_news,https://www.collegehockeynews.com/schedules/team/Western-Michigan/57/20252026,NCHC,Big Ten
2025-26,Western Michigan,2025-10-31,Fri,W,6,5,False,True,False,St. Cloud State,https://www.collegehockeynews.com/reports/team/St-Cloud-State/52,52,True,False,https://www.collegehockeynews.com/box/final/20251031/wmu/stc/,https://www.collegehockeynews.com/box/metrics.php?gd=110635,,college_hockey_news,https://www.collegehockeynews.com/schedules/team/Western-Michigan/57/20252026,NCHC,NCHC
2025-26,Western Michigan,2025-11-01,Sat,L,1,5,False,True,False,St. Cloud State,https://www.collegehockeynews.com/reports/team/St-Cloud-State/52,52,True,False,https://www.collegehockeynews.com/box/final/20251101/wmu/stc/,https://www.collegehockeynews.com/box/metrics.php?gd=110636,,college_hockey_news,https://www.collegehockeynews.com/schedules/team/Western-Michigan/57/20252026,NCHC,NCHC
2025-26,Western Michigan,2025-11-07,Fri,L,1,3,True,False,False,Denver,https://www.collegehockeynews.com/reports/team/Denver/20,20,True,False,https://www.collegehockeynews.com/box/final/20251107/den/wmu/,https://www.collegehockeynews.com/box/metrics.php?gd=110524,,college_hockey_news,https://www.collegehockeynews.com/schedules/team/Western-Michigan/57/20252026,NCHC,NCHC
2025-26,Western Michigan,2025-11-08,Sat,L,3,6,True,False,False,Denver,https://www.collegehockeynews.com/reports/team/Denver/20,20,True,False,https://www.collegehockeynews.com/box/final/20251108/den/wmu/,https://www.collegehockeynews.com/box/metrics.php?gd=110525,,college_hockey_news,https://www.collegehockeynews.com/schedules/team/Western-Michigan/57/20252026,NCHC,NCHC
2025-26,Western Michigan,2025-11-14,Fri,W,5,2,True,False,False,Miami,https://www.collegehockeynews.com/reports/team/Miami/30,30,True,False,https://www.collegehockeynews.com/box/final/20251114/mia/wmu/,https://www.collegehockeynews.com/box/metrics.php?gd=110578,,college_hockey_news,https://www.collegehockeynews.com/schedules/team/Western-Michigan/57/20252026,NCHC,NCHC
2025-26,Western Michigan,2025-11-15,Sat,W,6,2,True,False,False,Miami,https://www.collegehockeynews.com/reports/team/Miami/30,30,True,False,https://www.collegehockeynews.com/box/final/20251115/mia/wmu/,https://www.collegehockeynews.com/box/metrics.php?gd=110579,,college_hockey_news,https://www.collegehockeynews.com/schedules/team/Western-Michigan/57/20252026,NCHC,NCHC
2025-26,Western Michigan,2025-11-21,Fri,W,7,2,False,True,False,Omaha,https://www.collegehockeynews.com/reports/team/Omaha/37,37,True,False,https://www.collegehockeynews.com/box/final/20251121/wmu/uno/,https://www.collegehockeynews.com/box/metrics.php?gd=110637,,college_hockey_news,https://www.collegehockeynews.com/schedules/team/Western-Michigan/57/20252026,NCHC,NCHC
2025-26,Western Michigan,2025-11-22,Sat,W,4,2,False,True,False,Omaha,https://www.collegehockeynews.com/reports/team/Omaha/37,37,True,False,https://www.collegehockeynews.com/box/final/20251122/wmu/uno/,https://www.collegehockeynews.com/box/metrics.php?gd=110638,,college_hockey_news,https://www.collegehockeynews.com/schedules/team/Western-Michigan/57/20252026,NCHC,NCHC
2025-26,Western Michigan,2025-12-05,Fri,L,1,4,True,False,False,Minnesota-Duluth,https://www.collegehockeynews.com/reports/team/Minnesota-Duluth/36,36,True,False,https://www.collegehockeynews.com/box/final/20251205/mnd/wmu/,https://www.collegehockeynews.com/box/metrics.php?gd=110487,,college_hockey_news,https://www.collegehockeynews.com/schedules/team/Western-Michigan/57/20252026,NCHC,NCHC
2025-26,Western Michigan,2025-12-06,Sat,W,3,2,True,False,False,Minnesota-Duluth,https://www.collegehockeynews.com/reports/team/Minnesota-Duluth/36,36,True,True,https://www.collegehockeynews.com/box/final/20251206/mnd/wmu/,https://www.collegehockeynews.com/box/metrics.php?gd=110488,,college_hockey_news,https://www.collegehockeynews.com/schedules/team/Western-Michigan/57/20252026,NCHC,NCHC
2025-26,Western Michigan,2025-12-28,Sun,W,5,3,False,False,True,Boston College,https://www.collegehockeynews.com/reports/team/Boston-College/9,9,False,False,https://www.collegehockeynews.com/box/final/20251228/bc_/wmu/,https://www.collegehockeynews.com/box/metrics.php?gd=110639,"Holiday Face-Off – Fiserv Forum, Milwaukee, Wis.",college_hockey_news,https://www.collegehockeynews.com/schedules/team/Western-Michigan/57/20252026,NCHC,Hockey East
2025-26,Western Michigan,2025-12-29,Mon,W,4,1,False,False,True,Wisconsin,https://www.collegehockeynews.com/reports/team/Wisconsin/58,58,False,False,https://www.collegehockeynews.com/box/final/20251229/wmu/wis/,https://www.collegehockeynews.com/box/metrics.php?gd=111260,"Holiday Face-Off – Fiserv Forum, Milwaukee, Wis.",college_hockey_news,https://www.collegehockeynews.com/schedules/team/Western-Michigan/57/20252026,NCHC,Big Ten
2025-26,Western Michigan,2026-01-02,Fri,W,4,0,False,True,False,Notre Dame,https://www.collegehockeynews.com/reports/team/Notre-Dame/43,43,False,False,https://www.collegehockeynews.com/box/final/20260102/wmu/ndm/,https://www.collegehockeynews.com/box/metrics.php?gd=110643,,college_hockey_news,https://www.collegehockeynews.com/schedules/team/Western-Michigan/57/20252026,NCHC,Big Ten
2025-26,Western Michigan,2026-01-03,Sat,W,4,0,True,False,False,Notre Dame,https://www.collegehockeynews.com/reports/team/Notre-Dame/43,43,False,False,https://www.collegehockeynews.com/box/final/20260103/ndm/wmu/,https://www.collegehockeynews.com/box/metrics.php?gd=110644,,college_hockey_news,https://www.collegehockeynews.com/schedules/team/Western-Michigan/57/20252026,NCHC,Big Ten
2025-26,Western Michigan,2026-01-09,Fri,W,4,1,False,True,False,Denver,https://www.collegehockeynews.com/reports/team/Denver/20,20,True,False,https://www.collegehockeynews.com/box/final/20260109/wmu/den/,https://www.collegehockeynews.com/box/metrics.php?gd=110533,,college_hockey_news,https://www.collegehockeynews.com/schedules/team/Western-Michigan/57/20252026,NCHC,NCHC
2025-26,Western Michigan,2026-01-10,Sat,W,6,2,False,True,False,Denver,https://www.collegehockeynews.com/reports/team/Denver/20,20,True,False,https://www.collegehockeynews.com/box/final/20260110/wmu/den/,https://www.collegehockeynews.com/box/metrics.php?gd=110534,,college_hockey_news,https://www.collegehockeynews.com/schedules/team/Western-Michigan/57/20252026,NCHC,NCHC
2025-26,Western Michigan,2026-01-23,Fri,W,4,3,False,True,False,Minnesota-Duluth,https://www.collegehockeynews.com/reports/team/Minnesota-Duluth/36,36,True,False,https://www.collegehockeynews.com/box/final/20260123/wmu/mnd/,https://www.collegehockeynews.com/box/metrics.php?gd=110493,,college_hockey_news,https://www.collegehockeynews.com/schedules/team/Western-Michigan/57/20252026,NCHC,NCHC
2025-26,Western Michigan,2026-01-24,Sat,W,4,3,False,True,False,Minnesota-Duluth,https://www.collegehockeynews.com/reports/team/Minnesota-Duluth/36,36,True,True,https://www.collegehockeynews.com/box/final/20260124/wmu/mnd/,https://www.collegehockeynews.com/box/metrics.php?gd=110494,,college_hockey_news,https://www.collegehockeynews.com/schedules/team/Western-Michigan/57/20252026,NCHC,NCHC
2025-26,Western Michigan,2026-01-30,Fri,W,5,2,True,False,False,Omaha,https://www.collegehockeynews.com/reports/team/Omaha/37,37,True,False,https://www.collegehockeynews.com/box/final/20260130/uno/wmu/,https://www.collegehockeynews.com/box/metrics.php?gd=110645,,college_hockey_news,https://www.collegehockeynews.com/schedules/team/Western-Michigan/57/20252026,NCHC,NCHC
2025-26,Western Michigan,2026-01-31,Sat,L,1,4,True,False,False,Omaha,https://www.collegehockeynews.com/reports/team/Omaha/37,37,True,False,https://www.collegehockeynews.com/box/final/20260131/uno/wmu/,https://www.collegehockeynews.com/box/metrics.php?gd=110646,,college_hockey_news,https://www.collegehockeynews.com/schedules/team/Western-Michigan/57/20252026,NCHC,NCHC
2025-26,Western Michigan,2026-02-06,Fri,L,2,3,False,True,False,Miami,https://www.collegehockeynews.com/reports/team/Miami/30,30,True,True,https://www.collegehockeynews.com/box/final/20260206/wmu/mia/,https://www.collegehockeynews.com/box/metrics.php?gd=110590,,college_hockey_news,https://www.collegehockeynews.com/schedules/team/Western-Michigan/57/20252026,NCHC,NCHC
2025-26,Western Michigan,2026-02-07,Sat,W,3,1,False,True,False,Miami,https://www.collegehockeynews.com/reports/team/Miami/30,30,True,False,https://www.collegehockeynews.com/box/final/20260207/wmu/mia/,https://www.collegehockeynews.com/box/metrics.php?gd=110591,,college_hockey_news,https://www.collegehockeynews.com/schedules/team/Western-Michigan/57/20252026,NCHC,NCHC
2025-26,Western Michigan,2026-02-13,Fri,W,6,2,True,False,False,Arizona State,https://www.collegehockeynews.com/reports/team/Arizona-State/61,61,True,False,https://www.collegehockeynews.com/box/final/20260213/asu/wmu/,https://www.collegehockeynews.com/box/metrics.php?gd=110400,,college_hockey_news,https://www.collegehockeynews.com/schedules/team/Western-Michigan/57/20252026,NCHC,NCHC
2025-26,Western Michigan,2026-02-14,Sat,W,7,2,True,False,False,Arizona State,https://www.collegehockeynews.com/reports/team/Arizona-State/61,61,True,False,https://www.collegehockeynews.com/box/final/20260214/asu/wmu/,https://www.collegehockeynews.com/box/metrics.php?gd=110401,,college_hockey_news,https://www.collegehockeynews.com/schedules/team/Western-Michigan/57/20252026,NCHC,NCHC
2025-26,Western Michigan,2026-02-20,Fri,T-SOW,1,1,False,True,False,Colorado College,https://www.collegehockeynews.com/reports/team/Colorado-College/16,16,True,True,https://www.collegehockeynews.com/box/final/20260220/wmu/cc_/,https://www.collegehockeynews.com/box/metrics.php?gd=110513,,college_hockey_news,https://www.collegehockeynews.com/schedules/team/Western-Michigan/57/20252026,NCHC,NCHC
2025-26,Western Michigan,2026-02-21,Sat,W,2,0,False,True,False,Colorado College,https://www.collegehockeynews.com/reports/team/Colorado-College/16,16,True,False,https://www.collegehockeynews.com/box/final/20260221/wmu/cc_/,https://www.collegehockeynews.com/box/metrics.php?gd=110514,,college_hockey_news,https://www.collegehockeynews.com/schedules/team/Western-Michigan/57/20252026,NCHC,NCHC
2025-26,Western Michigan,2026-02-27,Fri,L,3,5,True,False,False,North Dakota,https://www.collegehockeynews.com/reports/team/North-Dakota/40,40,True,False,https://www.collegehockeynews.com/box/final/20260227/ndk/wmu/,https://www.collegehockeynews.com/box/metrics.php?gd=110435,,college_hockey_news,https://www.collegehockeynews.com/schedules/team/Western-Michigan/57/20252026,NCHC,NCHC
2025-26,Western Michigan,2026-02-28,Sat,W,4,3,True,False,False,North Dakota,https://www.collegehockeynews.com/reports/team/North-Dakota/40,40,True,True,https://www.collegehockeynews.com/box/final/20260228/ndk/wmu/,https://www.collegehockeynews.com/box/metrics.php?gd=110436,,college_hockey_news,https://www.collegehockeynews.com/schedules/team/Western-Michigan/57/20252026,NCHC,NCHC
2025-26,Western Michigan,2026-03-06,Fri,W,5,2,True,False,False,Colorado College,https://www.collegehockeynews.com/reports/team/Colorado-College/16,16,False,False,https://www.collegehockeynews.com/box/final/20260306/cc_/wmu/,https://www.collegehockeynews.com/box/metrics.php?gd=112956,NCHC Tournament NCHC Quarterfinal,college_hockey_news,https://www.collegehockeynews.com/schedules/team/Western-Michigan/57/20252026,NCHC,NCHC
2025-26,Western Michigan,2026-03-07,Sat,W,2,1,True,False,False,Colorado College,https://www.collegehockeynews.com/reports/team/Colorado-College/16,16,False,True,https://www.collegehockeynews.com/box/final/20260307/cc_/wmu/,https://www.collegehockeynews.com/box/metrics.php?gd=112957,NCHC Tournament NCHC Quarterfinal,college_hockey_news,https://www.collegehockeynews.com/schedules/team/Western-Michigan/57/20252026,NCHC,NCHC
2025-26,Western Michigan,2026-03-14,Sat,L,1,2,False,True,False,Denver,https://www.collegehockeynews.com/reports/team/Denver/20,20,False,True,https://www.collegehockeynews.com/box/final/20260314/wmu/den/,https://www.collegehockeynews.com/box/metrics.php?gd=113005,"NCHC Tournament NCHC Semifinal – Magness Arena, Denver, Colo.",college_hockey_news,https://www.collegehockeynews.com/schedules/team/Western-Michigan/57/20252026,NCHC,NCHC
2025-26,Western Michigan,2026-03-27,Fri,W,3,1,False,False,True,Minnesota State,https://www.collegehockeynews.com/reports/team/Minnesota-State/35,35,False,False,https://www.collegehockeynews.com/box/final/20260327/mns/wmu/,https://www.collegehockeynews.com/box/metrics.php?gd=112915,"NCAA Tournament Loveland Regional – Blue Arena, Loveland, Colo.",college_hockey_news,https://www.collegehockeynews.com/schedules/team/Western-Michigan/57/20252026,NCHC,CCHA
2025-26,Western Michigan,2026-03-29,Sun,L,2,6,False,False,True,Denver,https://www.collegehockeynews.com/reports/team/Denver/20,20,False,False,https://www.collegehockeynews.com/box/final/20260329/den/wmu/,https://www.collegehockeynews.com/box/metrics.php?gd=112917,"NCAA Tournament Loveland Regional Final – Blue Arena, Loveland, Colo.",college_hockey_news,https://www.collegehockeynews.com/schedules/team/Western-Michigan/57/20252026,NCHC,NCHC
