season,game_id,date,day_of_week,home_team,away_team,home_team_id,away_team_id,home_goals,away_goals,is_neutral,is_overtime,is_conference,home_conference,away_conference,game_note,box_score_url,metrics_url,source
2025-26,2025-10-03_13_14,2025-10-03,Fri,Canisius,Clarkson,13,14,3,1,False,False,False,Atlantic Hockey,ECAC,,https://www.collegehockeynews.com/box/final/20251003/clk/cns/,https://www.collegehockeynews.com/box/metrics.php?gd=110437,college_hockey_news
2025-26,2025-10-03_16_17,2025-10-03,Fri,Colorado College,Connecticut,16,17,4,2,False,False,False,NCHC,Hockey East,,https://www.collegehockeynews.com/box/final/20251003/con/cc_/,https://www.collegehockeynews.com/box/metrics.php?gd=111095,college_hockey_news
2025-26,2025-10-03_21_30,2025-10-03,Fri,Miami,Ferris State,30,21,6,4,False,False,False,NCHC,CCHA,,https://www.collegehockeynews.com/box/final/20251003/fsu/mia/,https://www.collegehockeynews.com/box/metrics.php?gd=110572,college_hockey_news
2025-26,2025-10-03_26_29,2025-10-03,Fri,Mass.-Lowell,Merrimack,26,29,4,0,False,False,True,Hockey East,Hockey East,,https://www.collegehockeynews.com/box/final/20251003/mer/uml/,https://www.collegehockeynews.com/box/metrics.php?gd=110830,college_hockey_news
2025-26,2025-10-03_28_31,2025-10-03,Fri,Michigan,Mercyhurst,31,28,11,1,False,False,False,Big Ten,Atlantic Hockey,,https://www.collegehockeynews.com/box/final/20251003/mrc/mic/,https://www.collegehockeynews.com/box/metrics.php?gd=110697,college_hockey_news
2025-26,2025-10-03_33_34,2025-10-03,Fri,Minnesota,Michigan Tech,34,33,6,3,False,False,False,Big Ten,CCHA,,https://www.collegehockeynews.com/box/final/20251003/mtu/min/,https://www.collegehockeynews.com/box/metrics.php?gd=110988,college_hockey_news
2025-26,2025-10-03_36_4,2025-10-03,Fri,Alaska,Minnesota-Duluth,4,36,1,5,False,False,False,Independent,NCHC,,https://www.collegehockeynews.com/box/final/20251003/mnd/akf/,https://www.collegehockeynews.com/box/metrics.php?gd=110473,college_hockey_news
2025-26,2025-10-03_3_7,2025-10-03,Fri,Alaska-Anchorage,Bemidji State,3,7,2,9,False,False,False,Independent,CCHA,,https://www.collegehockeynews.com/box/final/20251003/bmj/aka/,https://www.collegehockeynews.com/box/metrics.php?gd=110781,college_hockey_news
2025-26,2025-10-03_433_58,2025-10-03,Fri,Lindenwood,Wisconsin,433,58,0,3,False,False,False,Independent,Big Ten,,https://www.collegehockeynews.com/box/final/20251003/wis/lin/,https://www.collegehockeynews.com/box/metrics.php?gd=111352,college_hockey_news
2025-26,2025-10-03_47_9,2025-10-03,Fri,Boston College,Quinnipiac,9,47,3,4,False,False,False,Hockey East,ECAC,,https://www.collegehockeynews.com/box/final/20251003/qui/bc_/,https://www.collegehockeynews.com/box/metrics.php?gd=111045,college_hockey_news
2025-26,2025-10-03_60_61,2025-10-03,Fri,Arizona State,Penn State,61,60,3,6,False,False,False,NCHC,Big Ten,,https://www.collegehockeynews.com/box/final/20251003/psu/asu/,https://www.collegehockeynews.com/box/metrics.php?gd=110368,college_hockey_news
2025-26,2025-10-04_10_62,2025-10-04,Sat,Boston University,Long Island,10,62,4,2,False,False,False,Hockey East,Independent,,https://www.collegehockeynews.com/box/final/20251004/liu/bu_/,https://www.collegehockeynews.com/box/metrics.php?gd=111123,college_hockey_news
2025-26,2025-10-04_16_17,2025-10-04,Sat,Colorado College,Connecticut,16,17,1,5,False,False,False,NCHC,Hockey East,,https://www.collegehockeynews.com/box/final/20251004/con/cc_/,https://www.collegehockeynews.com/box/metrics.php?gd=111096,college_hockey_news
2025-26,2025-10-04_21_30,2025-10-04,Sat,Miami,Ferris State,30,21,3,1,False,False,False,NCHC,CCHA,,https://www.collegehockeynews.com/box/final/20251004/fsu/mia/,https://www.collegehockeynews.com/box/metrics.php?gd=110573,college_hockey_news
2025-26,2025-10-04_23_41,2025-10-04,Sat,Northeastern,Holy Cross,41,23,6,4,False,False,False,Hockey East,Atlantic Hockey,,https://www.collegehockeynews.com/box/final/20251004/hcr/noe/,https://www.collegehockeynews.com/box/metrics.php?gd=110898,college_hockey_news
2025-26,2025-10-04_24_422,2025-10-04,Sat,Stonehill,Lake Superior,422,24,3,5,False,False,False,Independent,CCHA,"at Warrior Ice Arena, Brighton, Mass.",https://www.collegehockeynews.com/box/final/20251004/lss/stn/,https://www.collegehockeynews.com/box/metrics.php?gd=111151,college_hockey_news
2025-26,2025-10-04_27_42,2025-10-04,Sat,Massachusetts,Northern Michigan,27,42,5,3,False,False,False,Hockey East,CCHA,,https://www.collegehockeynews.com/box/final/20251004/nmu/uma/,https://www.collegehockeynews.com/box/metrics.php?gd=110539,college_hockey_news
2025-26,2025-10-04_28_31,2025-10-04,Sat,Michigan,Mercyhurst,31,28,7,0,False,False,False,Big Ten,Atlantic Hockey,,https://www.collegehockeynews.com/box/final/20251004/mrc/mic/,https://www.collegehockeynews.com/box/metrics.php?gd=110698,college_hockey_news
2025-26,2025-10-04_33_34,2025-10-04,Sat,Minnesota,Michigan Tech,34,33,3,5,False,False,False,Big Ten,CCHA,,https://www.collegehockeynews.com/box/final/20251004/mtu/min/,https://www.collegehockeynews.com/box/metrics.php?gd=110989,college_hockey_news
2025-26,2025-10-04_36_4,2025-10-04,Sat,Alaska,Minnesota-Duluth,4,36,1,4,False,False,False,Independent,NCHC,,https://www.collegehockeynews.com/box/final/20251004/mnd/akf/,https://www.collegehockeynews.com/box/metrics.php?gd=110474,college_hockey_news
2025-26,2025-10-04_39_53,2025-10-04,Sat,Niagara,St. Lawrence,39,53,5,2,False,False,False,Atlantic Hockey,ECAC,,https://www.collegehockeynews.com/box/final/20251004/stl/nia/,https://www.collegehockeynews.com/box/metrics.php?gd=110957,college_hockey_news
2025-26,2025-10-04_3_7,2025-10-04,Sat,Alaska-Anchorage,Bemidji State,3,7,0,5,False,False,False,Independent,CCHA,,https://www.collegehockeynews.com/box/final/20251004/bmj/aka/,https://www.collegehockeynews.com/box/metrics.php?gd=110782,college_hockey_news
2025-26,2025-10-04_433_58,2025-10-04,Sat,Lindenwood,Wisconsin,433,58,2,7,False,False,False,Independent,Big Ten,,https://www.collegehockeynews.com/box/final/20251004/wis/lin/,https://www.collegehockeynews.com/box/metrics.php?gd=111353,college_hockey_news
2025-26,2025-10-04_52_63,2025-10-04,Sat,St. Cloud State,St. Thomas,52,63,3,4,False,False,False,NCHC,CCHA,,https://www.collegehockeynews.com/box/final/20251004/stt/stc/,https://www.collegehockeynews.com/box/metrics.php?gd=110746,college_hockey_news
2025-26,2025-10-04_54_6,2025-10-04,Sat,Union,Army,54,6,1,1,False,True,False,ECAC,Atlantic Hockey,,https://www.collegehockeynews.com/box/final/20251004/arm/uni/,https://www.collegehockeynews.com/box/metrics.php?gd=110801,college_hockey_news
2025-26,2025-10-04_60_61,2025-10-04,Sat,Arizona State,Penn State,61,60,2,4,False,False,False,NCHC,Big Ten,,https://www.collegehockeynews.com/box/final/20251004/psu/asu/,https://www.collegehockeynews.com/box/metrics.php?gd=110369,college_hockey_news
2025-26,2025-10-05_13_53,2025-10-05,Sun,Canisius,St. Lawrence,13,53,4,2,False,False,False,Atlantic Hockey,ECAC,,https://www.collegehockeynews.com/box/final/20251005/stl/cns/,https://www.collegehockeynews.com/box/metrics.php?gd=110754,college_hockey_news
2025-26,2025-10-05_24_422,2025-10-05,Sun,Stonehill,Lake Superior,422,24,2,3,False,False,False,Independent,CCHA,"at Warrior Ice Arena, Brighton, Mass.",https://www.collegehockeynews.com/box/final/20251005/lss/stn/,https://www.collegehockeynews.com/box/metrics.php?gd=111152,college_hockey_news
2025-26,2025-10-05_27_42,2025-10-05,Sun,Massachusetts,Northern Michigan,27,42,4,1,False,False,False,Hockey East,CCHA,,https://www.collegehockeynews.com/box/final/20251005/nmu/uma/,https://www.collegehockeynews.com/box/metrics.php?gd=110540,college_hockey_news
2025-26,2025-10-09_14_60,2025-10-09,Thu,Penn State,Clarkson,60,14,4,6,False,False,False,Big Ten,ECAC,,https://www.collegehockeynews.com/box/final/20251009/clk/psu/,https://www.collegehockeynews.com/box/metrics.php?gd=110439,college_hockey_news
2025-26,2025-10-09_21_57,2025-10-09,Thu,Western Michigan,Ferris State,57,21,2,3,False,False,False,NCHC,CCHA,,https://www.collegehockeynews.com/box/final/20251009/fsu/wmu/,https://www.collegehockeynews.com/box/metrics.php?gd=110629,college_hockey_news
2025-26,2025-10-09_32_38,2025-10-09,Thu,Michigan State,New Hampshire,32,38,3,4,False,False,False,Big Ten,Hockey East,,https://www.collegehockeynews.com/box/final/20251009/unh/msu/,https://www.collegehockeynews.com/box/metrics.php?gd=111178,college_hockey_news
2025-26,2025-10-09_34_9,2025-10-09,Thu,Minnesota,Boston College,34,9,1,3,False,False,False,Big Ten,Hockey East,,https://www.collegehockeynews.com/box/final/20251009/bc_/min/,https://www.collegehockeynews.com/box/metrics.php?gd=110990,college_hockey_news
2025-26,2025-10-10_10_15,2025-10-10,Fri,Boston University,Colgate,10,15,6,2,False,False,False,Hockey East,ECAC,,https://www.collegehockeynews.com/box/final/20251010/clg/bu_/,https://www.collegehockeynews.com/box/metrics.php?gd=111124,college_hockey_news
2025-26,2025-10-10_11_39,2025-10-10,Fri,Niagara,Bowling Green,39,11,2,0,False,False,False,Atlantic Hockey,CCHA,,https://www.collegehockeynews.com/box/final/20251010/bgs/nia/,https://www.collegehockeynews.com/box/metrics.php?gd=110958,college_hockey_news
2025-26,2025-10-10_13_62,2025-10-10,Fri,Canisius,Long Island,13,62,3,2,False,True,False,Atlantic Hockey,Independent,,https://www.collegehockeynews.com/box/final/20251010/liu/cns/,https://www.collegehockeynews.com/box/metrics.php?gd=110755,college_hockey_news
2025-26,2025-10-10_14_60,2025-10-10,Fri,Penn State,Clarkson,60,14,5,2,False,False,False,Big Ten,ECAC,,https://www.collegehockeynews.com/box/final/20251010/clk/psu/,https://www.collegehockeynews.com/box/metrics.php?gd=110440,college_hockey_news
2025-26,2025-10-10_16_8,2025-10-10,Fri,Colorado College,Bentley,16,8,5,2,False,False,False,NCHC,Atlantic Hockey,,https://www.collegehockeynews.com/box/final/20251010/ben/cc_/,https://www.collegehockeynews.com/box/metrics.php?gd=110943,college_hockey_news
2025-26,2025-10-10_1_20,2025-10-10,Fri,Air Force,Denver,1,20,1,1,False,True,False,Atlantic Hockey,NCHC,,https://www.collegehockeynews.com/box/final/20251010/den/afa/,https://www.collegehockeynews.com/box/metrics.php?gd=110516,college_hockey_news
2025-26,2025-10-10_21_57,2025-10-10,Fri,Ferris State,Western Michigan,21,57,4,6,False,False,False,CCHA,NCHC,,https://www.collegehockeynews.com/box/final/20251010/wmu/fsu/,https://www.collegehockeynews.com/box/metrics.php?gd=110630,college_hockey_news
2025-26,2025-10-10_23_25,2025-10-10,Fri,Maine,Holy Cross,25,23,5,2,False,False,False,Hockey East,Atlantic Hockey,,https://www.collegehockeynews.com/box/final/20251010/hcr/mne/,https://www.collegehockeynews.com/box/metrics.php?gd=110899,college_hockey_news
2025-26,2025-10-10_24_433,2025-10-10,Fri,Lake Superior,Lindenwood,24,433,4,5,False,False,False,CCHA,Independent,,https://www.collegehockeynews.com/box/final/20251010/lin/lss/,https://www.collegehockeynews.com/box/metrics.php?gd=111153,college_hockey_news
2025-26,2025-10-10_26_29,2025-10-10,Fri,Merrimack,Mass.-Lowell,29,26,4,1,False,False,True,Hockey East,Hockey East,,https://www.collegehockeynews.com/box/final/20251010/uml/mer/,https://www.collegehockeynews.com/box/metrics.php?gd=110831,college_hockey_news
2025-26,2025-10-10_27_422,2025-10-10,Fri,Stonehill,Massachusetts,422,27,1,4,False,False,False,Independent,Hockey East,"at Warrior Ice Arena, Brighton, Mass.",https://www.collegehockeynews.com/box/final/20251010/uma/stn/,https://www.collegehockeynews.com/box/metrics.php?gd=110541,college_hockey_news
2025-26,2025-10-10_28_54,2025-10-10,Fri,Mercyhurst,Union,28,54,2,5,False,False,False,Atlantic Hockey,ECAC,,https://www.collegehockeynews.com/box/final/20251010/uni/mrc/,https://www.collegehockeynews.com/box/metrics.php?gd=111101,college_hockey_news
2025-26,2025-10-10_30_48,2025-10-10,Fri,RPI,Miami,48,30,3,5,False,False,False,ECAC,NCHC,,https://www.collegehockeynews.com/box/final/20251010/mia/ren/,https://www.collegehockeynews.com/box/metrics.php?gd=110574,college_hockey_news
2025-26,2025-10-10_31_46,2025-10-10,Fri,Providence,Michigan,46,31,1,5,False,False,False,Hockey East,Big Ten,,https://www.collegehockeynews.com/box/final/20251010/mic/prv/,https://www.collegehockeynews.com/box/metrics.php?gd=110699,college_hockey_news
2025-26,2025-10-10_32_38,2025-10-10,Fri,Michigan State,New Hampshire,32,38,2,0,False,False,False,Big Ten,Hockey East,,https://www.collegehockeynews.com/box/final/20251010/unh/msu/,https://www.collegehockeynews.com/box/metrics.php?gd=111179,college_hockey_news
2025-26,2025-10-10_34_9,2025-10-10,Fri,Minnesota,Boston College,34,9,2,2,False,True,False,Big Ten,Hockey East,,https://www.collegehockeynews.com/box/final/20251010/bc_/min/,https://www.collegehockeynews.com/box/metrics.php?gd=110991,college_hockey_news
2025-26,2025-10-10_35_37,2025-10-10,Fri,Omaha,Minnesota State,37,35,6,2,False,False,False,NCHC,CCHA,,https://www.collegehockeynews.com/box/final/20251010/mns/uno/,https://www.collegehockeynews.com/box/metrics.php?gd=110594,college_hockey_news
2025-26,2025-10-10_36_64,2025-10-10,Fri,Minnesota-Duluth,Augustana,36,64,4,1,False,False,False,NCHC,CCHA,,https://www.collegehockeynews.com/box/final/20251010/aug/mnd/,https://www.collegehockeynews.com/box/metrics.php?gd=110475,college_hockey_news
2025-26,2025-10-10_40_63,2025-10-10,Fri,North Dakota,St. Thomas,40,63,6,2,False,False,False,NCHC,CCHA,,https://www.collegehockeynews.com/box/final/20251010/stt/ndk/,https://www.collegehockeynews.com/box/metrics.php?gd=110407,college_hockey_news
2025-26,2025-10-10_41_6,2025-10-10,Fri,Northeastern,Army,41,6,1,2,False,False,False,Hockey East,Atlantic Hockey,,https://www.collegehockeynews.com/box/final/20251010/arm/noe/,https://www.collegehockeynews.com/box/metrics.php?gd=110802,college_hockey_news
2025-26,2025-10-10_42_44,2025-10-10,Fri,Ohio State,Northern Michigan,44,42,5,2,False,False,False,Big Ten,CCHA,,https://www.collegehockeynews.com/box/final/20251010/nmu/osu/,https://www.collegehockeynews.com/box/metrics.php?gd=110856,college_hockey_news
2025-26,2025-10-10_43_61,2025-10-10,Fri,Arizona State,Notre Dame,61,43,5,3,False,False,False,NCHC,Big Ten,"Ice Breaker – Mullett Arena, Tempe, Ariz.",https://www.collegehockeynews.com/box/final/20251010/ndm/asu/,https://www.collegehockeynews.com/box/metrics.php?gd=110371,college_hockey_news
2025-26,2025-10-10_49_51,2025-10-10,Fri,RIT,Sacred Heart,49,51,0,1,False,False,True,Atlantic Hockey,Atlantic Hockey,,https://www.collegehockeynews.com/box/final/20251010/sac/rit/,https://www.collegehockeynews.com/box/metrics.php?gd=110713,college_hockey_news
2025-26,2025-10-10_4_47,2025-10-10,Fri,Quinnipiac,Alaska,47,4,1,2,True,False,False,ECAC,Independent,"Ice Breaker – Mullett Arena, Tempe, Ariz.",https://www.collegehockeynews.com/box/final/20251010/akf/qui/,https://www.collegehockeynews.com/box/metrics.php?gd=110370,college_hockey_news
2025-26,2025-10-10_52_7,2025-10-10,Fri,Bemidji State,St. Cloud State,7,52,2,3,False,False,False,CCHA,NCHC,,https://www.collegehockeynews.com/box/final/20251010/stc/bmj/,https://www.collegehockeynews.com/box/metrics.php?gd=110747,college_hockey_news
2025-26,2025-10-10_53_55,2025-10-10,Fri,Vermont,St. Lawrence,55,53,2,1,False,False,False,Hockey East,ECAC,,https://www.collegehockeynews.com/box/final/20251010/stl/ver/,https://www.collegehockeynews.com/box/metrics.php?gd=111158,college_hockey_news
2025-26,2025-10-11_10_15,2025-10-11,Sat,Boston University,Colgate,10,15,2,2,False,True,False,Hockey East,ECAC,,https://www.collegehockeynews.com/box/final/20251011/clg/bu_/,https://www.collegehockeynews.com/box/metrics.php?gd=111125,college_hockey_news
2025-26,2025-10-11_11_39,2025-10-11,Sat,Niagara,Bowling Green,39,11,5,2,False,False,False,Atlantic Hockey,CCHA,,https://www.collegehockeynews.com/box/final/20251011/bgs/nia/,https://www.collegehockeynews.com/box/metrics.php?gd=110959,college_hockey_news
2025-26,2025-10-11_13_62,2025-10-11,Sat,Canisius,Long Island,13,62,1,6,False,False,False,Atlantic Hockey,Independent,,https://www.collegehockeynews.com/box/final/20251011/liu/cns/,https://www.collegehockeynews.com/box/metrics.php?gd=110756,college_hockey_news
2025-26,2025-10-11_1_16,2025-10-11,Sat,Air Force,Colorado College,1,16,2,4,False,False,False,Atlantic Hockey,NCHC,,https://www.collegehockeynews.com/box/final/20251011/cc_/afa/,https://www.collegehockeynews.com/box/metrics.php?gd=111008,college_hockey_news
2025-26,2025-10-11_20_8,2025-10-11,Sat,Denver,Bentley,20,8,6,0,False,False,False,NCHC,Atlantic Hockey,,https://www.collegehockeynews.com/box/final/20251011/ben/den/,https://www.collegehockeynews.com/box/metrics.php?gd=110517,college_hockey_news
2025-26,2025-10-11_23_25,2025-10-11,Sat,Maine,Holy Cross,25,23,6,0,False,False,False,Hockey East,Atlantic Hockey,,https://www.collegehockeynews.com/box/final/20251011/hcr/mne/,https://www.collegehockeynews.com/box/metrics.php?gd=110900,college_hockey_news
2025-26,2025-10-11_24_433,2025-10-11,Sat,Lake Superior,Lindenwood,24,433,4,7,False,False,False,CCHA,Independent,,https://www.collegehockeynews.com/box/final/20251011/lin/lss/,https://www.collegehockeynews.com/box/metrics.php?gd=111154,college_hockey_news
2025-26,2025-10-11_28_54,2025-10-11,Sat,Mercyhurst,Union,28,54,3,5,False,False,False,Atlantic Hockey,ECAC,,https://www.collegehockeynews.com/box/final/20251011/uni/mrc/,https://www.collegehockeynews.com/box/metrics.php?gd=111102,college_hockey_news
2025-26,2025-10-11_30_48,2025-10-11,Sat,RPI,Miami,48,30,0,5,False,False,False,ECAC,NCHC,,https://www.collegehockeynews.com/box/final/20251011/mia/ren/,https://www.collegehockeynews.com/box/metrics.php?gd=110575,college_hockey_news
2025-26,2025-10-11_31_46,2025-10-11,Sat,Providence,Michigan,46,31,1,3,False,False,False,Hockey East,Big Ten,,https://www.collegehockeynews.com/box/final/20251011/mic/prv/,https://www.collegehockeynews.com/box/metrics.php?gd=110700,college_hockey_news
2025-26,2025-10-11_35_37,2025-10-11,Sat,Omaha,Minnesota State,37,35,1,4,False,False,False,NCHC,CCHA,,https://www.collegehockeynews.com/box/final/20251011/mns/uno/,https://www.collegehockeynews.com/box/metrics.php?gd=110595,college_hockey_news
2025-26,2025-10-11_36_64,2025-10-11,Sat,Minnesota-Duluth,Augustana,36,64,0,4,False,False,False,NCHC,CCHA,,https://www.collegehockeynews.com/box/final/20251011/aug/mnd/,https://www.collegehockeynews.com/box/metrics.php?gd=110476,college_hockey_news
2025-26,2025-10-11_42_44,2025-10-11,Sat,Ohio State,Northern Michigan,44,42,3,1,False,False,False,Big Ten,CCHA,,https://www.collegehockeynews.com/box/final/20251011/nmu/osu/,https://www.collegehockeynews.com/box/metrics.php?gd=110857,college_hockey_news
2025-26,2025-10-11_43_47,2025-10-11,Sat,Quinnipiac,Notre Dame,47,43,7,2,True,False,False,ECAC,Big Ten,"Ice Breaker – Mullett Arena, Tempe, Ariz.",https://www.collegehockeynews.com/box/final/20251011/ndm/qui/,https://www.collegehockeynews.com/box/metrics.php?gd=111243,college_hockey_news
2025-26,2025-10-11_49_51,2025-10-11,Sat,RIT,Sacred Heart,49,51,1,6,False,False,True,Atlantic Hockey,Atlantic Hockey,,https://www.collegehockeynews.com/box/final/20251011/sac/rit/,https://www.collegehockeynews.com/box/metrics.php?gd=110714,college_hockey_news
2025-26,2025-10-11_4_61,2025-10-11,Sat,Arizona State,Alaska,61,4,5,2,False,False,False,NCHC,Independent,"Ice Breaker – Mullett Arena, Tempe, Ariz.",https://www.collegehockeynews.com/box/final/20251011/akf/asu/,https://www.collegehockeynews.com/box/metrics.php?gd=111241,college_hockey_news
2025-26,2025-10-11_52_7,2025-10-11,Sat,St. Cloud State,Bemidji State,52,7,4,2,False,False,False,NCHC,CCHA,,https://www.collegehockeynews.com/box/final/20251011/bmj/stc/,https://www.collegehockeynews.com/box/metrics.php?gd=110748,college_hockey_news
2025-26,2025-10-12_40_63,2025-10-12,Sun,St. Thomas,North Dakota,63,40,2,5,False,False,False,CCHA,NCHC,"at Grand Casino Arena, St. Paul, Minn.",https://www.collegehockeynews.com/box/final/20251012/ndk/stt/,https://www.collegehockeynews.com/box/metrics.php?gd=110647,college_hockey_news
2025-26,2025-10-12_422_6,2025-10-12,Sun,Army,Stonehill,6,422,6,1,False,False,False,Atlantic Hockey,Independent,,https://www.collegehockeynews.com/box/final/20251012/stn/arm/,https://www.collegehockeynews.com/box/metrics.php?gd=110803,college_hockey_news
2025-26,2025-10-12_53_55,2025-10-12,Sun,St. Lawrence,Vermont,53,55,5,2,False,False,False,ECAC,Hockey East,,https://www.collegehockeynews.com/box/final/20251012/ver/stl/,https://www.collegehockeynews.com/box/metrics.php?gd=111159,college_hockey_news
2025-26,2025-10-14_13_6,2025-10-14,Tue,Army,Canisius,6,13,1,3,False,False,True,Atlantic Hockey,Atlantic Hockey,,https://www.collegehockeynews.com/box/final/20251014/cns/arm/,https://www.collegehockeynews.com/box/metrics.php?gd=110757,college_hockey_news
2025-26,2025-10-16_31_50,2025-10-16,Thu,Michigan,Robert Morris,31,50,4,2,False,False,False,Big Ten,Atlantic Hockey,,https://www.collegehockeynews.com/box/final/20251016/rmu/mic/,https://www.collegehockeynews.com/box/metrics.php?gd=110701,college_hockey_news
2025-26,2025-10-16_35_58,2025-10-16,Thu,Wisconsin,Minnesota State,58,35,1,1,False,True,False,Big Ten,CCHA,,https://www.collegehockeynews.com/box/final/20251016/mns/wis/,https://www.collegehockeynews.com/box/metrics.php?gd=110596,college_hockey_news
2025-26,2025-10-16_43_53,2025-10-16,Thu,Notre Dame,St. Lawrence,43,53,8,2,False,False,False,Big Ten,ECAC,,https://www.collegehockeynews.com/box/final/20251016/stl/ndm/,https://www.collegehockeynews.com/box/metrics.php?gd=111160,college_hockey_news
2025-26,2025-10-17_10_32,2025-10-17,Fri,Boston University,Michigan State,10,32,2,4,False,False,False,Hockey East,Big Ten,,https://www.collegehockeynews.com/box/final/20251017/msu/bu_/,https://www.collegehockeynews.com/box/metrics.php?gd=111126,college_hockey_news
2025-26,2025-10-17_13_15,2025-10-17,Fri,Colgate,Canisius,15,13,2,4,False,False,False,ECAC,Atlantic Hockey,,https://www.collegehockeynews.com/box/final/20251017/cns/clg/,https://www.collegehockeynews.com/box/metrics.php?gd=110758,college_hockey_news
2025-26,2025-10-17_16_42,2025-10-17,Fri,Northern Michigan,Colorado College,42,16,1,2,False,True,False,CCHA,NCHC,,https://www.collegehockeynews.com/box/final/20251017/cc_/nmu/,https://www.collegehockeynews.com/box/metrics.php?gd=110858,college_hockey_news
2025-26,2025-10-17_17_44,2025-10-17,Fri,Connecticut,Ohio State,17,44,3,2,False,False,False,Hockey East,Big Ten,,https://www.collegehockeynews.com/box/final/20251017/osu/con/,https://www.collegehockeynews.com/box/metrics.php?gd=111121,college_hockey_news
2025-26,2025-10-17_1_63,2025-10-17,Fri,Air Force,St. Thomas,1,63,2,11,False,False,False,Atlantic Hockey,CCHA,,https://www.collegehockeynews.com/box/final/20251017/stt/afa/,https://www.collegehockeynews.com/box/metrics.php?gd=111009,college_hockey_news
2025-26,2025-10-17_20_433,2025-10-17,Fri,Lindenwood,Denver,433,20,4,3,False,False,False,Independent,NCHC,,https://www.collegehockeynews.com/box/final/20251017/den/lin/,https://www.collegehockeynews.com/box/metrics.php?gd=110518,college_hockey_news
2025-26,2025-10-17_25_47,2025-10-17,Fri,Quinnipiac,Maine,47,25,4,4,False,True,False,ECAC,Hockey East,,https://www.collegehockeynews.com/box/final/20251017/mne/qui/,https://www.collegehockeynews.com/box/metrics.php?gd=111047,college_hockey_news
2025-26,2025-10-17_26_57,2025-10-17,Fri,Mass.-Lowell,Western Michigan,26,57,1,2,False,False,False,Hockey East,NCHC,,https://www.collegehockeynews.com/box/final/20251017/wmu/uml/,https://www.collegehockeynews.com/box/metrics.php?gd=110631,college_hockey_news
2025-26,2025-10-17_27_41,2025-10-17,Fri,Massachusetts,Northeastern,27,41,2,4,False,False,True,Hockey East,Hockey East,,https://www.collegehockeynews.com/box/final/20251017/noe/uma/,https://www.collegehockeynews.com/box/metrics.php?gd=110542,college_hockey_news
2025-26,2025-10-17_31_50,2025-10-17,Fri,Michigan,Robert Morris,31,50,10,2,False,False,False,Big Ten,Atlantic Hockey,,https://www.collegehockeynews.com/box/final/20251017/rmu/mic/,https://www.collegehockeynews.com/box/metrics.php?gd=110702,college_hockey_news
2025-26,2025-10-17_33_4,2025-10-17,Fri,Alaska,Michigan Tech,4,33,1,3,False,False,False,Independent,CCHA,,https://www.collegehockeynews.com/box/final/20251017/mtu/akf/,https://www.collegehockeynews.com/box/metrics.php?gd=111015,college_hockey_news
2025-26,2025-10-17_34_40,2025-10-17,Fri,North Dakota,Minnesota,40,34,5,2,False,False,False,NCHC,Big Ten,,https://www.collegehockeynews.com/box/final/20251017/min/ndk/,https://www.collegehockeynews.com/box/metrics.php?gd=110408,college_hockey_news
2025-26,2025-10-17_35_58,2025-10-17,Fri,Wisconsin,Minnesota State,58,35,2,2,False,True,False,Big Ten,CCHA,,https://www.collegehockeynews.com/box/final/20251017/mns/wis/,https://www.collegehockeynews.com/box/metrics.php?gd=110597,college_hockey_news
2025-26,2025-10-17_36_7,2025-10-17,Fri,Bemidji State,Minnesota-Duluth,7,36,3,7,False,False,False,CCHA,NCHC,,https://www.collegehockeynews.com/box/final/20251017/mnd/bmj/,https://www.collegehockeynews.com/box/metrics.php?gd=110477,college_hockey_news
2025-26,2025-10-17_39_54,2025-10-17,Fri,Union,Niagara,54,39,3,2,False,False,False,ECAC,Atlantic Hockey,,https://www.collegehockeynews.com/box/final/20251017/nia/uni/,https://www.collegehockeynews.com/box/metrics.php?gd=110960,college_hockey_news
2025-26,2025-10-17_43_53,2025-10-17,Fri,Notre Dame,St. Lawrence,43,53,3,0,False,False,False,Big Ten,ECAC,,https://www.collegehockeynews.com/box/final/20251017/stl/ndm/,https://www.collegehockeynews.com/box/metrics.php?gd=111161,college_hockey_news
2025-26,2025-10-17_48_9,2025-10-17,Fri,RPI,Boston College,48,9,1,5,False,False,False,ECAC,Hockey East,,https://www.collegehockeynews.com/box/final/20251017/bc_/ren/,https://www.collegehockeynews.com/box/metrics.php?gd=111074,college_hockey_news
2025-26,2025-10-17_52_55,2025-10-17,Fri,St. Cloud State,Vermont,52,55,1,2,False,True,False,NCHC,Hockey East,,https://www.collegehockeynews.com/box/final/20251017/ver/stc/,https://www.collegehockeynews.com/box/metrics.php?gd=110749,college_hockey_news
2025-26,2025-10-17_60_62,2025-10-17,Fri,Penn State,Long Island,60,62,5,4,False,True,False,Big Ten,Independent,,https://www.collegehockeynews.com/box/final/20251017/liu/psu/,https://www.collegehockeynews.com/box/metrics.php?gd=111201,college_hockey_news
2025-26,2025-10-17_61_64,2025-10-17,Fri,Augustana,Arizona State,64,61,4,2,False,False,False,CCHA,NCHC,,https://www.collegehockeynews.com/box/final/20251017/asu/aug/,https://www.collegehockeynews.com/box/metrics.php?gd=110372,college_hockey_news
2025-26,2025-10-18_10_32,2025-10-18,Sat,Boston University,Michigan State,10,32,3,4,False,True,False,Hockey East,Big Ten,,https://www.collegehockeynews.com/box/final/20251018/msu/bu_/,https://www.collegehockeynews.com/box/metrics.php?gd=111127,college_hockey_news
2025-26,2025-10-18_13_15,2025-10-18,Sat,Colgate,Canisius,15,13,5,3,False,False,False,ECAC,Atlantic Hockey,,https://www.collegehockeynews.com/box/final/20251018/cns/clg/,https://www.collegehockeynews.com/box/metrics.php?gd=110759,college_hockey_news
2025-26,2025-10-18_14_49,2025-10-18,Sat,RIT,Clarkson,49,14,6,2,False,False,False,Atlantic Hockey,ECAC,"at Blue Cross Arena, Rochester, N.Y.",https://www.collegehockeynews.com/box/final/20251018/clk/rit/,https://www.collegehockeynews.com/box/metrics.php?gd=110441,college_hockey_news
2025-26,2025-10-18_16_42,2025-10-18,Sat,Northern Michigan,Colorado College,42,16,2,5,False,False,False,CCHA,NCHC,,https://www.collegehockeynews.com/box/final/20251018/cc_/nmu/,https://www.collegehockeynews.com/box/metrics.php?gd=110859,college_hockey_news
2025-26,2025-10-18_17_44,2025-10-18,Sat,Connecticut,Ohio State,17,44,2,4,False,False,False,Hockey East,Big Ten,"at PeoplesBank Arena, Hartford, Conn.",https://www.collegehockeynews.com/box/final/20251018/osu/con/,https://www.collegehockeynews.com/box/metrics.php?gd=111122,college_hockey_news
2025-26,2025-10-18_1_63,2025-10-18,Sat,Air Force,St. Thomas,1,63,6,2,False,False,False,Atlantic Hockey,CCHA,,https://www.collegehockeynews.com/box/final/20251018/stt/afa/,https://www.collegehockeynews.com/box/metrics.php?gd=111010,college_hockey_news
2025-26,2025-10-18_20_433,2025-10-18,Sat,Lindenwood,Denver,433,20,0,4,False,False,False,Independent,NCHC,,https://www.collegehockeynews.com/box/final/20251018/den/lin/,https://www.collegehockeynews.com/box/metrics.php?gd=110519,college_hockey_news
2025-26,2025-10-18_23_28,2025-10-18,Sat,Mercyhurst,Holy Cross,28,23,0,4,False,False,True,Atlantic Hockey,Atlantic Hockey,,https://www.collegehockeynews.com/box/final/20251018/hcr/mrc/,https://www.collegehockeynews.com/box/metrics.php?gd=110901,college_hockey_news
2025-26,2025-10-18_25_47,2025-10-18,Sat,Quinnipiac,Maine,47,25,4,0,False,False,False,ECAC,Hockey East,,https://www.collegehockeynews.com/box/final/20251018/mne/qui/,https://www.collegehockeynews.com/box/metrics.php?gd=111048,college_hockey_news
2025-26,2025-10-18_26_57,2025-10-18,Sat,Mass.-Lowell,Western Michigan,26,57,0,6,False,False,False,Hockey East,NCHC,,https://www.collegehockeynews.com/box/final/20251018/wmu/uml/,https://www.collegehockeynews.com/box/metrics.php?gd=110632,college_hockey_news
2025-26,2025-10-18_27_8,2025-10-18,Sat,Massachusetts,Bentley,27,8,5,4,False,True,False,Hockey East,Atlantic Hockey,,https://www.collegehockeynews.com/box/final/20251018/ben/uma/,https://www.collegehockeynews.com/box/metrics.php?gd=110543,college_hockey_news
2025-26,2025-10-18_29_38,2025-10-18,Sat,Merrimack,New Hampshire,29,38,5,1,False,False,True,Hockey East,Hockey East,,https://www.collegehockeynews.com/box/final/20251018/unh/mer/,https://www.collegehockeynews.com/box/metrics.php?gd=111180,college_hockey_news
2025-26,2025-10-18_33_4,2025-10-18,Sat,Alaska,Michigan Tech,4,33,5,1,False,False,False,Independent,CCHA,,https://www.collegehockeynews.com/box/final/20251018/mtu/akf/,https://www.collegehockeynews.com/box/metrics.php?gd=111016,college_hockey_news
2025-26,2025-10-18_34_40,2025-10-18,Sat,North Dakota,Minnesota,40,34,1,5,False,False,False,NCHC,Big Ten,,https://www.collegehockeynews.com/box/final/20251018/min/ndk/,https://www.collegehockeynews.com/box/metrics.php?gd=110409,college_hockey_news
2025-26,2025-10-18_36_7,2025-10-18,Sat,Minnesota-Duluth,Bemidji State,36,7,5,1,False,False,False,NCHC,CCHA,,https://www.collegehockeynews.com/box/final/20251018/bmj/mnd/,https://www.collegehockeynews.com/box/metrics.php?gd=110478,college_hockey_news
2025-26,2025-10-18_39_54,2025-10-18,Sat,Union,Niagara,54,39,6,0,False,False,False,ECAC,Atlantic Hockey,,https://www.collegehockeynews.com/box/final/20251018/nia/uni/,https://www.collegehockeynews.com/box/metrics.php?gd=110961,college_hockey_news
2025-26,2025-10-18_422_51,2025-10-18,Sat,Sacred Heart,Stonehill,51,422,2,3,False,False,False,Atlantic Hockey,Independent,,https://www.collegehockeynews.com/box/final/20251018/stn/sac/,https://www.collegehockeynews.com/box/metrics.php?gd=110926,college_hockey_news
2025-26,2025-10-18_46_48,2025-10-18,Sat,RPI,Providence,48,46,1,5,False,False,False,ECAC,Hockey East,,https://www.collegehockeynews.com/box/final/20251018/prv/ren/,https://www.collegehockeynews.com/box/metrics.php?gd=111075,college_hockey_news
2025-26,2025-10-18_52_55,2025-10-18,Sat,St. Cloud State,Vermont,52,55,4,0,False,False,False,NCHC,Hockey East,,https://www.collegehockeynews.com/box/final/20251018/ver/stc/,https://www.collegehockeynews.com/box/metrics.php?gd=110750,college_hockey_news
2025-26,2025-10-18_60_62,2025-10-18,Sat,Penn State,Long Island,60,62,3,0,False,False,False,Big Ten,Independent,,https://www.collegehockeynews.com/box/final/20251018/liu/psu/,https://www.collegehockeynews.com/box/metrics.php?gd=111202,college_hockey_news
2025-26,2025-10-18_61_64,2025-10-18,Sat,Augustana,Arizona State,64,61,5,2,False,False,False,CCHA,NCHC,,https://www.collegehockeynews.com/box/final/20251018/asu/aug/,https://www.collegehockeynews.com/box/metrics.php?gd=110373,college_hockey_news
2025-26,2025-10-21_23_47,2025-10-21,Tue,Holy Cross,Quinnipiac,23,47,1,4,False,False,False,Atlantic Hockey,ECAC,,https://www.collegehockeynews.com/box/final/20251021/qui/hcr/,https://www.collegehockeynews.com/box/metrics.php?gd=110902,college_hockey_news
2025-26,2025-10-23_31_57,2025-10-23,Thu,Michigan,Western Michigan,31,57,4,0,False,False,False,Big Ten,NCHC,,https://www.collegehockeynews.com/box/final/20251023/wmu/mic/,https://www.collegehockeynews.com/box/metrics.php?gd=110633,college_hockey_news
2025-26,2025-10-24_10_17,2025-10-24,Fri,Boston University,Connecticut,10,17,4,8,False,False,True,Hockey East,Hockey East,,https://www.collegehockeynews.com/box/final/20251024/con/bu_/,https://www.collegehockeynews.com/box/metrics.php?gd=111128,college_hockey_news
2025-26,2025-10-24_11_24,2025-10-24,Fri,Lake Superior,Bowling Green,24,11,1,4,False,False,True,CCHA,CCHA,,https://www.collegehockeynews.com/box/final/20251024/bgs/lss/,https://www.collegehockeynews.com/box/metrics.php?gd=110973,college_hockey_news
2025-26,2025-10-24_13_8,2025-10-24,Fri,Bentley,Canisius,8,13,4,1,False,False,True,Atlantic Hockey,Atlantic Hockey,,https://www.collegehockeynews.com/box/final/20251024/cns/ben/,https://www.collegehockeynews.com/box/metrics.php?gd=110760,college_hockey_news
2025-26,2025-10-24_14_40,2025-10-24,Fri,Clarkson,North Dakota,14,40,5,2,False,False,False,ECAC,NCHC,,https://www.collegehockeynews.com/box/final/20251024/ndk/clk/,https://www.collegehockeynews.com/box/metrics.php?gd=110410,college_hockey_news
2025-26,2025-10-24_15_25,2025-10-24,Fri,Maine,Colgate,25,15,2,3,False,False,False,Hockey East,ECAC,,https://www.collegehockeynews.com/box/final/20251024/clg/mne/,https://www.collegehockeynews.com/box/metrics.php?gd=111269,college_hockey_news
2025-26,2025-10-24_1_49,2025-10-24,Fri,RIT,Air Force,49,1,5,1,False,False,True,Atlantic Hockey,Atlantic Hockey,,https://www.collegehockeynews.com/box/final/20251024/afa/rit/,https://www.collegehockeynews.com/box/metrics.php?gd=110716,college_hockey_news
2025-26,2025-10-24_20_9,2025-10-24,Fri,Boston College,Denver,9,20,3,7,False,False,False,Hockey East,NCHC,,https://www.collegehockeynews.com/box/final/20251024/den/bc_/,https://www.collegehockeynews.com/box/metrics.php?gd=110520,college_hockey_news
2025-26,2025-10-24_21_33,2025-10-24,Fri,Michigan Tech,Ferris State,33,21,5,1,False,False,True,CCHA,CCHA,,https://www.collegehockeynews.com/box/final/20251024/fsu/mtu/,https://www.collegehockeynews.com/box/metrics.php?gd=110998,college_hockey_news
2025-26,2025-10-24_23_6,2025-10-24,Fri,Army,Holy Cross,6,23,5,2,False,False,True,Atlantic Hockey,Atlantic Hockey,,https://www.collegehockeynews.com/box/final/20251024/hcr/arm/,https://www.collegehockeynews.com/box/metrics.php?gd=110804,college_hockey_news
2025-26,2025-10-24_26_28,2025-10-24,Fri,Mercyhurst,Mass.-Lowell,28,26,0,4,False,False,False,Atlantic Hockey,Hockey East,,https://www.collegehockeynews.com/box/final/20251024/uml/mrc/,https://www.collegehockeynews.com/box/metrics.php?gd=110832,college_hockey_news
2025-26,2025-10-24_27_37,2025-10-24,Fri,Omaha,Massachusetts,37,27,4,5,False,False,False,NCHC,Hockey East,,https://www.collegehockeynews.com/box/final/20251024/uma/uno/,https://www.collegehockeynews.com/box/metrics.php?gd=110544,college_hockey_news
2025-26,2025-10-24_29_47,2025-10-24,Fri,Merrimack,Quinnipiac,29,47,4,1,False,False,False,Hockey East,ECAC,,https://www.collegehockeynews.com/box/final/20251024/qui/mer/,https://www.collegehockeynews.com/box/metrics.php?gd=111049,college_hockey_news
2025-26,2025-10-24_30_433,2025-10-24,Fri,Lindenwood,Miami,433,30,4,5,False,True,False,Independent,NCHC,,https://www.collegehockeynews.com/box/final/20251024/mia/lin/,https://www.collegehockeynews.com/box/metrics.php?gd=110576,college_hockey_news
2025-26,2025-10-24_31_57,2025-10-24,Fri,Western Michigan,Michigan,57,31,5,2,False,False,False,NCHC,Big Ten,,https://www.collegehockeynews.com/box/final/20251024/mic/wmu/,https://www.collegehockeynews.com/box/metrics.php?gd=110634,college_hockey_news
2025-26,2025-10-24_32_42,2025-10-24,Fri,Northern Michigan,Michigan State,42,32,0,4,False,False,False,CCHA,Big Ten,,https://www.collegehockeynews.com/box/final/20251024/msu/nmu/,https://www.collegehockeynews.com/box/metrics.php?gd=110860,college_hockey_news
2025-26,2025-10-24_34_36,2025-10-24,Fri,Minnesota,Minnesota-Duluth,34,36,0,3,False,False,False,Big Ten,NCHC,,https://www.collegehockeynews.com/box/final/20251024/mnd/min/,https://www.collegehockeynews.com/box/metrics.php?gd=110479,college_hockey_news
2025-26,2025-10-24_35_48,2025-10-24,Fri,Minnesota State,RPI,35,48,4,2,False,False,False,CCHA,ECAC,,https://www.collegehockeynews.com/box/final/20251024/ren/mns/,https://www.collegehockeynews.com/box/metrics.php?gd=110598,college_hockey_news
2025-26,2025-10-24_38_62,2025-10-24,Fri,New Hampshire,Long Island,38,62,3,2,False,True,False,Hockey East,Independent,,https://www.collegehockeynews.com/box/final/20251024/liu/unh/,https://www.collegehockeynews.com/box/metrics.php?gd=111181,college_hockey_news
2025-26,2025-10-24_3_52,2025-10-24,Fri,St. Cloud State,Alaska-Anchorage,52,3,5,2,False,False,False,NCHC,Independent,,https://www.collegehockeynews.com/box/final/20251024/aka/stc/,https://www.collegehockeynews.com/box/metrics.php?gd=110751,college_hockey_news
2025-26,2025-10-24_422_60,2025-10-24,Fri,Penn State,Stonehill,60,422,3,2,False,False,False,Big Ten,Independent,,https://www.collegehockeynews.com/box/final/20251024/stn/psu/,https://www.collegehockeynews.com/box/metrics.php?gd=111203,college_hockey_news
2025-26,2025-10-24_43_50,2025-10-24,Fri,Notre Dame,Robert Morris,43,50,6,3,False,False,False,Big Ten,Atlantic Hockey,,https://www.collegehockeynews.com/box/final/20251024/rmu/ndm/,https://www.collegehockeynews.com/box/metrics.php?gd=110876,college_hockey_news
2025-26,2025-10-24_44_51,2025-10-24,Fri,Ohio State,Sacred Heart,44,51,1,2,False,True,False,Big Ten,Atlantic Hockey,,https://www.collegehockeynews.com/box/final/20251024/sac/osu/,https://www.collegehockeynews.com/box/metrics.php?gd=110927,college_hockey_news
2025-26,2025-10-24_46_63,2025-10-24,Fri,St. Thomas,Providence,63,46,2,2,False,True,False,CCHA,Hockey East,,https://www.collegehockeynews.com/box/final/20251024/prv/stt/,https://www.collegehockeynews.com/box/metrics.php?gd=110648,college_hockey_news
2025-26,2025-10-24_4_58,2025-10-24,Fri,Wisconsin,Alaska,58,4,5,3,False,False,False,Big Ten,Independent,,https://www.collegehockeynews.com/box/final/20251024/akf/wis/,https://www.collegehockeynews.com/box/metrics.php?gd=111334,college_hockey_news
2025-26,2025-10-24_64_7,2025-10-24,Fri,Bemidji State,Augustana,7,64,1,0,False,True,True,CCHA,CCHA,,https://www.collegehockeynews.com/box/final/20251024/aug/bmj/,https://www.collegehockeynews.com/box/metrics.php?gd=110673,college_hockey_news
2025-26,2025-10-25_10_17,2025-10-25,Sat,Connecticut,Boston University,17,10,1,3,False,False,True,Hockey East,Hockey East,,https://www.collegehockeynews.com/box/final/20251025/bu_/con/,https://www.collegehockeynews.com/box/metrics.php?gd=111129,college_hockey_news
2025-26,2025-10-25_11_24,2025-10-25,Sat,Lake Superior,Bowling Green,24,11,2,3,False,False,True,CCHA,CCHA,,https://www.collegehockeynews.com/box/final/20251025/bgs/lss/,https://www.collegehockeynews.com/box/metrics.php?gd=110974,college_hockey_news
2025-26,2025-10-25_13_8,2025-10-25,Sat,Bentley,Canisius,8,13,3,0,False,False,True,Atlantic Hockey,Atlantic Hockey,,https://www.collegehockeynews.com/box/final/20251025/cns/ben/,https://www.collegehockeynews.com/box/metrics.php?gd=110761,college_hockey_news
2025-26,2025-10-25_14_40,2025-10-25,Sat,Clarkson,North Dakota,14,40,0,1,False,False,False,ECAC,NCHC,,https://www.collegehockeynews.com/box/final/20251025/ndk/clk/,https://www.collegehockeynews.com/box/metrics.php?gd=110411,college_hockey_news
2025-26,2025-10-25_15_25,2025-10-25,Sat,Maine,Colgate,25,15,3,2,False,True,False,Hockey East,ECAC,,https://www.collegehockeynews.com/box/final/20251025/clg/mne/,https://www.collegehockeynews.com/box/metrics.php?gd=111270,college_hockey_news
2025-26,2025-10-25_1_49,2025-10-25,Sat,RIT,Air Force,49,1,7,3,False,False,True,Atlantic Hockey,Atlantic Hockey,,https://www.collegehockeynews.com/box/final/20251025/afa/rit/,https://www.collegehockeynews.com/box/metrics.php?gd=110717,college_hockey_news
2025-26,2025-10-25_20_41,2025-10-25,Sat,Northeastern,Denver,41,20,1,0,False,False,False,Hockey East,NCHC,,https://www.collegehockeynews.com/box/final/20251025/den/noe/,https://www.collegehockeynews.com/box/metrics.php?gd=110521,college_hockey_news
2025-26,2025-10-25_21_33,2025-10-25,Sat,Michigan Tech,Ferris State,33,21,4,2,False,False,True,CCHA,CCHA,,https://www.collegehockeynews.com/box/final/20251025/fsu/mtu/,https://www.collegehockeynews.com/box/metrics.php?gd=110999,college_hockey_news
2025-26,2025-10-25_23_6,2025-10-25,Sat,Army,Holy Cross,6,23,1,5,False,False,True,Atlantic Hockey,Atlantic Hockey,,https://www.collegehockeynews.com/box/final/20251025/hcr/arm/,https://www.collegehockeynews.com/box/metrics.php?gd=110805,college_hockey_news
2025-26,2025-10-25_26_28,2025-10-25,Sat,Mercyhurst,Mass.-Lowell,28,26,3,4,False,False,False,Atlantic Hockey,Hockey East,,https://www.collegehockeynews.com/box/final/20251025/uml/mrc/,https://www.collegehockeynews.com/box/metrics.php?gd=110833,college_hockey_news
2025-26,2025-10-25_27_37,2025-10-25,Sat,Omaha,Massachusetts,37,27,5,2,False,False,False,NCHC,Hockey East,,https://www.collegehockeynews.com/box/final/20251025/uma/uno/,https://www.collegehockeynews.com/box/metrics.php?gd=110545,college_hockey_news
2025-26,2025-10-25_29_62,2025-10-25,Sat,Merrimack,Long Island,29,62,2,5,False,False,False,Hockey East,Independent,,https://www.collegehockeynews.com/box/final/20251025/liu/mer/,https://www.collegehockeynews.com/box/metrics.php?gd=111381,college_hockey_news
2025-26,2025-10-25_30_433,2025-10-25,Sat,Lindenwood,Miami,433,30,4,5,False,True,False,Independent,NCHC,,https://www.collegehockeynews.com/box/final/20251025/mia/lin/,https://www.collegehockeynews.com/box/metrics.php?gd=110577,college_hockey_news
2025-26,2025-10-25_32_42,2025-10-25,Sat,Northern Michigan,Michigan State,42,32,2,6,False,False,False,CCHA,Big Ten,,https://www.collegehockeynews.com/box/final/20251025/msu/nmu/,https://www.collegehockeynews.com/box/metrics.php?gd=110861,college_hockey_news
2025-26,2025-10-25_34_36,2025-10-25,Sat,Minnesota,Minnesota-Duluth,34,36,1,4,False,False,False,Big Ten,NCHC,,https://www.collegehockeynews.com/box/final/20251025/mnd/min/,https://www.collegehockeynews.com/box/metrics.php?gd=110480,college_hockey_news
2025-26,2025-10-25_35_48,2025-10-25,Sat,Minnesota State,RPI,35,48,2,1,False,False,False,CCHA,ECAC,,https://www.collegehockeynews.com/box/final/20251025/ren/mns/,https://www.collegehockeynews.com/box/metrics.php?gd=110599,college_hockey_news
2025-26,2025-10-25_38_47,2025-10-25,Sat,New Hampshire,Quinnipiac,38,47,0,2,False,False,False,Hockey East,ECAC,,https://www.collegehockeynews.com/box/final/20251025/qui/unh/,https://www.collegehockeynews.com/box/metrics.php?gd=111050,college_hockey_news
2025-26,2025-10-25_3_52,2025-10-25,Sat,St. Cloud State,Alaska-Anchorage,52,3,5,1,False,False,False,NCHC,Independent,,https://www.collegehockeynews.com/box/final/20251025/aka/stc/,https://www.collegehockeynews.com/box/metrics.php?gd=110752,college_hockey_news
2025-26,2025-10-25_422_60,2025-10-25,Sat,Penn State,Stonehill,60,422,4,2,False,False,False,Big Ten,Independent,,https://www.collegehockeynews.com/box/final/20251025/stn/psu/,https://www.collegehockeynews.com/box/metrics.php?gd=111204,college_hockey_news
2025-26,2025-10-25_43_50,2025-10-25,Sat,Notre Dame,Robert Morris,43,50,2,2,False,True,False,Big Ten,Atlantic Hockey,,https://www.collegehockeynews.com/box/final/20251025/rmu/ndm/,https://www.collegehockeynews.com/box/metrics.php?gd=110877,college_hockey_news
2025-26,2025-10-25_44_51,2025-10-25,Sat,Ohio State,Sacred Heart,44,51,3,0,False,False,False,Big Ten,Atlantic Hockey,,https://www.collegehockeynews.com/box/final/20251025/sac/osu/,https://www.collegehockeynews.com/box/metrics.php?gd=110928,college_hockey_news
2025-26,2025-10-25_46_63,2025-10-25,Sat,St. Thomas,Providence,63,46,4,7,False,False,False,CCHA,Hockey East,,https://www.collegehockeynews.com/box/final/20251025/prv/stt/,https://www.collegehockeynews.com/box/metrics.php?gd=110649,college_hockey_news
2025-26,2025-10-25_4_58,2025-10-25,Sat,Wisconsin,Alaska,58,4,4,1,False,False,False,Big Ten,Independent,,https://www.collegehockeynews.com/box/final/20251025/akf/wis/,https://www.collegehockeynews.com/box/metrics.php?gd=111335,college_hockey_news
2025-26,2025-10-25_64_7,2025-10-25,Sat,Bemidji State,Augustana,7,64,3,2,False,False,True,CCHA,CCHA,,https://www.collegehockeynews.com/box/final/20251025/aug/bmj/,https://www.collegehockeynews.com/box/metrics.php?gd=110674,college_hockey_news
2025-26,2025-10-30_23_51,2025-10-30,Thu,Holy Cross,Sacred Heart,23,51,5,2,False,False,True,Atlantic Hockey,Atlantic Hockey,,https://www.collegehockeynews.com/box/final/20251030/sac/hcr/,https://www.collegehockeynews.com/box/metrics.php?gd=110903,college_hockey_news
2025-26,2025-10-30_34_58,2025-10-30,Thu,Wisconsin,Minnesota,58,34,5,2,False,False,True,Big Ten,Big Ten,,https://www.collegehockeynews.com/box/final/20251030/min/wis/,https://www.collegehockeynews.com/box/metrics.php?gd=111463,college_hockey_news
2025-26,2025-10-30_41_9,2025-10-30,Thu,Boston College,Northeastern,9,41,1,4,False,False,True,Hockey East,Hockey East,,https://www.collegehockeynews.com/box/final/20251030/noe/bc_/,https://www.collegehockeynews.com/box/metrics.php?gd=111271,college_hockey_news
2025-26,2025-10-30_44_60,2025-10-30,Thu,Ohio State,Penn State,44,60,2,3,False,False,True,Big Ten,Big Ten,,https://www.collegehockeynews.com/box/final/20251030/psu/osu/,https://www.collegehockeynews.com/box/metrics.php?gd=111419,college_hockey_news
2025-26,2025-10-31_10_25,2025-10-31,Fri,Maine,Boston University,25,10,5,4,False,True,True,Hockey East,Hockey East,,https://www.collegehockeynews.com/box/final/20251031/bu_/mne/,https://www.collegehockeynews.com/box/metrics.php?gd=111130,college_hockey_news
2025-26,2025-10-31_11_7,2025-10-31,Fri,Bowling Green,Bemidji State,11,7,4,4,False,True,True,CCHA,CCHA,,https://www.collegehockeynews.com/box/final/20251031/bmj/bgs/,https://www.collegehockeynews.com/box/metrics.php?gd=110783,college_hockey_news
2025-26,2025-10-31_14_33,2025-10-31,Fri,Clarkson,Michigan Tech,14,33,6,4,False,False,False,ECAC,CCHA,,https://www.collegehockeynews.com/box/final/20251031/mtu/clk/,https://www.collegehockeynews.com/box/metrics.php?gd=110442,college_hockey_news
2025-26,2025-10-31_15_49,2025-10-31,Fri,Colgate,RIT,15,49,1,3,False,False,False,ECAC,Atlantic Hockey,,https://www.collegehockeynews.com/box/final/20251031/rit/clg/,https://www.collegehockeynews.com/box/metrics.php?gd=110718,college_hockey_news
2025-26,2025-10-31_16_37,2025-10-31,Fri,Colorado College,Omaha,16,37,2,3,False,False,True,NCHC,NCHC,,https://www.collegehockeynews.com/box/final/20251031/uno/cc_/,https://www.collegehockeynews.com/box/metrics.php?gd=110501,college_hockey_news
2025-26,2025-10-31_17_22,2025-10-31,Fri,Connecticut,Harvard,17,22,1,1,False,True,False,Hockey East,ECAC,,https://www.collegehockeynews.com/box/final/20251031/har/con/,https://www.collegehockeynews.com/box/metrics.php?gd=111211,college_hockey_news
2025-26,2025-10-31_18_27,2025-10-31,Fri,Massachusetts,Cornell,27,18,2,1,False,False,False,Hockey East,ECAC,,https://www.collegehockeynews.com/box/final/20251031/cor/uma/,https://www.collegehockeynews.com/box/metrics.php?gd=110546,college_hockey_news
2025-26,2025-10-31_1_12,2025-10-31,Fri,Air Force,Brown,1,12,2,0,False,False,False,Atlantic Hockey,ECAC,,https://www.collegehockeynews.com/box/final/20251031/brn/afa/,https://www.collegehockeynews.com/box/metrics.php?gd=111011,college_hockey_news
2025-26,2025-10-31_20_3,2025-10-31,Fri,Denver,Alaska-Anchorage,20,3,3,4,False,True,False,NCHC,Independent,,https://www.collegehockeynews.com/box/final/20251031/aka/den/,https://www.collegehockeynews.com/box/metrics.php?gd=110522,college_hockey_news
2025-26,2025-10-31_21_433,2025-10-31,Fri,Ferris State,Lindenwood,21,433,0,1,False,False,False,CCHA,Independent,,https://www.collegehockeynews.com/box/final/20251031/lin/fsu/,https://www.collegehockeynews.com/box/metrics.php?gd=111000,college_hockey_news
2025-26,2025-10-31_23_51,2025-10-31,Fri,Holy Cross,Sacred Heart,23,51,2,2,False,True,True,Atlantic Hockey,Atlantic Hockey,,https://www.collegehockeynews.com/box/final/20251031/sac/hcr/,https://www.collegehockeynews.com/box/metrics.php?gd=110904,college_hockey_news
2025-26,2025-10-31_24_53,2025-10-31,Fri,St. Lawrence,Lake Superior,53,24,3,3,False,True,False,ECAC,CCHA,,https://www.collegehockeynews.com/box/final/20251031/lss/stl/,https://www.collegehockeynews.com/box/metrics.php?gd=111157,college_hockey_news
2025-26,2025-10-31_26_46,2025-10-31,Fri,Providence,Mass.-Lowell,46,26,5,2,False,False,True,Hockey East,Hockey East,,https://www.collegehockeynews.com/box/final/20251031/uml/prv/,https://www.collegehockeynews.com/box/metrics.php?gd=110834,college_hockey_news
2025-26,2025-10-31_28_8,2025-10-31,Fri,Mercyhurst,Bentley,28,8,1,3,False,False,True,Atlantic Hockey,Atlantic Hockey,,https://www.collegehockeynews.com/box/final/20251031/ben/mrc/,https://www.collegehockeynews.com/box/metrics.php?gd=110944,college_hockey_news
2025-26,2025-10-31_30_61,2025-10-31,Fri,Miami,Arizona State,30,61,1,4,False,False,True,NCHC,NCHC,,https://www.collegehockeynews.com/box/final/20251031/asu/mia/,https://www.collegehockeynews.com/box/metrics.php?gd=110374,college_hockey_news
2025-26,2025-10-31_31_43,2025-10-31,Fri,Notre Dame,Michigan,43,31,3,5,False,False,True,Big Ten,Big Ten,,https://www.collegehockeynews.com/box/final/20251031/mic/ndm/,https://www.collegehockeynews.com/box/metrics.php?gd=111499,college_hockey_news
2025-26,2025-10-31_35_63,2025-10-31,Fri,St. Thomas,Minnesota State,63,35,1,3,False,False,True,CCHA,CCHA,,https://www.collegehockeynews.com/box/final/20251031/mns/stt/,https://www.collegehockeynews.com/box/metrics.php?gd=110600,college_hockey_news
2025-26,2025-10-31_36_40,2025-10-31,Fri,North Dakota,Minnesota-Duluth,40,36,3,4,False,True,True,NCHC,NCHC,,https://www.collegehockeynews.com/box/final/20251031/mnd/ndk/,https://www.collegehockeynews.com/box/metrics.php?gd=110412,college_hockey_news
2025-26,2025-10-31_38_55,2025-10-31,Fri,New Hampshire,Vermont,38,55,4,2,False,False,True,Hockey East,Hockey East,,https://www.collegehockeynews.com/box/final/20251031/ver/unh/,https://www.collegehockeynews.com/box/metrics.php?gd=111182,college_hockey_news
2025-26,2025-10-31_39_50,2025-10-31,Fri,Robert Morris,Niagara,50,39,4,2,False,False,True,Atlantic Hockey,Atlantic Hockey,,https://www.collegehockeynews.com/box/final/20251031/nia/rmu/,https://www.collegehockeynews.com/box/metrics.php?gd=110878,college_hockey_news
2025-26,2025-10-31_41_9,2025-10-31,Fri,Northeastern,Boston College,41,9,3,0,False,False,True,Hockey East,Hockey East,,https://www.collegehockeynews.com/box/final/20251031/bc_/noe/,https://www.collegehockeynews.com/box/metrics.php?gd=111272,college_hockey_news
2025-26,2025-10-31_42_64,2025-10-31,Fri,Augustana,Northern Michigan,64,42,2,1,False,False,True,CCHA,CCHA,,https://www.collegehockeynews.com/box/final/20251031/nmu/aug/,https://www.collegehockeynews.com/box/metrics.php?gd=110675,college_hockey_news
2025-26,2025-10-31_44_60,2025-10-31,Fri,Ohio State,Penn State,44,60,3,4,False,False,True,Big Ten,Big Ten,,https://www.collegehockeynews.com/box/final/20251031/psu/osu/,https://www.collegehockeynews.com/box/metrics.php?gd=111420,college_hockey_news
2025-26,2025-10-31_48_54,2025-10-31,Fri,Union,RPI,54,48,2,5,False,False,True,ECAC,ECAC,,https://www.collegehockeynews.com/box/final/20251031/ren/uni/,https://www.collegehockeynews.com/box/metrics.php?gd=111076,college_hockey_news
2025-26,2025-10-31_4_45,2025-10-31,Fri,Princeton,Alaska,45,4,5,2,False,False,False,ECAC,Independent,,https://www.collegehockeynews.com/box/final/20251031/akf/prn/,https://www.collegehockeynews.com/box/metrics.php?gd=111225,college_hockey_news
2025-26,2025-10-31_52_57,2025-10-31,Fri,St. Cloud State,Western Michigan,52,57,5,6,False,False,True,NCHC,NCHC,,https://www.collegehockeynews.com/box/final/20251031/wmu/stc/,https://www.collegehockeynews.com/box/metrics.php?gd=110635,college_hockey_news
2025-26,2025-11-01_10_25,2025-11-01,Sat,Maine,Boston University,25,10,8,5,False,False,True,Hockey East,Hockey East,,https://www.collegehockeynews.com/box/final/20251101/bu_/mne/,https://www.collegehockeynews.com/box/metrics.php?gd=111131,college_hockey_news
2025-26,2025-11-01_11_7,2025-11-01,Sat,Bowling Green,Bemidji State,11,7,2,3,False,True,True,CCHA,CCHA,,https://www.collegehockeynews.com/box/final/20251101/bmj/bgs/,https://www.collegehockeynews.com/box/metrics.php?gd=110784,college_hockey_news
2025-26,2025-11-01_13_6,2025-11-01,Sat,Canisius,Army,13,6,2,2,False,True,True,Atlantic Hockey,Atlantic Hockey,,https://www.collegehockeynews.com/box/final/20251101/arm/cns/,https://www.collegehockeynews.com/box/metrics.php?gd=110762,college_hockey_news
2025-26,2025-11-01_14_24,2025-11-01,Sat,Clarkson,Lake Superior,14,24,2,6,False,False,False,ECAC,CCHA,,https://www.collegehockeynews.com/box/final/20251101/lss/clk/,https://www.collegehockeynews.com/box/metrics.php?gd=110443,college_hockey_news
2025-26,2025-11-01_15_49,2025-11-01,Sat,Colgate,RIT,15,49,1,4,False,False,False,ECAC,Atlantic Hockey,,https://www.collegehockeynews.com/box/final/20251101/rit/clg/,https://www.collegehockeynews.com/box/metrics.php?gd=110719,college_hockey_news
2025-26,2025-11-01_16_37,2025-11-01,Sat,Colorado College,Omaha,16,37,4,5,False,False,True,NCHC,NCHC,,https://www.collegehockeynews.com/box/final/20251101/uno/cc_/,https://www.collegehockeynews.com/box/metrics.php?gd=110502,college_hockey_news
2025-26,2025-11-01_17_29,2025-11-01,Sat,Connecticut,Merrimack,17,29,5,1,False,False,True,Hockey East,Hockey East,,https://www.collegehockeynews.com/box/final/20251101/mer/con/,https://www.collegehockeynews.com/box/metrics.php?gd=111273,college_hockey_news
2025-26,2025-11-01_18_27,2025-11-01,Sat,Massachusetts,Cornell,27,18,1,3,False,False,False,Hockey East,ECAC,,https://www.collegehockeynews.com/box/final/20251101/cor/uma/,https://www.collegehockeynews.com/box/metrics.php?gd=110547,college_hockey_news
2025-26,2025-11-01_19_422,2025-11-01,Sat,Stonehill,Dartmouth,422,19,2,5,False,False,False,Independent,ECAC,"at Warrior Ice Arena, Brighton, Mass.",https://www.collegehockeynews.com/box/final/20251101/dar/stn/,https://www.collegehockeynews.com/box/metrics.php?gd=111396,college_hockey_news
2025-26,2025-11-01_1_12,2025-11-01,Sat,Air Force,Brown,1,12,4,3,False,False,False,Atlantic Hockey,ECAC,,https://www.collegehockeynews.com/box/final/20251101/brn/afa/,https://www.collegehockeynews.com/box/metrics.php?gd=111012,college_hockey_news
2025-26,2025-11-01_20_3,2025-11-01,Sat,Denver,Alaska-Anchorage,20,3,6,0,False,False,False,NCHC,Independent,,https://www.collegehockeynews.com/box/final/20251101/aka/den/,https://www.collegehockeynews.com/box/metrics.php?gd=110523,college_hockey_news
2025-26,2025-11-01_21_433,2025-11-01,Sat,Ferris State,Lindenwood,21,433,2,3,False,False,False,CCHA,Independent,,https://www.collegehockeynews.com/box/final/20251101/lin/fsu/,https://www.collegehockeynews.com/box/metrics.php?gd=111001,college_hockey_news
2025-26,2025-11-01_26_46,2025-11-01,Sat,Mass.-Lowell,Providence,26,46,5,1,False,False,True,Hockey East,Hockey East,,https://www.collegehockeynews.com/box/final/20251101/prv/uml/,https://www.collegehockeynews.com/box/metrics.php?gd=110835,college_hockey_news
2025-26,2025-11-01_28_8,2025-11-01,Sat,Mercyhurst,Bentley,28,8,2,7,False,False,True,Atlantic Hockey,Atlantic Hockey,,https://www.collegehockeynews.com/box/final/20251101/ben/mrc/,https://www.collegehockeynews.com/box/metrics.php?gd=110945,college_hockey_news
2025-26,2025-11-01_30_61,2025-11-01,Sat,Miami,Arizona State,30,61,5,2,False,False,True,NCHC,NCHC,,https://www.collegehockeynews.com/box/final/20251101/asu/mia/,https://www.collegehockeynews.com/box/metrics.php?gd=110375,college_hockey_news
2025-26,2025-11-01_31_43,2025-11-01,Sat,Notre Dame,Michigan,43,31,1,2,False,True,True,Big Ten,Big Ten,,https://www.collegehockeynews.com/box/final/20251101/mic/ndm/,https://www.collegehockeynews.com/box/metrics.php?gd=111500,college_hockey_news
2025-26,2025-11-01_33_53,2025-11-01,Sat,St. Lawrence,Michigan Tech,53,33,0,3,False,False,False,ECAC,CCHA,,https://www.collegehockeynews.com/box/final/20251101/mtu/stl/,https://www.collegehockeynews.com/box/metrics.php?gd=111017,college_hockey_news
2025-26,2025-11-01_34_58,2025-11-01,Sat,Wisconsin,Minnesota,58,34,4,0,False,False,True,Big Ten,Big Ten,,https://www.collegehockeynews.com/box/final/20251101/min/wis/,https://www.collegehockeynews.com/box/metrics.php?gd=111464,college_hockey_news
2025-26,2025-11-01_35_63,2025-11-01,Sat,Minnesota State,St. Thomas,35,63,3,4,False,True,True,CCHA,CCHA,,https://www.collegehockeynews.com/box/final/20251101/stt/mns/,https://www.collegehockeynews.com/box/metrics.php?gd=110601,college_hockey_news
2025-26,2025-11-01_36_40,2025-11-01,Sat,North Dakota,Minnesota-Duluth,40,36,5,1,False,False,True,NCHC,NCHC,,https://www.collegehockeynews.com/box/final/20251101/mnd/ndk/,https://www.collegehockeynews.com/box/metrics.php?gd=110413,college_hockey_news
2025-26,2025-11-01_38_55,2025-11-01,Sat,New Hampshire,Vermont,38,55,1,2,False,False,True,Hockey East,Hockey East,,https://www.collegehockeynews.com/box/final/20251101/ver/unh/,https://www.collegehockeynews.com/box/metrics.php?gd=111183,college_hockey_news
2025-26,2025-11-01_39_50,2025-11-01,Sat,Niagara,Robert Morris,39,50,3,4,False,False,True,Atlantic Hockey,Atlantic Hockey,,https://www.collegehockeynews.com/box/final/20251101/rmu/nia/,https://www.collegehockeynews.com/box/metrics.php?gd=110879,college_hockey_news
2025-26,2025-11-01_42_64,2025-11-01,Sat,Augustana,Northern Michigan,64,42,3,1,False,False,True,CCHA,CCHA,,https://www.collegehockeynews.com/box/final/20251101/nmu/aug/,https://www.collegehockeynews.com/box/metrics.php?gd=110676,college_hockey_news
2025-26,2025-11-01_48_54,2025-11-01,Sat,RPI,Union,48,54,0,3,False,False,True,ECAC,ECAC,,https://www.collegehockeynews.com/box/final/20251101/uni/ren/,https://www.collegehockeynews.com/box/metrics.php?gd=111077,college_hockey_news
2025-26,2025-11-01_4_45,2025-11-01,Sat,Princeton,Alaska,45,4,6,3,False,False,False,ECAC,Independent,,https://www.collegehockeynews.com/box/final/20251101/akf/prn/,https://www.collegehockeynews.com/box/metrics.php?gd=111226,college_hockey_news
2025-26,2025-11-01_52_57,2025-11-01,Sat,St. Cloud State,Western Michigan,52,57,5,1,False,False,True,NCHC,NCHC,,https://www.collegehockeynews.com/box/final/20251101/wmu/stc/,https://www.collegehockeynews.com/box/metrics.php?gd=110636,college_hockey_news
2025-26,2025-11-02_19_59,2025-11-02,Sun,Dartmouth,Yale,19,59,6,1,False,False,False,ECAC,ECAC,,https://www.collegehockeynews.com/box/final/20251102/yal/dar/,https://www.collegehockeynews.com/box/metrics.php?gd=111397,college_hockey_news
2025-26,2025-11-04_22_422,2025-11-04,Tue,Harvard,Stonehill,22,422,6,2,False,False,False,ECAC,Independent,,https://www.collegehockeynews.com/box/final/20251104/stn/har/,https://www.collegehockeynews.com/box/metrics.php?gd=111212,college_hockey_news
2025-26,2025-11-04_4_47,2025-11-04,Tue,Quinnipiac,Alaska,47,4,2,2,False,True,False,ECAC,Independent,,https://www.collegehockeynews.com/box/final/20251104/akf/qui/,https://www.collegehockeynews.com/box/metrics.php?gd=111051,college_hockey_news
2025-26,2025-11-06_25_27,2025-11-06,Thu,Massachusetts,Maine,27,25,2,6,False,False,True,Hockey East,Hockey East,,https://www.collegehockeynews.com/box/final/20251106/mne/uma/,https://www.collegehockeynews.com/box/metrics.php?gd=110548,college_hockey_news
2025-26,2025-11-07_10_29,2025-11-07,Fri,Boston University,Merrimack,10,29,3,2,False,True,True,Hockey East,Hockey East,,https://www.collegehockeynews.com/box/final/20251107/mer/bu_/,https://www.collegehockeynews.com/box/metrics.php?gd=111132,college_hockey_news
2025-26,2025-11-07_11_35,2025-11-07,Fri,Minnesota State,Bowling Green,35,11,4,4,False,True,True,CCHA,CCHA,,https://www.collegehockeynews.com/box/final/20251107/bgs/mns/,https://www.collegehockeynews.com/box/metrics.php?gd=110602,college_hockey_news
2025-26,2025-11-07_12_45,2025-11-07,Fri,Brown,Princeton,12,45,2,1,False,False,True,ECAC,ECAC,,https://www.collegehockeynews.com/box/final/20251107/prn/brn/,https://www.collegehockeynews.com/box/metrics.php?gd=111227,college_hockey_news
2025-26,2025-11-07_14_54,2025-11-07,Fri,Union,Clarkson,54,14,1,5,False,False,True,ECAC,ECAC,,https://www.collegehockeynews.com/box/final/20251107/clk/uni/,https://www.collegehockeynews.com/box/metrics.php?gd=110444,college_hockey_news
2025-26,2025-11-07_15_19,2025-11-07,Fri,Dartmouth,Colgate,19,15,4,1,False,False,True,ECAC,ECAC,,https://www.collegehockeynews.com/box/final/20251107/clg/dar/,https://www.collegehockeynews.com/box/metrics.php?gd=111374,college_hockey_news
2025-26,2025-11-07_16_61,2025-11-07,Fri,Arizona State,Colorado College,61,16,3,3,False,True,True,NCHC,NCHC,,https://www.collegehockeynews.com/box/final/20251107/cc_/asu/,https://www.collegehockeynews.com/box/metrics.php?gd=110376,college_hockey_news
2025-26,2025-11-07_17_46,2025-11-07,Fri,Connecticut,Providence,17,46,1,4,False,False,True,Hockey East,Hockey East,,https://www.collegehockeynews.com/box/final/20251107/prv/con/,https://www.collegehockeynews.com/box/metrics.php?gd=111276,college_hockey_news
2025-26,2025-11-07_18_22,2025-11-07,Fri,Harvard,Cornell,22,18,1,3,False,False,True,ECAC,ECAC,,https://www.collegehockeynews.com/box/final/20251107/cor/har/,https://www.collegehockeynews.com/box/metrics.php?gd=111022,college_hockey_news
2025-26,2025-11-07_1_51,2025-11-07,Fri,Sacred Heart,Air Force,51,1,1,4,False,False,True,Atlantic Hockey,Atlantic Hockey,,https://www.collegehockeynews.com/box/final/20251107/afa/sac/,https://www.collegehockeynews.com/box/metrics.php?gd=110929,college_hockey_news
2025-26,2025-11-07_20_57,2025-11-07,Fri,Western Michigan,Denver,57,20,1,3,False,False,True,NCHC,NCHC,,https://www.collegehockeynews.com/box/final/20251107/den/wmu/,https://www.collegehockeynews.com/box/metrics.php?gd=110524,college_hockey_news
2025-26,2025-11-07_21_64,2025-11-07,Fri,Ferris State,Augustana,21,64,2,4,False,False,True,CCHA,CCHA,,https://www.collegehockeynews.com/box/final/20251107/aug/fsu/,https://www.collegehockeynews.com/box/metrics.php?gd=110677,college_hockey_news
2025-26,2025-11-07_23_39,2025-11-07,Fri,Holy Cross,Niagara,23,39,5,1,False,False,True,Atlantic Hockey,Atlantic Hockey,,https://www.collegehockeynews.com/box/final/20251107/nia/hcr/,https://www.collegehockeynews.com/box/metrics.php?gd=110905,college_hockey_news
2025-26,2025-11-07_24_7,2025-11-07,Fri,Bemidji State,Lake Superior,7,24,4,1,False,False,True,CCHA,CCHA,,https://www.collegehockeynews.com/box/final/20251107/lss/bmj/,https://www.collegehockeynews.com/box/metrics.php?gd=110785,college_hockey_news
2025-26,2025-11-07_25_27,2025-11-07,Fri,Massachusetts,Maine,27,25,4,0,False,False,True,Hockey East,Hockey East,,https://www.collegehockeynews.com/box/final/20251107/mne/uma/,https://www.collegehockeynews.com/box/metrics.php?gd=110549,college_hockey_news
2025-26,2025-11-07_26_38,2025-11-07,Fri,Mass.-Lowell,New Hampshire,26,38,0,2,False,False,True,Hockey East,Hockey East,,https://www.collegehockeynews.com/box/final/20251107/unh/uml/,https://www.collegehockeynews.com/box/metrics.php?gd=110836,college_hockey_news
2025-26,2025-11-07_28_49,2025-11-07,Fri,RIT,Mercyhurst,49,28,4,1,False,False,True,Atlantic Hockey,Atlantic Hockey,,https://www.collegehockeynews.com/box/final/20251107/mrc/rit/,https://www.collegehockeynews.com/box/metrics.php?gd=110720,college_hockey_news
2025-26,2025-11-07_31_58,2025-11-07,Fri,Michigan,Wisconsin,31,58,7,4,False,False,True,Big Ten,Big Ten,,https://www.collegehockeynews.com/box/final/20251107/wis/mic/,https://www.collegehockeynews.com/box/metrics.php?gd=111465,college_hockey_news
2025-26,2025-11-07_32_60,2025-11-07,Fri,Michigan State,Penn State,32,60,2,1,False,True,True,Big Ten,Big Ten,,https://www.collegehockeynews.com/box/final/20251107/psu/msu/,https://www.collegehockeynews.com/box/metrics.php?gd=111421,college_hockey_news
2025-26,2025-11-07_33_42,2025-11-07,Fri,Michigan Tech,Northern Michigan,33,42,4,1,False,False,True,CCHA,CCHA,,https://www.collegehockeynews.com/box/final/20251107/nmu/mtu/,https://www.collegehockeynews.com/box/metrics.php?gd=110862,college_hockey_news
2025-26,2025-11-07_34_43,2025-11-07,Fri,Minnesota,Notre Dame,34,43,3,0,False,False,True,Big Ten,Big Ten,,https://www.collegehockeynews.com/box/final/20251107/ndm/min/,https://www.collegehockeynews.com/box/metrics.php?gd=111491,college_hockey_news
2025-26,2025-11-07_36_52,2025-11-07,Fri,Minnesota-Duluth,St. Cloud State,36,52,4,0,False,False,True,NCHC,NCHC,,https://www.collegehockeynews.com/box/final/20251107/stc/mnd/,https://www.collegehockeynews.com/box/metrics.php?gd=110481,college_hockey_news
2025-26,2025-11-07_37_40,2025-11-07,Fri,Omaha,North Dakota,37,40,2,7,False,False,True,NCHC,NCHC,,https://www.collegehockeynews.com/box/final/20251107/ndk/uno/,https://www.collegehockeynews.com/box/metrics.php?gd=110414,college_hockey_news
2025-26,2025-11-07_41_422,2025-11-07,Fri,Northeastern,Stonehill,41,422,2,0,False,False,False,Hockey East,Independent,,https://www.collegehockeynews.com/box/final/20251107/stn/noe/,https://www.collegehockeynews.com/box/metrics.php?gd=111278,college_hockey_news
2025-26,2025-11-07_47_59,2025-11-07,Fri,Yale,Quinnipiac,59,47,4,2,False,False,True,ECAC,ECAC,,https://www.collegehockeynews.com/box/final/20251107/qui/yal/,https://www.collegehockeynews.com/box/metrics.php?gd=111052,college_hockey_news
2025-26,2025-11-07_48_53,2025-11-07,Fri,RPI,St. Lawrence,48,53,3,4,False,False,True,ECAC,ECAC,,https://www.collegehockeynews.com/box/final/20251107/stl/ren/,https://www.collegehockeynews.com/box/metrics.php?gd=111078,college_hockey_news
2025-26,2025-11-07_50_62,2025-11-07,Fri,Robert Morris,Long Island,50,62,3,6,False,False,False,Atlantic Hockey,Independent,,https://www.collegehockeynews.com/box/final/20251107/liu/rmu/,https://www.collegehockeynews.com/box/metrics.php?gd=110880,college_hockey_news
2025-26,2025-11-07_55_9,2025-11-07,Fri,Vermont,Boston College,55,9,1,2,False,False,True,Hockey East,Hockey East,,https://www.collegehockeynews.com/box/final/20251107/bc_/ver/,https://www.collegehockeynews.com/box/metrics.php?gd=111274,college_hockey_news
2025-26,2025-11-07_6_8,2025-11-07,Fri,Bentley,Army,8,6,3,3,False,True,True,Atlantic Hockey,Atlantic Hockey,,https://www.collegehockeynews.com/box/final/20251107/arm/ben/,https://www.collegehockeynews.com/box/metrics.php?gd=110806,college_hockey_news
2025-26,2025-11-08_10_29,2025-11-08,Sat,Merrimack,Boston University,29,10,4,5,False,False,True,Hockey East,Hockey East,,https://www.collegehockeynews.com/box/final/20251108/bu_/mer/,https://www.collegehockeynews.com/box/metrics.php?gd=111133,college_hockey_news
2025-26,2025-11-08_11_35,2025-11-08,Sat,Minnesota State,Bowling Green,35,11,1,1,False,True,True,CCHA,CCHA,,https://www.collegehockeynews.com/box/final/20251108/bgs/mns/,https://www.collegehockeynews.com/box/metrics.php?gd=110603,college_hockey_news
2025-26,2025-11-08_12_47,2025-11-08,Sat,Brown,Quinnipiac,12,47,3,4,False,True,True,ECAC,ECAC,,https://www.collegehockeynews.com/box/final/20251108/qui/brn/,https://www.collegehockeynews.com/box/metrics.php?gd=111053,college_hockey_news
2025-26,2025-11-08_14_48,2025-11-08,Sat,RPI,Clarkson,48,14,5,1,False,False,True,ECAC,ECAC,,https://www.collegehockeynews.com/box/final/20251108/clk/ren/,https://www.collegehockeynews.com/box/metrics.php?gd=110445,college_hockey_news
2025-26,2025-11-08_15_22,2025-11-08,Sat,Harvard,Colgate,22,15,6,5,False,False,True,ECAC,ECAC,,https://www.collegehockeynews.com/box/final/20251108/clg/har/,https://www.collegehockeynews.com/box/metrics.php?gd=111213,college_hockey_news
2025-26,2025-11-08_16_61,2025-11-08,Sat,Arizona State,Colorado College,61,16,1,3,False,False,True,NCHC,NCHC,,https://www.collegehockeynews.com/box/final/20251108/cc_/asu/,https://www.collegehockeynews.com/box/metrics.php?gd=110377,college_hockey_news
2025-26,2025-11-08_17_46,2025-11-08,Sat,Providence,Connecticut,46,17,2,2,False,True,True,Hockey East,Hockey East,,https://www.collegehockeynews.com/box/final/20251108/con/prv/,https://www.collegehockeynews.com/box/metrics.php?gd=111277,college_hockey_news
2025-26,2025-11-08_18_19,2025-11-08,Sat,Dartmouth,Cornell,19,18,2,1,False,False,True,ECAC,ECAC,,https://www.collegehockeynews.com/box/final/20251108/cor/dar/,https://www.collegehockeynews.com/box/metrics.php?gd=111023,college_hockey_news
2025-26,2025-11-08_1_51,2025-11-08,Sat,Sacred Heart,Air Force,51,1,2,3,False,False,True,Atlantic Hockey,Atlantic Hockey,,https://www.collegehockeynews.com/box/final/20251108/afa/sac/,https://www.collegehockeynews.com/box/metrics.php?gd=110930,college_hockey_news
2025-26,2025-11-08_20_57,2025-11-08,Sat,Western Michigan,Denver,57,20,3,6,False,False,True,NCHC,NCHC,,https://www.collegehockeynews.com/box/final/20251108/den/wmu/,https://www.collegehockeynews.com/box/metrics.php?gd=110525,college_hockey_news
2025-26,2025-11-08_21_64,2025-11-08,Sat,Ferris State,Augustana,21,64,2,0,False,False,True,CCHA,CCHA,,https://www.collegehockeynews.com/box/final/20251108/aug/fsu/,https://www.collegehockeynews.com/box/metrics.php?gd=110678,college_hockey_news
2025-26,2025-11-08_23_39,2025-11-08,Sat,Holy Cross,Niagara,23,39,6,2,False,False,True,Atlantic Hockey,Atlantic Hockey,,https://www.collegehockeynews.com/box/final/20251108/nia/hcr/,https://www.collegehockeynews.com/box/metrics.php?gd=110906,college_hockey_news
2025-26,2025-11-08_24_7,2025-11-08,Sat,Bemidji State,Lake Superior,7,24,3,2,False,True,True,CCHA,CCHA,,https://www.collegehockeynews.com/box/final/20251108/lss/bmj/,https://www.collegehockeynews.com/box/metrics.php?gd=110786,college_hockey_news
2025-26,2025-11-08_26_38,2025-11-08,Sat,New Hampshire,Mass.-Lowell,38,26,1,6,False,False,True,Hockey East,Hockey East,,https://www.collegehockeynews.com/box/final/20251108/uml/unh/,https://www.collegehockeynews.com/box/metrics.php?gd=110837,college_hockey_news
2025-26,2025-11-08_28_49,2025-11-08,Sat,RIT,Mercyhurst,49,28,3,2,False,False,True,Atlantic Hockey,Atlantic Hockey,,https://www.collegehockeynews.com/box/final/20251108/mrc/rit/,https://www.collegehockeynews.com/box/metrics.php?gd=110721,college_hockey_news
2025-26,2025-11-08_31_58,2025-11-08,Sat,Michigan,Wisconsin,31,58,1,6,False,False,True,Big Ten,Big Ten,,https://www.collegehockeynews.com/box/final/20251108/wis/mic/,https://www.collegehockeynews.com/box/metrics.php?gd=111466,college_hockey_news
2025-26,2025-11-08_32_60,2025-11-08,Sat,Michigan State,Penn State,32,60,5,0,False,False,True,Big Ten,Big Ten,,https://www.collegehockeynews.com/box/final/20251108/psu/msu/,https://www.collegehockeynews.com/box/metrics.php?gd=111422,college_hockey_news
2025-26,2025-11-08_33_42,2025-11-08,Sat,Northern Michigan,Michigan Tech,42,33,2,4,False,False,True,CCHA,CCHA,,https://www.collegehockeynews.com/box/final/20251108/mtu/nmu/,https://www.collegehockeynews.com/box/metrics.php?gd=110863,college_hockey_news
2025-26,2025-11-08_34_43,2025-11-08,Sat,Minnesota,Notre Dame,34,43,4,1,False,False,True,Big Ten,Big Ten,,https://www.collegehockeynews.com/box/final/20251108/ndm/min/,https://www.collegehockeynews.com/box/metrics.php?gd=111492,college_hockey_news
2025-26,2025-11-08_36_52,2025-11-08,Sat,Minnesota-Duluth,St. Cloud State,36,52,3,2,False,True,True,NCHC,NCHC,,https://www.collegehockeynews.com/box/final/20251108/stc/mnd/,https://www.collegehockeynews.com/box/metrics.php?gd=110482,college_hockey_news
2025-26,2025-11-08_37_40,2025-11-08,Sat,Omaha,North Dakota,37,40,1,4,False,False,True,NCHC,NCHC,,https://www.collegehockeynews.com/box/final/20251108/ndk/uno/,https://www.collegehockeynews.com/box/metrics.php?gd=110415,college_hockey_news
2025-26,2025-11-08_41_422,2025-11-08,Sat,Northeastern,Stonehill,41,422,4,2,False,False,False,Hockey East,Independent,,https://www.collegehockeynews.com/box/final/20251108/stn/noe/,https://www.collegehockeynews.com/box/metrics.php?gd=111279,college_hockey_news
2025-26,2025-11-08_45_59,2025-11-08,Sat,Yale,Princeton,59,45,2,1,False,True,True,ECAC,ECAC,,https://www.collegehockeynews.com/box/final/20251108/prn/yal/,https://www.collegehockeynews.com/box/metrics.php?gd=111228,college_hockey_news
2025-26,2025-11-08_50_62,2025-11-08,Sat,Robert Morris,Long Island,50,62,0,2,False,False,False,Atlantic Hockey,Independent,,https://www.collegehockeynews.com/box/final/20251108/liu/rmu/,https://www.collegehockeynews.com/box/metrics.php?gd=110881,college_hockey_news
2025-26,2025-11-08_53_54,2025-11-08,Sat,Union,St. Lawrence,54,53,5,2,False,False,True,ECAC,ECAC,,https://www.collegehockeynews.com/box/final/20251108/stl/uni/,https://www.collegehockeynews.com/box/metrics.php?gd=111103,college_hockey_news
2025-26,2025-11-08_55_9,2025-11-08,Sat,Vermont,Boston College,55,9,0,5,False,False,True,Hockey East,Hockey East,,https://www.collegehockeynews.com/box/final/20251108/bc_/ver/,https://www.collegehockeynews.com/box/metrics.php?gd=111275,college_hockey_news
2025-26,2025-11-09_6_8,2025-11-09,Sun,Army,Bentley,6,8,2,3,False,False,True,Atlantic Hockey,Atlantic Hockey,,https://www.collegehockeynews.com/box/final/20251109/ben/arm/,https://www.collegehockeynews.com/box/metrics.php?gd=110807,college_hockey_news
2025-26,2025-11-11_52_63,2025-11-11,Tue,St. Thomas,St. Cloud State,63,52,3,1,False,False,False,CCHA,NCHC,,https://www.collegehockeynews.com/box/final/20251111/stc/stt/,https://www.collegehockeynews.com/box/metrics.php?gd=110753,college_hockey_news
2025-26,2025-11-14_11_21,2025-11-14,Fri,Bowling Green,Ferris State,11,21,9,5,False,False,True,CCHA,CCHA,,https://www.collegehockeynews.com/box/final/20251114/fsu/bgs/,https://www.collegehockeynews.com/box/metrics.php?gd=110975,college_hockey_news
2025-26,2025-11-14_12_18,2025-11-14,Fri,Cornell,Brown,18,12,4,1,False,False,True,ECAC,ECAC,,https://www.collegehockeynews.com/box/final/20251114/brn/cor/,https://www.collegehockeynews.com/box/metrics.php?gd=111024,college_hockey_news
2025-26,2025-11-14_13_51,2025-11-14,Fri,Sacred Heart,Canisius,51,13,6,1,False,False,True,Atlantic Hockey,Atlantic Hockey,,https://www.collegehockeynews.com/box/final/20251114/cns/sac/,https://www.collegehockeynews.com/box/metrics.php?gd=110763,college_hockey_news
2025-26,2025-11-14_14_22,2025-11-14,Fri,Clarkson,Harvard,14,22,1,2,False,False,True,ECAC,ECAC,,https://www.collegehockeynews.com/box/final/20251114/har/clk/,https://www.collegehockeynews.com/box/metrics.php?gd=110446,college_hockey_news
2025-26,2025-11-14_15_59,2025-11-14,Fri,Colgate,Yale,15,59,4,3,False,True,True,ECAC,ECAC,,https://www.collegehockeynews.com/box/final/20251114/yal/clg/,https://www.collegehockeynews.com/box/metrics.php?gd=111375,college_hockey_news
2025-26,2025-11-14_16_20,2025-11-14,Fri,Denver,Colorado College,20,16,2,1,False,True,True,NCHC,NCHC,,https://www.collegehockeynews.com/box/final/20251114/cc_/den/,https://www.collegehockeynews.com/box/metrics.php?gd=110503,college_hockey_news
2025-26,2025-11-14_17_41,2025-11-14,Fri,Connecticut,Northeastern,17,41,4,2,False,False,True,Hockey East,Hockey East,,https://www.collegehockeynews.com/box/final/20251114/noe/con/,https://www.collegehockeynews.com/box/metrics.php?gd=111280,college_hockey_news
2025-26,2025-11-14_19_53,2025-11-14,Fri,St. Lawrence,Dartmouth,53,19,1,6,False,False,True,ECAC,ECAC,,https://www.collegehockeynews.com/box/final/20251114/dar/stl/,https://www.collegehockeynews.com/box/metrics.php?gd=111163,college_hockey_news
2025-26,2025-11-14_1_23,2025-11-14,Fri,Air Force,Holy Cross,1,23,2,3,False,False,True,Atlantic Hockey,Atlantic Hockey,,https://www.collegehockeynews.com/box/final/20251114/hcr/afa/,https://www.collegehockeynews.com/box/metrics.php?gd=110907,college_hockey_news
2025-26,2025-11-14_24_35,2025-11-14,Fri,Lake Superior,Minnesota State,24,35,1,2,False,True,True,CCHA,CCHA,,https://www.collegehockeynews.com/box/final/20251114/mns/lss/,https://www.collegehockeynews.com/box/metrics.php?gd=110604,college_hockey_news
2025-26,2025-11-14_25_55,2025-11-14,Fri,Maine,Vermont,25,55,7,0,False,False,True,Hockey East,Hockey East,,https://www.collegehockeynews.com/box/final/20251114/ver/mne/,https://www.collegehockeynews.com/box/metrics.php?gd=111282,college_hockey_news
2025-26,2025-11-14_26_54,2025-11-14,Fri,Union,Mass.-Lowell,54,26,7,1,False,False,False,ECAC,Hockey East,,https://www.collegehockeynews.com/box/final/20251114/uml/uni/,https://www.collegehockeynews.com/box/metrics.php?gd=110838,college_hockey_news
2025-26,2025-11-14_27_9,2025-11-14,Fri,Boston College,Massachusetts,9,27,7,3,False,False,True,Hockey East,Hockey East,,https://www.collegehockeynews.com/box/final/20251114/uma/bc_/,https://www.collegehockeynews.com/box/metrics.php?gd=110550,college_hockey_news
2025-26,2025-11-14_29_46,2025-11-14,Fri,Providence,Merrimack,46,29,4,2,False,False,True,Hockey East,Hockey East,,https://www.collegehockeynews.com/box/final/20251114/mer/prv/,https://www.collegehockeynews.com/box/metrics.php?gd=111284,college_hockey_news
2025-26,2025-11-14_30_57,2025-11-14,Fri,Western Michigan,Miami,57,30,5,2,False,False,True,NCHC,NCHC,,https://www.collegehockeynews.com/box/final/20251114/mia/wmu/,https://www.collegehockeynews.com/box/metrics.php?gd=110578,college_hockey_news
2025-26,2025-11-14_31_60,2025-11-14,Fri,Penn State,Michigan,60,31,1,7,False,False,True,Big Ten,Big Ten,,https://www.collegehockeynews.com/box/final/20251114/mic/psu/,https://www.collegehockeynews.com/box/metrics.php?gd=111423,college_hockey_news
2025-26,2025-11-14_32_43,2025-11-14,Fri,Notre Dame,Michigan State,43,32,1,4,False,False,True,Big Ten,Big Ten,,https://www.collegehockeynews.com/box/final/20251114/msu/ndm/,https://www.collegehockeynews.com/box/metrics.php?gd=111443,college_hockey_news
2025-26,2025-11-14_33_7,2025-11-14,Fri,Michigan Tech,Bemidji State,33,7,2,2,False,True,True,CCHA,CCHA,,https://www.collegehockeynews.com/box/final/20251114/bmj/mtu/,https://www.collegehockeynews.com/box/metrics.php?gd=110787,college_hockey_news
2025-26,2025-11-14_34_62,2025-11-14,Fri,Minnesota,Long Island,34,62,2,6,False,False,False,Big Ten,Independent,,https://www.collegehockeynews.com/box/final/20251114/liu/min/,https://www.collegehockeynews.com/box/metrics.php?gd=110992,college_hockey_news
2025-26,2025-11-14_36_37,2025-11-14,Fri,Minnesota-Duluth,Omaha,36,37,5,2,False,False,True,NCHC,NCHC,,https://www.collegehockeynews.com/box/final/20251114/uno/mnd/,https://www.collegehockeynews.com/box/metrics.php?gd=110483,college_hockey_news
2025-26,2025-11-14_38_48,2025-11-14,Fri,RPI,New Hampshire,48,38,3,6,False,False,False,ECAC,Hockey East,,https://www.collegehockeynews.com/box/final/20251114/unh/ren/,https://www.collegehockeynews.com/box/metrics.php?gd=111079,college_hockey_news
2025-26,2025-11-14_39_6,2025-11-14,Fri,Niagara,Army,39,6,6,4,False,False,True,Atlantic Hockey,Atlantic Hockey,,https://www.collegehockeynews.com/box/final/20251114/arm/nia/,https://www.collegehockeynews.com/box/metrics.php?gd=110808,college_hockey_news
2025-26,2025-11-14_3_8,2025-11-14,Fri,Bentley,Alaska-Anchorage,8,3,2,1,False,True,False,Atlantic Hockey,Independent,,https://www.collegehockeynews.com/box/final/20251114/aka/ben/,https://www.collegehockeynews.com/box/metrics.php?gd=110946,college_hockey_news
2025-26,2025-11-14_40_61,2025-11-14,Fri,North Dakota,Arizona State,40,61,5,2,False,False,True,NCHC,NCHC,,https://www.collegehockeynews.com/box/final/20251114/asu/ndk/,https://www.collegehockeynews.com/box/metrics.php?gd=110378,college_hockey_news
2025-26,2025-11-14_44_58,2025-11-14,Fri,Wisconsin,Ohio State,58,44,1,5,False,False,True,Big Ten,Big Ten,,https://www.collegehockeynews.com/box/final/20251114/osu/wis/,https://www.collegehockeynews.com/box/metrics.php?gd=111467,college_hockey_news
2025-26,2025-11-14_49_50,2025-11-14,Fri,Robert Morris,RIT,50,49,1,2,False,False,True,Atlantic Hockey,Atlantic Hockey,,https://www.collegehockeynews.com/box/final/20251114/rit/rmu/,https://www.collegehockeynews.com/box/metrics.php?gd=110722,college_hockey_news
2025-26,2025-11-15_10_47,2025-11-15,Sat,Quinnipiac,Boston University,47,10,6,2,False,False,False,ECAC,Hockey East,,https://www.collegehockeynews.com/box/final/20251115/bu_/qui/,https://www.collegehockeynews.com/box/metrics.php?gd=111054,college_hockey_news
2025-26,2025-11-15_11_21,2025-11-15,Sat,Bowling Green,Ferris State,11,21,5,2,False,False,True,CCHA,CCHA,,https://www.collegehockeynews.com/box/final/20251115/fsu/bgs/,https://www.collegehockeynews.com/box/metrics.php?gd=110976,college_hockey_news
2025-26,2025-11-15_12_15,2025-11-15,Sat,Colgate,Brown,15,12,4,0,False,False,True,ECAC,ECAC,,https://www.collegehockeynews.com/box/final/20251115/brn/clg/,https://www.collegehockeynews.com/box/metrics.php?gd=111376,college_hockey_news
2025-26,2025-11-15_13_51,2025-11-15,Sat,Sacred Heart,Canisius,51,13,3,2,False,False,True,Atlantic Hockey,Atlantic Hockey,,https://www.collegehockeynews.com/box/final/20251115/cns/sac/,https://www.collegehockeynews.com/box/metrics.php?gd=110764,college_hockey_news
2025-26,2025-11-15_14_19,2025-11-15,Sat,Clarkson,Dartmouth,14,19,1,3,False,False,True,ECAC,ECAC,,https://www.collegehockeynews.com/box/final/20251115/dar/clk/,https://www.collegehockeynews.com/box/metrics.php?gd=110447,college_hockey_news
2025-26,2025-11-15_16_20,2025-11-15,Sat,Colorado College,Denver,16,20,2,3,False,False,True,NCHC,NCHC,,https://www.collegehockeynews.com/box/final/20251115/den/cc_/,https://www.collegehockeynews.com/box/metrics.php?gd=110504,college_hockey_news
2025-26,2025-11-15_17_41,2025-11-15,Sat,Northeastern,Connecticut,41,17,3,4,False,True,True,Hockey East,Hockey East,,https://www.collegehockeynews.com/box/final/20251115/con/noe/,https://www.collegehockeynews.com/box/metrics.php?gd=111281,college_hockey_news
2025-26,2025-11-15_18_59,2025-11-15,Sat,Cornell,Yale,18,59,5,2,False,False,True,ECAC,ECAC,,https://www.collegehockeynews.com/box/final/20251115/yal/cor/,https://www.collegehockeynews.com/box/metrics.php?gd=111025,college_hockey_news
2025-26,2025-11-15_1_23,2025-11-15,Sat,Air Force,Holy Cross,1,23,1,4,False,False,True,Atlantic Hockey,Atlantic Hockey,,https://www.collegehockeynews.com/box/final/20251115/hcr/afa/,https://www.collegehockeynews.com/box/metrics.php?gd=110908,college_hockey_news
2025-26,2025-11-15_22_53,2025-11-15,Sat,St. Lawrence,Harvard,53,22,3,4,False,False,True,ECAC,ECAC,,https://www.collegehockeynews.com/box/final/20251115/har/stl/,https://www.collegehockeynews.com/box/metrics.php?gd=111164,college_hockey_news
2025-26,2025-11-15_24_35,2025-11-15,Sat,Lake Superior,Minnesota State,24,35,2,4,False,False,True,CCHA,CCHA,,https://www.collegehockeynews.com/box/final/20251115/mns/lss/,https://www.collegehockeynews.com/box/metrics.php?gd=110605,college_hockey_news
2025-26,2025-11-15_25_55,2025-11-15,Sat,Maine,Vermont,25,55,1,2,False,False,True,Hockey East,Hockey East,,https://www.collegehockeynews.com/box/final/20251115/ver/mne/,https://www.collegehockeynews.com/box/metrics.php?gd=111283,college_hockey_news
2025-26,2025-11-15_26_48,2025-11-15,Sat,RPI,Mass.-Lowell,48,26,2,0,False,False,False,ECAC,Hockey East,,https://www.collegehockeynews.com/box/final/20251115/uml/ren/,https://www.collegehockeynews.com/box/metrics.php?gd=110839,college_hockey_news
2025-26,2025-11-15_27_9,2025-11-15,Sat,Massachusetts,Boston College,27,9,0,4,False,False,True,Hockey East,Hockey East,,https://www.collegehockeynews.com/box/final/20251115/bc_/uma/,https://www.collegehockeynews.com/box/metrics.php?gd=110551,college_hockey_news
2025-26,2025-11-15_29_46,2025-11-15,Sat,Merrimack,Providence,29,46,3,2,False,False,True,Hockey East,Hockey East,,https://www.collegehockeynews.com/box/final/20251115/prv/mer/,https://www.collegehockeynews.com/box/metrics.php?gd=111285,college_hockey_news
2025-26,2025-11-15_30_57,2025-11-15,Sat,Western Michigan,Miami,57,30,6,2,False,False,True,NCHC,NCHC,,https://www.collegehockeynews.com/box/final/20251115/mia/wmu/,https://www.collegehockeynews.com/box/metrics.php?gd=110579,college_hockey_news
2025-26,2025-11-15_31_60,2025-11-15,Sat,Penn State,Michigan,60,31,4,2,False,False,True,Big Ten,Big Ten,,https://www.collegehockeynews.com/box/final/20251115/mic/psu/,https://www.collegehockeynews.com/box/metrics.php?gd=111424,college_hockey_news
2025-26,2025-11-15_32_43,2025-11-15,Sat,Notre Dame,Michigan State,43,32,1,3,False,False,True,Big Ten,Big Ten,,https://www.collegehockeynews.com/box/final/20251115/msu/ndm/,https://www.collegehockeynews.com/box/metrics.php?gd=111444,college_hockey_news
2025-26,2025-11-15_33_7,2025-11-15,Sat,Michigan Tech,Bemidji State,33,7,2,1,False,True,True,CCHA,CCHA,,https://www.collegehockeynews.com/box/final/20251115/bmj/mtu/,https://www.collegehockeynews.com/box/metrics.php?gd=110788,college_hockey_news
2025-26,2025-11-15_34_62,2025-11-15,Sat,Minnesota,Long Island,34,62,6,3,False,False,False,Big Ten,Independent,,https://www.collegehockeynews.com/box/final/20251115/liu/min/,https://www.collegehockeynews.com/box/metrics.php?gd=110993,college_hockey_news
2025-26,2025-11-15_36_37,2025-11-15,Sat,Minnesota-Duluth,Omaha,36,37,0,2,False,False,True,NCHC,NCHC,,https://www.collegehockeynews.com/box/final/20251115/uno/mnd/,https://www.collegehockeynews.com/box/metrics.php?gd=110484,college_hockey_news
2025-26,2025-11-15_38_54,2025-11-15,Sat,Union,New Hampshire,54,38,6,0,False,False,False,ECAC,Hockey East,,https://www.collegehockeynews.com/box/final/20251115/unh/uni/,https://www.collegehockeynews.com/box/metrics.php?gd=111104,college_hockey_news
2025-26,2025-11-15_39_6,2025-11-15,Sat,Niagara,Army,39,6,4,1,False,False,True,Atlantic Hockey,Atlantic Hockey,,https://www.collegehockeynews.com/box/final/20251115/arm/nia/,https://www.collegehockeynews.com/box/metrics.php?gd=110809,college_hockey_news
2025-26,2025-11-15_3_8,2025-11-15,Sat,Bentley,Alaska-Anchorage,8,3,2,3,False,False,False,Atlantic Hockey,Independent,,https://www.collegehockeynews.com/box/final/20251115/aka/ben/,https://www.collegehockeynews.com/box/metrics.php?gd=110947,college_hockey_news
2025-26,2025-11-15_40_61,2025-11-15,Sat,North Dakota,Arizona State,40,61,2,4,False,False,True,NCHC,NCHC,,https://www.collegehockeynews.com/box/final/20251115/asu/ndk/,https://www.collegehockeynews.com/box/metrics.php?gd=110379,college_hockey_news
2025-26,2025-11-15_422_45,2025-11-15,Sat,Princeton,Stonehill,45,422,3,2,False,False,False,ECAC,Independent,,https://www.collegehockeynews.com/box/final/20251115/stn/prn/,https://www.collegehockeynews.com/box/metrics.php?gd=111229,college_hockey_news
2025-26,2025-11-15_44_58,2025-11-15,Sat,Wisconsin,Ohio State,58,44,6,5,False,True,True,Big Ten,Big Ten,,https://www.collegehockeynews.com/box/final/20251115/osu/wis/,https://www.collegehockeynews.com/box/metrics.php?gd=111468,college_hockey_news
2025-26,2025-11-15_49_50,2025-11-15,Sat,Robert Morris,RIT,50,49,2,3,False,False,True,Atlantic Hockey,Atlantic Hockey,,https://www.collegehockeynews.com/box/final/20251115/rit/rmu/,https://www.collegehockeynews.com/box/metrics.php?gd=110723,college_hockey_news
2025-26,2025-11-15_63_64,2025-11-15,Sat,Augustana,St. Thomas,64,63,4,4,False,True,True,CCHA,CCHA,,https://www.collegehockeynews.com/box/final/20251115/stt/aug/,https://www.collegehockeynews.com/box/metrics.php?gd=110650,college_hockey_news
2025-26,2025-11-18_39_49,2025-11-18,Tue,Niagara,RIT,39,49,2,1,False,True,True,Atlantic Hockey,Atlantic Hockey,,https://www.collegehockeynews.com/box/final/20251118/rit/nia/,https://www.collegehockeynews.com/box/metrics.php?gd=110724,college_hockey_news
2025-26,2025-11-18_3_422,2025-11-18,Tue,Stonehill,Alaska-Anchorage,422,3,0,4,False,False,False,Independent,Independent,"at Warrior Ice Arena, Brighton, Mass.",https://www.collegehockeynews.com/box/final/20251118/aka/stn/,https://www.collegehockeynews.com/box/metrics.php?gd=111403,college_hockey_news
2025-26,2025-11-19_12_3,2025-11-19,Wed,Brown,Alaska-Anchorage,12,3,5,2,False,False,False,ECAC,Independent,,https://www.collegehockeynews.com/box/final/20251119/aka/brn/,https://www.collegehockeynews.com/box/metrics.php?gd=111417,college_hockey_news
2025-26,2025-11-20_23_3,2025-11-20,Thu,Holy Cross,Alaska-Anchorage,23,3,7,2,False,False,False,Atlantic Hockey,Independent,,https://www.collegehockeynews.com/box/final/20251120/aka/hcr/,https://www.collegehockeynews.com/box/metrics.php?gd=110909,college_hockey_news
2025-26,2025-11-20_27_46,2025-11-20,Thu,Providence,Massachusetts,46,27,1,2,False,True,True,Hockey East,Hockey East,,https://www.collegehockeynews.com/box/final/20251120/uma/prv/,https://www.collegehockeynews.com/box/metrics.php?gd=110552,college_hockey_news
2025-26,2025-11-21_10_41,2025-11-21,Fri,Northeastern,Boston University,41,10,3,2,False,False,True,Hockey East,Hockey East,,https://www.collegehockeynews.com/box/final/20251121/bu_/noe/,https://www.collegehockeynews.com/box/metrics.php?gd=111134,college_hockey_news
2025-26,2025-11-21_11_63,2025-11-21,Fri,St. Thomas,Bowling Green,63,11,2,3,False,True,True,CCHA,CCHA,,https://www.collegehockeynews.com/box/final/20251121/bgs/stt/,https://www.collegehockeynews.com/box/metrics.php?gd=110651,college_hockey_news
2025-26,2025-11-21_12_59,2025-11-21,Fri,Brown,Yale,12,59,4,2,False,False,True,ECAC,ECAC,,https://www.collegehockeynews.com/box/final/20251121/yal/brn/,https://www.collegehockeynews.com/box/metrics.php?gd=111506,college_hockey_news
2025-26,2025-11-21_13_28,2025-11-21,Fri,Canisius,Mercyhurst,13,28,4,3,False,False,True,Atlantic Hockey,Atlantic Hockey,,https://www.collegehockeynews.com/box/final/20251121/mrc/cns/,https://www.collegehockeynews.com/box/metrics.php?gd=110765,college_hockey_news
2025-26,2025-11-21_14_47,2025-11-21,Fri,Quinnipiac,Clarkson,47,14,4,1,False,False,True,ECAC,ECAC,,https://www.collegehockeynews.com/box/final/20251121/clk/qui/,https://www.collegehockeynews.com/box/metrics.php?gd=110448,college_hockey_news
2025-26,2025-11-21_15_48,2025-11-21,Fri,Colgate,RPI,15,48,2,1,False,False,True,ECAC,ECAC,,https://www.collegehockeynews.com/box/final/20251121/ren/clg/,https://www.collegehockeynews.com/box/metrics.php?gd=111080,college_hockey_news
2025-26,2025-11-21_16_36,2025-11-21,Fri,Colorado College,Minnesota-Duluth,16,36,2,4,False,False,True,NCHC,NCHC,,https://www.collegehockeynews.com/box/final/20251121/mnd/cc_/,https://www.collegehockeynews.com/box/metrics.php?gd=110485,college_hockey_news
2025-26,2025-11-21_17_38,2025-11-21,Fri,New Hampshire,Connecticut,38,17,1,4,False,False,True,Hockey East,Hockey East,,https://www.collegehockeynews.com/box/final/20251121/con/unh/,https://www.collegehockeynews.com/box/metrics.php?gd=111184,college_hockey_news
2025-26,2025-11-21_18_54,2025-11-21,Fri,Cornell,Union,18,54,2,1,False,False,True,ECAC,ECAC,,https://www.collegehockeynews.com/box/final/20251121/uni/cor/,https://www.collegehockeynews.com/box/metrics.php?gd=111026,college_hockey_news
2025-26,2025-11-21_1_6,2025-11-21,Fri,Army,Air Force,6,1,3,6,False,False,True,Atlantic Hockey,Atlantic Hockey,,https://www.collegehockeynews.com/box/final/20251121/afa/arm/,https://www.collegehockeynews.com/box/metrics.php?gd=110810,college_hockey_news
2025-26,2025-11-21_20_61,2025-11-21,Fri,Arizona State,Denver,61,20,1,7,False,False,True,NCHC,NCHC,,https://www.collegehockeynews.com/box/final/20251121/den/asu/,https://www.collegehockeynews.com/box/metrics.php?gd=110380,college_hockey_news
2025-26,2025-11-21_21_24,2025-11-21,Fri,Ferris State,Lake Superior,21,24,1,2,False,False,True,CCHA,CCHA,,https://www.collegehockeynews.com/box/final/20251121/lss/fsu/,https://www.collegehockeynews.com/box/metrics.php?gd=111002,college_hockey_news
2025-26,2025-11-21_25_9,2025-11-21,Fri,Boston College,Maine,9,25,7,3,False,False,True,Hockey East,Hockey East,,https://www.collegehockeynews.com/box/final/20251121/mne/bc_/,https://www.collegehockeynews.com/box/metrics.php?gd=111286,college_hockey_news
2025-26,2025-11-21_29_62,2025-11-21,Fri,Long Island,Merrimack,62,29,2,6,False,False,False,Independent,Hockey East,,https://www.collegehockeynews.com/box/final/20251121/mer/liu/,https://www.collegehockeynews.com/box/metrics.php?gd=111385,college_hockey_news
2025-26,2025-11-21_30_52,2025-11-21,Fri,Miami,St. Cloud State,30,52,6,5,False,True,True,NCHC,NCHC,,https://www.collegehockeynews.com/box/final/20251121/stc/mia/,https://www.collegehockeynews.com/box/metrics.php?gd=110580,college_hockey_news
2025-26,2025-11-21_31_44,2025-11-21,Fri,Michigan,Ohio State,31,44,5,2,False,False,True,Big Ten,Big Ten,,https://www.collegehockeynews.com/box/final/20251121/osu/mic/,https://www.collegehockeynews.com/box/metrics.php?gd=111479,college_hockey_news
2025-26,2025-11-21_32_58,2025-11-21,Fri,Michigan State,Wisconsin,32,58,4,5,False,False,True,Big Ten,Big Ten,,https://www.collegehockeynews.com/box/final/20251121/wis/msu/,https://www.collegehockeynews.com/box/metrics.php?gd=111445,college_hockey_news
2025-26,2025-11-21_33_35,2025-11-21,Fri,Minnesota State,Michigan Tech,35,33,3,0,False,False,True,CCHA,CCHA,,https://www.collegehockeynews.com/box/final/20251121/mtu/mns/,https://www.collegehockeynews.com/box/metrics.php?gd=110606,college_hockey_news
2025-26,2025-11-21_34_60,2025-11-21,Fri,Minnesota,Penn State,34,60,3,2,False,False,True,Big Ten,Big Ten,,https://www.collegehockeynews.com/box/final/20251121/psu/min/,https://www.collegehockeynews.com/box/metrics.php?gd=111425,college_hockey_news
2025-26,2025-11-21_37_57,2025-11-21,Fri,Omaha,Western Michigan,37,57,2,7,False,False,True,NCHC,NCHC,,https://www.collegehockeynews.com/box/final/20251121/wmu/uno/,https://www.collegehockeynews.com/box/metrics.php?gd=110637,college_hockey_news
2025-26,2025-11-21_42_7,2025-11-21,Fri,Bemidji State,Northern Michigan,7,42,7,3,False,False,True,CCHA,CCHA,,https://www.collegehockeynews.com/box/final/20251121/nmu/bmj/,https://www.collegehockeynews.com/box/metrics.php?gd=110789,college_hockey_news
2025-26,2025-11-21_433_50,2025-11-21,Fri,Lindenwood,Robert Morris,433,50,6,2,False,False,False,Independent,Atlantic Hockey,,https://www.collegehockeynews.com/box/final/20251121/rmu/lin/,https://www.collegehockeynews.com/box/metrics.php?gd=110882,college_hockey_news
2025-26,2025-11-21_45_53,2025-11-21,Fri,Princeton,St. Lawrence,45,53,7,4,False,False,True,ECAC,ECAC,,https://www.collegehockeynews.com/box/final/20251121/stl/prn/,https://www.collegehockeynews.com/box/metrics.php?gd=111165,college_hockey_news
2025-26,2025-11-21_49_8,2025-11-21,Fri,Bentley,RIT,8,49,3,2,False,False,True,Atlantic Hockey,Atlantic Hockey,,https://www.collegehockeynews.com/box/final/20251121/rit/ben/,https://www.collegehockeynews.com/box/metrics.php?gd=110725,college_hockey_news
2025-26,2025-11-22_10_41,2025-11-22,Sat,Boston University,Northeastern,10,41,4,3,False,True,True,Hockey East,Hockey East,,https://www.collegehockeynews.com/box/final/20251122/noe/bu_/,https://www.collegehockeynews.com/box/metrics.php?gd=111135,college_hockey_news
2025-26,2025-11-22_11_63,2025-11-22,Sat,St. Thomas,Bowling Green,63,11,6,2,False,False,True,CCHA,CCHA,,https://www.collegehockeynews.com/box/final/20251122/bgs/stt/,https://www.collegehockeynews.com/box/metrics.php?gd=110652,college_hockey_news
2025-26,2025-11-22_12_59,2025-11-22,Sat,Yale,Brown,59,12,3,1,False,False,True,ECAC,ECAC,,https://www.collegehockeynews.com/box/final/20251122/brn/yal/,https://www.collegehockeynews.com/box/metrics.php?gd=111507,college_hockey_news
2025-26,2025-11-22_13_28,2025-11-22,Sat,Canisius,Mercyhurst,13,28,5,1,False,False,True,Atlantic Hockey,Atlantic Hockey,,https://www.collegehockeynews.com/box/final/20251122/mrc/cns/,https://www.collegehockeynews.com/box/metrics.php?gd=110766,college_hockey_news
2025-26,2025-11-22_14_45,2025-11-22,Sat,Princeton,Clarkson,45,14,4,3,False,False,True,ECAC,ECAC,,https://www.collegehockeynews.com/box/final/20251122/clk/prn/,https://www.collegehockeynews.com/box/metrics.php?gd=110449,college_hockey_news
2025-26,2025-11-22_15_54,2025-11-22,Sat,Colgate,Union,15,54,4,4,False,True,True,ECAC,ECAC,,https://www.collegehockeynews.com/box/final/20251122/uni/clg/,https://www.collegehockeynews.com/box/metrics.php?gd=111105,college_hockey_news
2025-26,2025-11-22_16_36,2025-11-22,Sat,Colorado College,Minnesota-Duluth,16,36,2,1,False,True,True,NCHC,NCHC,,https://www.collegehockeynews.com/box/final/20251122/mnd/cc_/,https://www.collegehockeynews.com/box/metrics.php?gd=110486,college_hockey_news
2025-26,2025-11-22_17_38,2025-11-22,Sat,Connecticut,New Hampshire,17,38,3,4,False,False,True,Hockey East,Hockey East,,https://www.collegehockeynews.com/box/final/20251122/unh/con/,https://www.collegehockeynews.com/box/metrics.php?gd=111185,college_hockey_news
2025-26,2025-11-22_18_48,2025-11-22,Sat,Cornell,RPI,18,48,6,1,False,False,True,ECAC,ECAC,,https://www.collegehockeynews.com/box/final/20251122/ren/cor/,https://www.collegehockeynews.com/box/metrics.php?gd=111027,college_hockey_news
2025-26,2025-11-22_1_6,2025-11-22,Sat,Army,Air Force,6,1,2,3,False,True,True,Atlantic Hockey,Atlantic Hockey,,https://www.collegehockeynews.com/box/final/20251122/afa/arm/,https://www.collegehockeynews.com/box/metrics.php?gd=110811,college_hockey_news
2025-26,2025-11-22_20_61,2025-11-22,Sat,Arizona State,Denver,61,20,3,2,False,True,True,NCHC,NCHC,,https://www.collegehockeynews.com/box/final/20251122/den/asu/,https://www.collegehockeynews.com/box/metrics.php?gd=110381,college_hockey_news
2025-26,2025-11-22_21_24,2025-11-22,Sat,Ferris State,Lake Superior,21,24,4,3,False,True,True,CCHA,CCHA,,https://www.collegehockeynews.com/box/final/20251122/lss/fsu/,https://www.collegehockeynews.com/box/metrics.php?gd=111003,college_hockey_news
2025-26,2025-11-22_22_55,2025-11-22,Sat,Vermont,Harvard,55,22,1,5,False,False,False,Hockey East,ECAC,,https://www.collegehockeynews.com/box/final/20251122/har/ver/,https://www.collegehockeynews.com/box/metrics.php?gd=111214,college_hockey_news
2025-26,2025-11-22_25_9,2025-11-22,Sat,Boston College,Maine,9,25,0,3,False,False,True,Hockey East,Hockey East,,https://www.collegehockeynews.com/box/final/20251122/mne/bc_/,https://www.collegehockeynews.com/box/metrics.php?gd=111287,college_hockey_news
2025-26,2025-11-22_27_46,2025-11-22,Sat,Massachusetts,Providence,27,46,1,5,False,False,True,Hockey East,Hockey East,,https://www.collegehockeynews.com/box/final/20251122/prv/uma/,https://www.collegehockeynews.com/box/metrics.php?gd=110553,college_hockey_news
2025-26,2025-11-22_30_52,2025-11-22,Sat,Miami,St. Cloud State,30,52,2,4,False,False,True,NCHC,NCHC,,https://www.collegehockeynews.com/box/final/20251122/stc/mia/,https://www.collegehockeynews.com/box/metrics.php?gd=110581,college_hockey_news
2025-26,2025-11-22_31_44,2025-11-22,Sat,Michigan,Ohio State,31,44,8,1,False,False,True,Big Ten,Big Ten,,https://www.collegehockeynews.com/box/final/20251122/osu/mic/,https://www.collegehockeynews.com/box/metrics.php?gd=111480,college_hockey_news
2025-26,2025-11-22_32_58,2025-11-22,Sat,Michigan State,Wisconsin,32,58,1,2,False,True,True,Big Ten,Big Ten,,https://www.collegehockeynews.com/box/final/20251122/wis/msu/,https://www.collegehockeynews.com/box/metrics.php?gd=111446,college_hockey_news
2025-26,2025-11-22_33_35,2025-11-22,Sat,Minnesota State,Michigan Tech,35,33,3,2,False,False,True,CCHA,CCHA,,https://www.collegehockeynews.com/box/final/20251122/mtu/mns/,https://www.collegehockeynews.com/box/metrics.php?gd=110607,college_hockey_news
2025-26,2025-11-22_34_60,2025-11-22,Sat,Minnesota,Penn State,34,60,1,2,False,False,True,Big Ten,Big Ten,,https://www.collegehockeynews.com/box/final/20251122/psu/min/,https://www.collegehockeynews.com/box/metrics.php?gd=111426,college_hockey_news
2025-26,2025-11-22_37_57,2025-11-22,Sat,Omaha,Western Michigan,37,57,2,4,False,False,True,NCHC,NCHC,,https://www.collegehockeynews.com/box/final/20251122/wmu/uno/,https://www.collegehockeynews.com/box/metrics.php?gd=110638,college_hockey_news
2025-26,2025-11-22_42_7,2025-11-22,Sat,Bemidji State,Northern Michigan,7,42,6,2,False,False,True,CCHA,CCHA,,https://www.collegehockeynews.com/box/final/20251122/nmu/bmj/,https://www.collegehockeynews.com/box/metrics.php?gd=110790,college_hockey_news
2025-26,2025-11-22_433_50,2025-11-22,Sat,Lindenwood,Robert Morris,433,50,5,3,False,False,False,Independent,Atlantic Hockey,,https://www.collegehockeynews.com/box/final/20251122/rmu/lin/,https://www.collegehockeynews.com/box/metrics.php?gd=110883,college_hockey_news
2025-26,2025-11-22_47_53,2025-11-22,Sat,Quinnipiac,St. Lawrence,47,53,4,2,False,False,True,ECAC,ECAC,,https://www.collegehockeynews.com/box/final/20251122/stl/qui/,https://www.collegehockeynews.com/box/metrics.php?gd=111055,college_hockey_news
2025-26,2025-11-22_51_62,2025-11-22,Sat,Sacred Heart,Long Island,51,62,7,2,False,False,False,Atlantic Hockey,Independent,,https://www.collegehockeynews.com/box/final/20251122/liu/sac/,https://www.collegehockeynews.com/box/metrics.php?gd=110931,college_hockey_news
2025-26,2025-11-23_23_3,2025-11-23,Sun,Holy Cross,Alaska-Anchorage,23,3,1,0,False,False,False,Atlantic Hockey,Independent,,https://www.collegehockeynews.com/box/final/20251123/aka/hcr/,https://www.collegehockeynews.com/box/metrics.php?gd=110910,college_hockey_news
2025-26,2025-11-25_17_422,2025-11-25,Tue,Connecticut,Stonehill,17,422,3,3,False,True,False,Hockey East,Independent,"at PeoplesBank Arena, Hartford, Conn.",https://www.collegehockeynews.com/box/final/20251125/stn/con/,https://www.collegehockeynews.com/box/metrics.php?gd=111288,college_hockey_news
2025-26,2025-11-25_6_8,2025-11-25,Tue,Army,Bentley,6,8,1,3,False,False,True,Atlantic Hockey,Atlantic Hockey,,https://www.collegehockeynews.com/box/final/20251125/ben/arm/,https://www.collegehockeynews.com/box/metrics.php?gd=110812,college_hockey_news
2025-26,2025-11-26_15_32,2025-11-26,Wed,Michigan State,Colgate,32,15,5,2,False,False,False,Big Ten,ECAC,,https://www.collegehockeynews.com/box/final/20251126/clg/msu/,https://www.collegehockeynews.com/box/metrics.php?gd=111369,college_hockey_news
2025-26,2025-11-26_23_47,2025-11-26,Wed,Quinnipiac,Holy Cross,47,23,7,6,False,True,False,ECAC,Atlantic Hockey,,https://www.collegehockeynews.com/box/final/20251126/hcr/qui/,https://www.collegehockeynews.com/box/metrics.php?gd=110911,college_hockey_news
2025-26,2025-11-26_29_43,2025-11-26,Wed,Merrimack,Notre Dame,29,43,4,5,False,False,False,Hockey East,Big Ten,,https://www.collegehockeynews.com/box/final/20251126/ndm/mer/,https://www.collegehockeynews.com/box/metrics.php?gd=111206,college_hockey_news
2025-26,2025-11-28_11_45,2025-11-28,Fri,Bowling Green,Princeton,11,45,4,1,False,False,False,CCHA,ECAC,,https://www.collegehockeynews.com/box/final/20251128/prn/bgs/,https://www.collegehockeynews.com/box/metrics.php?gd=110977,college_hockey_news
2025-26,2025-11-28_14_26,2025-11-28,Fri,Mass.-Lowell,Clarkson,26,14,0,2,True,False,False,Hockey East,ECAC,"Adirondack Winter Invitational – 1980 Rink Herb Brooks Arena, Lake Placid, N.Y.",https://www.collegehockeynews.com/box/final/20251128/clk/uml/,https://www.collegehockeynews.com/box/metrics.php?gd=110451,college_hockey_news
2025-26,2025-11-28_15_32,2025-11-28,Fri,Michigan State,Colgate,32,15,4,1,False,False,False,Big Ten,ECAC,,https://www.collegehockeynews.com/box/final/20251128/clg/msu/,https://www.collegehockeynews.com/box/metrics.php?gd=111370,college_hockey_news
2025-26,2025-11-28_16_46,2025-11-28,Fri,Colorado College,Providence,16,46,3,2,False,False,False,NCHC,Hockey East,,https://www.collegehockeynews.com/box/final/20251128/prv/cc_/,https://www.collegehockeynews.com/box/metrics.php?gd=111097,college_hockey_news
2025-26,2025-11-28_19_55,2025-11-28,Fri,Dartmouth,Vermont,19,55,7,2,False,False,False,ECAC,Hockey East,,https://www.collegehockeynews.com/box/final/20251128/ver/dar/,https://www.collegehockeynews.com/box/metrics.php?gd=111289,college_hockey_news
2025-26,2025-11-28_1_13,2025-11-28,Fri,Canisius,Air Force,13,1,3,6,False,False,True,Atlantic Hockey,Atlantic Hockey,,https://www.collegehockeynews.com/box/final/20251128/afa/cns/,https://www.collegehockeynews.com/box/metrics.php?gd=110767,college_hockey_news
2025-26,2025-11-28_22_31,2025-11-28,Fri,Harvard,Michigan,22,31,1,5,False,False,False,ECAC,Big Ten,,https://www.collegehockeynews.com/box/final/20251128/mic/har/,https://www.collegehockeynews.com/box/metrics.php?gd=110703,college_hockey_news
2025-26,2025-11-28_24_64,2025-11-28,Fri,Lake Superior,Augustana,24,64,2,1,False,False,True,CCHA,CCHA,,https://www.collegehockeynews.com/box/final/20251128/aug/lss/,https://www.collegehockeynews.com/box/metrics.php?gd=110679,college_hockey_news
2025-26,2025-11-28_28_50,2025-11-28,Fri,Mercyhurst,Robert Morris,28,50,1,3,False,False,True,Atlantic Hockey,Atlantic Hockey,,https://www.collegehockeynews.com/box/final/20251128/rmu/mrc/,https://www.collegehockeynews.com/box/metrics.php?gd=110884,college_hockey_news
2025-26,2025-11-28_30_49,2025-11-28,Fri,RIT,Miami,49,30,0,4,True,False,False,Atlantic Hockey,NCHC,"Friendship Four – SSE Arena, Belfast, N. Ireland",https://www.collegehockeynews.com/box/final/20251128/mia/rit/,https://www.collegehockeynews.com/box/metrics.php?gd=110582,college_hockey_news
2025-26,2025-11-28_33_63,2025-11-28,Fri,Michigan Tech,St. Thomas,33,63,3,3,False,True,True,CCHA,CCHA,,https://www.collegehockeynews.com/box/final/20251128/stt/mtu/,https://www.collegehockeynews.com/box/metrics.php?gd=110653,college_hockey_news
2025-26,2025-11-28_35_42,2025-11-28,Fri,Northern Michigan,Minnesota State,42,35,0,4,False,False,True,CCHA,CCHA,,https://www.collegehockeynews.com/box/final/20251128/mns/nmu/,https://www.collegehockeynews.com/box/metrics.php?gd=110608,college_hockey_news
2025-26,2025-11-28_37_59,2025-11-28,Fri,Yale,Omaha,59,37,2,1,False,False,False,ECAC,NCHC,,https://www.collegehockeynews.com/box/final/20251128/uno/yal/,https://www.collegehockeynews.com/box/metrics.php?gd=110706,college_hockey_news
2025-26,2025-11-28_39_48,2025-11-28,Fri,Niagara,RPI,39,48,1,4,False,False,False,Atlantic Hockey,ECAC,,https://www.collegehockeynews.com/box/final/20251128/ren/nia/,https://www.collegehockeynews.com/box/metrics.php?gd=110963,college_hockey_news
2025-26,2025-11-28_40_7,2025-11-28,Fri,Bemidji State,North Dakota,7,40,3,5,False,False,False,CCHA,NCHC,,https://www.collegehockeynews.com/box/final/20251128/ndk/bmj/,https://www.collegehockeynews.com/box/metrics.php?gd=110417,college_hockey_news
2025-26,2025-11-28_433_62,2025-11-28,Fri,Lindenwood,Long Island,433,62,5,2,False,False,False,Independent,Independent,,https://www.collegehockeynews.com/box/final/20251128/liu/lin/,https://www.collegehockeynews.com/box/metrics.php?gd=111356,college_hockey_news
2025-26,2025-11-28_43_9,2025-11-28,Fri,Boston College,Notre Dame,9,43,5,3,False,False,False,Hockey East,Big Ten,,https://www.collegehockeynews.com/box/final/20251128/ndm/bc_/,https://www.collegehockeynews.com/box/metrics.php?gd=111207,college_hockey_news
2025-26,2025-11-28_44_61,2025-11-28,Fri,Arizona State,Ohio State,61,44,3,2,False,True,False,NCHC,Big Ten,,https://www.collegehockeynews.com/box/final/20251128/osu/asu/,https://www.collegehockeynews.com/box/metrics.php?gd=110382,college_hockey_news
2025-26,2025-11-28_4_53,2025-11-28,Fri,St. Lawrence,Alaska,53,4,0,2,True,False,False,ECAC,Independent,"Adirondack Winter Invitational – 1980 Rink Herb Brooks Arena, Lake Placid, N.Y.",https://www.collegehockeynews.com/box/final/20251128/akf/stl/,https://www.collegehockeynews.com/box/metrics.php?gd=110450,college_hockey_news
2025-26,2025-11-28_51_54,2025-11-28,Fri,Union,Sacred Heart,54,51,8,1,True,False,False,ECAC,Atlantic Hockey,"Friendship Four – SSE Arena, Belfast, N. Ireland",https://www.collegehockeynews.com/box/final/20251128/sac/uni/,https://www.collegehockeynews.com/box/metrics.php?gd=110583,college_hockey_news
2025-26,2025-11-29_10_18,2025-11-29,Sat,Cornell,Boston University,18,10,1,2,True,False,False,ECAC,Hockey East,"Red Hot Hockey – Madison Square Garden, New York, N.Y.",https://www.collegehockeynews.com/box/final/20251129/bu_/cor/,https://www.collegehockeynews.com/box/metrics.php?gd=111028,college_hockey_news
2025-26,2025-11-29_11_45,2025-11-29,Sat,Bowling Green,Princeton,11,45,4,3,False,False,False,CCHA,ECAC,,https://www.collegehockeynews.com/box/final/20251129/prn/bgs/,https://www.collegehockeynews.com/box/metrics.php?gd=110978,college_hockey_news
2025-26,2025-11-29_12_41,2025-11-29,Sat,Northeastern,Brown,41,12,4,1,False,False,False,Hockey East,ECAC,,https://www.collegehockeynews.com/box/final/20251129/brn/noe/,https://www.collegehockeynews.com/box/metrics.php?gd=111504,college_hockey_news
2025-26,2025-11-29_14_4,2025-11-29,Sat,Clarkson,Alaska,14,4,2,3,True,False,False,ECAC,Independent,"Adirondack Winter Invitational – 1980 Rink Herb Brooks Arena, Lake Placid, N.Y.",https://www.collegehockeynews.com/box/final/20251129/akf/clk/,https://www.collegehockeynews.com/box/metrics.php?gd=110452,college_hockey_news
2025-26,2025-11-29_16_46,2025-11-29,Sat,Colorado College,Providence,16,46,1,2,False,False,False,NCHC,Hockey East,,https://www.collegehockeynews.com/box/final/20251129/prv/cc_/,https://www.collegehockeynews.com/box/metrics.php?gd=111098,college_hockey_news
2025-26,2025-11-29_19_29,2025-11-29,Sat,Dartmouth,Merrimack,19,29,1,0,False,False,False,ECAC,Hockey East,,https://www.collegehockeynews.com/box/final/20251129/mer/dar/,https://www.collegehockeynews.com/box/metrics.php?gd=111398,college_hockey_news
2025-26,2025-11-29_1_13,2025-11-29,Sat,Canisius,Air Force,13,1,3,3,False,True,True,Atlantic Hockey,Atlantic Hockey,,https://www.collegehockeynews.com/box/final/20251129/afa/cns/,https://www.collegehockeynews.com/box/metrics.php?gd=110768,college_hockey_news
2025-26,2025-11-29_20_34,2025-11-29,Sat,Denver,Minnesota,20,34,5,6,False,True,False,NCHC,Big Ten,"U.S. Hockey Hall of Fame Game – Ball Arena, Denver, Colo.",https://www.collegehockeynews.com/box/final/20251129/min/den/,https://www.collegehockeynews.com/box/metrics.php?gd=110526,college_hockey_news
2025-26,2025-11-29_22_31,2025-11-29,Sat,Harvard,Michigan,22,31,3,4,False,True,False,ECAC,Big Ten,,https://www.collegehockeynews.com/box/final/20251129/mic/har/,https://www.collegehockeynews.com/box/metrics.php?gd=110704,college_hockey_news
2025-26,2025-11-29_24_64,2025-11-29,Sat,Lake Superior,Augustana,24,64,1,2,False,False,True,CCHA,CCHA,,https://www.collegehockeynews.com/box/final/20251129/aug/lss/,https://www.collegehockeynews.com/box/metrics.php?gd=110680,college_hockey_news
2025-26,2025-11-29_26_53,2025-11-29,Sat,St. Lawrence,Mass.-Lowell,53,26,3,7,True,False,False,ECAC,Hockey East,"Adirondack Winter Invitational – 1980 Rink Herb Brooks Arena, Lake Placid, N.Y.",https://www.collegehockeynews.com/box/final/20251129/uml/stl/,https://www.collegehockeynews.com/box/metrics.php?gd=110453,college_hockey_news
2025-26,2025-11-29_27_6,2025-11-29,Sat,Army,Massachusetts,6,27,5,4,False,False,False,Atlantic Hockey,Hockey East,,https://www.collegehockeynews.com/box/final/20251129/uma/arm/,https://www.collegehockeynews.com/box/metrics.php?gd=110813,college_hockey_news
2025-26,2025-11-29_28_50,2025-11-29,Sat,Robert Morris,Mercyhurst,50,28,1,1,False,True,True,Atlantic Hockey,Atlantic Hockey,,https://www.collegehockeynews.com/box/final/20251129/mrc/rmu/,https://www.collegehockeynews.com/box/metrics.php?gd=110885,college_hockey_news
2025-26,2025-11-29_30_54,2025-11-29,Sat,Miami,Union,30,54,3,2,True,False,False,NCHC,ECAC,"Friendship Four – SSE Arena, Belfast, N. Ireland",https://www.collegehockeynews.com/box/final/20251129/uni/mia/,https://www.collegehockeynews.com/box/metrics.php?gd=111248,college_hockey_news
2025-26,2025-11-29_33_63,2025-11-29,Sat,Michigan Tech,St. Thomas,33,63,1,2,False,False,True,CCHA,CCHA,,https://www.collegehockeynews.com/box/final/20251129/stt/mtu/,https://www.collegehockeynews.com/box/metrics.php?gd=110654,college_hockey_news
2025-26,2025-11-29_35_42,2025-11-29,Sat,Northern Michigan,Minnesota State,42,35,2,3,False,False,True,CCHA,CCHA,,https://www.collegehockeynews.com/box/final/20251129/mns/nmu/,https://www.collegehockeynews.com/box/metrics.php?gd=110609,college_hockey_news
2025-26,2025-11-29_37_59,2025-11-29,Sat,Yale,Omaha,59,37,1,3,False,False,False,ECAC,NCHC,,https://www.collegehockeynews.com/box/final/20251129/uno/yal/,https://www.collegehockeynews.com/box/metrics.php?gd=110707,college_hockey_news
2025-26,2025-11-29_38_8,2025-11-29,Sat,Bentley,New Hampshire,8,38,0,3,False,False,False,Atlantic Hockey,Hockey East,,https://www.collegehockeynews.com/box/final/20251129/unh/ben/,https://www.collegehockeynews.com/box/metrics.php?gd=110948,college_hockey_news
2025-26,2025-11-29_39_48,2025-11-29,Sat,Niagara,RPI,39,48,2,3,False,False,False,Atlantic Hockey,ECAC,,https://www.collegehockeynews.com/box/final/20251129/ren/nia/,https://www.collegehockeynews.com/box/metrics.php?gd=110964,college_hockey_news
2025-26,2025-11-29_40_7,2025-11-29,Sat,North Dakota,Bemidji State,40,7,2,1,False,True,False,NCHC,CCHA,,https://www.collegehockeynews.com/box/final/20251129/bmj/ndk/,https://www.collegehockeynews.com/box/metrics.php?gd=110418,college_hockey_news
2025-26,2025-11-29_422_47,2025-11-29,Sat,Quinnipiac,Stonehill,47,422,3,2,False,False,False,ECAC,Independent,,https://www.collegehockeynews.com/box/final/20251129/stn/qui/,https://www.collegehockeynews.com/box/metrics.php?gd=111056,college_hockey_news
2025-26,2025-11-29_433_62,2025-11-29,Sat,Lindenwood,Long Island,433,62,2,5,False,False,False,Independent,Independent,,https://www.collegehockeynews.com/box/final/20251129/liu/lin/,https://www.collegehockeynews.com/box/metrics.php?gd=111357,college_hockey_news
2025-26,2025-11-29_44_61,2025-11-29,Sat,Arizona State,Ohio State,61,44,4,3,False,True,False,NCHC,Big Ten,,https://www.collegehockeynews.com/box/final/20251129/osu/asu/,https://www.collegehockeynews.com/box/metrics.php?gd=110383,college_hockey_news
2025-26,2025-11-29_49_51,2025-11-29,Sat,Sacred Heart,RIT,51,49,3,0,True,False,False,Atlantic Hockey,Atlantic Hockey,"Friendship Four – SSE Arena, Belfast, N. Ireland",https://www.collegehockeynews.com/box/final/20251129/rit/sac/,https://www.collegehockeynews.com/box/metrics.php?gd=111245,college_hockey_news
2025-26,2025-12-04_34_44,2025-12-04,Thu,Ohio State,Minnesota,44,34,3,6,False,False,True,Big Ten,Big Ten,,https://www.collegehockeynews.com/box/final/20251204/min/osu/,https://www.collegehockeynews.com/box/metrics.php?gd=111481,college_hockey_news
2025-26,2025-12-05_10_55,2025-12-05,Fri,Boston University,Vermont,10,55,2,1,False,False,True,Hockey East,Hockey East,,https://www.collegehockeynews.com/box/final/20251205/ver/bu_/,https://www.collegehockeynews.com/box/metrics.php?gd=111136,college_hockey_news
2025-26,2025-12-05_11_42,2025-12-05,Fri,Bowling Green,Northern Michigan,11,42,2,3,False,False,True,CCHA,CCHA,,https://www.collegehockeynews.com/box/final/20251205/nmu/bgs/,https://www.collegehockeynews.com/box/metrics.php?gd=110864,college_hockey_news
2025-26,2025-12-05_12_19,2025-12-05,Fri,Dartmouth,Brown,19,12,7,3,False,False,True,ECAC,ECAC,,https://www.collegehockeynews.com/box/final/20251205/brn/dar/,https://www.collegehockeynews.com/box/metrics.php?gd=111399,college_hockey_news
2025-26,2025-12-05_13_49,2025-12-05,Fri,RIT,Canisius,49,13,3,1,False,False,True,Atlantic Hockey,Atlantic Hockey,,https://www.collegehockeynews.com/box/final/20251205/cns/rit/,https://www.collegehockeynews.com/box/metrics.php?gd=110727,college_hockey_news
2025-26,2025-12-05_14_18,2025-12-05,Fri,Clarkson,Cornell,14,18,4,1,False,False,True,ECAC,ECAC,,https://www.collegehockeynews.com/box/final/20251205/cor/clk/,https://www.collegehockeynews.com/box/metrics.php?gd=110454,college_hockey_news
2025-26,2025-12-05_15_53,2025-12-05,Fri,St. Lawrence,Colgate,53,15,2,4,False,False,True,ECAC,ECAC,,https://www.collegehockeynews.com/box/final/20251205/clg/stl/,https://www.collegehockeynews.com/box/metrics.php?gd=111166,college_hockey_news
2025-26,2025-12-05_17_29,2025-12-05,Fri,Merrimack,Connecticut,29,17,0,3,False,False,True,Hockey East,Hockey East,,https://www.collegehockeynews.com/box/final/20251205/con/mer/,https://www.collegehockeynews.com/box/metrics.php?gd=111290,college_hockey_news
2025-26,2025-12-05_1_50,2025-12-05,Fri,Air Force,Robert Morris,1,50,4,1,False,False,True,Atlantic Hockey,Atlantic Hockey,,https://www.collegehockeynews.com/box/final/20251205/rmu/afa/,https://www.collegehockeynews.com/box/metrics.php?gd=110886,college_hockey_news
2025-26,2025-12-05_20_30,2025-12-05,Fri,Denver,Miami,20,30,4,0,False,False,True,NCHC,NCHC,,https://www.collegehockeynews.com/box/final/20251205/mia/den/,https://www.collegehockeynews.com/box/metrics.php?gd=110527,college_hockey_news
2025-26,2025-12-05_21_35,2025-12-05,Fri,Minnesota State,Ferris State,35,21,5,1,False,False,True,CCHA,CCHA,,https://www.collegehockeynews.com/box/final/20251205/fsu/mns/,https://www.collegehockeynews.com/box/metrics.php?gd=110610,college_hockey_news
2025-26,2025-12-05_22_59,2025-12-05,Fri,Harvard,Yale,22,59,3,2,False,False,True,ECAC,ECAC,,https://www.collegehockeynews.com/box/final/20251205/yal/har/,https://www.collegehockeynews.com/box/metrics.php?gd=111215,college_hockey_news
2025-26,2025-12-05_24_63,2025-12-05,Fri,St. Thomas,Lake Superior,63,24,3,5,False,False,True,CCHA,CCHA,,https://www.collegehockeynews.com/box/final/20251205/lss/stt/,https://www.collegehockeynews.com/box/metrics.php?gd=110655,college_hockey_news
2025-26,2025-12-05_25_38,2025-12-05,Fri,Maine,New Hampshire,25,38,0,1,False,False,True,Hockey East,Hockey East,,https://www.collegehockeynews.com/box/final/20251205/unh/mne/,https://www.collegehockeynews.com/box/metrics.php?gd=111186,college_hockey_news
2025-26,2025-12-05_26_9,2025-12-05,Fri,Mass.-Lowell,Boston College,26,9,1,3,False,False,True,Hockey East,Hockey East,,https://www.collegehockeynews.com/box/final/20251205/bc_/uml/,https://www.collegehockeynews.com/box/metrics.php?gd=110840,college_hockey_news
2025-26,2025-12-05_31_32,2025-12-05,Fri,Michigan State,Michigan,32,31,0,3,False,False,True,Big Ten,Big Ten,,https://www.collegehockeynews.com/box/final/20251205/mic/msu/,https://www.collegehockeynews.com/box/metrics.php?gd=111447,college_hockey_news
2025-26,2025-12-05_34_44,2025-12-05,Fri,Ohio State,Minnesota,44,34,6,5,False,True,True,Big Ten,Big Ten,,https://www.collegehockeynews.com/box/final/20251205/min/osu/,https://www.collegehockeynews.com/box/metrics.php?gd=111482,college_hockey_news
2025-26,2025-12-05_36_57,2025-12-05,Fri,Western Michigan,Minnesota-Duluth,57,36,1,4,False,False,True,NCHC,NCHC,,https://www.collegehockeynews.com/box/final/20251205/mnd/wmu/,https://www.collegehockeynews.com/box/metrics.php?gd=110487,college_hockey_news
2025-26,2025-12-05_39_8,2025-12-05,Fri,Bentley,Niagara,8,39,1,3,False,False,True,Atlantic Hockey,Atlantic Hockey,,https://www.collegehockeynews.com/box/final/20251205/nia/ben/,https://www.collegehockeynews.com/box/metrics.php?gd=110949,college_hockey_news
2025-26,2025-12-05_3_422,2025-12-05,Fri,Alaska-Anchorage,Stonehill,3,422,2,3,False,False,False,Independent,Independent,,https://www.collegehockeynews.com/box/final/20251205/stn/aka/,https://www.collegehockeynews.com/box/metrics.php?gd=111404,college_hockey_news
2025-26,2025-12-05_401_62,2025-12-05,Fri,Long Island,Assumption,62,,8,3,False,False,True,Independent,,,https://www.collegehockeynews.com/box/final/20251205/401/liu/,,college_hockey_news
2025-26,2025-12-05_40_52,2025-12-05,Fri,St. Cloud State,North Dakota,52,40,3,4,False,False,True,NCHC,NCHC,,https://www.collegehockeynews.com/box/final/20251205/ndk/stc/,https://www.collegehockeynews.com/box/metrics.php?gd=110419,college_hockey_news
2025-26,2025-12-05_43_58,2025-12-05,Fri,Notre Dame,Wisconsin,43,58,4,7,False,False,True,Big Ten,Big Ten,,https://www.collegehockeynews.com/box/final/20251205/wis/ndm/,https://www.collegehockeynews.com/box/metrics.php?gd=111469,college_hockey_news
2025-26,2025-12-05_45_54,2025-12-05,Fri,Union,Princeton,54,45,1,5,False,False,True,ECAC,ECAC,,https://www.collegehockeynews.com/box/final/20251205/prn/uni/,https://www.collegehockeynews.com/box/metrics.php?gd=111106,college_hockey_news
2025-26,2025-12-05_47_48,2025-12-05,Fri,RPI,Quinnipiac,48,47,1,5,False,False,True,ECAC,ECAC,,https://www.collegehockeynews.com/box/final/20251205/qui/ren/,https://www.collegehockeynews.com/box/metrics.php?gd=111057,college_hockey_news
2025-26,2025-12-05_51_6,2025-12-05,Fri,Sacred Heart,Army,51,6,3,3,False,True,True,Atlantic Hockey,Atlantic Hockey,,https://www.collegehockeynews.com/box/final/20251205/arm/sac/,https://www.collegehockeynews.com/box/metrics.php?gd=110814,college_hockey_news
2025-26,2025-12-05_64_7,2025-12-05,Fri,Augustana,Bemidji State,64,7,3,1,False,False,True,CCHA,CCHA,,https://www.collegehockeynews.com/box/final/20251205/bmj/aug/,https://www.collegehockeynews.com/box/metrics.php?gd=110681,college_hockey_news
2025-26,2025-12-06_10_55,2025-12-06,Sat,Boston University,Vermont,10,55,2,3,False,False,True,Hockey East,Hockey East,,https://www.collegehockeynews.com/box/final/20251206/ver/bu_/,https://www.collegehockeynews.com/box/metrics.php?gd=111137,college_hockey_news
2025-26,2025-12-06_11_42,2025-12-06,Sat,Bowling Green,Northern Michigan,11,42,4,3,False,True,True,CCHA,CCHA,,https://www.collegehockeynews.com/box/final/20251206/nmu/bgs/,https://www.collegehockeynews.com/box/metrics.php?gd=110865,college_hockey_news
2025-26,2025-12-06_12_22,2025-12-06,Sat,Harvard,Brown,22,12,7,3,False,False,True,ECAC,ECAC,,https://www.collegehockeynews.com/box/final/20251206/brn/har/,https://www.collegehockeynews.com/box/metrics.php?gd=111216,college_hockey_news
2025-26,2025-12-06_13_49,2025-12-06,Sat,Canisius,RIT,13,49,4,2,False,False,True,Atlantic Hockey,Atlantic Hockey,,https://www.collegehockeynews.com/box/final/20251206/rit/cns/,https://www.collegehockeynews.com/box/metrics.php?gd=110728,college_hockey_news
2025-26,2025-12-06_14_15,2025-12-06,Sat,Clarkson,Colgate,14,15,5,3,False,False,True,ECAC,ECAC,,https://www.collegehockeynews.com/box/final/20251206/clg/clk/,https://www.collegehockeynews.com/box/metrics.php?gd=110455,college_hockey_news
2025-26,2025-12-06_17_29,2025-12-06,Sat,Connecticut,Merrimack,17,29,5,2,False,False,True,Hockey East,Hockey East,,https://www.collegehockeynews.com/box/final/20251206/mer/con/,https://www.collegehockeynews.com/box/metrics.php?gd=111291,college_hockey_news
2025-26,2025-12-06_18_53,2025-12-06,Sat,St. Lawrence,Cornell,53,18,2,7,False,False,True,ECAC,ECAC,,https://www.collegehockeynews.com/box/final/20251206/cor/stl/,https://www.collegehockeynews.com/box/metrics.php?gd=111029,college_hockey_news
2025-26,2025-12-06_19_59,2025-12-06,Sat,Dartmouth,Yale,19,59,6,1,False,False,True,ECAC,ECAC,,https://www.collegehockeynews.com/box/final/20251206/yal/dar/,https://www.collegehockeynews.com/box/metrics.php?gd=111400,college_hockey_news
2025-26,2025-12-06_1_50,2025-12-06,Sat,Air Force,Robert Morris,1,50,3,6,False,False,True,Atlantic Hockey,Atlantic Hockey,,https://www.collegehockeynews.com/box/final/20251206/rmu/afa/,https://www.collegehockeynews.com/box/metrics.php?gd=110887,college_hockey_news
2025-26,2025-12-06_20_30,2025-12-06,Sat,Denver,Miami,20,30,5,2,False,False,True,NCHC,NCHC,,https://www.collegehockeynews.com/box/final/20251206/mia/den/,https://www.collegehockeynews.com/box/metrics.php?gd=110528,college_hockey_news
2025-26,2025-12-06_21_35,2025-12-06,Sat,Minnesota State,Ferris State,35,21,1,4,False,False,True,CCHA,CCHA,,https://www.collegehockeynews.com/box/final/20251206/fsu/mns/,https://www.collegehockeynews.com/box/metrics.php?gd=110611,college_hockey_news
2025-26,2025-12-06_23_28,2025-12-06,Sat,Holy Cross,Mercyhurst,23,28,4,1,False,False,True,Atlantic Hockey,Atlantic Hockey,,https://www.collegehockeynews.com/box/final/20251206/mrc/hcr/,https://www.collegehockeynews.com/box/metrics.php?gd=110912,college_hockey_news
2025-26,2025-12-06_24_63,2025-12-06,Sat,St. Thomas,Lake Superior,63,24,4,1,False,False,True,CCHA,CCHA,,https://www.collegehockeynews.com/box/final/20251206/lss/stt/,https://www.collegehockeynews.com/box/metrics.php?gd=110656,college_hockey_news
2025-26,2025-12-06_25_38,2025-12-06,Sat,Maine,New Hampshire,25,38,2,3,False,False,True,Hockey East,Hockey East,,https://www.collegehockeynews.com/box/final/20251206/unh/mne/,https://www.collegehockeynews.com/box/metrics.php?gd=111187,college_hockey_news
2025-26,2025-12-06_26_9,2025-12-06,Sat,Boston College,Mass.-Lowell,9,26,3,1,False,False,True,Hockey East,Hockey East,,https://www.collegehockeynews.com/box/final/20251206/uml/bc_/,https://www.collegehockeynews.com/box/metrics.php?gd=110841,college_hockey_news
2025-26,2025-12-06_27_41,2025-12-06,Sat,Northeastern,Massachusetts,41,27,3,2,False,True,True,Hockey East,Hockey East,,https://www.collegehockeynews.com/box/final/20251206/uma/noe/,https://www.collegehockeynews.com/box/metrics.php?gd=110554,college_hockey_news
2025-26,2025-12-06_31_32,2025-12-06,Sat,Michigan,Michigan State,31,32,1,3,False,False,True,Big Ten,Big Ten,,https://www.collegehockeynews.com/box/final/20251206/msu/mic/,https://www.collegehockeynews.com/box/metrics.php?gd=111448,college_hockey_news
2025-26,2025-12-06_36_57,2025-12-06,Sat,Western Michigan,Minnesota-Duluth,57,36,3,2,False,True,True,NCHC,NCHC,,https://www.collegehockeynews.com/box/final/20251206/mnd/wmu/,https://www.collegehockeynews.com/box/metrics.php?gd=110488,college_hockey_news
2025-26,2025-12-06_39_8,2025-12-06,Sat,Bentley,Niagara,8,39,3,2,False,False,True,Atlantic Hockey,Atlantic Hockey,,https://www.collegehockeynews.com/box/final/20251206/nia/ben/,https://www.collegehockeynews.com/box/metrics.php?gd=110950,college_hockey_news
2025-26,2025-12-06_3_422,2025-12-06,Sat,Alaska-Anchorage,Stonehill,3,422,3,4,False,True,False,Independent,Independent,,https://www.collegehockeynews.com/box/final/20251206/stn/aka/,https://www.collegehockeynews.com/box/metrics.php?gd=111405,college_hockey_news
2025-26,2025-12-06_40_52,2025-12-06,Sat,St. Cloud State,North Dakota,52,40,2,4,False,False,True,NCHC,NCHC,,https://www.collegehockeynews.com/box/final/20251206/ndk/stc/,https://www.collegehockeynews.com/box/metrics.php?gd=110420,college_hockey_news
2025-26,2025-12-06_43_58,2025-12-06,Sat,Notre Dame,Wisconsin,43,58,2,9,False,False,True,Big Ten,Big Ten,,https://www.collegehockeynews.com/box/final/20251206/wis/ndm/,https://www.collegehockeynews.com/box/metrics.php?gd=111470,college_hockey_news
2025-26,2025-12-06_45_48,2025-12-06,Sat,RPI,Princeton,48,45,0,4,False,False,True,ECAC,ECAC,,https://www.collegehockeynews.com/box/final/20251206/prn/ren/,https://www.collegehockeynews.com/box/metrics.php?gd=111081,college_hockey_news
2025-26,2025-12-06_47_54,2025-12-06,Sat,Union,Quinnipiac,54,47,4,0,False,False,True,ECAC,ECAC,,https://www.collegehockeynews.com/box/final/20251206/qui/uni/,https://www.collegehockeynews.com/box/metrics.php?gd=111058,college_hockey_news
2025-26,2025-12-06_51_6,2025-12-06,Sat,Sacred Heart,Army,51,6,0,2,False,False,True,Atlantic Hockey,Atlantic Hockey,,https://www.collegehockeynews.com/box/final/20251206/arm/sac/,https://www.collegehockeynews.com/box/metrics.php?gd=110815,college_hockey_news
2025-26,2025-12-07_27_41,2025-12-07,Sun,Northeastern,Massachusetts,41,27,0,2,False,False,False,Hockey East,Hockey East,,https://www.collegehockeynews.com/box/final/20251207/uma/noe/,https://www.collegehockeynews.com/box/metrics.php?gd=110555,college_hockey_news
2025-26,2025-12-07_64_7,2025-12-07,Sun,Augustana,Bemidji State,64,7,4,4,False,True,True,CCHA,CCHA,ppd. from 12/5 (ice conditions),https://www.collegehockeynews.com/box/final/20251207/bmj/aug/,https://www.collegehockeynews.com/box/metrics.php?gd=110682,college_hockey_news
2025-26,2025-12-09_12_46,2025-12-09,Tue,Brown,Providence,12,46,2,4,False,False,False,ECAC,Hockey East,,https://www.collegehockeynews.com/box/final/20251209/prv/brn/,https://www.collegehockeynews.com/box/metrics.php?gd=111413,college_hockey_news
2025-26,2025-12-10_25_26,2025-12-10,Wed,Maine,Mass.-Lowell,25,26,5,4,False,True,True,Hockey East,Hockey East,"at Cross Insurance Arena, Portland, Maine",https://www.collegehockeynews.com/box/final/20251210/uml/mne/,https://www.collegehockeynews.com/box/metrics.php?gd=110842,college_hockey_news
2025-26,2025-12-12_16_30,2025-12-12,Fri,Miami,Colorado College,30,16,4,4,False,True,True,NCHC,NCHC,,https://www.collegehockeynews.com/box/final/20251212/cc_/mia/,https://www.collegehockeynews.com/box/metrics.php?gd=110505,college_hockey_news
2025-26,2025-12-12_19_6,2025-12-12,Fri,Dartmouth,Army,19,6,3,0,False,False,False,ECAC,Atlantic Hockey,,https://www.collegehockeynews.com/box/final/20251212/arm/dar/,https://www.collegehockeynews.com/box/metrics.php?gd=110816,college_hockey_news
2025-26,2025-12-12_20_52,2025-12-12,Fri,St. Cloud State,Denver,52,20,1,5,False,False,True,NCHC,NCHC,,https://www.collegehockeynews.com/box/final/20251212/den/stc/,https://www.collegehockeynews.com/box/metrics.php?gd=110529,college_hockey_news
2025-26,2025-12-12_21_33,2025-12-12,Fri,Ferris State,Michigan Tech,21,33,2,3,False,False,True,CCHA,CCHA,,https://www.collegehockeynews.com/box/final/20251212/mtu/fsu/,https://www.collegehockeynews.com/box/metrics.php?gd=111004,college_hockey_news
2025-26,2025-12-12_29_59,2025-12-12,Fri,Merrimack,Yale,29,59,4,1,False,False,False,Hockey East,ECAC,,https://www.collegehockeynews.com/box/final/20251212/yal/mer/,https://www.collegehockeynews.com/box/metrics.php?gd=111508,college_hockey_news
2025-26,2025-12-12_35_64,2025-12-12,Fri,Augustana,Minnesota State,64,35,3,1,False,False,True,CCHA,CCHA,,https://www.collegehockeynews.com/box/final/20251212/mns/aug/,https://www.collegehockeynews.com/box/metrics.php?gd=110612,college_hockey_news
2025-26,2025-12-12_36_61,2025-12-12,Fri,Minnesota-Duluth,Arizona State,36,61,3,1,False,False,True,NCHC,NCHC,,https://www.collegehockeynews.com/box/final/20251212/asu/mnd/,https://www.collegehockeynews.com/box/metrics.php?gd=110384,college_hockey_news
2025-26,2025-12-12_37_40,2025-12-12,Fri,North Dakota,Omaha,40,37,4,1,False,False,True,NCHC,NCHC,,https://www.collegehockeynews.com/box/final/20251212/uno/ndk/,https://www.collegehockeynews.com/box/metrics.php?gd=110421,college_hockey_news
2025-26,2025-12-12_42_63,2025-12-12,Fri,Northern Michigan,St. Thomas,42,63,0,2,False,False,True,CCHA,CCHA,,https://www.collegehockeynews.com/box/final/20251212/stt/nmu/,https://www.collegehockeynews.com/box/metrics.php?gd=110657,college_hockey_news
2025-26,2025-12-12_4_54,2025-12-12,Fri,Union,Alaska,54,4,5,1,False,False,False,ECAC,Independent,,https://www.collegehockeynews.com/box/final/20251212/akf/uni/,https://www.collegehockeynews.com/box/metrics.php?gd=111107,college_hockey_news
2025-26,2025-12-13_10_41,2025-12-13,Sat,Northeastern,Boston University,41,10,3,4,False,False,True,Hockey East,Hockey East,,https://www.collegehockeynews.com/box/final/20251213/bu_/noe/,https://www.collegehockeynews.com/box/metrics.php?gd=111138,college_hockey_news
2025-26,2025-12-13_16_30,2025-12-13,Sat,Miami,Colorado College,30,16,3,3,False,True,True,NCHC,NCHC,,https://www.collegehockeynews.com/box/final/20251213/cc_/mia/,https://www.collegehockeynews.com/box/metrics.php?gd=110506,college_hockey_news
2025-26,2025-12-13_20_52,2025-12-13,Sat,St. Cloud State,Denver,52,20,4,3,False,False,True,NCHC,NCHC,,https://www.collegehockeynews.com/box/final/20251213/den/stc/,https://www.collegehockeynews.com/box/metrics.php?gd=110530,college_hockey_news
2025-26,2025-12-13_21_33,2025-12-13,Sat,Ferris State,Michigan Tech,21,33,2,5,False,False,True,CCHA,CCHA,,https://www.collegehockeynews.com/box/final/20251213/mtu/fsu/,https://www.collegehockeynews.com/box/metrics.php?gd=111005,college_hockey_news
2025-26,2025-12-13_25_433,2025-12-13,Sat,Maine,Lindenwood,25,433,5,0,False,False,False,Hockey East,Independent,,https://www.collegehockeynews.com/box/final/20251213/lin/mne/,https://www.collegehockeynews.com/box/metrics.php?gd=111292,college_hockey_news
2025-26,2025-12-13_29_62,2025-12-13,Sat,Merrimack,Long Island,29,62,4,2,False,False,False,Hockey East,Independent,,https://www.collegehockeynews.com/box/final/20251213/liu/mer/,https://www.collegehockeynews.com/box/metrics.php?gd=111513,college_hockey_news
2025-26,2025-12-13_35_64,2025-12-13,Sat,Augustana,Minnesota State,64,35,4,4,False,True,True,CCHA,CCHA,,https://www.collegehockeynews.com/box/final/20251213/mns/aug/,https://www.collegehockeynews.com/box/metrics.php?gd=110613,college_hockey_news
2025-26,2025-12-13_36_61,2025-12-13,Sat,Minnesota-Duluth,Arizona State,36,61,3,6,False,False,True,NCHC,NCHC,,https://www.collegehockeynews.com/box/final/20251213/asu/mnd/,https://www.collegehockeynews.com/box/metrics.php?gd=110385,college_hockey_news
2025-26,2025-12-13_37_40,2025-12-13,Sat,North Dakota,Omaha,40,37,3,1,False,False,True,NCHC,NCHC,,https://www.collegehockeynews.com/box/final/20251213/uno/ndk/,https://www.collegehockeynews.com/box/metrics.php?gd=110422,college_hockey_news
2025-26,2025-12-13_42_63,2025-12-13,Sat,Northern Michigan,St. Thomas,42,63,3,4,False,False,True,CCHA,CCHA,,https://www.collegehockeynews.com/box/final/20251213/stt/nmu/,https://www.collegehockeynews.com/box/metrics.php?gd=110658,college_hockey_news
2025-26,2025-12-13_4_54,2025-12-13,Sat,Union,Alaska,54,4,3,2,False,False,False,ECAC,Independent,,https://www.collegehockeynews.com/box/final/20251213/akf/uni/,https://www.collegehockeynews.com/box/metrics.php?gd=111108,college_hockey_news
2025-26,2025-12-13_55_6,2025-12-13,Sat,Vermont,Army,55,6,0,3,False,False,False,Hockey East,Atlantic Hockey,,https://www.collegehockeynews.com/box/final/20251213/arm/ver/,https://www.collegehockeynews.com/box/metrics.php?gd=110817,college_hockey_news
2025-26,2025-12-14_19_38,2025-12-14,Sun,New Hampshire,Dartmouth,38,19,3,2,False,True,False,Hockey East,ECAC,,https://www.collegehockeynews.com/box/final/20251214/dar/unh/,https://www.collegehockeynews.com/box/metrics.php?gd=111188,college_hockey_news
2025-26,2025-12-14_25_433,2025-12-14,Sun,Maine,Lindenwood,25,433,7,2,False,False,False,Hockey East,Independent,,https://www.collegehockeynews.com/box/final/20251214/lin/mne/,https://www.collegehockeynews.com/box/metrics.php?gd=111293,college_hockey_news
2025-26,2025-12-19_37_64,2025-12-19,Fri,Augustana,Omaha,64,37,7,4,False,False,False,CCHA,NCHC,,https://www.collegehockeynews.com/box/final/20251219/uno/aug/,https://www.collegehockeynews.com/box/metrics.php?gd=110683,college_hockey_news
2025-26,2025-12-20_37_64,2025-12-20,Sat,Augustana,Omaha,64,37,1,4,False,False,False,CCHA,NCHC,,https://www.collegehockeynews.com/box/final/20251220/uno/aug/,https://www.collegehockeynews.com/box/metrics.php?gd=110684,college_hockey_news
2025-26,2025-12-27_19_61,2025-12-27,Sat,Dartmouth,Arizona State,19,61,1,5,False,False,False,ECAC,NCHC,,https://www.collegehockeynews.com/box/final/20251227/asu/dar/,https://www.collegehockeynews.com/box/metrics.php?gd=110386,college_hockey_news
2025-26,2025-12-28_12_45,2025-12-28,Sun,Princeton,Brown,45,12,5,4,False,True,False,ECAC,ECAC,,https://www.collegehockeynews.com/box/final/20251228/brn/prn/,https://www.collegehockeynews.com/box/metrics.php?gd=111230,college_hockey_news
2025-26,2025-12-28_19_61,2025-12-28,Sun,Dartmouth,Arizona State,19,61,4,1,False,False,False,ECAC,NCHC,,https://www.collegehockeynews.com/box/final/20251228/asu/dar/,https://www.collegehockeynews.com/box/metrics.php?gd=110387,college_hockey_news
2025-26,2025-12-28_21_32,2025-12-28,Sun,Michigan State,Ferris State,32,21,5,2,True,False,False,Big Ten,CCHA,"Great Lakes Invitational – Van Andel Arena, Grand Rapids, Mich.",https://www.collegehockeynews.com/box/final/20251228/fsu/msu/,https://www.collegehockeynews.com/box/metrics.php?gd=110585,college_hockey_news
2025-26,2025-12-28_24_58,2025-12-28,Sun,Wisconsin,Lake Superior,58,24,3,2,True,False,False,Big Ten,CCHA,"Holiday Face-Off – Fiserv Forum, Milwaukee, Wis.",https://www.collegehockeynews.com/box/final/20251228/lss/wis/,https://www.collegehockeynews.com/box/metrics.php?gd=110642,college_hockey_news
2025-26,2025-12-28_30_33,2025-12-28,Sun,Michigan Tech,Miami,33,30,5,2,True,False,False,CCHA,NCHC,"Great Lakes Invitational – Van Andel Arena, Grand Rapids, Mich.",https://www.collegehockeynews.com/box/final/20251228/mia/mtu/,https://www.collegehockeynews.com/box/metrics.php?gd=110584,college_hockey_news
2025-26,2025-12-28_57_9,2025-12-28,Sun,Western Michigan,Boston College,57,9,5,3,True,False,False,NCHC,Hockey East,"Holiday Face-Off – Fiserv Forum, Milwaukee, Wis.",https://www.collegehockeynews.com/box/final/20251228/bc_/wmu/,https://www.collegehockeynews.com/box/metrics.php?gd=110639,college_hockey_news
2025-26,2025-12-28_6_62,2025-12-28,Sun,Long Island,Army,62,6,4,4,False,True,False,Independent,Atlantic Hockey,,https://www.collegehockeynews.com/box/final/20251228/arm/liu/,https://www.collegehockeynews.com/box/metrics.php?gd=110818,college_hockey_news
2025-26,2025-12-29_14_49,2025-12-29,Mon,Clarkson,RIT,14,49,3,2,False,False,False,ECAC,Atlantic Hockey,,https://www.collegehockeynews.com/box/final/20251229/rit/clk/,https://www.collegehockeynews.com/box/metrics.php?gd=110457,college_hockey_news
2025-26,2025-12-29_21_30,2025-12-29,Mon,Ferris State,Miami,21,30,2,4,True,False,False,CCHA,NCHC,"Great Lakes Invitational – Van Andel Arena, Grand Rapids, Mich.",https://www.collegehockeynews.com/box/final/20251229/mia/fsu/,https://www.collegehockeynews.com/box/metrics.php?gd=111251,college_hockey_news
2025-26,2025-12-29_24_9,2025-12-29,Mon,Lake Superior,Boston College,24,9,3,4,True,False,False,CCHA,Hockey East,"Holiday Face-Off – Fiserv Forum, Milwaukee, Wis.",https://www.collegehockeynews.com/box/final/20251229/bc_/lss/,https://www.collegehockeynews.com/box/metrics.php?gd=111258,college_hockey_news
2025-26,2025-12-29_29_55,2025-12-29,Mon,Vermont,Merrimack,55,29,4,5,False,False,True,Hockey East,Hockey East,,https://www.collegehockeynews.com/box/final/20251229/mer/ver/,https://www.collegehockeynews.com/box/metrics.php?gd=111411,college_hockey_news
2025-26,2025-12-29_32_33,2025-12-29,Mon,Michigan State,Michigan Tech,32,33,4,1,True,False,False,Big Ten,CCHA,"Great Lakes Invitational – Van Andel Arena, Grand Rapids, Mich.",https://www.collegehockeynews.com/box/final/20251229/mtu/msu/,https://www.collegehockeynews.com/box/metrics.php?gd=111249,college_hockey_news
2025-26,2025-12-29_57_58,2025-12-29,Mon,Wisconsin,Western Michigan,58,57,1,4,True,False,False,Big Ten,NCHC,"Holiday Face-Off – Fiserv Forum, Milwaukee, Wis.",https://www.collegehockeynews.com/box/final/20251229/wmu/wis/,https://www.collegehockeynews.com/box/metrics.php?gd=111260,college_hockey_news
2025-26,2025-12-30_50_51,2025-12-30,Tue,Sacred Heart,Robert Morris,51,50,5,2,False,False,True,Atlantic Hockey,Atlantic Hockey,,https://www.collegehockeynews.com/box/final/20251230/rmu/sac/,https://www.collegehockeynews.com/box/metrics.php?gd=110888,college_hockey_news
2025-26,2025-12-31_17_62,2025-12-31,Wed,Connecticut,Long Island,17,62,4,1,False,False,False,Hockey East,Independent,,https://www.collegehockeynews.com/box/final/20251231/liu/con/,https://www.collegehockeynews.com/box/metrics.php?gd=111295,college_hockey_news
2025-26,2026-01-02_11_44,2026-01-02,Fri,Ohio State,Bowling Green,44,11,2,2,False,True,False,Big Ten,CCHA,,https://www.collegehockeynews.com/box/final/20260102/bgs/osu/,https://www.collegehockeynews.com/box/metrics.php?gd=110980,college_hockey_news
2025-26,2026-01-02_13_433,2026-01-02,Fri,Lindenwood,Canisius,433,13,5,2,False,False,False,Independent,Atlantic Hockey,,https://www.collegehockeynews.com/box/final/20260102/cns/lin/,https://www.collegehockeynews.com/box/metrics.php?gd=111358,college_hockey_news
2025-26,2026-01-02_16_64,2026-01-02,Fri,Augustana,Colorado College,64,16,3,2,False,False,False,CCHA,NCHC,,https://www.collegehockeynews.com/box/final/20260102/cc_/aug/,https://www.collegehockeynews.com/box/metrics.php?gd=110685,college_hockey_news
2025-26,2026-01-02_18_37,2026-01-02,Fri,Cornell,Omaha,18,37,6,4,False,False,False,ECAC,NCHC,,https://www.collegehockeynews.com/box/final/20260102/uno/cor/,https://www.collegehockeynews.com/box/metrics.php?gd=110708,college_hockey_news
2025-26,2026-01-02_19_45,2026-01-02,Fri,Princeton,Dartmouth,45,19,5,4,False,False,True,ECAC,ECAC,,https://www.collegehockeynews.com/box/final/20260102/dar/prn/,https://www.collegehockeynews.com/box/metrics.php?gd=111231,college_hockey_news
2025-26,2026-01-02_1_33,2026-01-02,Fri,Air Force,Michigan Tech,1,33,8,2,True,False,False,Atlantic Hockey,CCHA,"Desert Hockey Classic – Mullett Arena, Tempe, Ariz.",https://www.collegehockeynews.com/box/final/20260102/mtu/afa/,https://www.collegehockeynews.com/box/metrics.php?gd=110390,college_hockey_news
2025-26,2026-01-02_20_25,2026-01-02,Fri,Denver,Maine,20,25,2,5,False,False,False,NCHC,Hockey East,,https://www.collegehockeynews.com/box/final/20260102/mne/den/,https://www.collegehockeynews.com/box/metrics.php?gd=110531,college_hockey_news
2025-26,2026-01-02_21_63,2026-01-02,Fri,St. Thomas,Ferris State,63,21,5,3,False,False,True,CCHA,CCHA,,https://www.collegehockeynews.com/box/final/20260102/fsu/stt/,https://www.collegehockeynews.com/box/metrics.php?gd=110659,college_hockey_news
2025-26,2026-01-02_22_47,2026-01-02,Fri,Quinnipiac,Harvard,47,22,9,1,False,False,True,ECAC,ECAC,,https://www.collegehockeynews.com/box/final/20260102/har/qui/,https://www.collegehockeynews.com/box/metrics.php?gd=111060,college_hockey_news
2025-26,2026-01-02_23_8,2026-01-02,Fri,Bentley,Holy Cross,8,23,2,2,False,True,True,Atlantic Hockey,Atlantic Hockey,,https://www.collegehockeynews.com/box/final/20260102/hcr/ben/,https://www.collegehockeynews.com/box/metrics.php?gd=110913,college_hockey_news
2025-26,2026-01-02_26_35,2026-01-02,Fri,Minnesota State,Mass.-Lowell,35,26,1,3,True,False,False,CCHA,Hockey East,"Cactus Cup – Acrisure Arena, Palm Springs, Calif.",https://www.collegehockeynews.com/box/final/20260102/uml/mns/,https://www.collegehockeynews.com/box/metrics.php?gd=110615,college_hockey_news
2025-26,2026-01-02_28_40,2026-01-02,Fri,North Dakota,Mercyhurst,40,28,2,0,False,False,False,NCHC,Atlantic Hockey,,https://www.collegehockeynews.com/box/final/20260102/mrc/ndk/,https://www.collegehockeynews.com/box/metrics.php?gd=110423,college_hockey_news
2025-26,2026-01-02_3_61,2026-01-02,Fri,Arizona State,Alaska-Anchorage,61,3,7,2,False,False,False,NCHC,Independent,"Desert Hockey Classic – Mullett Arena, Tempe, Ariz.",https://www.collegehockeynews.com/box/final/20260102/aka/asu/,https://www.collegehockeynews.com/box/metrics.php?gd=110388,college_hockey_news
2025-26,2026-01-02_41_6,2026-01-02,Fri,Army,Northeastern,6,41,5,2,False,False,False,Atlantic Hockey,Hockey East,,https://www.collegehockeynews.com/box/final/20260102/noe/arm/,https://www.collegehockeynews.com/box/metrics.php?gd=110819,college_hockey_news
2025-26,2026-01-02_422_53,2026-01-02,Fri,St. Lawrence,Stonehill,53,422,2,6,False,False,False,ECAC,Independent,,https://www.collegehockeynews.com/box/final/20260102/stn/stl/,https://www.collegehockeynews.com/box/metrics.php?gd=111168,college_hockey_news
2025-26,2026-01-02_43_57,2026-01-02,Fri,Notre Dame,Western Michigan,43,57,0,4,False,False,False,Big Ten,NCHC,,https://www.collegehockeynews.com/box/final/20260102/wmu/ndm/,https://www.collegehockeynews.com/box/metrics.php?gd=110643,college_hockey_news
2025-26,2026-01-02_4_46,2026-01-02,Fri,Providence,Alaska,46,4,5,2,False,False,False,Hockey East,Independent,,https://www.collegehockeynews.com/box/final/20260102/akf/prv/,https://www.collegehockeynews.com/box/metrics.php?gd=111338,college_hockey_news
2025-26,2026-01-02_52_59,2026-01-02,Fri,Yale,St. Cloud State,59,52,2,6,True,False,False,ECAC,NCHC,"Cactus Cup – Acrisure Arena, Palm Springs, Calif.",https://www.collegehockeynews.com/box/final/20260102/stc/yal/,https://www.collegehockeynews.com/box/metrics.php?gd=110614,college_hockey_news
2025-26,2026-01-03_11_44,2026-01-03,Sat,Bowling Green,Ohio State,11,44,5,3,False,False,False,CCHA,Big Ten,,https://www.collegehockeynews.com/box/final/20260103/osu/bgs/,https://www.collegehockeynews.com/box/metrics.php?gd=110981,college_hockey_news
2025-26,2026-01-03_12_29,2026-01-03,Sat,Brown,Merrimack,12,29,2,3,False,False,False,ECAC,Hockey East,,https://www.collegehockeynews.com/box/final/20260103/mer/brn/,https://www.collegehockeynews.com/box/metrics.php?gd=111503,college_hockey_news
2025-26,2026-01-03_13_433,2026-01-03,Sat,Lindenwood,Canisius,433,13,3,4,False,False,False,Independent,Atlantic Hockey,,https://www.collegehockeynews.com/box/final/20260103/cns/lin/,https://www.collegehockeynews.com/box/metrics.php?gd=111359,college_hockey_news
2025-26,2026-01-03_14_39,2026-01-03,Sat,Niagara,Clarkson,39,14,2,6,False,False,False,Atlantic Hockey,ECAC,,https://www.collegehockeynews.com/box/final/20260103/clk/nia/,https://www.collegehockeynews.com/box/metrics.php?gd=110458,college_hockey_news
2025-26,2026-01-03_15_38,2026-01-03,Sat,New Hampshire,Colgate,38,15,2,3,False,False,False,Hockey East,ECAC,,https://www.collegehockeynews.com/box/final/20260103/clg/unh/,https://www.collegehockeynews.com/box/metrics.php?gd=111189,college_hockey_news
2025-26,2026-01-03_16_64,2026-01-03,Sat,Augustana,Colorado College,64,16,4,2,False,False,False,CCHA,NCHC,,https://www.collegehockeynews.com/box/final/20260103/cc_/aug/,https://www.collegehockeynews.com/box/metrics.php?gd=110686,college_hockey_news
2025-26,2026-01-03_17_62,2026-01-03,Sat,Long Island,Connecticut,62,17,1,3,False,False,False,Independent,Hockey East,,https://www.collegehockeynews.com/box/final/20260103/con/liu/,https://www.collegehockeynews.com/box/metrics.php?gd=111296,college_hockey_news
2025-26,2026-01-03_18_37,2026-01-03,Sat,Cornell,Omaha,18,37,3,2,False,False,False,ECAC,NCHC,,https://www.collegehockeynews.com/box/final/20260103/uno/cor/,https://www.collegehockeynews.com/box/metrics.php?gd=110709,college_hockey_news
2025-26,2026-01-03_19_47,2026-01-03,Sat,Quinnipiac,Dartmouth,47,19,5,3,False,False,True,ECAC,ECAC,,https://www.collegehockeynews.com/box/final/20260103/dar/qui/,https://www.collegehockeynews.com/box/metrics.php?gd=111061,college_hockey_news
2025-26,2026-01-03_1_61,2026-01-03,Sat,Arizona State,Air Force,61,1,5,2,False,False,False,NCHC,Atlantic Hockey,"Desert Hockey Classic – Mullett Arena, Tempe, Ariz.",https://www.collegehockeynews.com/box/final/20260103/afa/asu/,https://www.collegehockeynews.com/box/metrics.php?gd=111237,college_hockey_news
2025-26,2026-01-03_20_25,2026-01-03,Sat,Denver,Maine,20,25,3,3,False,True,False,NCHC,Hockey East,,https://www.collegehockeynews.com/box/final/20260103/mne/den/,https://www.collegehockeynews.com/box/metrics.php?gd=110532,college_hockey_news
2025-26,2026-01-03_21_63,2026-01-03,Sat,St. Thomas,Ferris State,63,21,8,4,False,False,True,CCHA,CCHA,,https://www.collegehockeynews.com/box/final/20260103/fsu/stt/,https://www.collegehockeynews.com/box/metrics.php?gd=110660,college_hockey_news
2025-26,2026-01-03_22_45,2026-01-03,Sat,Princeton,Harvard,45,22,3,2,False,False,True,ECAC,ECAC,,https://www.collegehockeynews.com/box/final/20260103/har/prn/,https://www.collegehockeynews.com/box/metrics.php?gd=111217,college_hockey_news
2025-26,2026-01-03_23_8,2026-01-03,Sat,Holy Cross,Bentley,23,8,3,8,False,False,True,Atlantic Hockey,Atlantic Hockey,,https://www.collegehockeynews.com/box/final/20260103/ben/hcr/,https://www.collegehockeynews.com/box/metrics.php?gd=110914,college_hockey_news
2025-26,2026-01-03_24_42,2026-01-03,Sat,Lake Superior,Northern Michigan,24,42,2,1,False,True,True,CCHA,CCHA,,https://www.collegehockeynews.com/box/final/20260103/nmu/lss/,https://www.collegehockeynews.com/box/metrics.php?gd=110866,college_hockey_news
2025-26,2026-01-03_26_52,2026-01-03,Sat,St. Cloud State,Mass.-Lowell,52,26,3,2,True,False,False,NCHC,Hockey East,"Cactus Cup – Acrisure Arena, Palm Springs, Calif.",https://www.collegehockeynews.com/box/final/20260103/uml/stc/,https://www.collegehockeynews.com/box/metrics.php?gd=111254,college_hockey_news
2025-26,2026-01-03_28_40,2026-01-03,Sat,North Dakota,Mercyhurst,40,28,6,1,False,False,False,NCHC,Atlantic Hockey,,https://www.collegehockeynews.com/box/final/20260103/mrc/ndk/,https://www.collegehockeynews.com/box/metrics.php?gd=110424,college_hockey_news
2025-26,2026-01-03_35_59,2026-01-03,Sat,Minnesota State,Yale,35,59,4,3,True,False,False,CCHA,ECAC,"Cactus Cup – Acrisure Arena, Palm Springs, Calif.",https://www.collegehockeynews.com/box/final/20260103/yal/mns/,https://www.collegehockeynews.com/box/metrics.php?gd=111253,college_hockey_news
2025-26,2026-01-03_3_33,2026-01-03,Sat,Alaska-Anchorage,Michigan Tech,3,33,0,5,True,False,False,Independent,CCHA,"Desert Hockey Classic – Mullett Arena, Tempe, Ariz.",https://www.collegehockeynews.com/box/final/20260103/mtu/aka/,https://www.collegehockeynews.com/box/metrics.php?gd=111240,college_hockey_news
2025-26,2026-01-03_422_53,2026-01-03,Sat,St. Lawrence,Stonehill,53,422,3,3,False,True,False,ECAC,Independent,,https://www.collegehockeynews.com/box/final/20260103/stn/stl/,https://www.collegehockeynews.com/box/metrics.php?gd=111169,college_hockey_news
2025-26,2026-01-03_43_57,2026-01-03,Sat,Western Michigan,Notre Dame,57,43,4,0,False,False,False,NCHC,Big Ten,,https://www.collegehockeynews.com/box/final/20260103/ndm/wmu/,https://www.collegehockeynews.com/box/metrics.php?gd=110644,college_hockey_news
2025-26,2026-01-03_48_55,2026-01-03,Sat,Vermont,RPI,55,48,3,0,False,False,False,Hockey East,ECAC,,https://www.collegehockeynews.com/box/final/20260103/ren/ver/,https://www.collegehockeynews.com/box/metrics.php?gd=111082,college_hockey_news
2025-26,2026-01-03_49_60,2026-01-03,Sat,RIT,Penn State,49,60,1,0,False,False,False,Atlantic Hockey,Big Ten,,https://www.collegehockeynews.com/box/final/20260103/psu/rit/,https://www.collegehockeynews.com/box/metrics.php?gd=110730,college_hockey_news
2025-26,2026-01-03_4_46,2026-01-03,Sat,Providence,Alaska,46,4,1,5,False,False,False,Hockey East,Independent,,https://www.collegehockeynews.com/box/final/20260103/akf/prv/,https://www.collegehockeynews.com/box/metrics.php?gd=111339,college_hockey_news
2025-26,2026-01-03_50_51,2026-01-03,Sat,Robert Morris,Sacred Heart,50,51,1,3,False,False,True,Atlantic Hockey,Atlantic Hockey,,https://www.collegehockeynews.com/box/final/20260103/sac/rmu/,https://www.collegehockeynews.com/box/metrics.php?gd=110889,college_hockey_news
2025-26,2026-01-04_15_38,2026-01-04,Sun,New Hampshire,Colgate,38,15,3,2,False,False,False,Hockey East,ECAC,,https://www.collegehockeynews.com/box/final/20260104/clg/unh/,https://www.collegehockeynews.com/box/metrics.php?gd=111190,college_hockey_news
2025-26,2026-01-04_24_42,2026-01-04,Sun,Lake Superior,Northern Michigan,24,42,2,1,False,False,True,CCHA,CCHA,,https://www.collegehockeynews.com/box/final/20260104/nmu/lss/,https://www.collegehockeynews.com/box/metrics.php?gd=110867,college_hockey_news
2025-26,2026-01-04_49_60,2026-01-04,Sun,Penn State,RIT,60,49,7,3,False,False,False,Big Ten,Atlantic Hockey,,https://www.collegehockeynews.com/box/final/20260104/rit/psu/,https://www.collegehockeynews.com/box/metrics.php?gd=110729,college_hockey_news
2025-26,2026-01-09_10_27,2026-01-09,Fri,Massachusetts,Boston University,27,10,0,1,False,False,True,Hockey East,Hockey East,,https://www.collegehockeynews.com/box/final/20260109/bu_/uma/,https://www.collegehockeynews.com/box/metrics.php?gd=110556,college_hockey_news
2025-26,2026-01-09_11_21,2026-01-09,Fri,Ferris State,Bowling Green,21,11,1,3,False,False,True,CCHA,CCHA,,https://www.collegehockeynews.com/box/final/20260109/bgs/fsu/,https://www.collegehockeynews.com/box/metrics.php?gd=110982,college_hockey_news
2025-26,2026-01-09_12_14,2026-01-09,Fri,Brown,Clarkson,12,14,2,3,False,False,True,ECAC,ECAC,,https://www.collegehockeynews.com/box/final/20260109/clk/brn/,https://www.collegehockeynews.com/box/metrics.php?gd=110459,college_hockey_news
2025-26,2026-01-09_16_40,2026-01-09,Fri,Colorado College,North Dakota,16,40,3,2,False,True,True,NCHC,NCHC,,https://www.collegehockeynews.com/box/final/20260109/ndk/cc_/,https://www.collegehockeynews.com/box/metrics.php?gd=110425,college_hockey_news
2025-26,2026-01-09_17_26,2026-01-09,Fri,Connecticut,Mass.-Lowell,17,26,3,5,False,False,True,Hockey East,Hockey East,"at PeoplesBank Arena, Hartford, Conn.",https://www.collegehockeynews.com/box/final/20260109/uml/con/,https://www.collegehockeynews.com/box/metrics.php?gd=110844,college_hockey_news
2025-26,2026-01-09_18_4,2026-01-09,Fri,Cornell,Alaska,18,4,7,1,False,False,False,ECAC,Independent,,https://www.collegehockeynews.com/box/final/20260109/akf/cor/,https://www.collegehockeynews.com/box/metrics.php?gd=111030,college_hockey_news
2025-26,2026-01-09_19_22,2026-01-09,Fri,Dartmouth,Harvard,19,22,5,4,False,False,True,ECAC,ECAC,,https://www.collegehockeynews.com/box/final/20260109/har/dar/,https://www.collegehockeynews.com/box/metrics.php?gd=111218,college_hockey_news
2025-26,2026-01-09_1_8,2026-01-09,Fri,Air Force,Bentley,1,8,1,5,False,False,True,Atlantic Hockey,Atlantic Hockey,,https://www.collegehockeynews.com/box/final/20260109/ben/afa/,https://www.collegehockeynews.com/box/metrics.php?gd=110951,college_hockey_news
2025-26,2026-01-09_20_57,2026-01-09,Fri,Denver,Western Michigan,20,57,1,4,False,False,True,NCHC,NCHC,,https://www.collegehockeynews.com/box/final/20260109/wmu/den/,https://www.collegehockeynews.com/box/metrics.php?gd=110533,college_hockey_news
2025-26,2026-01-09_25_46,2026-01-09,Fri,Providence,Maine,46,25,6,1,False,False,True,Hockey East,Hockey East,,https://www.collegehockeynews.com/box/final/20260109/mne/prv/,https://www.collegehockeynews.com/box/metrics.php?gd=111297,college_hockey_news
2025-26,2026-01-09_28_6,2026-01-09,Fri,Mercyhurst,Army,28,6,3,0,False,False,True,Atlantic Hockey,Atlantic Hockey,,https://www.collegehockeynews.com/box/final/20260109/arm/mrc/,https://www.collegehockeynews.com/box/metrics.php?gd=110820,college_hockey_news
2025-26,2026-01-09_30_61,2026-01-09,Fri,Arizona State,Miami,61,30,1,2,False,True,True,NCHC,NCHC,,https://www.collegehockeynews.com/box/final/20260109/mia/asu/,https://www.collegehockeynews.com/box/metrics.php?gd=110392,college_hockey_news
2025-26,2026-01-09_31_43,2026-01-09,Fri,Michigan,Notre Dame,31,43,5,2,False,False,True,Big Ten,Big Ten,,https://www.collegehockeynews.com/box/final/20260109/ndm/mic/,https://www.collegehockeynews.com/box/metrics.php?gd=111501,college_hockey_news
2025-26,2026-01-09_32_44,2026-01-09,Fri,Ohio State,Michigan State,44,32,2,6,False,False,True,Big Ten,Big Ten,,https://www.collegehockeynews.com/box/final/20260109/msu/osu/,https://www.collegehockeynews.com/box/metrics.php?gd=111449,college_hockey_news
2025-26,2026-01-09_33_7,2026-01-09,Fri,Bemidji State,Michigan Tech,7,33,2,5,False,False,True,CCHA,CCHA,,https://www.collegehockeynews.com/box/final/20260109/mtu/bmj/,https://www.collegehockeynews.com/box/metrics.php?gd=110792,college_hockey_news
2025-26,2026-01-09_34_60,2026-01-09,Fri,Penn State,Minnesota,60,34,3,0,False,False,True,Big Ten,Big Ten,,https://www.collegehockeynews.com/box/final/20260109/min/psu/,https://www.collegehockeynews.com/box/metrics.php?gd=111427,college_hockey_news
2025-26,2026-01-09_36_433,2026-01-09,Fri,Minnesota-Duluth,Lindenwood,36,433,6,3,False,False,False,NCHC,Independent,,https://www.collegehockeynews.com/box/final/20260109/lin/mnd/,https://www.collegehockeynews.com/box/metrics.php?gd=110489,college_hockey_news
2025-26,2026-01-09_37_52,2026-01-09,Fri,Omaha,St. Cloud State,37,52,6,2,False,False,True,NCHC,NCHC,,https://www.collegehockeynews.com/box/final/20260109/stc/uno/,https://www.collegehockeynews.com/box/metrics.php?gd=110710,college_hockey_news
2025-26,2026-01-09_39_51,2026-01-09,Fri,Niagara,Sacred Heart,39,51,4,5,False,True,True,Atlantic Hockey,Atlantic Hockey,,https://www.collegehockeynews.com/box/final/20260109/sac/nia/,https://www.collegehockeynews.com/box/metrics.php?gd=110932,college_hockey_news
2025-26,2026-01-09_3_58,2026-01-09,Fri,Wisconsin,Alaska-Anchorage,58,3,5,0,False,False,False,Big Ten,Independent,,https://www.collegehockeynews.com/box/final/20260109/aka/wis/,https://www.collegehockeynews.com/box/metrics.php?gd=111372,college_hockey_news
2025-26,2026-01-09_41_55,2026-01-09,Fri,Vermont,Northeastern,55,41,3,2,False,False,True,Hockey East,Hockey East,,https://www.collegehockeynews.com/box/final/20260109/noe/ver/,https://www.collegehockeynews.com/box/metrics.php?gd=111299,college_hockey_news
2025-26,2026-01-09_42_64,2026-01-09,Fri,Northern Michigan,Augustana,42,64,0,3,False,False,True,CCHA,CCHA,,https://www.collegehockeynews.com/box/final/20260109/aug/nmu/,https://www.collegehockeynews.com/box/metrics.php?gd=110687,college_hockey_news
2025-26,2026-01-09_45_48,2026-01-09,Fri,Princeton,RPI,45,48,5,2,False,False,True,ECAC,ECAC,,https://www.collegehockeynews.com/box/final/20260109/ren/prn/,https://www.collegehockeynews.com/box/metrics.php?gd=111083,college_hockey_news
2025-26,2026-01-09_47_54,2026-01-09,Fri,Quinnipiac,Union,47,54,7,2,False,False,True,ECAC,ECAC,,https://www.collegehockeynews.com/box/final/20260109/uni/qui/,https://www.collegehockeynews.com/box/metrics.php?gd=111062,college_hockey_news
2025-26,2026-01-09_49_50,2026-01-09,Fri,RIT,Robert Morris,49,50,4,1,False,False,True,Atlantic Hockey,Atlantic Hockey,,https://www.collegehockeynews.com/box/final/20260109/rmu/rit/,https://www.collegehockeynews.com/box/metrics.php?gd=110731,college_hockey_news
2025-26,2026-01-09_53_59,2026-01-09,Fri,Yale,St. Lawrence,59,53,8,1,False,False,True,ECAC,ECAC,,https://www.collegehockeynews.com/box/final/20260109/stl/yal/,https://www.collegehockeynews.com/box/metrics.php?gd=111170,college_hockey_news
2025-26,2026-01-10_10_27,2026-01-10,Sat,Boston University,Massachusetts,10,27,0,2,False,False,True,Hockey East,Hockey East,,https://www.collegehockeynews.com/box/final/20260110/uma/bu_/,https://www.collegehockeynews.com/box/metrics.php?gd=110557,college_hockey_news
2025-26,2026-01-10_11_21,2026-01-10,Sat,Ferris State,Bowling Green,21,11,1,5,False,False,True,CCHA,CCHA,,https://www.collegehockeynews.com/box/final/20260110/bgs/fsu/,https://www.collegehockeynews.com/box/metrics.php?gd=110983,college_hockey_news
2025-26,2026-01-10_12_53,2026-01-10,Sat,Brown,St. Lawrence,12,53,4,1,False,False,True,ECAC,ECAC,,https://www.collegehockeynews.com/box/final/20260110/stl/brn/,https://www.collegehockeynews.com/box/metrics.php?gd=111171,college_hockey_news
2025-26,2026-01-10_14_59,2026-01-10,Sat,Yale,Clarkson,59,14,2,3,False,False,True,ECAC,ECAC,,https://www.collegehockeynews.com/box/final/20260110/clk/yal/,https://www.collegehockeynews.com/box/metrics.php?gd=110460,college_hockey_news
2025-26,2026-01-10_16_40,2026-01-10,Sat,Colorado College,North Dakota,16,40,2,5,False,False,True,NCHC,NCHC,,https://www.collegehockeynews.com/box/final/20260110/ndk/cc_/,https://www.collegehockeynews.com/box/metrics.php?gd=110426,college_hockey_news
2025-26,2026-01-10_17_26,2026-01-10,Sat,Mass.-Lowell,Connecticut,26,17,1,5,False,False,True,Hockey East,Hockey East,,https://www.collegehockeynews.com/box/final/20260110/con/uml/,https://www.collegehockeynews.com/box/metrics.php?gd=110845,college_hockey_news
2025-26,2026-01-10_18_4,2026-01-10,Sat,Cornell,Alaska,18,4,5,2,False,False,False,ECAC,Independent,,https://www.collegehockeynews.com/box/final/20260110/akf/cor/,https://www.collegehockeynews.com/box/metrics.php?gd=111031,college_hockey_news
2025-26,2026-01-10_1_8,2026-01-10,Sat,Air Force,Bentley,1,8,1,3,False,False,True,Atlantic Hockey,Atlantic Hockey,,https://www.collegehockeynews.com/box/final/20260110/ben/afa/,https://www.collegehockeynews.com/box/metrics.php?gd=110952,college_hockey_news
2025-26,2026-01-10_20_57,2026-01-10,Sat,Denver,Western Michigan,20,57,2,6,False,False,True,NCHC,NCHC,,https://www.collegehockeynews.com/box/final/20260110/wmu/den/,https://www.collegehockeynews.com/box/metrics.php?gd=110534,college_hockey_news
2025-26,2026-01-10_23_29,2026-01-10,Sat,Holy Cross,Merrimack,23,29,2,5,False,False,False,Atlantic Hockey,Hockey East,,https://www.collegehockeynews.com/box/final/20260110/mer/hcr/,https://www.collegehockeynews.com/box/metrics.php?gd=110915,college_hockey_news
2025-26,2026-01-10_25_46,2026-01-10,Sat,Providence,Maine,46,25,3,0,False,False,True,Hockey East,Hockey East,,https://www.collegehockeynews.com/box/final/20260110/mne/prv/,https://www.collegehockeynews.com/box/metrics.php?gd=111298,college_hockey_news
2025-26,2026-01-10_28_6,2026-01-10,Sat,Mercyhurst,Army,28,6,0,5,False,False,True,Atlantic Hockey,Atlantic Hockey,,https://www.collegehockeynews.com/box/final/20260110/arm/mrc/,https://www.collegehockeynews.com/box/metrics.php?gd=110821,college_hockey_news
2025-26,2026-01-10_30_61,2026-01-10,Sat,Arizona State,Miami,61,30,1,0,False,False,True,NCHC,NCHC,,https://www.collegehockeynews.com/box/final/20260110/mia/asu/,https://www.collegehockeynews.com/box/metrics.php?gd=110393,college_hockey_news
2025-26,2026-01-10_31_43,2026-01-10,Sat,Michigan,Notre Dame,31,43,7,4,False,False,True,Big Ten,Big Ten,,https://www.collegehockeynews.com/box/final/20260110/ndm/mic/,https://www.collegehockeynews.com/box/metrics.php?gd=111502,college_hockey_news
2025-26,2026-01-10_32_44,2026-01-10,Sat,Ohio State,Michigan State,44,32,2,1,False,False,True,Big Ten,Big Ten,,https://www.collegehockeynews.com/box/final/20260110/msu/osu/,https://www.collegehockeynews.com/box/metrics.php?gd=111450,college_hockey_news
2025-26,2026-01-10_33_7,2026-01-10,Sat,Bemidji State,Michigan Tech,7,33,3,4,False,False,True,CCHA,CCHA,,https://www.collegehockeynews.com/box/final/20260110/mtu/bmj/,https://www.collegehockeynews.com/box/metrics.php?gd=110793,college_hockey_news
2025-26,2026-01-10_34_60,2026-01-10,Sat,Penn State,Minnesota,60,34,5,2,False,False,True,Big Ten,Big Ten,,https://www.collegehockeynews.com/box/final/20260110/min/psu/,https://www.collegehockeynews.com/box/metrics.php?gd=111428,college_hockey_news
2025-26,2026-01-10_35_63,2026-01-10,Sat,Minnesota State,St. Thomas,35,63,2,4,False,False,True,CCHA,CCHA,,https://www.collegehockeynews.com/box/final/20260110/stt/mns/,https://www.collegehockeynews.com/box/metrics.php?gd=110616,college_hockey_news
2025-26,2026-01-10_36_433,2026-01-10,Sat,Minnesota-Duluth,Lindenwood,36,433,8,4,False,False,False,NCHC,Independent,,https://www.collegehockeynews.com/box/final/20260110/lin/mnd/,https://www.collegehockeynews.com/box/metrics.php?gd=110490,college_hockey_news
2025-26,2026-01-10_37_52,2026-01-10,Sat,Omaha,St. Cloud State,37,52,1,2,False,False,True,NCHC,NCHC,,https://www.collegehockeynews.com/box/final/20260110/stc/uno/,https://www.collegehockeynews.com/box/metrics.php?gd=110711,college_hockey_news
2025-26,2026-01-10_39_51,2026-01-10,Sat,Niagara,Sacred Heart,39,51,2,4,False,False,True,Atlantic Hockey,Atlantic Hockey,,https://www.collegehockeynews.com/box/final/20260110/sac/nia/,https://www.collegehockeynews.com/box/metrics.php?gd=110933,college_hockey_news
2025-26,2026-01-10_3_58,2026-01-10,Sat,Wisconsin,Alaska-Anchorage,58,3,3,2,False,False,False,Big Ten,Independent,,https://www.collegehockeynews.com/box/final/20260110/aka/wis/,https://www.collegehockeynews.com/box/metrics.php?gd=111373,college_hockey_news
2025-26,2026-01-10_41_55,2026-01-10,Sat,Vermont,Northeastern,55,41,5,3,False,False,True,Hockey East,Hockey East,,https://www.collegehockeynews.com/box/final/20260110/noe/ver/,https://www.collegehockeynews.com/box/metrics.php?gd=111300,college_hockey_news
2025-26,2026-01-10_42_64,2026-01-10,Sat,Northern Michigan,Augustana,42,64,0,2,False,False,True,CCHA,CCHA,,https://www.collegehockeynews.com/box/final/20260110/aug/nmu/,https://www.collegehockeynews.com/box/metrics.php?gd=110688,college_hockey_news
2025-26,2026-01-10_45_54,2026-01-10,Sat,Princeton,Union,45,54,2,4,False,False,True,ECAC,ECAC,,https://www.collegehockeynews.com/box/final/20260110/uni/prn/,https://www.collegehockeynews.com/box/metrics.php?gd=111110,college_hockey_news
2025-26,2026-01-10_47_48,2026-01-10,Sat,Quinnipiac,RPI,47,48,4,3,False,True,True,ECAC,ECAC,,https://www.collegehockeynews.com/box/final/20260110/ren/qui/,https://www.collegehockeynews.com/box/metrics.php?gd=111063,college_hockey_news
2025-26,2026-01-10_49_50,2026-01-10,Sat,RIT,Robert Morris,49,50,3,2,False,True,True,Atlantic Hockey,Atlantic Hockey,,https://www.collegehockeynews.com/box/final/20260110/rmu/rit/,https://www.collegehockeynews.com/box/metrics.php?gd=110732,college_hockey_news
2025-26,2026-01-11_422_62,2026-01-11,Sun,Stonehill,Long Island,422,62,2,3,False,False,False,Independent,Independent,,https://www.collegehockeynews.com/box/final/20260111/liu/stn/,https://www.collegehockeynews.com/box/metrics.php?gd=111387,college_hockey_news
2025-26,2026-01-12_10_22,2026-01-12,Mon,Harvard,Boston University,22,10,1,4,False,False,False,ECAC,Hockey East,,https://www.collegehockeynews.com/box/final/20260112/bu_/har/,https://www.collegehockeynews.com/box/metrics.php?gd=111140,college_hockey_news
2025-26,2026-01-15_32_58,2026-01-15,Thu,Wisconsin,Michigan State,58,32,3,4,False,False,True,Big Ten,Big Ten,,https://www.collegehockeynews.com/box/final/20260115/msu/wis/,https://www.collegehockeynews.com/box/metrics.php?gd=111451,college_hockey_news
2025-26,2026-01-16_10_26,2026-01-16,Fri,Boston University,Mass.-Lowell,10,26,3,4,False,True,True,Hockey East,Hockey East,,https://www.collegehockeynews.com/box/final/20260116/uml/bu_/,https://www.collegehockeynews.com/box/metrics.php?gd=110846,college_hockey_news
2025-26,2026-01-16_11_24,2026-01-16,Fri,Bowling Green,Lake Superior,11,24,3,1,False,False,True,CCHA,CCHA,,https://www.collegehockeynews.com/box/final/20260116/lss/bgs/,https://www.collegehockeynews.com/box/metrics.php?gd=110984,college_hockey_news
2025-26,2026-01-16_12_54,2026-01-16,Fri,Union,Brown,54,12,4,0,False,False,True,ECAC,ECAC,,https://www.collegehockeynews.com/box/final/20260116/brn/uni/,https://www.collegehockeynews.com/box/metrics.php?gd=111111,college_hockey_news
2025-26,2026-01-16_13_49,2026-01-16,Fri,Canisius,RIT,13,49,5,3,False,False,True,Atlantic Hockey,Atlantic Hockey,,https://www.collegehockeynews.com/box/final/20260116/rit/cns/,https://www.collegehockeynews.com/box/metrics.php?gd=110733,college_hockey_news
2025-26,2026-01-16_14_19,2026-01-16,Fri,Dartmouth,Clarkson,19,14,2,2,False,True,True,ECAC,ECAC,,https://www.collegehockeynews.com/box/final/20260116/clk/dar/,https://www.collegehockeynews.com/box/metrics.php?gd=110461,college_hockey_news
2025-26,2026-01-16_15_47,2026-01-16,Fri,Colgate,Quinnipiac,15,47,1,5,False,False,True,ECAC,ECAC,,https://www.collegehockeynews.com/box/final/20260116/qui/clg/,https://www.collegehockeynews.com/box/metrics.php?gd=111064,college_hockey_news
2025-26,2026-01-16_17_55,2026-01-16,Fri,Connecticut,Vermont,17,55,4,1,False,False,True,Hockey East,Hockey East,,https://www.collegehockeynews.com/box/final/20260116/ver/con/,https://www.collegehockeynews.com/box/metrics.php?gd=111303,college_hockey_news
2025-26,2026-01-16_18_45,2026-01-16,Fri,Cornell,Princeton,18,45,2,1,False,False,True,ECAC,ECAC,,https://www.collegehockeynews.com/box/final/20260116/prn/cor/,https://www.collegehockeynews.com/box/metrics.php?gd=111032,college_hockey_news
2025-26,2026-01-16_1_23,2026-01-16,Fri,Holy Cross,Air Force,23,1,3,2,False,True,True,Atlantic Hockey,Atlantic Hockey,,https://www.collegehockeynews.com/box/final/20260116/afa/hcr/,https://www.collegehockeynews.com/box/metrics.php?gd=110916,college_hockey_news
2025-26,2026-01-16_20_40,2026-01-16,Fri,North Dakota,Denver,40,20,5,0,False,False,True,NCHC,NCHC,,https://www.collegehockeynews.com/box/final/20260116/den/ndk/,https://www.collegehockeynews.com/box/metrics.php?gd=110427,college_hockey_news
2025-26,2026-01-16_21_64,2026-01-16,Fri,Augustana,Ferris State,64,21,4,0,False,False,True,CCHA,CCHA,,https://www.collegehockeynews.com/box/final/20260116/fsu/aug/,https://www.collegehockeynews.com/box/metrics.php?gd=110689,college_hockey_news
2025-26,2026-01-16_22_53,2026-01-16,Fri,Harvard,St. Lawrence,22,53,5,1,False,False,True,ECAC,ECAC,,https://www.collegehockeynews.com/box/final/20260116/stl/har/,https://www.collegehockeynews.com/box/metrics.php?gd=111172,college_hockey_news
2025-26,2026-01-16_27_29,2026-01-16,Fri,Merrimack,Massachusetts,29,27,2,4,False,False,True,Hockey East,Hockey East,,https://www.collegehockeynews.com/box/final/20260116/uma/mer/,https://www.collegehockeynews.com/box/metrics.php?gd=110558,college_hockey_news
2025-26,2026-01-16_28_39,2026-01-16,Fri,Mercyhurst,Niagara,28,39,3,0,False,False,True,Atlantic Hockey,Atlantic Hockey,,https://www.collegehockeynews.com/box/final/20260116/nia/mrc/,https://www.collegehockeynews.com/box/metrics.php?gd=110966,college_hockey_news
2025-26,2026-01-16_30_37,2026-01-16,Fri,Miami,Omaha,30,37,3,0,False,False,True,NCHC,NCHC,,https://www.collegehockeynews.com/box/final/20260116/uno/mia/,https://www.collegehockeynews.com/box/metrics.php?gd=110586,college_hockey_news
2025-26,2026-01-16_31_34,2026-01-16,Fri,Minnesota,Michigan,34,31,1,5,False,False,True,Big Ten,Big Ten,,https://www.collegehockeynews.com/box/final/20260116/mic/min/,https://www.collegehockeynews.com/box/metrics.php?gd=111493,college_hockey_news
2025-26,2026-01-16_32_58,2026-01-16,Fri,Wisconsin,Michigan State,58,32,1,4,False,False,True,Big Ten,Big Ten,,https://www.collegehockeynews.com/box/final/20260116/msu/wis/,https://www.collegehockeynews.com/box/metrics.php?gd=111452,college_hockey_news
2025-26,2026-01-16_33_35,2026-01-16,Fri,Michigan Tech,Minnesota State,33,35,3,1,False,False,True,CCHA,CCHA,,https://www.collegehockeynews.com/box/final/20260116/mns/mtu/,https://www.collegehockeynews.com/box/metrics.php?gd=110617,college_hockey_news
2025-26,2026-01-16_36_52,2026-01-16,Fri,St. Cloud State,Minnesota-Duluth,52,36,6,0,False,False,True,NCHC,NCHC,,https://www.collegehockeynews.com/box/final/20260116/mnd/stc/,https://www.collegehockeynews.com/box/metrics.php?gd=110491,college_hockey_news
2025-26,2026-01-16_38_41,2026-01-16,Fri,New Hampshire,Northeastern,38,41,0,4,False,False,True,Hockey East,Hockey East,,https://www.collegehockeynews.com/box/final/20260116/noe/unh/,https://www.collegehockeynews.com/box/metrics.php?gd=111191,college_hockey_news
2025-26,2026-01-16_3_4,2026-01-16,Fri,Alaska,Alaska-Anchorage,4,3,1,1,False,True,False,Independent,Independent,,https://www.collegehockeynews.com/box/final/20260116/aka/akf/,https://www.collegehockeynews.com/box/metrics.php?gd=111340,college_hockey_news
2025-26,2026-01-16_422_433,2026-01-16,Fri,Lindenwood,Stonehill,433,422,6,2,False,False,False,Independent,Independent,,https://www.collegehockeynews.com/box/final/20260116/stn/lin/,https://www.collegehockeynews.com/box/metrics.php?gd=111360,college_hockey_news
2025-26,2026-01-16_43_60,2026-01-16,Fri,Penn State,Notre Dame,60,43,4,1,False,False,True,Big Ten,Big Ten,,https://www.collegehockeynews.com/box/final/20260116/ndm/psu/,https://www.collegehockeynews.com/box/metrics.php?gd=111429,college_hockey_news
2025-26,2026-01-16_46_9,2026-01-16,Fri,Boston College,Providence,9,46,3,4,False,True,True,Hockey East,Hockey East,,https://www.collegehockeynews.com/box/final/20260116/prv/bc_/,https://www.collegehockeynews.com/box/metrics.php?gd=111301,college_hockey_news
2025-26,2026-01-16_48_59,2026-01-16,Fri,RPI,Yale,48,59,3,8,False,False,True,ECAC,ECAC,,https://www.collegehockeynews.com/box/final/20260116/yal/ren/,https://www.collegehockeynews.com/box/metrics.php?gd=111084,college_hockey_news
2025-26,2026-01-16_50_6,2026-01-16,Fri,Army,Robert Morris,6,50,3,2,False,True,True,Atlantic Hockey,Atlantic Hockey,,https://www.collegehockeynews.com/box/final/20260116/rmu/arm/,https://www.collegehockeynews.com/box/metrics.php?gd=110822,college_hockey_news
2025-26,2026-01-16_51_8,2026-01-16,Fri,Sacred Heart,Bentley,51,8,3,2,False,False,True,Atlantic Hockey,Atlantic Hockey,,https://www.collegehockeynews.com/box/final/20260116/ben/sac/,https://www.collegehockeynews.com/box/metrics.php?gd=110934,college_hockey_news
2025-26,2026-01-16_63_7,2026-01-16,Fri,St. Thomas,Bemidji State,63,7,5,1,False,False,True,CCHA,CCHA,,https://www.collegehockeynews.com/box/final/20260116/bmj/stt/,https://www.collegehockeynews.com/box/metrics.php?gd=110661,college_hockey_news
2025-26,2026-01-17_10_26,2026-01-17,Sat,Mass.-Lowell,Boston University,26,10,0,3,False,False,True,Hockey East,Hockey East,,https://www.collegehockeynews.com/box/final/20260117/bu_/uml/,https://www.collegehockeynews.com/box/metrics.php?gd=110847,college_hockey_news
2025-26,2026-01-17_11_24,2026-01-17,Sat,Bowling Green,Lake Superior,11,24,0,1,False,False,True,CCHA,CCHA,,https://www.collegehockeynews.com/box/final/20260117/lss/bgs/,https://www.collegehockeynews.com/box/metrics.php?gd=110985,college_hockey_news
2025-26,2026-01-17_12_48,2026-01-17,Sat,RPI,Brown,48,12,4,1,False,False,True,ECAC,ECAC,,https://www.collegehockeynews.com/box/final/20260117/brn/ren/,https://www.collegehockeynews.com/box/metrics.php?gd=111085,college_hockey_news
2025-26,2026-01-17_13_49,2026-01-17,Sat,RIT,Canisius,49,13,1,4,False,False,True,Atlantic Hockey,Atlantic Hockey,,https://www.collegehockeynews.com/box/final/20260117/cns/rit/,https://www.collegehockeynews.com/box/metrics.php?gd=110734,college_hockey_news
2025-26,2026-01-17_14_22,2026-01-17,Sat,Harvard,Clarkson,22,14,2,1,False,False,True,ECAC,ECAC,,https://www.collegehockeynews.com/box/final/20260117/clk/har/,https://www.collegehockeynews.com/box/metrics.php?gd=110462,college_hockey_news
2025-26,2026-01-17_15_45,2026-01-17,Sat,Colgate,Princeton,15,45,2,0,False,False,True,ECAC,ECAC,,https://www.collegehockeynews.com/box/final/20260117/prn/clg/,https://www.collegehockeynews.com/box/metrics.php?gd=111232,college_hockey_news
2025-26,2026-01-17_17_55,2026-01-17,Sat,Connecticut,Vermont,17,55,2,4,False,False,True,Hockey East,Hockey East,,https://www.collegehockeynews.com/box/final/20260117/ver/con/,https://www.collegehockeynews.com/box/metrics.php?gd=111304,college_hockey_news
2025-26,2026-01-17_18_47,2026-01-17,Sat,Cornell,Quinnipiac,18,47,1,4,False,False,True,ECAC,ECAC,,https://www.collegehockeynews.com/box/final/20260117/qui/cor/,https://www.collegehockeynews.com/box/metrics.php?gd=111033,college_hockey_news
2025-26,2026-01-17_19_53,2026-01-17,Sat,Dartmouth,St. Lawrence,19,53,4,0,False,False,True,ECAC,ECAC,,https://www.collegehockeynews.com/box/final/20260117/stl/dar/,https://www.collegehockeynews.com/box/metrics.php?gd=111173,college_hockey_news
2025-26,2026-01-17_1_23,2026-01-17,Sat,Holy Cross,Air Force,23,1,2,5,False,False,True,Atlantic Hockey,Atlantic Hockey,,https://www.collegehockeynews.com/box/final/20260117/afa/hcr/,https://www.collegehockeynews.com/box/metrics.php?gd=110917,college_hockey_news
2025-26,2026-01-17_20_40,2026-01-17,Sat,North Dakota,Denver,40,20,2,3,False,False,True,NCHC,NCHC,,https://www.collegehockeynews.com/box/final/20260117/den/ndk/,https://www.collegehockeynews.com/box/metrics.php?gd=110428,college_hockey_news
2025-26,2026-01-17_21_64,2026-01-17,Sat,Augustana,Ferris State,64,21,4,3,False,True,True,CCHA,CCHA,,https://www.collegehockeynews.com/box/final/20260117/fsu/aug/,https://www.collegehockeynews.com/box/metrics.php?gd=110690,college_hockey_news
2025-26,2026-01-17_27_29,2026-01-17,Sat,Massachusetts,Merrimack,27,29,3,1,False,False,True,Hockey East,Hockey East,,https://www.collegehockeynews.com/box/final/20260117/mer/uma/,https://www.collegehockeynews.com/box/metrics.php?gd=110559,college_hockey_news
2025-26,2026-01-17_28_39,2026-01-17,Sat,Niagara,Mercyhurst,39,28,2,4,False,False,True,Atlantic Hockey,Atlantic Hockey,,https://www.collegehockeynews.com/box/final/20260117/mrc/nia/,https://www.collegehockeynews.com/box/metrics.php?gd=110967,college_hockey_news
2025-26,2026-01-17_30_37,2026-01-17,Sat,Miami,Omaha,30,37,6,2,False,False,True,NCHC,NCHC,,https://www.collegehockeynews.com/box/final/20260117/uno/mia/,https://www.collegehockeynews.com/box/metrics.php?gd=110587,college_hockey_news
2025-26,2026-01-17_31_34,2026-01-17,Sat,Minnesota,Michigan,34,31,2,3,False,True,True,Big Ten,Big Ten,,https://www.collegehockeynews.com/box/final/20260117/mic/min/,https://www.collegehockeynews.com/box/metrics.php?gd=111494,college_hockey_news
2025-26,2026-01-17_33_35,2026-01-17,Sat,Michigan Tech,Minnesota State,33,35,4,1,False,False,True,CCHA,CCHA,,https://www.collegehockeynews.com/box/final/20260117/mns/mtu/,https://www.collegehockeynews.com/box/metrics.php?gd=110618,college_hockey_news
2025-26,2026-01-17_36_52,2026-01-17,Sat,St. Cloud State,Minnesota-Duluth,52,36,3,5,False,False,True,NCHC,NCHC,,https://www.collegehockeynews.com/box/final/20260117/mnd/stc/,https://www.collegehockeynews.com/box/metrics.php?gd=110492,college_hockey_news
2025-26,2026-01-17_3_4,2026-01-17,Sat,Alaska,Alaska-Anchorage,4,3,4,1,False,False,False,Independent,Independent,,https://www.collegehockeynews.com/box/final/20260117/aka/akf/,https://www.collegehockeynews.com/box/metrics.php?gd=111341,college_hockey_news
2025-26,2026-01-17_422_433,2026-01-17,Sat,Lindenwood,Stonehill,433,422,5,1,False,False,False,Independent,Independent,,https://www.collegehockeynews.com/box/final/20260117/stn/lin/,https://www.collegehockeynews.com/box/metrics.php?gd=111361,college_hockey_news
2025-26,2026-01-17_43_60,2026-01-17,Sat,Penn State,Notre Dame,60,43,6,3,False,False,True,Big Ten,Big Ten,,https://www.collegehockeynews.com/box/final/20260117/ndm/psu/,https://www.collegehockeynews.com/box/metrics.php?gd=111430,college_hockey_news
2025-26,2026-01-17_46_9,2026-01-17,Sat,Providence,Boston College,46,9,4,3,False,False,True,Hockey East,Hockey East,,https://www.collegehockeynews.com/box/final/20260117/bc_/prv/,https://www.collegehockeynews.com/box/metrics.php?gd=111302,college_hockey_news
2025-26,2026-01-17_50_6,2026-01-17,Sat,Army,Robert Morris,6,50,0,3,False,False,True,Atlantic Hockey,Atlantic Hockey,,https://www.collegehockeynews.com/box/final/20260117/rmu/arm/,https://www.collegehockeynews.com/box/metrics.php?gd=110823,college_hockey_news
2025-26,2026-01-17_51_8,2026-01-17,Sat,Sacred Heart,Bentley,51,8,4,4,False,True,True,Atlantic Hockey,Atlantic Hockey,,https://www.collegehockeynews.com/box/final/20260117/ben/sac/,https://www.collegehockeynews.com/box/metrics.php?gd=110935,college_hockey_news
2025-26,2026-01-17_54_59,2026-01-17,Sat,Union,Yale,54,59,1,4,False,False,True,ECAC,ECAC,,https://www.collegehockeynews.com/box/final/20260117/yal/uni/,https://www.collegehockeynews.com/box/metrics.php?gd=111112,college_hockey_news
2025-26,2026-01-17_63_7,2026-01-17,Sat,St. Thomas,Bemidji State,63,7,3,2,False,False,True,CCHA,CCHA,,https://www.collegehockeynews.com/box/final/20260117/bmj/stt/,https://www.collegehockeynews.com/box/metrics.php?gd=110662,college_hockey_news
2025-26,2026-01-18_38_41,2026-01-18,Sun,Northeastern,New Hampshire,41,38,5,2,False,False,True,Hockey East,Hockey East,"at Walter Brown Arena, Boston, Mass.",https://www.collegehockeynews.com/box/final/20260118/unh/noe/,https://www.collegehockeynews.com/box/metrics.php?gd=111192,college_hockey_news
2025-26,2026-01-19_22_54,2026-01-19,Mon,Harvard,Union,22,54,4,0,False,False,True,ECAC,ECAC,,https://www.collegehockeynews.com/box/final/20260119/uni/har/,https://www.collegehockeynews.com/box/metrics.php?gd=111113,college_hockey_news
2025-26,2026-01-22_29_41,2026-01-22,Thu,Merrimack,Northeastern,29,41,4,1,False,False,True,Hockey East,Hockey East,,https://www.collegehockeynews.com/box/final/20260122/noe/mer/,https://www.collegehockeynews.com/box/metrics.php?gd=111306,college_hockey_news
2025-26,2026-01-23_10_46,2026-01-23,Fri,Providence,Boston University,46,10,4,3,False,False,True,Hockey East,Hockey East,,https://www.collegehockeynews.com/box/final/20260123/bu_/prv/,https://www.collegehockeynews.com/box/metrics.php?gd=111141,college_hockey_news
2025-26,2026-01-23_11_7,2026-01-23,Fri,Bemidji State,Bowling Green,7,11,1,3,False,False,True,CCHA,CCHA,,https://www.collegehockeynews.com/box/final/20260123/bgs/bmj/,https://www.collegehockeynews.com/box/metrics.php?gd=110794,college_hockey_news
2025-26,2026-01-23_13_28,2026-01-23,Fri,Mercyhurst,Canisius,28,13,3,4,False,False,True,Atlantic Hockey,Atlantic Hockey,,https://www.collegehockeynews.com/box/final/20260123/cns/mrc/,https://www.collegehockeynews.com/box/metrics.php?gd=110769,college_hockey_news
2025-26,2026-01-23_14_53,2026-01-23,Fri,Clarkson,St. Lawrence,14,53,5,5,False,True,True,ECAC,ECAC,,https://www.collegehockeynews.com/box/final/20260123/stl/clk/,https://www.collegehockeynews.com/box/metrics.php?gd=110463,college_hockey_news
2025-26,2026-01-23_15_22,2026-01-23,Fri,Colgate,Harvard,15,22,1,3,False,False,True,ECAC,ECAC,,https://www.collegehockeynews.com/box/final/20260123/har/clg/,https://www.collegehockeynews.com/box/metrics.php?gd=111219,college_hockey_news
2025-26,2026-01-23_16_37,2026-01-23,Fri,Omaha,Colorado College,37,16,3,1,False,False,True,NCHC,NCHC,,https://www.collegehockeynews.com/box/final/20260123/cc_/uno/,https://www.collegehockeynews.com/box/metrics.php?gd=110507,college_hockey_news
2025-26,2026-01-23_17_59,2026-01-23,Fri,Yale,Connecticut,59,17,2,5,False,False,False,ECAC,Hockey East,Connecticut Ice Tournament,https://www.collegehockeynews.com/box/final/20260123/con/yal/,https://www.collegehockeynews.com/box/metrics.php?gd=110994,college_hockey_news
2025-26,2026-01-23_18_19,2026-01-23,Fri,Cornell,Dartmouth,18,19,2,1,False,True,True,ECAC,ECAC,,https://www.collegehockeynews.com/box/final/20260123/dar/cor/,https://www.collegehockeynews.com/box/metrics.php?gd=111034,college_hockey_news
2025-26,2026-01-23_20_52,2026-01-23,Fri,Denver,St. Cloud State,20,52,2,4,False,False,True,NCHC,NCHC,,https://www.collegehockeynews.com/box/final/20260123/stc/den/,https://www.collegehockeynews.com/box/metrics.php?gd=110535,college_hockey_news
2025-26,2026-01-23_23_50,2026-01-23,Fri,Robert Morris,Holy Cross,50,23,5,2,False,False,True,Atlantic Hockey,Atlantic Hockey,,https://www.collegehockeynews.com/box/final/20260123/hcr/rmu/,https://www.collegehockeynews.com/box/metrics.php?gd=110890,college_hockey_news
2025-26,2026-01-23_24_63,2026-01-23,Fri,Lake Superior,St. Thomas,24,63,4,7,False,False,True,CCHA,CCHA,"at GFL Memorial Gardens, Sault Ste. Marie, Ont.",https://www.collegehockeynews.com/box/final/20260123/stt/lss/,https://www.collegehockeynews.com/box/metrics.php?gd=110663,college_hockey_news
2025-26,2026-01-23_25_26,2026-01-23,Fri,Mass.-Lowell,Maine,26,25,0,2,False,False,True,Hockey East,Hockey East,,https://www.collegehockeynews.com/box/final/20260123/mne/uml/,https://www.collegehockeynews.com/box/metrics.php?gd=110848,college_hockey_news
2025-26,2026-01-23_27_55,2026-01-23,Fri,Vermont,Massachusetts,55,27,0,4,False,False,True,Hockey East,Hockey East,,https://www.collegehockeynews.com/box/final/20260123/uma/ver/,https://www.collegehockeynews.com/box/metrics.php?gd=110560,college_hockey_news
2025-26,2026-01-23_29_41,2026-01-23,Fri,Merrimack,Northeastern,29,41,3,1,False,False,True,Hockey East,Hockey East,,https://www.collegehockeynews.com/box/final/20260123/noe/mer/,https://www.collegehockeynews.com/box/metrics.php?gd=111305,college_hockey_news
2025-26,2026-01-23_32_34,2026-01-23,Fri,Michigan State,Minnesota,32,34,3,1,False,False,True,Big Ten,Big Ten,,https://www.collegehockeynews.com/box/final/20260123/min/msu/,https://www.collegehockeynews.com/box/metrics.php?gd=111453,college_hockey_news
2025-26,2026-01-23_33_42,2026-01-23,Fri,Northern Michigan,Michigan Tech,42,33,2,8,False,False,True,CCHA,CCHA,,https://www.collegehockeynews.com/box/final/20260123/mtu/nmu/,https://www.collegehockeynews.com/box/metrics.php?gd=110868,college_hockey_news
2025-26,2026-01-23_36_57,2026-01-23,Fri,Minnesota-Duluth,Western Michigan,36,57,3,4,False,False,True,NCHC,NCHC,,https://www.collegehockeynews.com/box/final/20260123/wmu/mnd/,https://www.collegehockeynews.com/box/metrics.php?gd=110493,college_hockey_news
2025-26,2026-01-23_38_9,2026-01-23,Fri,Boston College,New Hampshire,9,38,5,2,False,False,True,Hockey East,Hockey East,,https://www.collegehockeynews.com/box/final/20260123/unh/bc_/,https://www.collegehockeynews.com/box/metrics.php?gd=111193,college_hockey_news
2025-26,2026-01-23_39_49,2026-01-23,Fri,Niagara,RIT,39,49,2,4,False,False,True,Atlantic Hockey,Atlantic Hockey,,https://www.collegehockeynews.com/box/final/20260123/rit/nia/,https://www.collegehockeynews.com/box/metrics.php?gd=110735,college_hockey_news
2025-26,2026-01-23_3_62,2026-01-23,Fri,Alaska-Anchorage,Long Island,3,62,2,6,False,False,False,Independent,Independent,,https://www.collegehockeynews.com/box/final/20260123/liu/aka/,https://www.collegehockeynews.com/box/metrics.php?gd=111388,college_hockey_news
2025-26,2026-01-23_40_61,2026-01-23,Fri,Arizona State,North Dakota,61,40,4,7,False,False,True,NCHC,NCHC,,https://www.collegehockeynews.com/box/final/20260123/ndk/asu/,https://www.collegehockeynews.com/box/metrics.php?gd=110394,college_hockey_news
2025-26,2026-01-23_43_44,2026-01-23,Fri,Notre Dame,Ohio State,43,44,2,4,False,False,True,Big Ten,Big Ten,,https://www.collegehockeynews.com/box/final/20260123/osu/ndm/,https://www.collegehockeynews.com/box/metrics.php?gd=111483,college_hockey_news
2025-26,2026-01-23_45_8,2026-01-23,Fri,Bentley,Princeton,8,45,4,1,False,False,False,Atlantic Hockey,ECAC,,https://www.collegehockeynews.com/box/final/20260123/prn/ben/,https://www.collegehockeynews.com/box/metrics.php?gd=110953,college_hockey_news
2025-26,2026-01-23_47_51,2026-01-23,Fri,Sacred Heart,Quinnipiac,51,47,1,5,True,False,False,Atlantic Hockey,ECAC,"Connecticut Ice Tournament – Ingalls Rink, New Haven, Conn.",https://www.collegehockeynews.com/box/final/20260123/qui/sac/,https://www.collegehockeynews.com/box/metrics.php?gd=110995,college_hockey_news
2025-26,2026-01-23_4_433,2026-01-23,Fri,Alaska,Lindenwood,4,433,5,2,False,False,False,Independent,Independent,,https://www.collegehockeynews.com/box/final/20260123/lin/akf/,https://www.collegehockeynews.com/box/metrics.php?gd=111342,college_hockey_news
2025-26,2026-01-23_58_60,2026-01-23,Fri,Wisconsin,Penn State,58,60,2,7,False,False,True,Big Ten,Big Ten,,https://www.collegehockeynews.com/box/final/20260123/psu/wis/,https://www.collegehockeynews.com/box/metrics.php?gd=111431,college_hockey_news
2025-26,2026-01-24_10_46,2026-01-24,Sat,Boston University,Providence,10,46,0,4,False,False,True,Hockey East,Hockey East,,https://www.collegehockeynews.com/box/final/20260124/prv/bu_/,https://www.collegehockeynews.com/box/metrics.php?gd=111142,college_hockey_news
2025-26,2026-01-24_11_7,2026-01-24,Sat,Bemidji State,Bowling Green,7,11,1,5,False,False,True,CCHA,CCHA,,https://www.collegehockeynews.com/box/final/20260124/bgs/bmj/,https://www.collegehockeynews.com/box/metrics.php?gd=110795,college_hockey_news
2025-26,2026-01-24_12_422,2026-01-24,Sat,Stonehill,Brown,422,12,3,2,False,True,False,Independent,ECAC,"at Warrior Ice Arena, Brighton, Mass.",https://www.collegehockeynews.com/box/final/20260124/brn/stn/,https://www.collegehockeynews.com/box/metrics.php?gd=111406,college_hockey_news
2025-26,2026-01-24_13_28,2026-01-24,Sat,Mercyhurst,Canisius,28,13,0,5,False,False,True,Atlantic Hockey,Atlantic Hockey,,https://www.collegehockeynews.com/box/final/20260124/cns/mrc/,https://www.collegehockeynews.com/box/metrics.php?gd=110770,college_hockey_news
2025-26,2026-01-24_14_53,2026-01-24,Sat,St. Lawrence,Clarkson,53,14,5,2,False,False,True,ECAC,ECAC,,https://www.collegehockeynews.com/box/final/20260124/clk/stl/,https://www.collegehockeynews.com/box/metrics.php?gd=110464,college_hockey_news
2025-26,2026-01-24_15_19,2026-01-24,Sat,Colgate,Dartmouth,15,19,5,2,False,False,True,ECAC,ECAC,,https://www.collegehockeynews.com/box/final/20260124/dar/clg/,https://www.collegehockeynews.com/box/metrics.php?gd=111377,college_hockey_news
2025-26,2026-01-24_16_37,2026-01-24,Sat,Omaha,Colorado College,37,16,1,3,False,False,True,NCHC,NCHC,,https://www.collegehockeynews.com/box/final/20260124/cc_/uno/,https://www.collegehockeynews.com/box/metrics.php?gd=110508,college_hockey_news
2025-26,2026-01-24_17_47,2026-01-24,Sat,Quinnipiac,Connecticut,47,17,2,4,True,False,False,ECAC,Hockey East,"Connecticut Ice Tournament – Ingalls Rink, New Haven, Conn.",https://www.collegehockeynews.com/box/final/20260124/con/qui/,https://www.collegehockeynews.com/box/metrics.php?gd=111263,college_hockey_news
2025-26,2026-01-24_18_22,2026-01-24,Sat,Cornell,Harvard,18,22,4,1,False,False,True,ECAC,ECAC,,https://www.collegehockeynews.com/box/final/20260124/har/cor/,https://www.collegehockeynews.com/box/metrics.php?gd=111035,college_hockey_news
2025-26,2026-01-24_20_52,2026-01-24,Sat,Denver,St. Cloud State,20,52,6,0,False,False,True,NCHC,NCHC,,https://www.collegehockeynews.com/box/final/20260124/stc/den/,https://www.collegehockeynews.com/box/metrics.php?gd=110536,college_hockey_news
2025-26,2026-01-24_23_50,2026-01-24,Sat,Robert Morris,Holy Cross,50,23,1,0,False,False,True,Atlantic Hockey,Atlantic Hockey,,https://www.collegehockeynews.com/box/final/20260124/hcr/rmu/,https://www.collegehockeynews.com/box/metrics.php?gd=110891,college_hockey_news
2025-26,2026-01-24_24_63,2026-01-24,Sat,Lake Superior,St. Thomas,24,63,0,5,False,False,True,CCHA,CCHA,,https://www.collegehockeynews.com/box/final/20260124/stt/lss/,https://www.collegehockeynews.com/box/metrics.php?gd=110664,college_hockey_news
2025-26,2026-01-24_25_26,2026-01-24,Sat,Mass.-Lowell,Maine,26,25,5,6,False,True,True,Hockey East,Hockey East,,https://www.collegehockeynews.com/box/final/20260124/mne/uml/,https://www.collegehockeynews.com/box/metrics.php?gd=110849,college_hockey_news
2025-26,2026-01-24_27_55,2026-01-24,Sat,Vermont,Massachusetts,55,27,0,1,False,False,True,Hockey East,Hockey East,,https://www.collegehockeynews.com/box/final/20260124/uma/ver/,https://www.collegehockeynews.com/box/metrics.php?gd=110561,college_hockey_news
2025-26,2026-01-24_32_34,2026-01-24,Sat,Michigan State,Minnesota,32,34,3,2,False,False,True,Big Ten,Big Ten,,https://www.collegehockeynews.com/box/final/20260124/min/msu/,https://www.collegehockeynews.com/box/metrics.php?gd=111454,college_hockey_news
2025-26,2026-01-24_33_42,2026-01-24,Sat,Michigan Tech,Northern Michigan,33,42,2,3,False,False,True,CCHA,CCHA,,https://www.collegehockeynews.com/box/final/20260124/nmu/mtu/,https://www.collegehockeynews.com/box/metrics.php?gd=110869,college_hockey_news
2025-26,2026-01-24_35_64,2026-01-24,Sat,Minnesota State,Augustana,35,64,4,1,False,False,True,CCHA,CCHA,,https://www.collegehockeynews.com/box/final/20260124/aug/mns/,https://www.collegehockeynews.com/box/metrics.php?gd=110619,college_hockey_news
2025-26,2026-01-24_36_57,2026-01-24,Sat,Minnesota-Duluth,Western Michigan,36,57,3,4,False,True,True,NCHC,NCHC,,https://www.collegehockeynews.com/box/final/20260124/wmu/mnd/,https://www.collegehockeynews.com/box/metrics.php?gd=110494,college_hockey_news
2025-26,2026-01-24_38_9,2026-01-24,Sat,New Hampshire,Boston College,38,9,0,3,False,False,True,Hockey East,Hockey East,,https://www.collegehockeynews.com/box/final/20260124/bc_/unh/,https://www.collegehockeynews.com/box/metrics.php?gd=111194,college_hockey_news
2025-26,2026-01-24_39_49,2026-01-24,Sat,RIT,Niagara,49,39,3,3,False,True,True,Atlantic Hockey,Atlantic Hockey,,https://www.collegehockeynews.com/box/final/20260124/nia/rit/,https://www.collegehockeynews.com/box/metrics.php?gd=110736,college_hockey_news
2025-26,2026-01-24_3_62,2026-01-24,Sat,Alaska-Anchorage,Long Island,3,62,0,4,False,False,False,Independent,Independent,,https://www.collegehockeynews.com/box/final/20260124/liu/aka/,https://www.collegehockeynews.com/box/metrics.php?gd=111389,college_hockey_news
2025-26,2026-01-24_40_61,2026-01-24,Sat,Arizona State,North Dakota,61,40,3,5,False,False,True,NCHC,NCHC,,https://www.collegehockeynews.com/box/final/20260124/ndk/asu/,https://www.collegehockeynews.com/box/metrics.php?gd=110395,college_hockey_news
2025-26,2026-01-24_43_44,2026-01-24,Sat,Notre Dame,Ohio State,43,44,6,1,False,False,True,Big Ten,Big Ten,,https://www.collegehockeynews.com/box/final/20260124/osu/ndm/,https://www.collegehockeynews.com/box/metrics.php?gd=111484,college_hockey_news
2025-26,2026-01-24_45_8,2026-01-24,Sat,Bentley,Princeton,8,45,2,2,False,True,False,Atlantic Hockey,ECAC,,https://www.collegehockeynews.com/box/final/20260124/prn/ben/,https://www.collegehockeynews.com/box/metrics.php?gd=110954,college_hockey_news
2025-26,2026-01-24_48_54,2026-01-24,Sat,Union,RPI,54,48,5,4,True,True,False,ECAC,ECAC,"Mayors Cup – MVP Arena, Albany, N.Y.",https://www.collegehockeynews.com/box/final/20260124/ren/uni/,https://www.collegehockeynews.com/box/metrics.php?gd=111086,college_hockey_news
2025-26,2026-01-24_4_433,2026-01-24,Sat,Alaska,Lindenwood,4,433,4,7,False,False,False,Independent,Independent,,https://www.collegehockeynews.com/box/final/20260124/lin/akf/,https://www.collegehockeynews.com/box/metrics.php?gd=111343,college_hockey_news
2025-26,2026-01-24_51_59,2026-01-24,Sat,Yale,Sacred Heart,59,51,2,3,False,False,False,ECAC,Atlantic Hockey,"Connecticut Ice Tournament – Ingalls Rink, New Haven, Conn.",https://www.collegehockeynews.com/box/final/20260124/sac/yal/,https://www.collegehockeynews.com/box/metrics.php?gd=111261,college_hockey_news
2025-26,2026-01-24_58_60,2026-01-24,Sat,Wisconsin,Penn State,58,60,1,3,False,False,True,Big Ten,Big Ten,,https://www.collegehockeynews.com/box/final/20260124/psu/wis/,https://www.collegehockeynews.com/box/metrics.php?gd=111432,college_hockey_news
2025-26,2026-01-27_3_62,2026-01-27,Tue,Alaska-Anchorage,Long Island,3,62,3,4,False,False,False,Independent,Independent,,https://www.collegehockeynews.com/box/final/20260127/liu/aka/,https://www.collegehockeynews.com/box/metrics.php?gd=111390,college_hockey_news
2025-26,2026-01-29_23_6,2026-01-29,Thu,Holy Cross,Army,23,6,2,3,False,True,True,Atlantic Hockey,Atlantic Hockey,,https://www.collegehockeynews.com/box/final/20260129/arm/hcr/,https://www.collegehockeynews.com/box/metrics.php?gd=110918,college_hockey_news
2025-26,2026-01-30_10_9,2026-01-30,Fri,Boston University,Boston College,10,9,1,4,False,False,True,Hockey East,Hockey East,,https://www.collegehockeynews.com/box/final/20260130/bc_/bu_/,https://www.collegehockeynews.com/box/metrics.php?gd=111143,college_hockey_news
2025-26,2026-01-30_11_43,2026-01-30,Fri,Notre Dame,Bowling Green,43,11,3,3,False,True,False,Big Ten,CCHA,,https://www.collegehockeynews.com/box/final/20260130/bgs/ndm/,https://www.collegehockeynews.com/box/metrics.php?gd=111208,college_hockey_news
2025-26,2026-01-30_12_15,2026-01-30,Fri,Brown,Colgate,12,15,3,3,False,True,True,ECAC,ECAC,,https://www.collegehockeynews.com/box/final/20260130/clg/brn/,https://www.collegehockeynews.com/box/metrics.php?gd=111378,college_hockey_news
2025-26,2026-01-30_13_39,2026-01-30,Fri,Canisius,Niagara,13,39,3,5,False,False,True,Atlantic Hockey,Atlantic Hockey,,https://www.collegehockeynews.com/box/final/20260130/nia/cns/,https://www.collegehockeynews.com/box/metrics.php?gd=110771,college_hockey_news
2025-26,2026-01-30_14_45,2026-01-30,Fri,Clarkson,Princeton,14,45,1,3,False,False,True,ECAC,ECAC,,https://www.collegehockeynews.com/box/final/20260130/prn/clk/,https://www.collegehockeynews.com/box/metrics.php?gd=110465,college_hockey_news
2025-26,2026-01-30_16_61,2026-01-30,Fri,Colorado College,Arizona State,16,61,5,6,False,True,True,NCHC,NCHC,,https://www.collegehockeynews.com/box/final/20260130/asu/cc_/,https://www.collegehockeynews.com/box/metrics.php?gd=110396,college_hockey_news
2025-26,2026-01-30_18_59,2026-01-30,Fri,Yale,Cornell,59,18,2,5,False,False,True,ECAC,ECAC,,https://www.collegehockeynews.com/box/final/20260130/cor/yal/,https://www.collegehockeynews.com/box/metrics.php?gd=111036,college_hockey_news
2025-26,2026-01-30_19_54,2026-01-30,Fri,Dartmouth,Union,19,54,4,2,False,False,True,ECAC,ECAC,,https://www.collegehockeynews.com/box/final/20260130/uni/dar/,https://www.collegehockeynews.com/box/metrics.php?gd=111114,college_hockey_news
2025-26,2026-01-30_1_51,2026-01-30,Fri,Air Force,Sacred Heart,1,51,5,2,False,False,True,Atlantic Hockey,Atlantic Hockey,,https://www.collegehockeynews.com/box/final/20260130/sac/afa/,https://www.collegehockeynews.com/box/metrics.php?gd=110936,college_hockey_news
2025-26,2026-01-30_20_36,2026-01-30,Fri,Denver,Minnesota-Duluth,20,36,4,3,False,False,True,NCHC,NCHC,,https://www.collegehockeynews.com/box/final/20260130/mnd/den/,https://www.collegehockeynews.com/box/metrics.php?gd=110495,college_hockey_news
2025-26,2026-01-30_21_35,2026-01-30,Fri,Ferris State,Minnesota State,21,35,1,6,False,False,True,CCHA,CCHA,,https://www.collegehockeynews.com/box/final/20260130/mns/fsu/,https://www.collegehockeynews.com/box/metrics.php?gd=110620,college_hockey_news
2025-26,2026-01-30_22_48,2026-01-30,Fri,Harvard,RPI,22,48,3,1,False,False,True,ECAC,ECAC,,https://www.collegehockeynews.com/box/final/20260130/ren/har/,https://www.collegehockeynews.com/box/metrics.php?gd=111087,college_hockey_news
2025-26,2026-01-30_23_6,2026-01-30,Fri,Holy Cross,Army,23,6,3,0,False,False,True,Atlantic Hockey,Atlantic Hockey,,https://www.collegehockeynews.com/box/final/20260130/arm/hcr/,https://www.collegehockeynews.com/box/metrics.php?gd=110919,college_hockey_news
2025-26,2026-01-30_24_64,2026-01-30,Fri,Augustana,Lake Superior,64,24,6,1,False,False,True,CCHA,CCHA,,https://www.collegehockeynews.com/box/final/20260130/lss/aug/,https://www.collegehockeynews.com/box/metrics.php?gd=110691,college_hockey_news
2025-26,2026-01-30_27_41,2026-01-30,Fri,Massachusetts,Northeastern,27,41,3,2,False,True,True,Hockey East,Hockey East,,https://www.collegehockeynews.com/box/final/20260130/noe/uma/,https://www.collegehockeynews.com/box/metrics.php?gd=110562,college_hockey_news
2025-26,2026-01-30_28_49,2026-01-30,Fri,Mercyhurst,RIT,28,49,2,2,False,True,True,Atlantic Hockey,Atlantic Hockey,,https://www.collegehockeynews.com/box/final/20260130/rit/mrc/,https://www.collegehockeynews.com/box/metrics.php?gd=110737,college_hockey_news
2025-26,2026-01-30_29_38,2026-01-30,Fri,Merrimack,New Hampshire,29,38,2,1,False,False,True,Hockey East,Hockey East,,https://www.collegehockeynews.com/box/final/20260130/unh/mer/,https://www.collegehockeynews.com/box/metrics.php?gd=111195,college_hockey_news
2025-26,2026-01-30_30_52,2026-01-30,Fri,St. Cloud State,Miami,52,30,1,2,False,False,True,NCHC,NCHC,,https://www.collegehockeynews.com/box/final/20260130/mia/stc/,https://www.collegehockeynews.com/box/metrics.php?gd=110588,college_hockey_news
2025-26,2026-01-30_31_44,2026-01-30,Fri,Ohio State,Michigan,44,31,4,6,False,False,True,Big Ten,Big Ten,,https://www.collegehockeynews.com/box/final/20260130/mic/osu/,https://www.collegehockeynews.com/box/metrics.php?gd=111485,college_hockey_news
2025-26,2026-01-30_32_60,2026-01-30,Fri,Penn State,Michigan State,60,32,3,6,False,False,True,Big Ten,Big Ten,,https://www.collegehockeynews.com/box/final/20260130/msu/psu/,https://www.collegehockeynews.com/box/metrics.php?gd=111434,college_hockey_news
2025-26,2026-01-30_33_63,2026-01-30,Fri,St. Thomas,Michigan Tech,63,33,4,2,False,False,True,CCHA,CCHA,,https://www.collegehockeynews.com/box/final/20260130/mtu/stt/,https://www.collegehockeynews.com/box/metrics.php?gd=110665,college_hockey_news
2025-26,2026-01-30_34_58,2026-01-30,Fri,Minnesota,Wisconsin,34,58,4,1,False,False,True,Big Ten,Big Ten,,https://www.collegehockeynews.com/box/final/20260130/wis/min/,https://www.collegehockeynews.com/box/metrics.php?gd=111471,college_hockey_news
2025-26,2026-01-30_37_57,2026-01-30,Fri,Western Michigan,Omaha,57,37,5,2,False,False,True,NCHC,NCHC,,https://www.collegehockeynews.com/box/final/20260130/uno/wmu/,https://www.collegehockeynews.com/box/metrics.php?gd=110645,college_hockey_news
2025-26,2026-01-30_422_55,2026-01-30,Fri,Vermont,Stonehill,55,422,3,2,False,True,False,Hockey East,Independent,,https://www.collegehockeynews.com/box/final/20260130/stn/ver/,https://www.collegehockeynews.com/box/metrics.php?gd=111307,college_hockey_news
2025-26,2026-01-30_42_7,2026-01-30,Fri,Northern Michigan,Bemidji State,42,7,2,0,False,False,True,CCHA,CCHA,,https://www.collegehockeynews.com/box/final/20260130/bmj/nmu/,https://www.collegehockeynews.com/box/metrics.php?gd=110796,college_hockey_news
2025-26,2026-01-30_47_53,2026-01-30,Fri,St. Lawrence,Quinnipiac,53,47,0,7,False,False,True,ECAC,ECAC,,https://www.collegehockeynews.com/box/final/20260130/qui/stl/,https://www.collegehockeynews.com/box/metrics.php?gd=111065,college_hockey_news
2025-26,2026-01-30_4_62,2026-01-30,Fri,Alaska,Long Island,4,62,5,1,False,False,False,Independent,Independent,,https://www.collegehockeynews.com/box/final/20260130/liu/akf/,https://www.collegehockeynews.com/box/metrics.php?gd=111344,college_hockey_news
2025-26,2026-01-30_50_8,2026-01-30,Fri,Robert Morris,Bentley,50,8,0,5,False,False,True,Atlantic Hockey,Atlantic Hockey,,https://www.collegehockeynews.com/box/final/20260130/ben/rmu/,https://www.collegehockeynews.com/box/metrics.php?gd=110892,college_hockey_news
2025-26,2026-01-31_11_43,2026-01-31,Sat,Bowling Green,Notre Dame,11,43,2,2,False,True,False,CCHA,Big Ten,,https://www.collegehockeynews.com/box/final/20260131/ndm/bgs/,https://www.collegehockeynews.com/box/metrics.php?gd=111209,college_hockey_news
2025-26,2026-01-31_12_18,2026-01-31,Sat,Brown,Cornell,12,18,2,4,False,False,True,ECAC,ECAC,,https://www.collegehockeynews.com/box/final/20260131/cor/brn/,https://www.collegehockeynews.com/box/metrics.php?gd=111037,college_hockey_news
2025-26,2026-01-31_13_39,2026-01-31,Sat,Niagara,Canisius,39,13,3,4,False,True,True,Atlantic Hockey,Atlantic Hockey,,https://www.collegehockeynews.com/box/final/20260131/cns/nia/,https://www.collegehockeynews.com/box/metrics.php?gd=110772,college_hockey_news
2025-26,2026-01-31_14_47,2026-01-31,Sat,Clarkson,Quinnipiac,14,47,3,3,False,True,True,ECAC,ECAC,,https://www.collegehockeynews.com/box/final/20260131/qui/clk/,https://www.collegehockeynews.com/box/metrics.php?gd=110466,college_hockey_news
2025-26,2026-01-31_15_59,2026-01-31,Sat,Yale,Colgate,59,15,3,6,False,False,True,ECAC,ECAC,,https://www.collegehockeynews.com/box/final/20260131/clg/yal/,https://www.collegehockeynews.com/box/metrics.php?gd=111379,college_hockey_news
2025-26,2026-01-31_16_61,2026-01-31,Sat,Colorado College,Arizona State,16,61,4,1,False,False,True,NCHC,NCHC,,https://www.collegehockeynews.com/box/final/20260131/asu/cc_/,https://www.collegehockeynews.com/box/metrics.php?gd=110397,college_hockey_news
2025-26,2026-01-31_19_48,2026-01-31,Sat,Dartmouth,RPI,19,48,3,1,False,False,True,ECAC,ECAC,,https://www.collegehockeynews.com/box/final/20260131/ren/dar/,https://www.collegehockeynews.com/box/metrics.php?gd=111088,college_hockey_news
2025-26,2026-01-31_1_51,2026-01-31,Sat,Air Force,Sacred Heart,1,51,2,0,False,False,True,Atlantic Hockey,Atlantic Hockey,,https://www.collegehockeynews.com/box/final/20260131/sac/afa/,https://www.collegehockeynews.com/box/metrics.php?gd=110937,college_hockey_news
2025-26,2026-01-31_20_36,2026-01-31,Sat,Denver,Minnesota-Duluth,20,36,1,0,False,True,True,NCHC,NCHC,,https://www.collegehockeynews.com/box/final/20260131/mnd/den/,https://www.collegehockeynews.com/box/metrics.php?gd=110496,college_hockey_news
2025-26,2026-01-31_21_35,2026-01-31,Sat,Ferris State,Minnesota State,21,35,3,4,False,False,True,CCHA,CCHA,,https://www.collegehockeynews.com/box/final/20260131/mns/fsu/,https://www.collegehockeynews.com/box/metrics.php?gd=110621,college_hockey_news
2025-26,2026-01-31_24_64,2026-01-31,Sat,Augustana,Lake Superior,64,24,4,1,False,False,True,CCHA,CCHA,,https://www.collegehockeynews.com/box/final/20260131/lss/aug/,https://www.collegehockeynews.com/box/metrics.php?gd=110692,college_hockey_news
2025-26,2026-01-31_25_46,2026-01-31,Sat,Maine,Providence,25,46,2,3,False,True,True,Hockey East,Hockey East,,https://www.collegehockeynews.com/box/final/20260131/prv/mne/,https://www.collegehockeynews.com/box/metrics.php?gd=111309,college_hockey_news
2025-26,2026-01-31_28_49,2026-01-31,Sat,Mercyhurst,RIT,28,49,1,3,False,False,True,Atlantic Hockey,Atlantic Hockey,,https://www.collegehockeynews.com/box/final/20260131/rit/mrc/,https://www.collegehockeynews.com/box/metrics.php?gd=110738,college_hockey_news
2025-26,2026-01-31_29_38,2026-01-31,Sat,New Hampshire,Merrimack,38,29,3,3,False,True,True,Hockey East,Hockey East,,https://www.collegehockeynews.com/box/final/20260131/mer/unh/,https://www.collegehockeynews.com/box/metrics.php?gd=111196,college_hockey_news
2025-26,2026-01-31_30_52,2026-01-31,Sat,St. Cloud State,Miami,52,30,1,3,False,False,True,NCHC,NCHC,,https://www.collegehockeynews.com/box/final/20260131/mia/stc/,https://www.collegehockeynews.com/box/metrics.php?gd=110589,college_hockey_news
2025-26,2026-01-31_31_44,2026-01-31,Sat,Ohio State,Michigan,44,31,2,3,False,True,True,Big Ten,Big Ten,,https://www.collegehockeynews.com/box/final/20260131/mic/osu/,https://www.collegehockeynews.com/box/metrics.php?gd=111486,college_hockey_news
2025-26,2026-01-31_32_60,2026-01-31,Sat,Penn State,Michigan State,60,32,4,5,False,True,True,Big Ten,Big Ten,"at Beaver Stadium, University Park, Pa.",https://www.collegehockeynews.com/box/final/20260131/msu/psu/,https://www.collegehockeynews.com/box/metrics.php?gd=111433,college_hockey_news
2025-26,2026-01-31_33_63,2026-01-31,Sat,St. Thomas,Michigan Tech,63,33,3,4,False,False,True,CCHA,CCHA,,https://www.collegehockeynews.com/box/final/20260131/mtu/stt/,https://www.collegehockeynews.com/box/metrics.php?gd=110666,college_hockey_news
2025-26,2026-01-31_34_58,2026-01-31,Sat,Minnesota,Wisconsin,34,58,8,4,False,False,True,Big Ten,Big Ten,,https://www.collegehockeynews.com/box/final/20260131/wis/min/,https://www.collegehockeynews.com/box/metrics.php?gd=111472,college_hockey_news
2025-26,2026-01-31_37_57,2026-01-31,Sat,Western Michigan,Omaha,57,37,1,4,False,False,True,NCHC,NCHC,,https://www.collegehockeynews.com/box/final/20260131/uno/wmu/,https://www.collegehockeynews.com/box/metrics.php?gd=110646,college_hockey_news
2025-26,2026-01-31_422_55,2026-01-31,Sat,Vermont,Stonehill,55,422,2,0,False,False,False,Hockey East,Independent,,https://www.collegehockeynews.com/box/final/20260131/stn/ver/,https://www.collegehockeynews.com/box/metrics.php?gd=111308,college_hockey_news
2025-26,2026-01-31_42_7,2026-01-31,Sat,Northern Michigan,Bemidji State,42,7,1,7,False,False,True,CCHA,CCHA,,https://www.collegehockeynews.com/box/final/20260131/bmj/nmu/,https://www.collegehockeynews.com/box/metrics.php?gd=110797,college_hockey_news
2025-26,2026-01-31_45_53,2026-01-31,Sat,St. Lawrence,Princeton,53,45,6,2,False,False,True,ECAC,ECAC,,https://www.collegehockeynews.com/box/final/20260131/prn/stl/,https://www.collegehockeynews.com/box/metrics.php?gd=111174,college_hockey_news
2025-26,2026-01-31_4_62,2026-01-31,Sat,Alaska,Long Island,4,62,5,1,False,False,False,Independent,Independent,,https://www.collegehockeynews.com/box/final/20260131/liu/akf/,https://www.collegehockeynews.com/box/metrics.php?gd=111345,college_hockey_news
2025-26,2026-01-31_50_8,2026-01-31,Sat,Robert Morris,Bentley,50,8,3,3,False,True,True,Atlantic Hockey,Atlantic Hockey,,https://www.collegehockeynews.com/box/final/20260131/ben/rmu/,https://www.collegehockeynews.com/box/metrics.php?gd=110893,college_hockey_news
2025-26,2026-02-01_26_27,2026-02-01,Sun,Mass.-Lowell,Massachusetts,26,27,4,6,False,False,True,Hockey East,Hockey East,,https://www.collegehockeynews.com/box/final/20260201/uma/uml/,https://www.collegehockeynews.com/box/metrics.php?gd=110563,college_hockey_news
2025-26,2026-02-02_10_41,2026-02-02,Mon,Northeastern,Boston University,41,10,2,2,True,True,False,Hockey East,Hockey East,"Beanpot – TD Garden, Boston, Mass.",https://www.collegehockeynews.com/box/final/20260202/bu_/noe/,https://www.collegehockeynews.com/box/metrics.php?gd=111144,college_hockey_news
2025-26,2026-02-02_22_9,2026-02-02,Mon,Harvard,Boston College,22,9,1,5,True,False,False,ECAC,Hockey East,"Beanpot – TD Garden, Boston, Mass.",https://www.collegehockeynews.com/box/final/20260202/bc_/har/,https://www.collegehockeynews.com/box/metrics.php?gd=111145,college_hockey_news
2025-26,2026-02-03_29_422,2026-02-03,Tue,Stonehill,Merrimack,422,29,5,9,False,False,False,Independent,Hockey East,"at Warrior Ice Arena, Brighton, Mass.",https://www.collegehockeynews.com/box/final/20260203/mer/stn/,https://www.collegehockeynews.com/box/metrics.php?gd=111407,college_hockey_news
2025-26,2026-02-06_10_25,2026-02-06,Fri,Boston University,Maine,10,25,3,2,False,True,True,Hockey East,Hockey East,,https://www.collegehockeynews.com/box/final/20260206/mne/bu_/,https://www.collegehockeynews.com/box/metrics.php?gd=111146,college_hockey_news
2025-26,2026-02-06_11_63,2026-02-06,Fri,Bowling Green,St. Thomas,11,63,2,3,False,True,True,CCHA,CCHA,,https://www.collegehockeynews.com/box/final/20260206/stt/bgs/,https://www.collegehockeynews.com/box/metrics.php?gd=110667,college_hockey_news
2025-26,2026-02-06_12_47,2026-02-06,Fri,Quinnipiac,Brown,47,12,9,1,False,False,True,ECAC,ECAC,,https://www.collegehockeynews.com/box/final/20260206/brn/qui/,https://www.collegehockeynews.com/box/metrics.php?gd=111066,college_hockey_news
2025-26,2026-02-06_13_50,2026-02-06,Fri,Robert Morris,Canisius,50,13,1,0,False,False,True,Atlantic Hockey,Atlantic Hockey,,https://www.collegehockeynews.com/box/final/20260206/cns/rmu/,https://www.collegehockeynews.com/box/metrics.php?gd=110773,college_hockey_news
2025-26,2026-02-06_14_48,2026-02-06,Fri,Clarkson,RPI,14,48,3,4,False,False,True,ECAC,ECAC,,https://www.collegehockeynews.com/box/final/20260206/ren/clk/,https://www.collegehockeynews.com/box/metrics.php?gd=110467,college_hockey_news
2025-26,2026-02-06_15_18,2026-02-06,Fri,Colgate,Cornell,15,18,2,5,False,False,True,ECAC,ECAC,,https://www.collegehockeynews.com/box/final/20260206/cor/clg/,https://www.collegehockeynews.com/box/metrics.php?gd=111038,college_hockey_news
2025-26,2026-02-06_16_20,2026-02-06,Fri,Colorado College,Denver,16,20,2,2,False,True,True,NCHC,NCHC,,https://www.collegehockeynews.com/box/final/20260206/den/cc_/,https://www.collegehockeynews.com/box/metrics.php?gd=110509,college_hockey_news
2025-26,2026-02-06_17_41,2026-02-06,Fri,Northeastern,Connecticut,41,17,0,2,False,False,True,Hockey East,Hockey East,"at Bentley Arena, Waltham, Mass.",https://www.collegehockeynews.com/box/final/20260206/con/noe/,https://www.collegehockeynews.com/box/metrics.php?gd=111311,college_hockey_news
2025-26,2026-02-06_19_22,2026-02-06,Fri,Harvard,Dartmouth,22,19,1,3,False,False,True,ECAC,ECAC,,https://www.collegehockeynews.com/box/final/20260206/dar/har/,https://www.collegehockeynews.com/box/metrics.php?gd=111220,college_hockey_news
2025-26,2026-02-06_1_39,2026-02-06,Fri,Niagara,Air Force,39,1,1,2,False,True,True,Atlantic Hockey,Atlantic Hockey,,https://www.collegehockeynews.com/box/final/20260206/afa/nia/,https://www.collegehockeynews.com/box/metrics.php?gd=110968,college_hockey_news
2025-26,2026-02-06_21_7,2026-02-06,Fri,Bemidji State,Ferris State,7,21,3,6,False,False,True,CCHA,CCHA,,https://www.collegehockeynews.com/box/final/20260206/fsu/bmj/,https://www.collegehockeynews.com/box/metrics.php?gd=110798,college_hockey_news
2025-26,2026-02-06_23_8,2026-02-06,Fri,Holy Cross,Bentley,23,8,2,4,False,False,True,Atlantic Hockey,Atlantic Hockey,,https://www.collegehockeynews.com/box/final/20260206/ben/hcr/,https://www.collegehockeynews.com/box/metrics.php?gd=110920,college_hockey_news
2025-26,2026-02-06_26_27,2026-02-06,Fri,Mass.-Lowell,Massachusetts,26,27,3,1,False,False,True,Hockey East,Hockey East,,https://www.collegehockeynews.com/box/final/20260206/uma/uml/,https://www.collegehockeynews.com/box/metrics.php?gd=110564,college_hockey_news
2025-26,2026-02-06_28_51,2026-02-06,Fri,Sacred Heart,Mercyhurst,51,28,5,1,False,False,True,Atlantic Hockey,Atlantic Hockey,,https://www.collegehockeynews.com/box/final/20260206/mrc/sac/,https://www.collegehockeynews.com/box/metrics.php?gd=110938,college_hockey_news
2025-26,2026-02-06_30_57,2026-02-06,Fri,Miami,Western Michigan,30,57,3,2,False,True,True,NCHC,NCHC,,https://www.collegehockeynews.com/box/final/20260206/wmu/mia/,https://www.collegehockeynews.com/box/metrics.php?gd=110590,college_hockey_news
2025-26,2026-02-06_31_32,2026-02-06,Fri,Michigan,Michigan State,31,32,4,3,False,True,True,Big Ten,Big Ten,,https://www.collegehockeynews.com/box/final/20260206/msu/mic/,https://www.collegehockeynews.com/box/metrics.php?gd=111455,college_hockey_news
2025-26,2026-02-06_33_64,2026-02-06,Fri,Michigan Tech,Augustana,33,64,3,2,False,True,True,CCHA,CCHA,,https://www.collegehockeynews.com/box/final/20260206/aug/mtu/,https://www.collegehockeynews.com/box/metrics.php?gd=110693,college_hockey_news
2025-26,2026-02-06_34_44,2026-02-06,Fri,Minnesota,Ohio State,34,44,2,6,False,False,True,Big Ten,Big Ten,,https://www.collegehockeynews.com/box/final/20260206/osu/min/,https://www.collegehockeynews.com/box/metrics.php?gd=111487,college_hockey_news
2025-26,2026-02-06_36_40,2026-02-06,Fri,Minnesota-Duluth,North Dakota,36,40,3,2,False,True,True,NCHC,NCHC,,https://www.collegehockeynews.com/box/final/20260206/ndk/mnd/,https://www.collegehockeynews.com/box/metrics.php?gd=110429,college_hockey_news
2025-26,2026-02-06_38_46,2026-02-06,Fri,New Hampshire,Providence,38,46,1,6,False,False,True,Hockey East,Hockey East,,https://www.collegehockeynews.com/box/final/20260206/prv/unh/,https://www.collegehockeynews.com/box/metrics.php?gd=111197,college_hockey_news
2025-26,2026-02-06_3_4,2026-02-06,Fri,Alaska-Anchorage,Alaska,3,4,1,4,False,False,False,Independent,Independent,"at Sullivan Arena, Anchorage, Alaska",https://www.collegehockeynews.com/box/final/20260206/akf/aka/,https://www.collegehockeynews.com/box/metrics.php?gd=111346,college_hockey_news
2025-26,2026-02-06_422_433,2026-02-06,Fri,Stonehill,Lindenwood,422,433,1,3,False,False,False,Independent,Independent,"at Warrior Ice Arena, Brighton, Mass.",https://www.collegehockeynews.com/box/final/20260206/lin/stn/,https://www.collegehockeynews.com/box/metrics.php?gd=111362,college_hockey_news
2025-26,2026-02-06_43_58,2026-02-06,Fri,Wisconsin,Notre Dame,58,43,6,5,False,True,True,Big Ten,Big Ten,,https://www.collegehockeynews.com/box/final/20260206/ndm/wis/,https://www.collegehockeynews.com/box/metrics.php?gd=111473,college_hockey_news
2025-26,2026-02-06_45_59,2026-02-06,Fri,Princeton,Yale,45,59,3,1,False,False,True,ECAC,ECAC,,https://www.collegehockeynews.com/box/final/20260206/yal/prn/,https://www.collegehockeynews.com/box/metrics.php?gd=111233,college_hockey_news
2025-26,2026-02-06_49_6,2026-02-06,Fri,Army,RIT,6,49,6,2,False,False,True,Atlantic Hockey,Atlantic Hockey,,https://www.collegehockeynews.com/box/final/20260206/rit/arm/,https://www.collegehockeynews.com/box/metrics.php?gd=110739,college_hockey_news
2025-26,2026-02-06_52_61,2026-02-06,Fri,Arizona State,St. Cloud State,61,52,1,4,False,False,True,NCHC,NCHC,,https://www.collegehockeynews.com/box/final/20260206/stc/asu/,https://www.collegehockeynews.com/box/metrics.php?gd=110398,college_hockey_news
2025-26,2026-02-06_53_54,2026-02-06,Fri,St. Lawrence,Union,53,54,1,4,False,False,True,ECAC,ECAC,,https://www.collegehockeynews.com/box/final/20260206/uni/stl/,https://www.collegehockeynews.com/box/metrics.php?gd=111115,college_hockey_news
2025-26,2026-02-06_55_9,2026-02-06,Fri,Boston College,Vermont,9,55,1,6,False,False,True,Hockey East,Hockey East,,https://www.collegehockeynews.com/box/final/20260206/ver/bc_/,https://www.collegehockeynews.com/box/metrics.php?gd=111310,college_hockey_news
2025-26,2026-02-07_11_63,2026-02-07,Sat,Bowling Green,St. Thomas,11,63,3,1,False,False,True,CCHA,CCHA,,https://www.collegehockeynews.com/box/final/20260207/stt/bgs/,https://www.collegehockeynews.com/box/metrics.php?gd=110668,college_hockey_news
2025-26,2026-02-07_12_45,2026-02-07,Sat,Princeton,Brown,45,12,5,3,False,False,True,ECAC,ECAC,,https://www.collegehockeynews.com/box/final/20260207/brn/prn/,https://www.collegehockeynews.com/box/metrics.php?gd=111234,college_hockey_news
2025-26,2026-02-07_13_50,2026-02-07,Sat,Robert Morris,Canisius,50,13,6,4,False,False,True,Atlantic Hockey,Atlantic Hockey,,https://www.collegehockeynews.com/box/final/20260207/cns/rmu/,https://www.collegehockeynews.com/box/metrics.php?gd=110774,college_hockey_news
2025-26,2026-02-07_14_54,2026-02-07,Sat,Clarkson,Union,14,54,8,7,False,True,True,ECAC,ECAC,,https://www.collegehockeynews.com/box/final/20260207/uni/clk/,https://www.collegehockeynews.com/box/metrics.php?gd=110468,college_hockey_news
2025-26,2026-02-07_15_18,2026-02-07,Sat,Cornell,Colgate,18,15,2,3,False,True,True,ECAC,ECAC,,https://www.collegehockeynews.com/box/final/20260207/clg/cor/,https://www.collegehockeynews.com/box/metrics.php?gd=111039,college_hockey_news
2025-26,2026-02-07_16_20,2026-02-07,Sat,Denver,Colorado College,20,16,4,1,False,False,True,NCHC,NCHC,,https://www.collegehockeynews.com/box/final/20260207/cc_/den/,https://www.collegehockeynews.com/box/metrics.php?gd=110510,college_hockey_news
2025-26,2026-02-07_1_39,2026-02-07,Sat,Niagara,Air Force,39,1,4,2,False,False,True,Atlantic Hockey,Atlantic Hockey,,https://www.collegehockeynews.com/box/final/20260207/afa/nia/,https://www.collegehockeynews.com/box/metrics.php?gd=110969,college_hockey_news
2025-26,2026-02-07_21_7,2026-02-07,Sat,Bemidji State,Ferris State,7,21,4,3,False,True,True,CCHA,CCHA,,https://www.collegehockeynews.com/box/final/20260207/fsu/bmj/,https://www.collegehockeynews.com/box/metrics.php?gd=110799,college_hockey_news
2025-26,2026-02-07_23_8,2026-02-07,Sat,Bentley,Holy Cross,8,23,1,4,False,False,True,Atlantic Hockey,Atlantic Hockey,,https://www.collegehockeynews.com/box/final/20260207/hcr/ben/,https://www.collegehockeynews.com/box/metrics.php?gd=110921,college_hockey_news
2025-26,2026-02-07_26_27,2026-02-07,Sat,Massachusetts,Mass.-Lowell,27,26,5,2,False,False,True,Hockey East,Hockey East,,https://www.collegehockeynews.com/box/final/20260207/uml/uma/,https://www.collegehockeynews.com/box/metrics.php?gd=110565,college_hockey_news
2025-26,2026-02-07_28_51,2026-02-07,Sat,Sacred Heart,Mercyhurst,51,28,1,2,False,False,True,Atlantic Hockey,Atlantic Hockey,,https://www.collegehockeynews.com/box/final/20260207/mrc/sac/,https://www.collegehockeynews.com/box/metrics.php?gd=110939,college_hockey_news
2025-26,2026-02-07_30_57,2026-02-07,Sat,Miami,Western Michigan,30,57,1,3,False,False,True,NCHC,NCHC,,https://www.collegehockeynews.com/box/final/20260207/wmu/mia/,https://www.collegehockeynews.com/box/metrics.php?gd=110591,college_hockey_news
2025-26,2026-02-07_31_32,2026-02-07,Sat,Michigan State,Michigan,32,31,5,2,True,False,True,Big Ten,Big Ten,"at Little Caesars Arena, Detroit, Mich.",https://www.collegehockeynews.com/box/final/20260207/mic/msu/,https://www.collegehockeynews.com/box/metrics.php?gd=111456,college_hockey_news
2025-26,2026-02-07_33_64,2026-02-07,Sat,Michigan Tech,Augustana,33,64,4,3,False,False,True,CCHA,CCHA,,https://www.collegehockeynews.com/box/final/20260207/aug/mtu/,https://www.collegehockeynews.com/box/metrics.php?gd=110694,college_hockey_news
2025-26,2026-02-07_34_44,2026-02-07,Sat,Minnesota,Ohio State,34,44,1,2,False,False,True,Big Ten,Big Ten,,https://www.collegehockeynews.com/box/final/20260207/osu/min/,https://www.collegehockeynews.com/box/metrics.php?gd=111488,college_hockey_news
2025-26,2026-02-07_36_40,2026-02-07,Sat,Minnesota-Duluth,North Dakota,36,40,1,4,False,False,True,NCHC,NCHC,,https://www.collegehockeynews.com/box/final/20260207/ndk/mnd/,https://www.collegehockeynews.com/box/metrics.php?gd=110430,college_hockey_news
2025-26,2026-02-07_3_4,2026-02-07,Sat,Alaska-Anchorage,Alaska,3,4,3,2,False,True,False,Independent,Independent,"at Sullivan Arena, Anchorage, Alaska",https://www.collegehockeynews.com/box/final/20260207/akf/aka/,https://www.collegehockeynews.com/box/metrics.php?gd=111347,college_hockey_news
2025-26,2026-02-07_422_433,2026-02-07,Sat,Stonehill,Lindenwood,422,433,5,1,False,False,False,Independent,Independent,"at Warrior Ice Arena, Brighton, Mass.",https://www.collegehockeynews.com/box/final/20260207/lin/stn/,https://www.collegehockeynews.com/box/metrics.php?gd=111363,college_hockey_news
2025-26,2026-02-07_43_58,2026-02-07,Sat,Wisconsin,Notre Dame,58,43,5,4,False,False,True,Big Ten,Big Ten,,https://www.collegehockeynews.com/box/final/20260207/ndm/wis/,https://www.collegehockeynews.com/box/metrics.php?gd=111474,college_hockey_news
2025-26,2026-02-07_46_55,2026-02-07,Sat,Providence,Vermont,46,55,6,1,False,False,True,Hockey East,Hockey East,,https://www.collegehockeynews.com/box/final/20260207/ver/prv/,https://www.collegehockeynews.com/box/metrics.php?gd=111312,college_hockey_news
2025-26,2026-02-07_47_59,2026-02-07,Sat,Quinnipiac,Yale,47,59,8,0,False,False,True,ECAC,ECAC,,https://www.collegehockeynews.com/box/final/20260207/yal/qui/,https://www.collegehockeynews.com/box/metrics.php?gd=111067,college_hockey_news
2025-26,2026-02-07_48_53,2026-02-07,Sat,St. Lawrence,RPI,53,48,7,3,False,False,True,ECAC,ECAC,,https://www.collegehockeynews.com/box/final/20260207/ren/stl/,https://www.collegehockeynews.com/box/metrics.php?gd=111089,college_hockey_news
2025-26,2026-02-07_49_6,2026-02-07,Sat,Army,RIT,6,49,2,3,False,True,True,Atlantic Hockey,Atlantic Hockey,,https://www.collegehockeynews.com/box/final/20260207/rit/arm/,https://www.collegehockeynews.com/box/metrics.php?gd=110740,college_hockey_news
2025-26,2026-02-07_52_61,2026-02-07,Sat,Arizona State,St. Cloud State,61,52,3,4,False,False,True,NCHC,NCHC,,https://www.collegehockeynews.com/box/final/20260207/stc/asu/,https://www.collegehockeynews.com/box/metrics.php?gd=110399,college_hockey_news
2025-26,2026-02-09_10_9,2026-02-09,Mon,Boston University,Boston College,10,9,2,6,True,False,False,Hockey East,Hockey East,"Beanpot – TD Garden, Boston, Mass.",https://www.collegehockeynews.com/box/final/20260209/bc_/bu_/,https://www.collegehockeynews.com/box/metrics.php?gd=111266,college_hockey_news
2025-26,2026-02-09_22_41,2026-02-09,Mon,Northeastern,Harvard,41,22,1,4,True,False,False,Hockey East,ECAC,"Beanpot – TD Garden, Boston, Mass.",https://www.collegehockeynews.com/box/final/20260209/har/noe/,https://www.collegehockeynews.com/box/metrics.php?gd=111268,college_hockey_news
2025-26,2026-02-10_39_49,2026-02-10,Tue,RIT,Niagara,49,39,2,1,False,False,True,Atlantic Hockey,Atlantic Hockey,,https://www.collegehockeynews.com/box/final/20260210/nia/rit/,https://www.collegehockeynews.com/box/metrics.php?gd=110741,college_hockey_news
2025-26,2026-02-10_6_8,2026-02-10,Tue,Bentley,Army,8,6,4,3,False,True,True,Atlantic Hockey,Atlantic Hockey,,https://www.collegehockeynews.com/box/final/20260210/arm/ben/,https://www.collegehockeynews.com/box/metrics.php?gd=110825,college_hockey_news
2025-26,2026-02-13_10_38,2026-02-13,Fri,New Hampshire,Boston University,38,10,4,1,False,False,True,Hockey East,Hockey East,,https://www.collegehockeynews.com/box/final/20260213/bu_/unh/,https://www.collegehockeynews.com/box/metrics.php?gd=111147,college_hockey_news
2025-26,2026-02-13_11_64,2026-02-13,Fri,Augustana,Bowling Green,64,11,0,1,False,False,True,CCHA,CCHA,,https://www.collegehockeynews.com/box/final/20260213/bgs/aug/,https://www.collegehockeynews.com/box/metrics.php?gd=110695,college_hockey_news
2025-26,2026-02-13_12_22,2026-02-13,Fri,Brown,Harvard,12,22,2,2,False,True,True,ECAC,ECAC,,https://www.collegehockeynews.com/box/final/20260213/har/brn/,https://www.collegehockeynews.com/box/metrics.php?gd=111221,college_hockey_news
2025-26,2026-02-13_13_23,2026-02-13,Fri,Canisius,Holy Cross,13,23,3,4,False,False,True,Atlantic Hockey,Atlantic Hockey,,https://www.collegehockeynews.com/box/final/20260213/hcr/cns/,https://www.collegehockeynews.com/box/metrics.php?gd=110775,college_hockey_news
2025-26,2026-02-13_15_54,2026-02-13,Fri,Union,Colgate,54,15,7,6,False,False,True,ECAC,ECAC,,https://www.collegehockeynews.com/box/final/20260213/clg/uni/,https://www.collegehockeynews.com/box/metrics.php?gd=111116,college_hockey_news
2025-26,2026-02-13_16_52,2026-02-13,Fri,St. Cloud State,Colorado College,52,16,6,5,False,True,True,NCHC,NCHC,,https://www.collegehockeynews.com/box/final/20260213/cc_/stc/,https://www.collegehockeynews.com/box/metrics.php?gd=110511,college_hockey_news
2025-26,2026-02-13_17_25,2026-02-13,Fri,Maine,Connecticut,25,17,0,2,False,False,True,Hockey East,Hockey East,,https://www.collegehockeynews.com/box/final/20260213/con/mne/,https://www.collegehockeynews.com/box/metrics.php?gd=111315,college_hockey_news
2025-26,2026-02-13_18_48,2026-02-13,Fri,RPI,Cornell,48,18,1,1,False,True,True,ECAC,ECAC,,https://www.collegehockeynews.com/box/final/20260213/cor/ren/,https://www.collegehockeynews.com/box/metrics.php?gd=111040,college_hockey_news
2025-26,2026-02-13_19_59,2026-02-13,Fri,Yale,Dartmouth,59,19,4,4,False,True,True,ECAC,ECAC,,https://www.collegehockeynews.com/box/final/20260213/dar/yal/,https://www.collegehockeynews.com/box/metrics.php?gd=111401,college_hockey_news
2025-26,2026-02-13_1_28,2026-02-13,Fri,Air Force,Mercyhurst,1,28,3,3,False,True,True,Atlantic Hockey,Atlantic Hockey,,https://www.collegehockeynews.com/box/final/20260213/mrc/afa/,https://www.collegehockeynews.com/box/metrics.php?gd=111013,college_hockey_news
2025-26,2026-02-13_20_37,2026-02-13,Fri,Omaha,Denver,37,20,2,5,False,False,True,NCHC,NCHC,,https://www.collegehockeynews.com/box/final/20260213/den/uno/,https://www.collegehockeynews.com/box/metrics.php?gd=110537,college_hockey_news
2025-26,2026-02-13_21_42,2026-02-13,Fri,Ferris State,Northern Michigan,21,42,4,4,False,True,True,CCHA,CCHA,,https://www.collegehockeynews.com/box/final/20260213/nmu/fsu/,https://www.collegehockeynews.com/box/metrics.php?gd=110870,college_hockey_news
2025-26,2026-02-13_24_33,2026-02-13,Fri,Lake Superior,Michigan Tech,24,33,2,2,False,True,True,CCHA,CCHA,,https://www.collegehockeynews.com/box/final/20260213/mtu/lss/,https://www.collegehockeynews.com/box/metrics.php?gd=111018,college_hockey_news
2025-26,2026-02-13_26_55,2026-02-13,Fri,Vermont,Mass.-Lowell,55,26,2,4,False,False,True,Hockey East,Hockey East,,https://www.collegehockeynews.com/box/final/20260213/uml/ver/,https://www.collegehockeynews.com/box/metrics.php?gd=110850,college_hockey_news
2025-26,2026-02-13_29_9,2026-02-13,Fri,Merrimack,Boston College,29,9,4,2,False,False,True,Hockey East,Hockey East,,https://www.collegehockeynews.com/box/final/20260213/bc_/mer/,https://www.collegehockeynews.com/box/metrics.php?gd=111313,college_hockey_news
2025-26,2026-02-13_30_40,2026-02-13,Fri,North Dakota,Miami,40,30,1,0,False,False,True,NCHC,NCHC,,https://www.collegehockeynews.com/box/final/20260213/mia/ndk/,https://www.collegehockeynews.com/box/metrics.php?gd=110431,college_hockey_news
2025-26,2026-02-13_31_60,2026-02-13,Fri,Michigan,Penn State,31,60,4,4,False,True,True,Big Ten,Big Ten,,https://www.collegehockeynews.com/box/final/20260213/psu/mic/,https://www.collegehockeynews.com/box/metrics.php?gd=111435,college_hockey_news
2025-26,2026-02-13_34_43,2026-02-13,Fri,Notre Dame,Minnesota,43,34,2,2,False,True,True,Big Ten,Big Ten,,https://www.collegehockeynews.com/box/final/20260213/min/ndm/,https://www.collegehockeynews.com/box/metrics.php?gd=111495,college_hockey_news
2025-26,2026-02-13_35_7,2026-02-13,Fri,Minnesota State,Bemidji State,35,7,1,0,False,False,True,CCHA,CCHA,,https://www.collegehockeynews.com/box/final/20260213/bmj/mns/,https://www.collegehockeynews.com/box/metrics.php?gd=110622,college_hockey_news
2025-26,2026-02-13_39_50,2026-02-13,Fri,Niagara,Robert Morris,39,50,5,2,False,False,True,Atlantic Hockey,Atlantic Hockey,,https://www.collegehockeynews.com/box/final/20260213/rmu/nia/,https://www.collegehockeynews.com/box/metrics.php?gd=110894,college_hockey_news
2025-26,2026-02-13_3_433,2026-02-13,Fri,Lindenwood,Alaska-Anchorage,433,3,4,5,False,False,False,Independent,Independent,,https://www.collegehockeynews.com/box/final/20260213/aka/lin/,https://www.collegehockeynews.com/box/metrics.php?gd=111364,college_hockey_news
2025-26,2026-02-13_41_46,2026-02-13,Fri,Providence,Northeastern,46,41,2,4,False,False,True,Hockey East,Hockey East,,https://www.collegehockeynews.com/box/final/20260213/noe/prv/,https://www.collegehockeynews.com/box/metrics.php?gd=111317,college_hockey_news
2025-26,2026-02-13_422_62,2026-02-13,Fri,Long Island,Stonehill,62,422,1,3,False,False,False,Independent,Independent,,https://www.collegehockeynews.com/box/final/20260213/stn/liu/,https://www.collegehockeynews.com/box/metrics.php?gd=111391,college_hockey_news
2025-26,2026-02-13_44_58,2026-02-13,Fri,Ohio State,Wisconsin,44,58,2,4,False,False,True,Big Ten,Big Ten,,https://www.collegehockeynews.com/box/final/20260213/wis/osu/,https://www.collegehockeynews.com/box/metrics.php?gd=111475,college_hockey_news
2025-26,2026-02-13_51_8,2026-02-13,Fri,Bentley,Sacred Heart,8,51,0,4,False,False,True,Atlantic Hockey,Atlantic Hockey,,https://www.collegehockeynews.com/box/final/20260213/sac/ben/,https://www.collegehockeynews.com/box/metrics.php?gd=110940,college_hockey_news
2025-26,2026-02-13_57_61,2026-02-13,Fri,Western Michigan,Arizona State,57,61,6,2,False,False,True,NCHC,NCHC,,https://www.collegehockeynews.com/box/final/20260213/asu/wmu/,https://www.collegehockeynews.com/box/metrics.php?gd=110400,college_hockey_news
2025-26,2026-02-14_10_38,2026-02-14,Sat,Boston University,New Hampshire,10,38,5,3,False,False,True,Hockey East,Hockey East,,https://www.collegehockeynews.com/box/final/20260214/unh/bu_/,https://www.collegehockeynews.com/box/metrics.php?gd=111148,college_hockey_news
2025-26,2026-02-14_11_64,2026-02-14,Sat,Augustana,Bowling Green,64,11,4,2,False,False,True,CCHA,CCHA,,https://www.collegehockeynews.com/box/final/20260214/bgs/aug/,https://www.collegehockeynews.com/box/metrics.php?gd=110696,college_hockey_news
2025-26,2026-02-14_12_19,2026-02-14,Sat,Brown,Dartmouth,12,19,4,3,False,False,True,ECAC,ECAC,,https://www.collegehockeynews.com/box/final/20260214/dar/brn/,https://www.collegehockeynews.com/box/metrics.php?gd=111402,college_hockey_news
2025-26,2026-02-14_13_23,2026-02-14,Sat,Canisius,Holy Cross,13,23,5,3,False,False,True,Atlantic Hockey,Atlantic Hockey,,https://www.collegehockeynews.com/box/final/20260214/hcr/cns/,https://www.collegehockeynews.com/box/metrics.php?gd=110776,college_hockey_news
2025-26,2026-02-14_15_48,2026-02-14,Sat,RPI,Colgate,48,15,6,1,False,False,True,ECAC,ECAC,,https://www.collegehockeynews.com/box/final/20260214/clg/ren/,https://www.collegehockeynews.com/box/metrics.php?gd=111090,college_hockey_news
2025-26,2026-02-14_16_52,2026-02-14,Sat,St. Cloud State,Colorado College,52,16,1,4,False,False,True,NCHC,NCHC,,https://www.collegehockeynews.com/box/final/20260214/cc_/stc/,https://www.collegehockeynews.com/box/metrics.php?gd=110512,college_hockey_news
2025-26,2026-02-14_17_25,2026-02-14,Sat,Maine,Connecticut,25,17,3,3,False,True,True,Hockey East,Hockey East,,https://www.collegehockeynews.com/box/final/20260214/con/mne/,https://www.collegehockeynews.com/box/metrics.php?gd=111316,college_hockey_news
2025-26,2026-02-14_18_54,2026-02-14,Sat,Union,Cornell,54,18,4,1,False,False,True,ECAC,ECAC,,https://www.collegehockeynews.com/box/final/20260214/cor/uni/,https://www.collegehockeynews.com/box/metrics.php?gd=111041,college_hockey_news
2025-26,2026-02-14_1_28,2026-02-14,Sat,Air Force,Mercyhurst,1,28,5,4,False,False,True,Atlantic Hockey,Atlantic Hockey,,https://www.collegehockeynews.com/box/final/20260214/mrc/afa/,https://www.collegehockeynews.com/box/metrics.php?gd=111014,college_hockey_news
2025-26,2026-02-14_20_37,2026-02-14,Sat,Omaha,Denver,37,20,1,3,False,False,True,NCHC,NCHC,,https://www.collegehockeynews.com/box/final/20260214/den/uno/,https://www.collegehockeynews.com/box/metrics.php?gd=110538,college_hockey_news
2025-26,2026-02-14_21_42,2026-02-14,Sat,Ferris State,Northern Michigan,21,42,6,0,False,False,True,CCHA,CCHA,,https://www.collegehockeynews.com/box/final/20260214/nmu/fsu/,https://www.collegehockeynews.com/box/metrics.php?gd=110871,college_hockey_news
2025-26,2026-02-14_22_59,2026-02-14,Sat,Yale,Harvard,59,22,3,2,False,True,True,ECAC,ECAC,,https://www.collegehockeynews.com/box/final/20260214/har/yal/,https://www.collegehockeynews.com/box/metrics.php?gd=111222,college_hockey_news
2025-26,2026-02-14_24_33,2026-02-14,Sat,Lake Superior,Michigan Tech,24,33,4,5,False,True,True,CCHA,CCHA,,https://www.collegehockeynews.com/box/final/20260214/mtu/lss/,https://www.collegehockeynews.com/box/metrics.php?gd=111019,college_hockey_news
2025-26,2026-02-14_26_55,2026-02-14,Sat,Vermont,Mass.-Lowell,55,26,2,5,False,False,True,Hockey East,Hockey East,,https://www.collegehockeynews.com/box/final/20260214/uml/ver/,https://www.collegehockeynews.com/box/metrics.php?gd=110851,college_hockey_news
2025-26,2026-02-14_29_9,2026-02-14,Sat,Boston College,Merrimack,9,29,4,2,False,False,True,Hockey East,Hockey East,,https://www.collegehockeynews.com/box/final/20260214/mer/bc_/,https://www.collegehockeynews.com/box/metrics.php?gd=111314,college_hockey_news
2025-26,2026-02-14_30_40,2026-02-14,Sat,North Dakota,Miami,40,30,4,3,False,True,True,NCHC,NCHC,,https://www.collegehockeynews.com/box/final/20260214/mia/ndk/,https://www.collegehockeynews.com/box/metrics.php?gd=110432,college_hockey_news
2025-26,2026-02-14_31_60,2026-02-14,Sat,Michigan,Penn State,31,60,6,3,False,False,True,Big Ten,Big Ten,,https://www.collegehockeynews.com/box/final/20260214/psu/mic/,https://www.collegehockeynews.com/box/metrics.php?gd=111436,college_hockey_news
2025-26,2026-02-14_34_43,2026-02-14,Sat,Notre Dame,Minnesota,43,34,3,2,False,False,True,Big Ten,Big Ten,,https://www.collegehockeynews.com/box/final/20260214/min/ndm/,https://www.collegehockeynews.com/box/metrics.php?gd=111496,college_hockey_news
2025-26,2026-02-14_35_7,2026-02-14,Sat,Minnesota State,Bemidji State,35,7,0,1,False,True,True,CCHA,CCHA,,https://www.collegehockeynews.com/box/final/20260214/bmj/mns/,https://www.collegehockeynews.com/box/metrics.php?gd=110623,college_hockey_news
2025-26,2026-02-14_39_50,2026-02-14,Sat,Robert Morris,Niagara,50,39,5,1,False,False,True,Atlantic Hockey,Atlantic Hockey,,https://www.collegehockeynews.com/box/final/20260214/nia/rmu/,https://www.collegehockeynews.com/box/metrics.php?gd=110895,college_hockey_news
2025-26,2026-02-14_3_433,2026-02-14,Sat,Lindenwood,Alaska-Anchorage,433,3,4,2,False,False,False,Independent,Independent,,https://www.collegehockeynews.com/box/final/20260214/aka/lin/,https://www.collegehockeynews.com/box/metrics.php?gd=111365,college_hockey_news
2025-26,2026-02-14_41_46,2026-02-14,Sat,Providence,Northeastern,46,41,4,1,False,False,True,Hockey East,Hockey East,,https://www.collegehockeynews.com/box/final/20260214/noe/prv/,https://www.collegehockeynews.com/box/metrics.php?gd=111318,college_hockey_news
2025-26,2026-02-14_422_62,2026-02-14,Sat,Long Island,Stonehill,62,422,5,3,False,False,False,Independent,Independent,,https://www.collegehockeynews.com/box/final/20260214/stn/liu/,https://www.collegehockeynews.com/box/metrics.php?gd=111392,college_hockey_news
2025-26,2026-02-14_44_58,2026-02-14,Sat,Ohio State,Wisconsin,44,58,3,2,False,False,True,Big Ten,Big Ten,,https://www.collegehockeynews.com/box/final/20260214/wis/osu/,https://www.collegehockeynews.com/box/metrics.php?gd=111476,college_hockey_news
2025-26,2026-02-14_45_47,2026-02-14,Sat,Quinnipiac,Princeton,47,45,4,1,False,False,True,ECAC,ECAC,,https://www.collegehockeynews.com/box/final/20260214/prn/qui/,https://www.collegehockeynews.com/box/metrics.php?gd=111068,college_hockey_news
2025-26,2026-02-14_51_8,2026-02-14,Sat,Bentley,Sacred Heart,8,51,5,1,False,False,True,Atlantic Hockey,Atlantic Hockey,,https://www.collegehockeynews.com/box/final/20260214/sac/ben/,https://www.collegehockeynews.com/box/metrics.php?gd=110941,college_hockey_news
2025-26,2026-02-14_57_61,2026-02-14,Sat,Western Michigan,Arizona State,57,61,7,2,False,False,True,NCHC,NCHC,,https://www.collegehockeynews.com/box/final/20260214/asu/wmu/,https://www.collegehockeynews.com/box/metrics.php?gd=110401,college_hockey_news
2025-26,2026-02-15_45_47,2026-02-15,Sun,Princeton,Quinnipiac,45,47,1,4,False,False,True,ECAC,ECAC,,https://www.collegehockeynews.com/box/final/20260215/qui/prn/,https://www.collegehockeynews.com/box/metrics.php?gd=111069,college_hockey_news
2025-26,2026-02-19_32_43,2026-02-19,Thu,Michigan State,Notre Dame,32,43,4,2,False,False,True,Big Ten,Big Ten,,https://www.collegehockeynews.com/box/final/20260219/ndm/msu/,https://www.collegehockeynews.com/box/metrics.php?gd=111457,college_hockey_news
2025-26,2026-02-20_11_35,2026-02-20,Fri,Bowling Green,Minnesota State,11,35,4,5,False,False,True,CCHA,CCHA,,https://www.collegehockeynews.com/box/final/20260220/mns/bgs/,https://www.collegehockeynews.com/box/metrics.php?gd=110624,college_hockey_news
2025-26,2026-02-20_12_53,2026-02-20,Fri,St. Lawrence,Brown,53,12,3,1,False,False,True,ECAC,ECAC,,https://www.collegehockeynews.com/box/final/20260220/brn/stl/,https://www.collegehockeynews.com/box/metrics.php?gd=111175,college_hockey_news
2025-26,2026-02-20_13_50,2026-02-20,Fri,Canisius,Robert Morris,13,50,1,4,False,False,True,Atlantic Hockey,Atlantic Hockey,,https://www.collegehockeynews.com/box/final/20260220/rmu/cns/,https://www.collegehockeynews.com/box/metrics.php?gd=110777,college_hockey_news
2025-26,2026-02-20_14_59,2026-02-20,Fri,Clarkson,Yale,14,59,4,1,False,False,True,ECAC,ECAC,,https://www.collegehockeynews.com/box/final/20260220/yal/clk/,https://www.collegehockeynews.com/box/metrics.php?gd=110469,college_hockey_news
2025-26,2026-02-20_15_45,2026-02-20,Fri,Princeton,Colgate,45,15,1,1,False,True,True,ECAC,ECAC,,https://www.collegehockeynews.com/box/final/20260220/clg/prn/,https://www.collegehockeynews.com/box/metrics.php?gd=111235,college_hockey_news
2025-26,2026-02-20_16_57,2026-02-20,Fri,Colorado College,Western Michigan,16,57,1,1,False,True,True,NCHC,NCHC,,https://www.collegehockeynews.com/box/final/20260220/wmu/cc_/,https://www.collegehockeynews.com/box/metrics.php?gd=110513,college_hockey_news
2025-26,2026-02-20_17_9,2026-02-20,Fri,Boston College,Connecticut,9,17,5,2,False,False,True,Hockey East,Hockey East,,https://www.collegehockeynews.com/box/final/20260220/con/bc_/,https://www.collegehockeynews.com/box/metrics.php?gd=111319,college_hockey_news
2025-26,2026-02-20_18_47,2026-02-20,Fri,Quinnipiac,Cornell,47,18,1,6,False,False,True,ECAC,ECAC,,https://www.collegehockeynews.com/box/final/20260220/cor/qui/,https://www.collegehockeynews.com/box/metrics.php?gd=111042,college_hockey_news
2025-26,2026-02-20_19_48,2026-02-20,Fri,RPI,Dartmouth,48,19,1,3,False,False,True,ECAC,ECAC,,https://www.collegehockeynews.com/box/final/20260220/dar/ren/,https://www.collegehockeynews.com/box/metrics.php?gd=111091,college_hockey_news
2025-26,2026-02-20_1_6,2026-02-20,Fri,Air Force,Army,1,6,3,4,False,False,True,Atlantic Hockey,Atlantic Hockey,,https://www.collegehockeynews.com/box/final/20260220/arm/afa/,https://www.collegehockeynews.com/box/metrics.php?gd=110826,college_hockey_news
2025-26,2026-02-20_22_54,2026-02-20,Fri,Union,Harvard,54,22,4,1,False,False,True,ECAC,ECAC,,https://www.collegehockeynews.com/box/final/20260220/har/uni/,https://www.collegehockeynews.com/box/metrics.php?gd=111117,college_hockey_news
2025-26,2026-02-20_23_51,2026-02-20,Fri,Sacred Heart,Holy Cross,51,23,5,1,False,False,True,Atlantic Hockey,Atlantic Hockey,,https://www.collegehockeynews.com/box/final/20260220/hcr/sac/,https://www.collegehockeynews.com/box/metrics.php?gd=110922,college_hockey_news
2025-26,2026-02-20_24_42,2026-02-20,Fri,Northern Michigan,Lake Superior,42,24,5,7,False,False,True,CCHA,CCHA,,https://www.collegehockeynews.com/box/final/20260220/lss/nmu/,https://www.collegehockeynews.com/box/metrics.php?gd=110872,college_hockey_news
2025-26,2026-02-20_25_29,2026-02-20,Fri,Maine,Merrimack,25,29,5,3,False,False,True,Hockey East,Hockey East,,https://www.collegehockeynews.com/box/final/20260220/mer/mne/,https://www.collegehockeynews.com/box/metrics.php?gd=111321,college_hockey_news
2025-26,2026-02-20_26_41,2026-02-20,Fri,Mass.-Lowell,Northeastern,26,41,0,2,False,False,True,Hockey East,Hockey East,,https://www.collegehockeynews.com/box/final/20260220/noe/uml/,https://www.collegehockeynews.com/box/metrics.php?gd=110852,college_hockey_news
2025-26,2026-02-20_27_38,2026-02-20,Fri,Massachusetts,New Hampshire,27,38,4,0,False,False,True,Hockey East,Hockey East,,https://www.collegehockeynews.com/box/final/20260220/unh/uma/,https://www.collegehockeynews.com/box/metrics.php?gd=110566,college_hockey_news
2025-26,2026-02-20_28_39,2026-02-20,Fri,Mercyhurst,Niagara,28,39,3,2,False,False,True,Atlantic Hockey,Atlantic Hockey,,https://www.collegehockeynews.com/box/final/20260220/nia/mrc/,https://www.collegehockeynews.com/box/metrics.php?gd=110970,college_hockey_news
2025-26,2026-02-20_30_36,2026-02-20,Fri,Miami,Minnesota-Duluth,30,36,2,5,False,False,True,NCHC,NCHC,,https://www.collegehockeynews.com/box/final/20260220/mnd/mia/,https://www.collegehockeynews.com/box/metrics.php?gd=110497,college_hockey_news
2025-26,2026-02-20_31_58,2026-02-20,Fri,Wisconsin,Michigan,58,31,4,1,False,False,True,Big Ten,Big Ten,,https://www.collegehockeynews.com/box/final/20260220/mic/wis/,https://www.collegehockeynews.com/box/metrics.php?gd=111477,college_hockey_news
2025-26,2026-02-20_32_43,2026-02-20,Fri,Michigan State,Notre Dame,32,43,8,2,False,False,True,Big Ten,Big Ten,,https://www.collegehockeynews.com/box/final/20260220/ndm/msu/,https://www.collegehockeynews.com/box/metrics.php?gd=111458,college_hockey_news
2025-26,2026-02-20_37_61,2026-02-20,Fri,Arizona State,Omaha,61,37,2,4,False,False,True,NCHC,NCHC,,https://www.collegehockeynews.com/box/final/20260220/uno/asu/,https://www.collegehockeynews.com/box/metrics.php?gd=110402,college_hockey_news
2025-26,2026-02-20_3_4,2026-02-20,Fri,Alaska-Anchorage,Alaska,3,4,3,4,False,False,False,Independent,Independent,"at Sullivan Arena, Anchorage, Alaska",https://www.collegehockeynews.com/box/final/20260220/akf/aka/,https://www.collegehockeynews.com/box/metrics.php?gd=111348,college_hockey_news
2025-26,2026-02-20_40_52,2026-02-20,Fri,North Dakota,St. Cloud State,40,52,4,4,False,True,True,NCHC,NCHC,,https://www.collegehockeynews.com/box/final/20260220/stc/ndk/,https://www.collegehockeynews.com/box/metrics.php?gd=110433,college_hockey_news
2025-26,2026-02-20_422_62,2026-02-20,Fri,Stonehill,Long Island,422,62,5,1,False,False,False,Independent,Independent,"at Warrior Ice Arena, Brighton, Mass.",https://www.collegehockeynews.com/box/final/20260220/liu/stn/,https://www.collegehockeynews.com/box/metrics.php?gd=111393,college_hockey_news
2025-26,2026-02-20_44_60,2026-02-20,Fri,Penn State,Ohio State,60,44,11,4,False,False,True,Big Ten,Big Ten,,https://www.collegehockeynews.com/box/final/20260220/osu/psu/,https://www.collegehockeynews.com/box/metrics.php?gd=111437,college_hockey_news
2025-26,2026-02-20_46_55,2026-02-20,Fri,Vermont,Providence,55,46,2,5,False,False,True,Hockey East,Hockey East,,https://www.collegehockeynews.com/box/final/20260220/prv/ver/,https://www.collegehockeynews.com/box/metrics.php?gd=111323,college_hockey_news
2025-26,2026-02-20_49_8,2026-02-20,Fri,RIT,Bentley,49,8,3,4,False,False,True,Atlantic Hockey,Atlantic Hockey,,https://www.collegehockeynews.com/box/final/20260220/ben/rit/,https://www.collegehockeynews.com/box/metrics.php?gd=110742,college_hockey_news
2025-26,2026-02-20_63_64,2026-02-20,Fri,St. Thomas,Augustana,63,64,3,3,False,True,True,CCHA,CCHA,,https://www.collegehockeynews.com/box/final/20260220/aug/stt/,https://www.collegehockeynews.com/box/metrics.php?gd=110669,college_hockey_news
2025-26,2026-02-21_11_35,2026-02-21,Sat,Bowling Green,Minnesota State,11,35,1,1,False,True,True,CCHA,CCHA,,https://www.collegehockeynews.com/box/final/20260221/mns/bgs/,https://www.collegehockeynews.com/box/metrics.php?gd=110625,college_hockey_news
2025-26,2026-02-21_12_14,2026-02-21,Sat,Clarkson,Brown,14,12,4,3,False,True,True,ECAC,ECAC,,https://www.collegehockeynews.com/box/final/20260221/brn/clk/,https://www.collegehockeynews.com/box/metrics.php?gd=110470,college_hockey_news
2025-26,2026-02-21_13_50,2026-02-21,Sat,Canisius,Robert Morris,13,50,7,0,False,False,True,Atlantic Hockey,Atlantic Hockey,,https://www.collegehockeynews.com/box/final/20260221/rmu/cns/,https://www.collegehockeynews.com/box/metrics.php?gd=110778,college_hockey_news
2025-26,2026-02-21_15_47,2026-02-21,Sat,Quinnipiac,Colgate,47,15,5,2,False,False,True,ECAC,ECAC,,https://www.collegehockeynews.com/box/final/20260221/clg/qui/,https://www.collegehockeynews.com/box/metrics.php?gd=111070,college_hockey_news
2025-26,2026-02-21_16_57,2026-02-21,Sat,Colorado College,Western Michigan,16,57,0,2,False,False,True,NCHC,NCHC,,https://www.collegehockeynews.com/box/final/20260221/wmu/cc_/,https://www.collegehockeynews.com/box/metrics.php?gd=110514,college_hockey_news
2025-26,2026-02-21_17_9,2026-02-21,Sat,Connecticut,Boston College,17,9,1,2,False,True,True,Hockey East,Hockey East,"at PeoplesBank Arena, Hartford, Conn.",https://www.collegehockeynews.com/box/final/20260221/bc_/con/,https://www.collegehockeynews.com/box/metrics.php?gd=111320,college_hockey_news
2025-26,2026-02-21_18_45,2026-02-21,Sat,Princeton,Cornell,45,18,4,2,False,False,True,ECAC,ECAC,,https://www.collegehockeynews.com/box/final/20260221/cor/prn/,https://www.collegehockeynews.com/box/metrics.php?gd=111043,college_hockey_news
2025-26,2026-02-21_19_54,2026-02-21,Sat,Union,Dartmouth,54,19,3,3,False,True,True,ECAC,ECAC,,https://www.collegehockeynews.com/box/final/20260221/dar/uni/,https://www.collegehockeynews.com/box/metrics.php?gd=111118,college_hockey_news
2025-26,2026-02-21_1_6,2026-02-21,Sat,Air Force,Army,1,6,0,0,False,True,True,Atlantic Hockey,Atlantic Hockey,,https://www.collegehockeynews.com/box/final/20260221/arm/afa/,https://www.collegehockeynews.com/box/metrics.php?gd=110827,college_hockey_news
2025-26,2026-02-21_22_48,2026-02-21,Sat,RPI,Harvard,48,22,3,1,False,False,True,ECAC,ECAC,,https://www.collegehockeynews.com/box/final/20260221/har/ren/,https://www.collegehockeynews.com/box/metrics.php?gd=111092,college_hockey_news
2025-26,2026-02-21_23_51,2026-02-21,Sat,Sacred Heart,Holy Cross,51,23,5,2,False,False,True,Atlantic Hockey,Atlantic Hockey,,https://www.collegehockeynews.com/box/final/20260221/hcr/sac/,https://www.collegehockeynews.com/box/metrics.php?gd=110923,college_hockey_news
2025-26,2026-02-21_24_42,2026-02-21,Sat,Northern Michigan,Lake Superior,42,24,2,5,False,False,True,CCHA,CCHA,,https://www.collegehockeynews.com/box/final/20260221/lss/nmu/,https://www.collegehockeynews.com/box/metrics.php?gd=110873,college_hockey_news
2025-26,2026-02-21_25_29,2026-02-21,Sat,Maine,Merrimack,25,29,5,2,False,False,True,Hockey East,Hockey East,,https://www.collegehockeynews.com/box/final/20260221/mer/mne/,https://www.collegehockeynews.com/box/metrics.php?gd=111322,college_hockey_news
2025-26,2026-02-21_26_41,2026-02-21,Sat,Mass.-Lowell,Northeastern,26,41,2,8,False,False,True,Hockey East,Hockey East,,https://www.collegehockeynews.com/box/final/20260221/noe/uml/,https://www.collegehockeynews.com/box/metrics.php?gd=110853,college_hockey_news
2025-26,2026-02-21_27_38,2026-02-21,Sat,New Hampshire,Massachusetts,38,27,1,0,False,False,True,Hockey East,Hockey East,,https://www.collegehockeynews.com/box/final/20260221/uma/unh/,https://www.collegehockeynews.com/box/metrics.php?gd=110567,college_hockey_news
2025-26,2026-02-21_28_39,2026-02-21,Sat,Niagara,Mercyhurst,39,28,3,1,False,False,True,Atlantic Hockey,Atlantic Hockey,,https://www.collegehockeynews.com/box/final/20260221/mrc/nia/,https://www.collegehockeynews.com/box/metrics.php?gd=110971,college_hockey_news
2025-26,2026-02-21_30_36,2026-02-21,Sat,Miami,Minnesota-Duluth,30,36,1,4,False,False,True,NCHC,NCHC,,https://www.collegehockeynews.com/box/final/20260221/mnd/mia/,https://www.collegehockeynews.com/box/metrics.php?gd=110498,college_hockey_news
2025-26,2026-02-21_31_58,2026-02-21,Sat,Wisconsin,Michigan,58,31,1,3,False,False,True,Big Ten,Big Ten,,https://www.collegehockeynews.com/box/final/20260221/mic/wis/,https://www.collegehockeynews.com/box/metrics.php?gd=111478,college_hockey_news
2025-26,2026-02-21_37_61,2026-02-21,Sat,Arizona State,Omaha,61,37,6,3,False,False,True,NCHC,NCHC,,https://www.collegehockeynews.com/box/final/20260221/uno/asu/,https://www.collegehockeynews.com/box/metrics.php?gd=110403,college_hockey_news
2025-26,2026-02-21_3_4,2026-02-21,Sat,Alaska-Anchorage,Alaska,3,4,2,6,False,False,False,Independent,Independent,"at Sullivan Arena, Anchorage, Alaska",https://www.collegehockeynews.com/box/final/20260221/akf/aka/,https://www.collegehockeynews.com/box/metrics.php?gd=111349,college_hockey_news
2025-26,2026-02-21_40_52,2026-02-21,Sat,North Dakota,St. Cloud State,40,52,6,4,False,False,True,NCHC,NCHC,,https://www.collegehockeynews.com/box/final/20260221/stc/ndk/,https://www.collegehockeynews.com/box/metrics.php?gd=110434,college_hockey_news
2025-26,2026-02-21_422_62,2026-02-21,Sat,Stonehill,Long Island,422,62,3,2,False,False,False,Independent,Independent,"at Warrior Ice Arena, Brighton, Mass.",https://www.collegehockeynews.com/box/final/20260221/liu/stn/,https://www.collegehockeynews.com/box/metrics.php?gd=111394,college_hockey_news
2025-26,2026-02-21_44_60,2026-02-21,Sat,Penn State,Ohio State,60,44,5,4,False,True,True,Big Ten,Big Ten,,https://www.collegehockeynews.com/box/final/20260221/osu/psu/,https://www.collegehockeynews.com/box/metrics.php?gd=111438,college_hockey_news
2025-26,2026-02-21_46_55,2026-02-21,Sat,Vermont,Providence,55,46,3,5,False,False,True,Hockey East,Hockey East,,https://www.collegehockeynews.com/box/final/20260221/prv/ver/,https://www.collegehockeynews.com/box/metrics.php?gd=111324,college_hockey_news
2025-26,2026-02-21_53_59,2026-02-21,Sat,St. Lawrence,Yale,53,59,5,2,False,False,True,ECAC,ECAC,,https://www.collegehockeynews.com/box/final/20260221/yal/stl/,https://www.collegehockeynews.com/box/metrics.php?gd=111176,college_hockey_news
2025-26,2026-02-21_63_64,2026-02-21,Sat,St. Thomas,Augustana,63,64,0,4,False,False,True,CCHA,CCHA,,https://www.collegehockeynews.com/box/final/20260221/aug/stt/,https://www.collegehockeynews.com/box/metrics.php?gd=110670,college_hockey_news
2025-26,2026-02-26_21_24,2026-02-26,Thu,Lake Superior,Ferris State,24,21,2,5,False,False,True,CCHA,CCHA,,https://www.collegehockeynews.com/box/final/20260226/fsu/lss/,https://www.collegehockeynews.com/box/metrics.php?gd=111006,college_hockey_news
2025-26,2026-02-26_31_34,2026-02-26,Thu,Michigan,Minnesota,31,34,2,4,False,False,True,Big Ten,Big Ten,,https://www.collegehockeynews.com/box/final/20260226/min/mic/,https://www.collegehockeynews.com/box/metrics.php?gd=111497,college_hockey_news
2025-26,2026-02-27_10_9,2026-02-27,Fri,Boston University,Boston College,10,9,3,1,False,False,True,Hockey East,Hockey East,,https://www.collegehockeynews.com/box/final/20260227/bc_/bu_/,https://www.collegehockeynews.com/box/metrics.php?gd=111149,college_hockey_news
2025-26,2026-02-27_11_33,2026-02-27,Fri,Michigan Tech,Bowling Green,33,11,0,1,False,False,True,CCHA,CCHA,,https://www.collegehockeynews.com/box/final/20260227/bgs/mtu/,https://www.collegehockeynews.com/box/metrics.php?gd=110986,college_hockey_news
2025-26,2026-02-27_12_48,2026-02-27,Fri,Brown,RPI,12,48,1,3,False,False,True,ECAC,ECAC,,https://www.collegehockeynews.com/box/final/20260227/ren/brn/,https://www.collegehockeynews.com/box/metrics.php?gd=111093,college_hockey_news
2025-26,2026-02-27_13_39,2026-02-27,Fri,Niagara,Canisius,39,13,3,2,False,False,True,Atlantic Hockey,Atlantic Hockey,,https://www.collegehockeynews.com/box/final/20260227/cns/nia/,https://www.collegehockeynews.com/box/metrics.php?gd=110779,college_hockey_news
2025-26,2026-02-27_14_15,2026-02-27,Fri,Colgate,Clarkson,15,14,1,4,False,False,True,ECAC,ECAC,,https://www.collegehockeynews.com/box/final/20260227/clk/clg/,https://www.collegehockeynews.com/box/metrics.php?gd=110471,college_hockey_news
2025-26,2026-02-27_16_36,2026-02-27,Fri,Minnesota-Duluth,Colorado College,36,16,1,4,False,False,True,NCHC,NCHC,,https://www.collegehockeynews.com/box/final/20260227/cc_/mnd/,https://www.collegehockeynews.com/box/metrics.php?gd=110499,college_hockey_news
2025-26,2026-02-27_17_27,2026-02-27,Fri,Connecticut,Massachusetts,17,27,1,5,False,False,True,Hockey East,Hockey East,,https://www.collegehockeynews.com/box/final/20260227/uma/con/,https://www.collegehockeynews.com/box/metrics.php?gd=110568,college_hockey_news
2025-26,2026-02-27_18_53,2026-02-27,Fri,Cornell,St. Lawrence,18,53,5,1,False,False,True,ECAC,ECAC,,https://www.collegehockeynews.com/box/final/20260227/stl/cor/,https://www.collegehockeynews.com/box/metrics.php?gd=111044,college_hockey_news
2025-26,2026-02-27_19_47,2026-02-27,Fri,Dartmouth,Quinnipiac,19,47,7,4,False,False,True,ECAC,ECAC,,https://www.collegehockeynews.com/box/final/20260227/qui/dar/,https://www.collegehockeynews.com/box/metrics.php?gd=111071,college_hockey_news
2025-26,2026-02-27_1_8,2026-02-27,Fri,Bentley,Air Force,8,1,2,3,False,False,True,Atlantic Hockey,Atlantic Hockey,,https://www.collegehockeynews.com/box/final/20260227/afa/ben/,https://www.collegehockeynews.com/box/metrics.php?gd=110955,college_hockey_news
2025-26,2026-02-27_20_61,2026-02-27,Fri,Denver,Arizona State,20,61,5,2,False,False,True,NCHC,NCHC,,https://www.collegehockeynews.com/box/final/20260227/asu/den/,https://www.collegehockeynews.com/box/metrics.php?gd=110404,college_hockey_news
2025-26,2026-02-27_21_24,2026-02-27,Fri,Lake Superior,Ferris State,24,21,2,2,False,True,True,CCHA,CCHA,,https://www.collegehockeynews.com/box/final/20260227/fsu/lss/,https://www.collegehockeynews.com/box/metrics.php?gd=111007,college_hockey_news
2025-26,2026-02-27_22_45,2026-02-27,Fri,Harvard,Princeton,22,45,5,3,False,False,True,ECAC,ECAC,,https://www.collegehockeynews.com/box/final/20260227/prn/har/,https://www.collegehockeynews.com/box/metrics.php?gd=111223,college_hockey_news
2025-26,2026-02-27_23_49,2026-02-27,Fri,Holy Cross,RIT,23,49,5,1,False,False,True,Atlantic Hockey,Atlantic Hockey,,https://www.collegehockeynews.com/box/final/20260227/rit/hcr/,https://www.collegehockeynews.com/box/metrics.php?gd=110743,college_hockey_news
2025-26,2026-02-27_25_41,2026-02-27,Fri,Maine,Northeastern,25,41,4,0,False,False,True,Hockey East,Hockey East,"at Cross Insurance Arena, Portland, Maine",https://www.collegehockeynews.com/box/final/20260227/noe/mne/,https://www.collegehockeynews.com/box/metrics.php?gd=111325,college_hockey_news
2025-26,2026-02-27_28_50,2026-02-27,Fri,Mercyhurst,Robert Morris,28,50,3,5,False,False,True,Atlantic Hockey,Atlantic Hockey,"at Clearview Arena, Neville Island, Pa.",https://www.collegehockeynews.com/box/final/20260227/rmu/mrc/,https://www.collegehockeynews.com/box/metrics.php?gd=110896,college_hockey_news
2025-26,2026-02-27_29_55,2026-02-27,Fri,Merrimack,Vermont,29,55,5,2,False,False,True,Hockey East,Hockey East,,https://www.collegehockeynews.com/box/final/20260227/ver/mer/,https://www.collegehockeynews.com/box/metrics.php?gd=111327,college_hockey_news
2025-26,2026-02-27_30_37,2026-02-27,Fri,Omaha,Miami,37,30,5,3,False,False,True,NCHC,NCHC,,https://www.collegehockeynews.com/box/final/20260227/mia/uno/,https://www.collegehockeynews.com/box/metrics.php?gd=110592,college_hockey_news
2025-26,2026-02-27_31_34,2026-02-27,Fri,Michigan,Minnesota,31,34,4,2,False,False,True,Big Ten,Big Ten,,https://www.collegehockeynews.com/box/final/20260227/min/mic/,https://www.collegehockeynews.com/box/metrics.php?gd=111498,college_hockey_news
2025-26,2026-02-27_32_44,2026-02-27,Fri,Michigan State,Ohio State,32,44,1,5,False,False,True,Big Ten,Big Ten,,https://www.collegehockeynews.com/box/final/20260227/osu/msu/,https://www.collegehockeynews.com/box/metrics.php?gd=111459,college_hockey_news
2025-26,2026-02-27_35_42,2026-02-27,Fri,Minnesota State,Northern Michigan,35,42,2,2,False,True,True,CCHA,CCHA,,https://www.collegehockeynews.com/box/final/20260227/nmu/mns/,https://www.collegehockeynews.com/box/metrics.php?gd=110626,college_hockey_news
2025-26,2026-02-27_38_46,2026-02-27,Fri,Providence,New Hampshire,46,38,0,1,False,False,True,Hockey East,Hockey East,,https://www.collegehockeynews.com/box/final/20260227/unh/prv/,https://www.collegehockeynews.com/box/metrics.php?gd=111198,college_hockey_news
2025-26,2026-02-27_3_4,2026-02-27,Fri,Alaska,Alaska-Anchorage,4,3,2,0,False,False,False,Independent,Independent,,https://www.collegehockeynews.com/box/final/20260227/aka/akf/,https://www.collegehockeynews.com/box/metrics.php?gd=111350,college_hockey_news
2025-26,2026-02-27_40_57,2026-02-27,Fri,Western Michigan,North Dakota,57,40,3,5,False,False,True,NCHC,NCHC,,https://www.collegehockeynews.com/box/final/20260227/ndk/wmu/,https://www.collegehockeynews.com/box/metrics.php?gd=110435,college_hockey_news
2025-26,2026-02-27_43_60,2026-02-27,Fri,Notre Dame,Penn State,43,60,3,3,False,True,True,Big Ten,Big Ten,,https://www.collegehockeynews.com/box/final/20260227/psu/ndm/,https://www.collegehockeynews.com/box/metrics.php?gd=111439,college_hockey_news
2025-26,2026-02-27_51_6,2026-02-27,Fri,Army,Sacred Heart,6,51,2,3,False,False,True,Atlantic Hockey,Atlantic Hockey,,https://www.collegehockeynews.com/box/final/20260227/sac/arm/,https://www.collegehockeynews.com/box/metrics.php?gd=110828,college_hockey_news
2025-26,2026-02-27_54_59,2026-02-27,Fri,Yale,Union,59,54,4,5,False,True,True,ECAC,ECAC,,https://www.collegehockeynews.com/box/final/20260227/uni/yal/,https://www.collegehockeynews.com/box/metrics.php?gd=111119,college_hockey_news
2025-26,2026-02-27_63_7,2026-02-27,Fri,Bemidji State,St. Thomas,7,63,3,1,False,False,True,CCHA,CCHA,,https://www.collegehockeynews.com/box/final/20260227/stt/bmj/,https://www.collegehockeynews.com/box/metrics.php?gd=110671,college_hockey_news
2025-26,2026-02-28_10_9,2026-02-28,Sat,Boston College,Boston University,9,10,1,5,False,False,True,Hockey East,Hockey East,,https://www.collegehockeynews.com/box/final/20260228/bu_/bc_/,https://www.collegehockeynews.com/box/metrics.php?gd=111150,college_hockey_news
2025-26,2026-02-28_11_33,2026-02-28,Sat,Michigan Tech,Bowling Green,33,11,3,4,False,True,True,CCHA,CCHA,,https://www.collegehockeynews.com/box/final/20260228/bgs/mtu/,https://www.collegehockeynews.com/box/metrics.php?gd=110987,college_hockey_news
2025-26,2026-02-28_12_54,2026-02-28,Sat,Brown,Union,12,54,0,3,False,False,True,ECAC,ECAC,,https://www.collegehockeynews.com/box/final/20260228/uni/brn/,https://www.collegehockeynews.com/box/metrics.php?gd=111120,college_hockey_news
2025-26,2026-02-28_13_39,2026-02-28,Sat,Canisius,Niagara,13,39,5,1,False,False,True,Atlantic Hockey,Atlantic Hockey,,https://www.collegehockeynews.com/box/final/20260228/nia/cns/,https://www.collegehockeynews.com/box/metrics.php?gd=110780,college_hockey_news
2025-26,2026-02-28_14_18,2026-02-28,Sat,Cornell,Clarkson,18,14,2,1,False,False,True,ECAC,ECAC,,https://www.collegehockeynews.com/box/final/20260228/clk/cor/,https://www.collegehockeynews.com/box/metrics.php?gd=110472,college_hockey_news
2025-26,2026-02-28_15_53,2026-02-28,Sat,Colgate,St. Lawrence,15,53,7,3,False,False,True,ECAC,ECAC,,https://www.collegehockeynews.com/box/final/20260228/stl/clg/,https://www.collegehockeynews.com/box/metrics.php?gd=111177,college_hockey_news
2025-26,2026-02-28_16_36,2026-02-28,Sat,Minnesota-Duluth,Colorado College,36,16,2,2,False,True,True,NCHC,NCHC,,https://www.collegehockeynews.com/box/final/20260228/cc_/mnd/,https://www.collegehockeynews.com/box/metrics.php?gd=110500,college_hockey_news
2025-26,2026-02-28_17_27,2026-02-28,Sat,Massachusetts,Connecticut,27,17,3,3,False,True,True,Hockey East,Hockey East,,https://www.collegehockeynews.com/box/final/20260228/con/uma/,https://www.collegehockeynews.com/box/metrics.php?gd=110569,college_hockey_news
2025-26,2026-02-28_19_45,2026-02-28,Sat,Dartmouth,Princeton,19,45,2,2,False,True,True,ECAC,ECAC,,https://www.collegehockeynews.com/box/final/20260228/prn/dar/,https://www.collegehockeynews.com/box/metrics.php?gd=111236,college_hockey_news
2025-26,2026-02-28_1_8,2026-02-28,Sat,Bentley,Air Force,8,1,0,2,False,False,True,Atlantic Hockey,Atlantic Hockey,,https://www.collegehockeynews.com/box/final/20260228/afa/ben/,https://www.collegehockeynews.com/box/metrics.php?gd=110956,college_hockey_news
2025-26,2026-02-28_20_61,2026-02-28,Sat,Denver,Arizona State,20,61,4,1,False,False,True,NCHC,NCHC,,https://www.collegehockeynews.com/box/final/20260228/asu/den/,https://www.collegehockeynews.com/box/metrics.php?gd=110405,college_hockey_news
2025-26,2026-02-28_22_47,2026-02-28,Sat,Harvard,Quinnipiac,22,47,1,4,False,False,True,ECAC,ECAC,,https://www.collegehockeynews.com/box/final/20260228/qui/har/,https://www.collegehockeynews.com/box/metrics.php?gd=111072,college_hockey_news
2025-26,2026-02-28_23_49,2026-02-28,Sat,Holy Cross,RIT,23,49,3,2,False,False,True,Atlantic Hockey,Atlantic Hockey,,https://www.collegehockeynews.com/box/final/20260228/rit/hcr/,https://www.collegehockeynews.com/box/metrics.php?gd=110744,college_hockey_news
2025-26,2026-02-28_25_41,2026-02-28,Sat,Northeastern,Maine,41,25,2,3,False,False,True,Hockey East,Hockey East,"at Tsongas Center, Lowell, Mass.",https://www.collegehockeynews.com/box/final/20260228/mne/noe/,https://www.collegehockeynews.com/box/metrics.php?gd=111326,college_hockey_news
2025-26,2026-02-28_28_50,2026-02-28,Sat,Robert Morris,Mercyhurst,50,28,4,1,False,False,True,Atlantic Hockey,Atlantic Hockey,"at Mercyhurst Ice Center, Erie, Pa.",https://www.collegehockeynews.com/box/final/20260228/mrc/rmu/,https://www.collegehockeynews.com/box/metrics.php?gd=110897,college_hockey_news
2025-26,2026-02-28_29_55,2026-02-28,Sat,Merrimack,Vermont,29,55,4,4,False,True,True,Hockey East,Hockey East,,https://www.collegehockeynews.com/box/final/20260228/ver/mer/,https://www.collegehockeynews.com/box/metrics.php?gd=111328,college_hockey_news
2025-26,2026-02-28_30_37,2026-02-28,Sat,Omaha,Miami,37,30,2,4,False,False,True,NCHC,NCHC,,https://www.collegehockeynews.com/box/final/20260228/mia/uno/,https://www.collegehockeynews.com/box/metrics.php?gd=110593,college_hockey_news
2025-26,2026-02-28_32_44,2026-02-28,Sat,Michigan State,Ohio State,32,44,3,3,False,True,True,Big Ten,Big Ten,,https://www.collegehockeynews.com/box/final/20260228/osu/msu/,https://www.collegehockeynews.com/box/metrics.php?gd=111460,college_hockey_news
2025-26,2026-02-28_35_42,2026-02-28,Sat,Minnesota State,Northern Michigan,35,42,3,0,False,False,True,CCHA,CCHA,,https://www.collegehockeynews.com/box/final/20260228/nmu/mns/,https://www.collegehockeynews.com/box/metrics.php?gd=110627,college_hockey_news
2025-26,2026-02-28_38_46,2026-02-28,Sat,New Hampshire,Providence,38,46,2,3,False,False,True,Hockey East,Hockey East,,https://www.collegehockeynews.com/box/final/20260228/prv/unh/,https://www.collegehockeynews.com/box/metrics.php?gd=111199,college_hockey_news
2025-26,2026-02-28_3_4,2026-02-28,Sat,Alaska,Alaska-Anchorage,4,3,5,1,False,False,False,Independent,Independent,,https://www.collegehockeynews.com/box/final/20260228/aka/akf/,https://www.collegehockeynews.com/box/metrics.php?gd=111351,college_hockey_news
2025-26,2026-02-28_40_57,2026-02-28,Sat,Western Michigan,North Dakota,57,40,4,3,False,True,True,NCHC,NCHC,,https://www.collegehockeynews.com/box/final/20260228/ndk/wmu/,https://www.collegehockeynews.com/box/metrics.php?gd=110436,college_hockey_news
2025-26,2026-02-28_43_60,2026-02-28,Sat,Notre Dame,Penn State,43,60,4,3,False,True,True,Big Ten,Big Ten,,https://www.collegehockeynews.com/box/final/20260228/psu/ndm/,https://www.collegehockeynews.com/box/metrics.php?gd=111440,college_hockey_news
2025-26,2026-02-28_48_59,2026-02-28,Sat,Yale,RPI,59,48,2,4,False,False,True,ECAC,ECAC,,https://www.collegehockeynews.com/box/final/20260228/ren/yal/,https://www.collegehockeynews.com/box/metrics.php?gd=111094,college_hockey_news
2025-26,2026-02-28_51_6,2026-02-28,Sat,Army,Sacred Heart,6,51,3,4,False,False,True,Atlantic Hockey,Atlantic Hockey,,https://www.collegehockeynews.com/box/final/20260228/sac/arm/,https://www.collegehockeynews.com/box/metrics.php?gd=110829,college_hockey_news
2025-26,2026-02-28_63_7,2026-02-28,Sat,Bemidji State,St. Thomas,7,63,2,2,False,True,True,CCHA,CCHA,,https://www.collegehockeynews.com/box/final/20260228/stt/bmj/,https://www.collegehockeynews.com/box/metrics.php?gd=110672,college_hockey_news
2025-26,2026-03-03_13_28,2026-03-03,Tue,Canisius,Mercyhurst,13,28,2,5,False,False,False,Atlantic Hockey,Atlantic Hockey,AHA Tournament AHA First Round,https://www.collegehockeynews.com/box/final/20260303/mrc/cns/,https://www.collegehockeynews.com/box/metrics.php?gd=112950,college_hockey_news
2025-26,2026-03-03_39_6,2026-03-03,Tue,Niagara,Army,39,6,5,4,False,False,False,Atlantic Hockey,Atlantic Hockey,"AHA Tournament AHA First Round – Dwyer Arena, Niagara, N.Y.",https://www.collegehockeynews.com/box/final/20260303/arm/nia/,https://www.collegehockeynews.com/box/metrics.php?gd=112951,college_hockey_news
2025-26,2026-03-05_17_38,2026-03-05,Thu,Connecticut,New Hampshire,17,38,4,1,False,False,True,Hockey East,Hockey East,,https://www.collegehockeynews.com/box/final/20260305/unh/con/,https://www.collegehockeynews.com/box/metrics.php?gd=111200,college_hockey_news
2025-26,2026-03-05_26_29,2026-03-05,Thu,Merrimack,Mass.-Lowell,29,26,5,3,False,False,True,Hockey East,Hockey East,,https://www.collegehockeynews.com/box/final/20260305/uml/mer/,https://www.collegehockeynews.com/box/metrics.php?gd=110854,college_hockey_news
2025-26,2026-03-05_27_9,2026-03-05,Thu,Massachusetts,Boston College,27,9,2,1,False,False,True,Hockey East,Hockey East,,https://www.collegehockeynews.com/box/final/20260305/bc_/uma/,https://www.collegehockeynews.com/box/metrics.php?gd=110570,college_hockey_news
2025-26,2026-03-05_32_34,2026-03-05,Thu,Minnesota,Michigan State,34,32,1,7,False,False,True,Big Ten,Big Ten,,https://www.collegehockeynews.com/box/final/20260305/msu/min/,https://www.collegehockeynews.com/box/metrics.php?gd=111461,college_hockey_news
2025-26,2026-03-05_3_422,2026-03-05,Thu,Stonehill,Alaska-Anchorage,422,3,3,0,True,False,False,Independent,Independent,"United Collegiate Hockey Cup – Centene Center, Maryland Heights, Mo.",https://www.collegehockeynews.com/box/final/20260305/aka/stn/,https://www.collegehockeynews.com/box/metrics.php?gd=112960,college_hockey_news
2025-26,2026-03-05_433_62,2026-03-05,Thu,Lindenwood,Long Island,433,62,5,4,False,False,False,Independent,Independent,United Collegiate Hockey Cup,https://www.collegehockeynews.com/box/final/20260305/liu/lin/,https://www.collegehockeynews.com/box/metrics.php?gd=112961,college_hockey_news
2025-26,2026-03-05_43_44,2026-03-05,Thu,Ohio State,Notre Dame,44,43,4,5,False,True,True,Big Ten,Big Ten,,https://www.collegehockeynews.com/box/final/20260305/ndm/osu/,https://www.collegehockeynews.com/box/metrics.php?gd=111489,college_hockey_news
2025-26,2026-03-05_58_60,2026-03-05,Thu,Penn State,Wisconsin,60,58,3,7,False,False,True,Big Ten,Big Ten,,https://www.collegehockeynews.com/box/final/20260305/wis/psu/,https://www.collegehockeynews.com/box/metrics.php?gd=111441,college_hockey_news
2025-26,2026-03-06_11_33,2026-03-06,Fri,Michigan Tech,Bowling Green,33,11,5,3,False,False,False,CCHA,CCHA,"CCHA Tournament CCHA Quarterfinal – MacInnes Student Ice Arena, Houghton, Mich.",https://www.collegehockeynews.com/box/final/20260306/bgs/mtu/,https://www.collegehockeynews.com/box/metrics.php?gd=112944,college_hockey_news
2025-26,2026-03-06_14_48,2026-03-06,Fri,Clarkson,RPI,14,48,2,1,False,False,False,ECAC,ECAC,ECAC Tournament ECAC First Round,https://www.collegehockeynews.com/box/final/20260306/ren/clk/,https://www.collegehockeynews.com/box/metrics.php?gd=112949,college_hockey_news
2025-26,2026-03-06_16_57,2026-03-06,Fri,Western Michigan,Colorado College,57,16,5,2,False,False,False,NCHC,NCHC,"NCHC Tournament NCHC Quarterfinal – Lawson Ice Arena, Kalamazoo, Mich.",https://www.collegehockeynews.com/box/final/20260306/cc_/wmu/,https://www.collegehockeynews.com/box/metrics.php?gd=112956,college_hockey_news
2025-26,2026-03-06_1_50,2026-03-06,Fri,Robert Morris,Air Force,50,1,2,3,False,True,False,Atlantic Hockey,Atlantic Hockey,"AHA Tournament AHA Quarterfinal – Clearview Arena, Neville Island, Pa.",https://www.collegehockeynews.com/box/final/20260306/afa/rmu/,https://www.collegehockeynews.com/box/metrics.php?gd=112967,college_hockey_news
2025-26,2026-03-06_20_30,2026-03-06,Fri,Denver,Miami,20,30,3,0,False,False,False,NCHC,NCHC,NCHC Tournament NCHC Quarterfinal,https://www.collegehockeynews.com/box/final/20260306/mia/den/,https://www.collegehockeynews.com/box/metrics.php?gd=112954,college_hockey_news
2025-26,2026-03-06_21_35,2026-03-06,Fri,Minnesota State,Ferris State,35,21,5,1,False,False,False,CCHA,CCHA,"CCHA Tournament CCHA Quarterfinal – Mayo Clinic Event Center, Mankato, Minn.",https://www.collegehockeynews.com/box/final/20260306/fsu/mns/,https://www.collegehockeynews.com/box/metrics.php?gd=112938,college_hockey_news
2025-26,2026-03-06_22_53,2026-03-06,Fri,Harvard,St. Lawrence,22,53,4,3,False,True,False,ECAC,ECAC,ECAC Tournament ECAC First Round,https://www.collegehockeynews.com/box/final/20260306/stl/har/,https://www.collegehockeynews.com/box/metrics.php?gd=112947,college_hockey_news
2025-26,2026-03-06_23_49,2026-03-06,Fri,Holy Cross,RIT,23,49,2,1,False,True,False,Atlantic Hockey,Atlantic Hockey,AHA Tournament AHA Quarterfinal,https://www.collegehockeynews.com/box/final/20260306/rit/hcr/,https://www.collegehockeynews.com/box/metrics.php?gd=112969,college_hockey_news
2025-26,2026-03-06_24_63,2026-03-06,Fri,St. Thomas,Lake Superior,63,24,4,3,False,True,False,CCHA,CCHA,"CCHA Tournament CCHA Quarterfinal – Anderson Arena, St. Paul, Minn.",https://www.collegehockeynews.com/box/final/20260306/lss/stt/,https://www.collegehockeynews.com/box/metrics.php?gd=112940,college_hockey_news
2025-26,2026-03-06_28_8,2026-03-06,Fri,Bentley,Mercyhurst,8,28,4,3,False,True,False,Atlantic Hockey,Atlantic Hockey,AHA Tournament AHA Quarterfinal,https://www.collegehockeynews.com/box/final/20260306/mrc/ben/,https://www.collegehockeynews.com/box/metrics.php?gd=112963,college_hockey_news
2025-26,2026-03-06_32_34,2026-03-06,Fri,Minnesota,Michigan State,34,32,3,3,False,True,True,Big Ten,Big Ten,,https://www.collegehockeynews.com/box/final/20260306/msu/min/,https://www.collegehockeynews.com/box/metrics.php?gd=111462,college_hockey_news
2025-26,2026-03-06_36_52,2026-03-06,Fri,Minnesota-Duluth,St. Cloud State,36,52,4,3,False,True,False,NCHC,NCHC,NCHC Tournament NCHC Quarterfinal,https://www.collegehockeynews.com/box/final/20260306/stc/mnd/,https://www.collegehockeynews.com/box/metrics.php?gd=112958,college_hockey_news
2025-26,2026-03-06_37_40,2026-03-06,Fri,North Dakota,Omaha,40,37,5,3,False,False,False,NCHC,NCHC,NCHC Tournament NCHC Quarterfinal,https://www.collegehockeynews.com/box/final/20260306/uno/ndk/,https://www.collegehockeynews.com/box/metrics.php?gd=112952,college_hockey_news
2025-26,2026-03-06_39_51,2026-03-06,Fri,Sacred Heart,Niagara,51,39,3,1,False,False,False,Atlantic Hockey,Atlantic Hockey,"AHA Tournament AHA Quarterfinal – Martire Family Arena, Fairfield, Conn.",https://www.collegehockeynews.com/box/final/20260306/nia/sac/,https://www.collegehockeynews.com/box/metrics.php?gd=112965,college_hockey_news
2025-26,2026-03-06_3_62,2026-03-06,Fri,Alaska-Anchorage,Long Island,3,62,3,4,True,True,False,Independent,Independent,"United Collegiate Hockey Cup – Centene Center, Maryland Heights, Mo.",https://www.collegehockeynews.com/box/final/20260306/liu/aka/,https://www.collegehockeynews.com/box/metrics.php?gd=112971,college_hockey_news
2025-26,2026-03-06_43_44,2026-03-06,Fri,Ohio State,Notre Dame,44,43,3,4,False,True,True,Big Ten,Big Ten,,https://www.collegehockeynews.com/box/final/20260306/ndm/osu/,https://www.collegehockeynews.com/box/metrics.php?gd=111490,college_hockey_news
2025-26,2026-03-06_4_422,2026-03-06,Fri,Alaska,Stonehill,4,422,4,4,True,True,False,Independent,Independent,"United Collegiate Hockey Cup Alaska advances in shootout, 1-0 – Centene Center, Maryland Heights, Mo.",https://www.collegehockeynews.com/box/final/20260306/stn/akf/,https://www.collegehockeynews.com/box/metrics.php?gd=112962,college_hockey_news
2025-26,2026-03-06_58_60,2026-03-06,Fri,Penn State,Wisconsin,60,58,2,5,False,False,True,Big Ten,Big Ten,,https://www.collegehockeynews.com/box/final/20260306/wis/psu/,https://www.collegehockeynews.com/box/metrics.php?gd=111442,college_hockey_news
2025-26,2026-03-06_64_7,2026-03-06,Fri,Augustana,Bemidji State,64,7,5,2,False,False,False,CCHA,CCHA,CCHA Tournament CCHA Quarterfinal,https://www.collegehockeynews.com/box/final/20260306/bmj/aug/,https://www.collegehockeynews.com/box/metrics.php?gd=112942,college_hockey_news
2025-26,2026-03-07_10_26,2026-03-07,Sat,Mass.-Lowell,Boston University,26,10,4,3,False,False,True,Hockey East,Hockey East,,https://www.collegehockeynews.com/box/final/20260307/bu_/uml/,https://www.collegehockeynews.com/box/metrics.php?gd=110855,college_hockey_news
2025-26,2026-03-07_11_33,2026-03-07,Sat,Michigan Tech,Bowling Green,33,11,3,2,False,False,False,CCHA,CCHA,"CCHA Tournament CCHA Quarterfinal – MacInnes Student Ice Arena, Houghton, Mich.",https://www.collegehockeynews.com/box/final/20260307/bgs/mtu/,https://www.collegehockeynews.com/box/metrics.php?gd=112945,college_hockey_news
2025-26,2026-03-07_12_54,2026-03-07,Sat,Union,Brown,54,12,9,0,False,False,False,ECAC,ECAC,"ECAC Tournament ECAC First Round – M&T Bank Center, Schenectady, N.Y.",https://www.collegehockeynews.com/box/final/20260307/brn/uni/,https://www.collegehockeynews.com/box/metrics.php?gd=112946,college_hockey_news
2025-26,2026-03-07_15_59,2026-03-07,Sat,Colgate,Yale,15,59,3,2,False,False,False,ECAC,ECAC,ECAC Tournament ECAC First Round,https://www.collegehockeynews.com/box/final/20260307/yal/clg/,https://www.collegehockeynews.com/box/metrics.php?gd=112948,college_hockey_news
2025-26,2026-03-07_16_57,2026-03-07,Sat,Western Michigan,Colorado College,57,16,2,1,False,True,False,NCHC,NCHC,"NCHC Tournament NCHC Quarterfinal – Lawson Ice Arena, Kalamazoo, Mich.",https://www.collegehockeynews.com/box/final/20260307/cc_/wmu/,https://www.collegehockeynews.com/box/metrics.php?gd=112957,college_hockey_news
2025-26,2026-03-07_17_46,2026-03-07,Sat,Providence,Connecticut,46,17,3,1,False,False,True,Hockey East,Hockey East,,https://www.collegehockeynews.com/box/final/20260307/con/prv/,https://www.collegehockeynews.com/box/metrics.php?gd=111330,college_hockey_news
2025-26,2026-03-07_1_50,2026-03-07,Sat,Robert Morris,Air Force,50,1,4,1,False,False,False,Atlantic Hockey,Atlantic Hockey,"AHA Tournament AHA Quarterfinal – Clearview Arena, Neville Island, Pa.",https://www.collegehockeynews.com/box/final/20260307/afa/rmu/,https://www.collegehockeynews.com/box/metrics.php?gd=112968,college_hockey_news
2025-26,2026-03-07_20_30,2026-03-07,Sat,Denver,Miami,20,30,6,2,False,False,False,NCHC,NCHC,NCHC Tournament NCHC Quarterfinal,https://www.collegehockeynews.com/box/final/20260307/mia/den/,https://www.collegehockeynews.com/box/metrics.php?gd=112955,college_hockey_news
2025-26,2026-03-07_21_35,2026-03-07,Sat,Minnesota State,Ferris State,35,21,1,2,False,True,False,CCHA,CCHA,"CCHA Tournament CCHA Quarterfinal – Mayo Clinic Event Center, Mankato, Minn.",https://www.collegehockeynews.com/box/final/20260307/fsu/mns/,https://www.collegehockeynews.com/box/metrics.php?gd=112939,college_hockey_news
2025-26,2026-03-07_23_49,2026-03-07,Sat,Holy Cross,RIT,23,49,5,4,False,True,False,Atlantic Hockey,Atlantic Hockey,AHA Tournament AHA Quarterfinal,https://www.collegehockeynews.com/box/final/20260307/rit/hcr/,https://www.collegehockeynews.com/box/metrics.php?gd=112970,college_hockey_news
2025-26,2026-03-07_24_63,2026-03-07,Sat,St. Thomas,Lake Superior,63,24,5,2,False,False,False,CCHA,CCHA,"CCHA Tournament CCHA Quarterfinal – Anderson Arena, St. Paul, Minn.",https://www.collegehockeynews.com/box/final/20260307/lss/stt/,https://www.collegehockeynews.com/box/metrics.php?gd=112941,college_hockey_news
2025-26,2026-03-07_25_55,2026-03-07,Sat,Vermont,Maine,55,25,5,3,False,False,True,Hockey East,Hockey East,,https://www.collegehockeynews.com/box/final/20260307/mne/ver/,https://www.collegehockeynews.com/box/metrics.php?gd=111331,college_hockey_news
2025-26,2026-03-07_27_38,2026-03-07,Sat,New Hampshire,Massachusetts,38,27,2,4,False,False,True,Hockey East,Hockey East,,https://www.collegehockeynews.com/box/final/20260307/uma/unh/,https://www.collegehockeynews.com/box/metrics.php?gd=110571,college_hockey_news
2025-26,2026-03-07_28_8,2026-03-07,Sat,Bentley,Mercyhurst,8,28,6,0,False,False,False,Atlantic Hockey,Atlantic Hockey,AHA Tournament AHA Quarterfinal,https://www.collegehockeynews.com/box/final/20260307/mrc/ben/,https://www.collegehockeynews.com/box/metrics.php?gd=112964,college_hockey_news
2025-26,2026-03-07_36_52,2026-03-07,Sat,Minnesota-Duluth,St. Cloud State,36,52,2,1,False,True,False,NCHC,NCHC,NCHC Tournament NCHC Quarterfinal,https://www.collegehockeynews.com/box/final/20260307/stc/mnd/,https://www.collegehockeynews.com/box/metrics.php?gd=112959,college_hockey_news
2025-26,2026-03-07_37_40,2026-03-07,Sat,North Dakota,Omaha,40,37,5,1,False,False,False,NCHC,NCHC,NCHC Tournament NCHC Quarterfinal,https://www.collegehockeynews.com/box/final/20260307/uno/ndk/,https://www.collegehockeynews.com/box/metrics.php?gd=112953,college_hockey_news
2025-26,2026-03-07_39_51,2026-03-07,Sat,Sacred Heart,Niagara,51,39,2,1,False,False,False,Atlantic Hockey,Atlantic Hockey,"AHA Tournament AHA Quarterfinal – Martire Family Arena, Fairfield, Conn.",https://www.collegehockeynews.com/box/final/20260307/nia/sac/,https://www.collegehockeynews.com/box/metrics.php?gd=112966,college_hockey_news
2025-26,2026-03-07_41_9,2026-03-07,Sat,Boston College,Northeastern,9,41,2,4,False,False,True,Hockey East,Hockey East,,https://www.collegehockeynews.com/box/final/20260307/noe/bc_/,https://www.collegehockeynews.com/box/metrics.php?gd=111329,college_hockey_news
2025-26,2026-03-07_422_62,2026-03-07,Sat,Long Island,Stonehill,62,422,4,3,True,False,False,Independent,Independent,"United Collegiate Hockey Cup – Centene Center, Maryland Heights, Mo.",https://www.collegehockeynews.com/box/final/20260307/stn/liu/,https://www.collegehockeynews.com/box/metrics.php?gd=112973,college_hockey_news
2025-26,2026-03-07_4_433,2026-03-07,Sat,Lindenwood,Alaska,433,4,3,4,False,True,False,Independent,Independent,"United Collegiate Hockey Cup Championship – Centene Center, Maryland Heights, Mo.",https://www.collegehockeynews.com/box/final/20260307/akf/lin/,https://www.collegehockeynews.com/box/metrics.php?gd=112972,college_hockey_news
2025-26,2026-03-07_64_7,2026-03-07,Sat,Augustana,Bemidji State,64,7,2,1,False,False,False,CCHA,CCHA,CCHA Tournament CCHA Quarterfinal,https://www.collegehockeynews.com/box/final/20260307/bmj/aug/,https://www.collegehockeynews.com/box/metrics.php?gd=112943,college_hockey_news
2025-26,2026-03-08_1_50,2026-03-08,Sun,Robert Morris,Air Force,50,1,5,2,False,False,False,Atlantic Hockey,Atlantic Hockey,"AHA Tournament AHA Quarterfinal – Clearview Arena, Neville Island, Pa.",https://www.collegehockeynews.com/box/final/20260308/afa/rmu/,https://www.collegehockeynews.com/box/metrics.php?gd=113007,college_hockey_news
2025-26,2026-03-08_21_35,2026-03-08,Sun,Minnesota State,Ferris State,35,21,2,0,False,False,False,CCHA,CCHA,"CCHA Tournament CCHA Quarterfinal – Mayo Clinic Event Center, Mankato, Minn.",https://www.collegehockeynews.com/box/final/20260308/fsu/mns/,https://www.collegehockeynews.com/box/metrics.php?gd=113006,college_hockey_news
2025-26,2026-03-11_10_55,2026-03-11,Wed,Boston University,Vermont,10,55,4,1,False,False,False,Hockey East,Hockey East,HEA Tournament Hockey East First Round,https://www.collegehockeynews.com/box/final/20260311/ver/bu_/,https://www.collegehockeynews.com/box/metrics.php?gd=112991,college_hockey_news
2025-26,2026-03-11_26_29,2026-03-11,Wed,Merrimack,Mass.-Lowell,29,26,5,3,False,False,False,Hockey East,Hockey East,"HEA Tournament Hockey East First Round – J. Thom Lawler Rink, North Andover, Mass.",https://www.collegehockeynews.com/box/final/20260311/uml/mer/,https://www.collegehockeynews.com/box/metrics.php?gd=112993,college_hockey_news
2025-26,2026-03-11_31_43,2026-03-11,Wed,Michigan,Notre Dame,31,43,6,1,False,False,False,Big Ten,Big Ten,Big Ten Tournament Big Ten Quarterfinal,https://www.collegehockeynews.com/box/final/20260311/ndm/mic/,https://www.collegehockeynews.com/box/metrics.php?gd=112974,college_hockey_news
2025-26,2026-03-11_34_60,2026-03-11,Wed,Penn State,Minnesota,60,34,6,2,False,False,False,Big Ten,Big Ten,"Big Ten Tournament Big Ten Quarterfinal – Pegula Ice Arena, State College, Pa.",https://www.collegehockeynews.com/box/final/20260311/min/psu/,https://www.collegehockeynews.com/box/metrics.php?gd=112975,college_hockey_news
2025-26,2026-03-11_38_41,2026-03-11,Wed,Northeastern,New Hampshire,41,38,7,3,False,False,False,Hockey East,Hockey East,"HEA Tournament Hockey East First Round – Conte Forum (Kelley Rink), Chestnut Hill, Mass.",https://www.collegehockeynews.com/box/final/20260311/unh/noe/,https://www.collegehockeynews.com/box/metrics.php?gd=112992,college_hockey_news
2025-26,2026-03-11_44_58,2026-03-11,Wed,Wisconsin,Ohio State,58,44,1,7,False,False,False,Big Ten,Big Ten,"Big Ten Tournament Big Ten Quarterfinal – Kohl Center, Madison, Wis.",https://www.collegehockeynews.com/box/final/20260311/osu/wis/,https://www.collegehockeynews.com/box/metrics.php?gd=112976,college_hockey_news
2025-26,2026-03-13_14_47,2026-03-13,Fri,Quinnipiac,Clarkson,47,14,0,3,False,False,False,ECAC,ECAC,"ECAC Tournament ECAC Quarterfinal – M&T Bank Arena, Hamden, Conn.",https://www.collegehockeynews.com/box/final/20260313/clk/qui/,https://www.collegehockeynews.com/box/metrics.php?gd=112983,college_hockey_news
2025-26,2026-03-13_15_19,2026-03-13,Fri,Dartmouth,Colgate,19,15,4,1,False,False,False,ECAC,ECAC,"ECAC Tournament ECAC Quarterfinal – Thompson Arena, Hanover, N.H.",https://www.collegehockeynews.com/box/final/20260313/clg/dar/,https://www.collegehockeynews.com/box/metrics.php?gd=112985,college_hockey_news
2025-26,2026-03-13_18_22,2026-03-13,Fri,Cornell,Harvard,18,22,1,3,False,False,False,ECAC,ECAC,ECAC Tournament ECAC Quarterfinal,https://www.collegehockeynews.com/box/final/20260313/har/cor/,https://www.collegehockeynews.com/box/metrics.php?gd=112987,college_hockey_news
2025-26,2026-03-13_23_8,2026-03-13,Fri,Bentley,Holy Cross,8,23,3,2,False,True,False,Atlantic Hockey,Atlantic Hockey,AHA Tournament AHA Semifinal,https://www.collegehockeynews.com/box/final/20260313/hcr/ben/,https://www.collegehockeynews.com/box/metrics.php?gd=112999,college_hockey_news
2025-26,2026-03-13_25_9,2026-03-13,Fri,Boston College,Maine,9,25,5,0,False,False,False,Hockey East,Hockey East,HEA Tournament Hockey East Quarterfinal,https://www.collegehockeynews.com/box/final/20260313/mne/bc_/,https://www.collegehockeynews.com/box/metrics.php?gd=112998,college_hockey_news
2025-26,2026-03-13_45_54,2026-03-13,Fri,Princeton,Union,45,54,5,2,False,False,False,ECAC,ECAC,ECAC Tournament ECAC Quarterfinal,https://www.collegehockeynews.com/box/final/20260313/uni/prn/,https://www.collegehockeynews.com/box/metrics.php?gd=112989,college_hockey_news
2025-26,2026-03-13_50_51,2026-03-13,Fri,Sacred Heart,Robert Morris,51,50,5,1,False,False,False,Atlantic Hockey,Atlantic Hockey,"AHA Tournament AHA Semifinal – Martire Family Arena, Fairfield, Conn.",https://www.collegehockeynews.com/box/final/20260313/rmu/sac/,https://www.collegehockeynews.com/box/metrics.php?gd=113001,college_hockey_news
2025-26,2026-03-14_10_17,2026-03-14,Sat,Connecticut,Boston University,17,10,5,3,False,False,False,Hockey East,Hockey East,"HEA Tournament Hockey East Quarterfinal – Toscano Forum, Storrs, Conn.",https://www.collegehockeynews.com/box/final/20260314/bu_/con/,https://www.collegehockeynews.com/box/metrics.php?gd=112997,college_hockey_news
2025-26,2026-03-14_14_47,2026-03-14,Sat,Quinnipiac,Clarkson,47,14,3,4,False,False,False,ECAC,ECAC,"ECAC Tournament ECAC Quarterfinal – M&T Bank Arena, Hamden, Conn.",https://www.collegehockeynews.com/box/final/20260314/clk/qui/,https://www.collegehockeynews.com/box/metrics.php?gd=112984,college_hockey_news
2025-26,2026-03-14_15_19,2026-03-14,Sat,Dartmouth,Colgate,19,15,4,1,False,False,False,ECAC,ECAC,"ECAC Tournament ECAC Quarterfinal – Thompson Arena, Hanover, N.H.",https://www.collegehockeynews.com/box/final/20260314/clg/dar/,https://www.collegehockeynews.com/box/metrics.php?gd=112986,college_hockey_news
2025-26,2026-03-14_18_22,2026-03-14,Sat,Cornell,Harvard,18,22,4,0,False,False,False,ECAC,ECAC,ECAC Tournament ECAC Quarterfinal,https://www.collegehockeynews.com/box/final/20260314/har/cor/,https://www.collegehockeynews.com/box/metrics.php?gd=112988,college_hockey_news
2025-26,2026-03-14_20_57,2026-03-14,Sat,Denver,Western Michigan,20,57,2,1,False,True,False,NCHC,NCHC,NCHC Tournament NCHC Semifinal,https://www.collegehockeynews.com/box/final/20260314/wmu/den/,https://www.collegehockeynews.com/box/metrics.php?gd=113005,college_hockey_news
2025-26,2026-03-14_23_8,2026-03-14,Sat,Bentley,Holy Cross,8,23,4,0,False,False,False,Atlantic Hockey,Atlantic Hockey,AHA Tournament AHA Semifinal,https://www.collegehockeynews.com/box/final/20260314/hcr/ben/,https://www.collegehockeynews.com/box/metrics.php?gd=113000,college_hockey_news
2025-26,2026-03-14_27_41,2026-03-14,Sat,Massachusetts,Northeastern,27,41,4,1,False,False,False,Hockey East,Hockey East,HEA Tournament Hockey East Quarterfinal,https://www.collegehockeynews.com/box/final/20260314/noe/uma/,https://www.collegehockeynews.com/box/metrics.php?gd=112996,college_hockey_news
2025-26,2026-03-14_29_46,2026-03-14,Sat,Providence,Merrimack,46,29,2,3,False,True,False,Hockey East,Hockey East,"HEA Tournament Hockey East Quarterfinal – Schneider Arena, Providence, R.I.",https://www.collegehockeynews.com/box/final/20260314/mer/prv/,https://www.collegehockeynews.com/box/metrics.php?gd=112995,college_hockey_news
2025-26,2026-03-14_31_60,2026-03-14,Sat,Michigan,Penn State,31,60,5,2,False,False,False,Big Ten,Big Ten,Big Ten Tournament Big Ten Semifinal,https://www.collegehockeynews.com/box/final/20260314/psu/mic/,https://www.collegehockeynews.com/box/metrics.php?gd=113009,college_hockey_news
2025-26,2026-03-14_32_44,2026-03-14,Sat,Michigan State,Ohio State,32,44,2,3,False,True,False,Big Ten,Big Ten,Big Ten Tournament Big Ten Semifinal,https://www.collegehockeynews.com/box/final/20260314/osu/msu/,https://www.collegehockeynews.com/box/metrics.php?gd=112981,college_hockey_news
2025-26,2026-03-14_33_35,2026-03-14,Sat,Minnesota State,Michigan Tech,35,33,7,2,False,False,False,CCHA,CCHA,"CCHA Tournament CCHA Semifinal – Mayo Clinic Event Center, Mankato, Minn.",https://www.collegehockeynews.com/box/final/20260314/mtu/mns/,https://www.collegehockeynews.com/box/metrics.php?gd=112982,college_hockey_news
2025-26,2026-03-14_36_40,2026-03-14,Sat,North Dakota,Minnesota-Duluth,40,36,1,5,False,False,False,NCHC,NCHC,"NCHC Tournament NCHC Semifinal – Ralph Engelstad Arena, Grand Forks, N.D.",https://www.collegehockeynews.com/box/final/20260314/mnd/ndk/,https://www.collegehockeynews.com/box/metrics.php?gd=113004,college_hockey_news
2025-26,2026-03-14_45_54,2026-03-14,Sat,Princeton,Union,45,54,5,2,False,False,False,ECAC,ECAC,ECAC Tournament ECAC Quarterfinal,https://www.collegehockeynews.com/box/final/20260314/uni/prn/,https://www.collegehockeynews.com/box/metrics.php?gd=112990,college_hockey_news
2025-26,2026-03-14_50_51,2026-03-14,Sat,Sacred Heart,Robert Morris,51,50,2,5,False,False,False,Atlantic Hockey,Atlantic Hockey,"AHA Tournament AHA Semifinal – Martire Family Arena, Fairfield, Conn.",https://www.collegehockeynews.com/box/final/20260314/rmu/sac/,https://www.collegehockeynews.com/box/metrics.php?gd=113002,college_hockey_news
2025-26,2026-03-14_63_64,2026-03-14,Sat,St. Thomas,Augustana,63,64,2,1,False,False,False,CCHA,CCHA,"CCHA Tournament CCHA Semifinal – Anderson Arena, St. Paul, Minn.",https://www.collegehockeynews.com/box/final/20260314/aug/stt/,https://www.collegehockeynews.com/box/metrics.php?gd=113008,college_hockey_news
2025-26,2026-03-15_18_22,2026-03-15,Sun,Cornell,Harvard,18,22,5,2,False,False,False,ECAC,ECAC,ECAC Tournament ECAC Quarterfinal,https://www.collegehockeynews.com/box/final/20260315/har/cor/,https://www.collegehockeynews.com/box/metrics.php?gd=113014,college_hockey_news
2025-26,2026-03-15_50_51,2026-03-15,Sun,Sacred Heart,Robert Morris,51,50,5,0,False,False,False,Atlantic Hockey,Atlantic Hockey,"AHA Tournament AHA Semifinal – Martire Family Arena, Fairfield, Conn.",https://www.collegehockeynews.com/box/final/20260315/rmu/sac/,https://www.collegehockeynews.com/box/metrics.php?gd=113012,college_hockey_news
2025-26,2026-03-20_14_19,2026-03-20,Fri,Dartmouth,Clarkson,19,14,4,0,True,False,False,ECAC,ECAC,"ECAC Tournament ECAC Semifinal – 1980 Rink Herb Brooks Arena, Lake Placid, N.Y.",https://www.collegehockeynews.com/box/final/20260320/clk/dar/,https://www.collegehockeynews.com/box/metrics.php?gd=112929,college_hockey_news
2025-26,2026-03-20_17_9,2026-03-20,Fri,Connecticut,Boston College,17,9,4,3,True,True,False,Hockey East,Hockey East,"HEA Tournament Hockey East Semifinal – TD Garden, Boston, Mass.",https://www.collegehockeynews.com/box/final/20260320/bc_/con/,https://www.collegehockeynews.com/box/metrics.php?gd=112933,college_hockey_news
2025-26,2026-03-20_18_45,2026-03-20,Fri,Cornell,Princeton,18,45,2,3,True,False,False,ECAC,ECAC,"ECAC Tournament ECAC Semifinal – 1980 Rink Herb Brooks Arena, Lake Placid, N.Y.",https://www.collegehockeynews.com/box/final/20260320/prn/cor/,https://www.collegehockeynews.com/box/metrics.php?gd=112930,college_hockey_news
2025-26,2026-03-20_27_29,2026-03-20,Fri,Massachusetts,Merrimack,27,29,0,2,True,False,False,Hockey East,Hockey East,"HEA Tournament Hockey East Semifinal – TD Garden, Boston, Mass.",https://www.collegehockeynews.com/box/final/20260320/mer/uma/,https://www.collegehockeynews.com/box/metrics.php?gd=112932,college_hockey_news
2025-26,2026-03-20_35_63,2026-03-20,Fri,Minnesota State,St. Thomas,35,63,4,1,False,False,False,CCHA,CCHA,CCHA Tournament CCHA Championship,https://www.collegehockeynews.com/box/final/20260320/stt/mns/,https://www.collegehockeynews.com/box/metrics.php?gd=112928,college_hockey_news
2025-26,2026-03-21_17_29,2026-03-21,Sat,Connecticut,Merrimack,17,29,1,2,True,False,False,Hockey East,Hockey East,"HEA Tournament Hockey East Championship – TD Garden, Boston, Mass.",https://www.collegehockeynews.com/box/final/20260321/mer/con/,https://www.collegehockeynews.com/box/metrics.php?gd=112934,college_hockey_news
2025-26,2026-03-21_19_45,2026-03-21,Sat,Dartmouth,Princeton,19,45,2,1,True,True,False,ECAC,ECAC,"ECAC Tournament ECAC Championship – 1980 Rink Herb Brooks Arena, Lake Placid, N.Y.",https://www.collegehockeynews.com/box/final/20260321/prn/dar/,https://www.collegehockeynews.com/box/metrics.php?gd=112931,college_hockey_news
2025-26,2026-03-21_20_36,2026-03-21,Sat,Denver,Minnesota-Duluth,20,36,4,3,False,True,False,NCHC,NCHC,NCHC Tournament NCHC Championship,https://www.collegehockeynews.com/box/final/20260321/mnd/den/,https://www.collegehockeynews.com/box/metrics.php?gd=112937,college_hockey_news
2025-26,2026-03-21_31_44,2026-03-21,Sat,Michigan,Ohio State,31,44,7,3,False,False,False,Big Ten,Big Ten,Big Ten Tournament Big Ten Championship,https://www.collegehockeynews.com/box/final/20260321/osu/mic/,https://www.collegehockeynews.com/box/metrics.php?gd=113010,college_hockey_news
2025-26,2026-03-21_51_8,2026-03-21,Sat,Bentley,Sacred Heart,8,51,3,2,False,False,False,Atlantic Hockey,Atlantic Hockey,AHA Tournament AHA Championship,https://www.collegehockeynews.com/box/final/20260321/sac/ben/,https://www.collegehockeynews.com/box/metrics.php?gd=113013,college_hockey_news
2025-26,2026-03-26_17_32,2026-03-26,Thu,Michigan State,Connecticut,32,17,2,1,True,False,False,Big Ten,Hockey East,"NCAA Tournament Worcester Regional – DCU Center, Worcester, Mass.",https://www.collegehockeynews.com/box/final/20260326/con/msu/,https://www.collegehockeynews.com/box/metrics.php?gd=112921,college_hockey_news
2025-26,2026-03-26_19_58,2026-03-26,Thu,Dartmouth,Wisconsin,19,58,1,5,True,False,False,ECAC,Big Ten,"NCAA Tournament Worcester Regional – DCU Center, Worcester, Mass.",https://www.collegehockeynews.com/box/final/20260326/wis/dar/,https://www.collegehockeynews.com/box/metrics.php?gd=112922,college_hockey_news
2025-26,2026-03-26_29_40,2026-03-26,Thu,North Dakota,Merrimack,40,29,3,0,True,False,False,NCHC,Hockey East,"NCAA Tournament Sioux Falls Regional – Denny Sanford Premier Center, Sioux Falls, S.D.",https://www.collegehockeynews.com/box/final/20260326/mer/ndk/,https://www.collegehockeynews.com/box/metrics.php?gd=112918,college_hockey_news
2025-26,2026-03-26_46_47,2026-03-26,Thu,Providence,Quinnipiac,46,47,2,5,True,False,False,Hockey East,ECAC,"NCAA Tournament Sioux Falls Regional – Denny Sanford Premier Center, Sioux Falls, S.D.",https://www.collegehockeynews.com/box/final/20260326/qui/prv/,https://www.collegehockeynews.com/box/metrics.php?gd=112919,college_hockey_news
2025-26,2026-03-27_18_20,2026-03-27,Fri,Denver,Cornell,20,18,5,0,True,False,False,NCHC,ECAC,"NCAA Tournament Loveland Regional – Blue Arena, Loveland, Colo.",https://www.collegehockeynews.com/box/final/20260327/cor/den/,https://www.collegehockeynews.com/box/metrics.php?gd=112916,college_hockey_news
2025-26,2026-03-27_31_8,2026-03-27,Fri,Michigan,Bentley,31,8,5,1,True,False,False,Big Ten,Atlantic Hockey,"NCAA Tournament Albany Regional – MVP Arena, Albany, N.Y.",https://www.collegehockeynews.com/box/final/20260327/ben/mic/,https://www.collegehockeynews.com/box/metrics.php?gd=112912,college_hockey_news
2025-26,2026-03-27_35_57,2026-03-27,Fri,Western Michigan,Minnesota State,57,35,3,1,True,False,False,NCHC,CCHA,"NCAA Tournament Loveland Regional – Blue Arena, Loveland, Colo.",https://www.collegehockeynews.com/box/final/20260327/mns/wmu/,https://www.collegehockeynews.com/box/metrics.php?gd=112915,college_hockey_news
2025-26,2026-03-27_36_60,2026-03-27,Fri,Minnesota-Duluth,Penn State,36,60,3,1,True,False,False,NCHC,Big Ten,"NCAA Tournament Albany Regional – MVP Arena, Albany, N.Y.",https://www.collegehockeynews.com/box/final/20260327/psu/mnd/,https://www.collegehockeynews.com/box/metrics.php?gd=112913,college_hockey_news
2025-26,2026-03-28_32_58,2026-03-28,Sat,Michigan State,Wisconsin,32,58,3,4,True,True,False,Big Ten,Big Ten,"NCAA Tournament Worcester Regional Final – DCU Center, Worcester, Mass.",https://www.collegehockeynews.com/box/final/20260328/wis/msu/,https://www.collegehockeynews.com/box/metrics.php?gd=112923,college_hockey_news
2025-26,2026-03-28_40_47,2026-03-28,Sat,North Dakota,Quinnipiac,40,47,5,0,True,False,False,NCHC,ECAC,"NCAA Tournament Sioux Falls Regional Final – Denny Sanford Premier Center, Sioux Falls, S.D.",https://www.collegehockeynews.com/box/final/20260328/qui/ndk/,https://www.collegehockeynews.com/box/metrics.php?gd=112920,college_hockey_news
2025-26,2026-03-29_20_57,2026-03-29,Sun,Western Michigan,Denver,57,20,2,6,True,False,False,NCHC,NCHC,"NCAA Tournament Loveland Regional Final – Blue Arena, Loveland, Colo.",https://www.collegehockeynews.com/box/final/20260329/den/wmu/,https://www.collegehockeynews.com/box/metrics.php?gd=112917,college_hockey_news
2025-26,2026-03-29_31_36,2026-03-29,Sun,Michigan,Minnesota-Duluth,31,36,4,3,True,False,False,Big Ten,NCHC,"NCAA Tournament Albany Regional Final – MVP Arena, Albany, N.Y.",https://www.collegehockeynews.com/box/final/20260329/mnd/mic/,https://www.collegehockeynews.com/box/metrics.php?gd=112914,college_hockey_news
2025-26,2026-04-09_20_31,2026-04-09,Thu,Michigan,Denver,31,20,3,4,True,True,False,Big Ten,NCHC,"NCAA Tournament National Semifinal – T-Mobile Arena, Paradise, Nev.",https://www.collegehockeynews.com/box/final/20260409/den/mic/,https://www.collegehockeynews.com/box/metrics.php?gd=112925,college_hockey_news
2025-26,2026-04-09_40_58,2026-04-09,Thu,North Dakota,Wisconsin,40,58,1,2,True,False,False,NCHC,Big Ten,"NCAA Tournament National Semifinal – T-Mobile Arena, Paradise, Nev.",https://www.collegehockeynews.com/box/final/20260409/wis/ndk/,https://www.collegehockeynews.com/box/metrics.php?gd=112924,college_hockey_news
2025-26,2026-04-11_20_58,2026-04-11,Sat,Denver,Wisconsin,20,58,2,1,True,False,False,NCHC,Big Ten,"NCAA Tournament National Championship – T-Mobile Arena, Paradise, Nev.",https://www.collegehockeynews.com/box/final/20260411/wis/den/,https://www.collegehockeynews.com/box/metrics.php?gd=112926,college_hockey_news
